// File generato automaticamente da convert.py -- non modificare a mano.
// NOTA: input/output del modello sono float32 (solo l'op DIV interna
// resta non quantizzata); il firmware deve passare/leggere tensori float32,
// non int8, in ingresso e in uscita all'interprete TFLite Micro.
#ifndef TINY_NIDS_MODEL_H
#define TINY_NIDS_MODEL_H

alignas(8) const unsigned char g_tiny_nids_model[] = {
  0x1c, 0x00, 0x00, 0x00, 0x54, 0x46, 0x4c, 0x33, 0x14, 0x00, 0x20, 0x00,
  0x04, 0x00, 0x08, 0x00, 0x0c, 0x00, 0x10, 0x00, 0x14, 0x00, 0x00, 0x00,
  0x18, 0x00, 0x1c, 0x00, 0x14, 0x00, 0x00, 0x00, 0x03, 0x00, 0x00, 0x00,
  0x48, 0x03, 0x00, 0x00, 0x3c, 0x03, 0x00, 0x00, 0xf4, 0x04, 0x00, 0x00,
  0x0c, 0x00, 0x00, 0x00, 0x08, 0x04, 0x00, 0x00, 0x7c, 0x03, 0x00, 0x00,
  0xc9, 0x00, 0x00, 0x00, 0x8c, 0x14, 0x02, 0x00, 0x88, 0x14, 0x02, 0x00,
  0x04, 0x14, 0x02, 0x00, 0x84, 0x13, 0x02, 0x00, 0x34, 0x13, 0x02, 0x00,
  0xe0, 0x12, 0x02, 0x00, 0x88, 0x12, 0x02, 0x00, 0x34, 0x12, 0x02, 0x00,
  0xe0, 0x11, 0x02, 0x00, 0x88, 0x11, 0x02, 0x00, 0x30, 0x11, 0x02, 0x00,
  0xe0, 0x10, 0x02, 0x00, 0x94, 0x10, 0x02, 0x00, 0xc8, 0x0f, 0x02, 0x00,
  0x00, 0x0f, 0x02, 0x00, 0x34, 0x0e, 0x02, 0x00, 0xa8, 0x0c, 0x02, 0x00,
  0x10, 0xe9, 0x01, 0x00, 0x6c, 0xe3, 0x01, 0x00, 0x8c, 0xbc, 0x01, 0x00,
  0xa4, 0xb5, 0x01, 0x00, 0xb8, 0xb4, 0x01, 0x00, 0x0c, 0xb3, 0x01, 0x00,
  0x9c, 0x9e, 0x01, 0x00, 0xe4, 0x99, 0x01, 0x00, 0x3c, 0x86, 0x01, 0x00,
  0x84, 0x81, 0x01, 0x00, 0xdc, 0x6d, 0x01, 0x00, 0x24, 0x69, 0x01, 0x00,
  0x7c, 0x55, 0x01, 0x00, 0x84, 0x51, 0x01, 0x00, 0x98, 0x50, 0x01, 0x00,
  0xec, 0x4e, 0x01, 0x00, 0x58, 0x2b, 0x01, 0x00, 0xb4, 0x25, 0x01, 0x00,
  0xd4, 0xfe, 0x00, 0x00, 0xec, 0xf7, 0x00, 0x00, 0x00, 0xf7, 0x00, 0x00,
  0x54, 0xf5, 0x00, 0x00, 0xe4, 0xe0, 0x00, 0x00, 0x2c, 0xdc, 0x00, 0x00,
  0x84, 0xc8, 0x00, 0x00, 0xc8, 0xc4, 0x00, 0x00, 0x68, 0xc3, 0x00, 0x00,
  0xc0, 0xaf, 0x00, 0x00, 0xd8, 0x13, 0x02, 0x00, 0xb4, 0xaa, 0x00, 0x00,
  0x0c, 0x97, 0x00, 0x00, 0x14, 0x93, 0x00, 0x00, 0x28, 0x92, 0x00, 0x00,
  0xc4, 0x13, 0x02, 0x00, 0x24, 0x8c, 0x00, 0x00, 0x44, 0x87, 0x00, 0x00,
  0xb8, 0x13, 0x02, 0x00, 0xb4, 0x13, 0x02, 0x00, 0xb0, 0x13, 0x02, 0x00,
  0xac, 0x13, 0x02, 0x00, 0xa8, 0x13, 0x02, 0x00, 0xa4, 0x13, 0x02, 0x00,
  0xa0, 0x13, 0x02, 0x00, 0x9c, 0x13, 0x02, 0x00, 0x98, 0x13, 0x02, 0x00,
  0x94, 0x13, 0x02, 0x00, 0x90, 0x13, 0x02, 0x00, 0x8c, 0x13, 0x02, 0x00,
  0x88, 0x13, 0x02, 0x00, 0x84, 0x13, 0x02, 0x00, 0x80, 0x13, 0x02, 0x00,
  0x7c, 0x13, 0x02, 0x00, 0x78, 0x13, 0x02, 0x00, 0x74, 0x13, 0x02, 0x00,
  0x70, 0x13, 0x02, 0x00, 0x6c, 0x13, 0x02, 0x00, 0x68, 0x13, 0x02, 0x00,
  0x64, 0x13, 0x02, 0x00, 0x60, 0x13, 0x02, 0x00, 0x5c, 0x13, 0x02, 0x00,
  0x58, 0x13, 0x02, 0x00, 0x54, 0x13, 0x02, 0x00, 0x50, 0x13, 0x02, 0x00,
  0x4c, 0x13, 0x02, 0x00, 0x48, 0x13, 0x02, 0x00, 0x44, 0x13, 0x02, 0x00,
  0x40, 0x13, 0x02, 0x00, 0x3c, 0x13, 0x02, 0x00, 0x38, 0x13, 0x02, 0x00,
  0x34, 0x13, 0x02, 0x00, 0x30, 0x13, 0x02, 0x00, 0x2c, 0x13, 0x02, 0x00,
  0x28, 0x13, 0x02, 0x00, 0x24, 0x13, 0x02, 0x00, 0x20, 0x13, 0x02, 0x00,
  0x1c, 0x13, 0x02, 0x00, 0x18, 0x13, 0x02, 0x00, 0x14, 0x13, 0x02, 0x00,
  0x10, 0x13, 0x02, 0x00, 0x0c, 0x13, 0x02, 0x00, 0x08, 0x13, 0x02, 0x00,
  0x04, 0x13, 0x02, 0x00, 0x00, 0x13, 0x02, 0x00, 0xfc, 0x12, 0x02, 0x00,
  0xf8, 0x12, 0x02, 0x00, 0xf4, 0x12, 0x02, 0x00, 0xf0, 0x12, 0x02, 0x00,
  0xec, 0x12, 0x02, 0x00, 0xe8, 0x12, 0x02, 0x00, 0xe4, 0x12, 0x02, 0x00,
  0xe0, 0x12, 0x02, 0x00, 0xdc, 0x12, 0x02, 0x00, 0xd8, 0x12, 0x02, 0x00,
  0xd4, 0x12, 0x02, 0x00, 0xd0, 0x12, 0x02, 0x00, 0xcc, 0x12, 0x02, 0x00,
  0xc8, 0x12, 0x02, 0x00, 0xc4, 0x12, 0x02, 0x00, 0xc0, 0x12, 0x02, 0x00,
  0xbc, 0x12, 0x02, 0x00, 0xb8, 0x12, 0x02, 0x00, 0xb4, 0x12, 0x02, 0x00,
  0xb0, 0x12, 0x02, 0x00, 0xac, 0x12, 0x02, 0x00, 0xa8, 0x12, 0x02, 0x00,
  0xa4, 0x12, 0x02, 0x00, 0xa0, 0x12, 0x02, 0x00, 0x9c, 0x12, 0x02, 0x00,
  0x98, 0x12, 0x02, 0x00, 0x94, 0x12, 0x02, 0x00, 0x90, 0x12, 0x02, 0x00,
  0x8c, 0x12, 0x02, 0x00, 0x88, 0x12, 0x02, 0x00, 0x84, 0x12, 0x02, 0x00,
  0x80, 0x12, 0x02, 0x00, 0x7c, 0x12, 0x02, 0x00, 0x78, 0x12, 0x02, 0x00,
  0x74, 0x12, 0x02, 0x00, 0x70, 0x12, 0x02, 0x00, 0x6c, 0x12, 0x02, 0x00,
  0x68, 0x12, 0x02, 0x00, 0x64, 0x12, 0x02, 0x00, 0x60, 0x12, 0x02, 0x00,
  0x5c, 0x12, 0x02, 0x00, 0x58, 0x12, 0x02, 0x00, 0x54, 0x12, 0x02, 0x00,
  0x50, 0x12, 0x02, 0x00, 0x4c, 0x12, 0x02, 0x00, 0x48, 0x12, 0x02, 0x00,
  0x44, 0x12, 0x02, 0x00, 0x40, 0x12, 0x02, 0x00, 0x3c, 0x12, 0x02, 0x00,
  0x38, 0x12, 0x02, 0x00, 0x34, 0x12, 0x02, 0x00, 0x30, 0x12, 0x02, 0x00,
  0x2c, 0x12, 0x02, 0x00, 0x28, 0x12, 0x02, 0x00, 0x24, 0x12, 0x02, 0x00,
  0x20, 0x12, 0x02, 0x00, 0x1c, 0x12, 0x02, 0x00, 0x18, 0x12, 0x02, 0x00,
  0x14, 0x12, 0x02, 0x00, 0x10, 0x12, 0x02, 0x00, 0x0c, 0x12, 0x02, 0x00,
  0x08, 0x12, 0x02, 0x00, 0x04, 0x12, 0x02, 0x00, 0x00, 0x12, 0x02, 0x00,
  0xfc, 0x11, 0x02, 0x00, 0xf8, 0x11, 0x02, 0x00, 0xf4, 0x11, 0x02, 0x00,
  0xf0, 0x11, 0x02, 0x00, 0xec, 0x11, 0x02, 0x00, 0xe8, 0x11, 0x02, 0x00,
  0xe4, 0x11, 0x02, 0x00, 0xe0, 0x11, 0x02, 0x00, 0xdc, 0x11, 0x02, 0x00,
  0xd8, 0x11, 0x02, 0x00, 0xd4, 0x11, 0x02, 0x00, 0xd0, 0x11, 0x02, 0x00,
  0xcc, 0x11, 0x02, 0x00, 0xc8, 0x11, 0x02, 0x00, 0xc4, 0x11, 0x02, 0x00,
  0xc0, 0x11, 0x02, 0x00, 0xbc, 0x11, 0x02, 0x00, 0xb8, 0x11, 0x02, 0x00,
  0xb4, 0x11, 0x02, 0x00, 0xb0, 0x11, 0x02, 0x00, 0xac, 0x11, 0x02, 0x00,
  0xa8, 0x11, 0x02, 0x00, 0xa4, 0x11, 0x02, 0x00, 0xa0, 0x11, 0x02, 0x00,
  0x9c, 0x11, 0x02, 0x00, 0x98, 0x11, 0x02, 0x00, 0x94, 0x11, 0x02, 0x00,
  0x90, 0x11, 0x02, 0x00, 0x8c, 0x11, 0x02, 0x00, 0x88, 0x11, 0x02, 0x00,
  0x84, 0x11, 0x02, 0x00, 0x80, 0x11, 0x02, 0x00, 0x7c, 0x11, 0x02, 0x00,
  0x78, 0x11, 0x02, 0x00, 0x74, 0x11, 0x02, 0x00, 0x58, 0x01, 0x00, 0x00,
  0x0c, 0x01, 0x00, 0x00, 0x01, 0x00, 0x00, 0x00, 0xdc, 0x01, 0x00, 0x00,
  0x11, 0x00, 0x00, 0x00, 0x04, 0x81, 0x00, 0x00, 0x40, 0x80, 0x00, 0x00,
  0x0c, 0x7f, 0x00, 0x00, 0x10, 0x7e, 0x00, 0x00, 0x80, 0x7d, 0x00, 0x00,
  0xc8, 0x7c, 0x00, 0x00, 0x68, 0x7b, 0x00, 0x00, 0xf8, 0x78, 0x00, 0x00,
  0x2c, 0x78, 0x00, 0x00, 0xe0, 0x72, 0x00, 0x00, 0x7c, 0x71, 0x00, 0x00,
  0xb0, 0x6a, 0x00, 0x00, 0xbc, 0x69, 0x00, 0x00, 0x08, 0x68, 0x00, 0x00,
  0x28, 0x5a, 0x00, 0x00, 0x38, 0x09, 0x00, 0x00, 0xb8, 0x07, 0x00, 0x00,
  0x01, 0x00, 0x00, 0x00, 0x10, 0x00, 0x00, 0x00, 0x00, 0x00, 0x0a, 0x00,
  0x10, 0x00, 0x0c, 0x00, 0x08, 0x00, 0x04, 0x00, 0x0a, 0x00, 0x00, 0x00,
  0x0c, 0x00, 0x00, 0x00, 0x1c, 0x00, 0x00, 0x00, 0x20, 0x00, 0x00, 0x00,
  0x0f, 0x00, 0x00, 0x00, 0x73, 0x65, 0x72, 0x76, 0x69, 0x6e, 0x67, 0x5f,
  0x64, 0x65, 0x66, 0x61, 0x75, 0x6c, 0x74, 0x00, 0x01, 0x00, 0x00, 0x00,
  0x14, 0x00, 0x00, 0x00, 0x01, 0x00, 0x00, 0x00, 0x28, 0x00, 0x00, 0x00,
  0x08, 0x00, 0x0c, 0x00, 0x08, 0x00, 0x04, 0x00, 0x08, 0x00, 0x00, 0x00,
  0xc5, 0x00, 0x00, 0x00, 0x04, 0x00, 0x00, 0x00, 0x08, 0x00, 0x00, 0x00,
  0x6f, 0x75, 0x74, 0x70, 0x75, 0x74, 0x5f, 0x30, 0x00, 0x00, 0x00, 0x00,
  0xda, 0xef, 0xfd, 0xff, 0x04, 0x00, 0x00, 0x00, 0x0f, 0x00, 0x00, 0x00,
  0x6b, 0x65, 0x72, 0x61, 0x73, 0x5f, 0x74, 0x65, 0x6e, 0x73, 0x6f, 0x72,
  0x5f, 0x32, 0x32, 0x00, 0x02, 0x00, 0x00, 0x00, 0x50, 0x00, 0x00, 0x00,
  0x04, 0x00, 0x00, 0x00, 0xc0, 0xff, 0xff, 0xff, 0x08, 0x00, 0x00, 0x00,
  0xc8, 0x00, 0x00, 0x00, 0x13, 0x00, 0x00, 0x00, 0x6d, 0x69, 0x6e, 0x5f,
  0x72, 0x75, 0x6e, 0x74, 0x69, 0x6d, 0x65, 0x5f, 0x76, 0x65, 0x72, 0x73,
  0x69, 0x6f, 0x6e, 0x00, 0x26, 0xf0, 0xfd, 0xff, 0x04, 0x00, 0x00, 0x00,
  0x10, 0x00, 0x00, 0x00, 0x32, 0x2e, 0x35, 0x2e, 0x30, 0x00, 0x00, 0x00,
  0x00, 0x00, 0x00, 0x00, 0x00, 0x00, 0x00, 0x00, 0x08, 0x00, 0x0c, 0x00,
  0x04, 0x00, 0x08, 0x00, 0x08, 0x00, 0x00, 0x00, 0x08, 0x00, 0x00, 0x00,
  0xc7, 0x00, 0x00, 0x00, 0x13, 0x00, 0x00, 0x00, 0x43, 0x4f, 0x4e, 0x56,
  0x45, 0x52, 0x53, 0x49, 0x4f, 0x4e, 0x5f, 0x4d, 0x45, 0x54, 0x41, 0x44,
  0x41, 0x54, 0x41, 0x00, 0x6e, 0xf0, 0xfd, 0xff, 0x04, 0x00, 0x00, 0x00,
  0x60, 0x00, 0x00, 0x00, 0x0c, 0x00, 0x00, 0x00, 0x08, 0x00, 0x0e, 0x00,
  0x08, 0x00, 0x04, 0x00, 0x08, 0x00, 0x00, 0x00, 0x10, 0x00, 0x00, 0x00,
  0x28, 0x00, 0x00, 0x00, 0x00, 0x00, 0x06, 0x00, 0x08, 0x00, 0x04, 0x00,
  0x06, 0x00, 0x00, 0x00, 0x04, 0x00, 0x00, 0x00, 0x01, 0x00, 0x00, 0x00,
  0xeb, 0x03, 0x00, 0x00, 0x0c, 0x00, 0x18, 0x00, 0x14, 0x00, 0x10, 0x00,
  0x0c, 0x00, 0x04, 0x00, 0x0c, 0x00, 0x00, 0x00, 0x73, 0xb9, 0x85, 0x51,
  0x93, 0x94, 0x6a, 0x5d, 0x02, 0x00, 0x00, 0x00, 0x02, 0x00, 0x00, 0x00,
  0x04, 0x00, 0x00, 0x00, 0x06, 0x00, 0x00, 0x00, 0x32, 0x2e, 0x32, 0x31,
  0x2e, 0x30, 0x00, 0x00, 0x0f, 0x00, 0x00, 0x00, 0x4d, 0x4c, 0x49, 0x52,
  0x20, 0x43, 0x6f, 0x6e, 0x76, 0x65, 0x72, 0x74, 0x65, 0x64, 0x2e, 0x00,
  0x00, 0x00, 0x0e, 0x00, 0x18, 0x00, 0x04, 0x00, 0x08, 0x00, 0x0c, 0x00,
  0x10, 0x00, 0x14, 0x00, 0x0e, 0x00, 0x00, 0x00, 0x7c, 0x02, 0x00, 0x00,
  0x70, 0x02, 0x00, 0x00, 0x64, 0x02, 0x00, 0x00, 0x14, 0x00, 0x00, 0x00,
  0x04, 0x00, 0x00, 0x00, 0x04, 0x00, 0x00, 0x00, 0x6d, 0x61, 0x69, 0x6e,
  0x00, 0x00, 0x00, 0x00, 0x92, 0x00, 0x00, 0x00, 0xe0, 0x7e, 0x00, 0x00,
  0x00, 0x7e, 0x00, 0x00, 0xd4, 0x7c, 0x00, 0x00, 0xd8, 0x7b, 0x00, 0x00,
  0x64, 0x7b, 0x00, 0x00, 0xa0, 0x7a, 0x00, 0x00, 0x24, 0x7a, 0x00, 0x00,
  0x44, 0x79, 0x00, 0x00, 0x68, 0x78, 0x00, 0x00, 0x9c, 0x77, 0x00, 0x00,
  0xd0, 0x76, 0x00, 0x00, 0xf4, 0x75, 0x00, 0x00, 0x28, 0x75, 0x00, 0x00,
  0x5c, 0x74, 0x00, 0x00, 0x90, 0x73, 0x00, 0x00, 0xc4, 0x72, 0x00, 0x00,
  0x7c, 0x71, 0x00, 0x00, 0xa0, 0x70, 0x00, 0x00, 0xf4, 0x6f, 0x00, 0x00,
  0x3c, 0x6f, 0x00, 0x00, 0xb8, 0x6e, 0x00, 0x00, 0xe0, 0x6d, 0x00, 0x00,
  0x9c, 0x6c, 0x00, 0x00, 0xd0, 0x6b, 0x00, 0x00, 0x20, 0x6b, 0x00, 0x00,
  0x78, 0x6a, 0x00, 0x00, 0xf8, 0x69, 0x00, 0x00, 0x20, 0x69, 0x00, 0x00,
  0x40, 0x68, 0x00, 0x00, 0x58, 0x67, 0x00, 0x00, 0x84, 0x66, 0x00, 0x00,
  0x94, 0x65, 0x00, 0x00, 0x0c, 0x64, 0x00, 0x00, 0x94, 0x62, 0x00, 0x00,
  0x74, 0x61, 0x00, 0x00, 0x54, 0x60, 0x00, 0x00, 0x54, 0x5f, 0x00, 0x00,
  0x10, 0x5e, 0x00, 0x00, 0x44, 0x5d, 0x00, 0x00, 0x74, 0x5c, 0x00, 0x00,
  0x9c, 0x5b, 0x00, 0x00, 0xbc, 0x5a, 0x00, 0x00, 0xd8, 0x59, 0x00, 0x00,
  0x00, 0x59, 0x00, 0x00, 0x4c, 0x58, 0x00, 0x00, 0x80, 0x57, 0x00, 0x00,
  0x00, 0x57, 0x00, 0x00, 0xd0, 0x55, 0x00, 0x00, 0xc0, 0x53, 0x00, 0x00,
  0xe4, 0x51, 0x00, 0x00, 0x0c, 0x51, 0x00, 0x00, 0xa8, 0x50, 0x00, 0x00,
  0x00, 0x50, 0x00, 0x00, 0x80, 0x4f, 0x00, 0x00, 0xb0, 0x4e, 0x00, 0x00,
  0xd4, 0x4d, 0x00, 0x00, 0x08, 0x4d, 0x00, 0x00, 0x4c, 0x4c, 0x00, 0x00,
  0x80, 0x4b, 0x00, 0x00, 0xb4, 0x4a, 0x00, 0x00, 0xe8, 0x49, 0x00, 0x00,
  0x1c, 0x49, 0x00, 0x00, 0x50, 0x48, 0x00, 0x00, 0xd4, 0x46, 0x00, 0x00,
  0xac, 0x45, 0x00, 0x00, 0xfc, 0x44, 0x00, 0x00, 0x24, 0x44, 0x00, 0x00,
  0xc0, 0x43, 0x00, 0x00, 0x18, 0x43, 0x00, 0x00, 0x98, 0x42, 0x00, 0x00,
  0xc8, 0x41, 0x00, 0x00, 0xec, 0x40, 0x00, 0x00, 0x20, 0x40, 0x00, 0x00,
  0x64, 0x3f, 0x00, 0x00, 0x98, 0x3e, 0x00, 0x00, 0xcc, 0x3d, 0x00, 0x00,
  0x00, 0x3d, 0x00, 0x00, 0x34, 0x3c, 0x00, 0x00, 0x68, 0x3b, 0x00, 0x00,
  0x20, 0x3a, 0x00, 0x00, 0x54, 0x39, 0x00, 0x00, 0xa8, 0x38, 0x00, 0x00,
  0x00, 0x38, 0x00, 0x00, 0x7c, 0x37, 0x00, 0x00, 0xa4, 0x36, 0x00, 0x00,
  0x60, 0x35, 0x00, 0x00, 0x94, 0x34, 0x00, 0x00, 0xe4, 0x33, 0x00, 0x00,
  0x3c, 0x33, 0x00, 0x00, 0xbc, 0x32, 0x00, 0x00, 0xe4, 0x31, 0x00, 0x00,
  0x14, 0x31, 0x00, 0x00, 0x3c, 0x30, 0x00, 0x00, 0x68, 0x2f, 0x00, 0x00,
  0x88, 0x2e, 0x00, 0x00, 0x00, 0x2d, 0x00, 0x00, 0x88, 0x2b, 0x00, 0x00,
  0x68, 0x2a, 0x00, 0x00, 0x48, 0x29, 0x00, 0x00, 0x48, 0x28, 0x00, 0x00,
  0x04, 0x27, 0x00, 0x00, 0x38, 0x26, 0x00, 0x00, 0x68, 0x25, 0x00, 0x00,
  0x90, 0x24, 0x00, 0x00, 0xb0, 0x23, 0x00, 0x00, 0xcc, 0x22, 0x00, 0x00,
  0xf4, 0x21, 0x00, 0x00, 0x40, 0x21, 0x00, 0x00, 0x84, 0x20, 0x00, 0x00,
  0x04, 0x20, 0x00, 0x00, 0xd4, 0x1e, 0x00, 0x00, 0xc4, 0x1c, 0x00, 0x00,
  0xe8, 0x1a, 0x00, 0x00, 0x10, 0x1a, 0x00, 0x00, 0xac, 0x19, 0x00, 0x00,
  0x04, 0x19, 0x00, 0x00, 0x84, 0x18, 0x00, 0x00, 0xb4, 0x17, 0x00, 0x00,
  0xd8, 0x16, 0x00, 0x00, 0x0c, 0x16, 0x00, 0x00, 0x50, 0x15, 0x00, 0x00,
  0x84, 0x14, 0x00, 0x00, 0xb8, 0x13, 0x00, 0x00, 0xec, 0x12, 0x00, 0x00,
  0x20, 0x12, 0x00, 0x00, 0x54, 0x11, 0x00, 0x00, 0xe4, 0x0f, 0x00, 0x00,
  0xc0, 0x0e, 0x00, 0x00, 0x10, 0x0e, 0x00, 0x00, 0x54, 0x0d, 0x00, 0x00,
  0xf0, 0x0c, 0x00, 0x00, 0x64, 0x0c, 0x00, 0x00, 0xe4, 0x0b, 0x00, 0x00,
  0x30, 0x0b, 0x00, 0x00, 0x74, 0x0a, 0x00, 0x00, 0xc8, 0x09, 0x00, 0x00,
  0x2c, 0x09, 0x00, 0x00, 0x80, 0x08, 0x00, 0x00, 0xd4, 0x07, 0x00, 0x00,
  0x28, 0x07, 0x00, 0x00, 0x7c, 0x06, 0x00, 0x00, 0xd0, 0x05, 0x00, 0x00,
  0x10, 0x05, 0x00, 0x00, 0x38, 0x04, 0x00, 0x00, 0x9c, 0x03, 0x00, 0x00,
  0x30, 0x03, 0x00, 0x00, 0x01, 0x00, 0x00, 0x00, 0xc5, 0x00, 0x00, 0x00,
  0x01, 0x00, 0x00, 0x00, 0x00, 0x00, 0x00, 0x00, 0xc6, 0x00, 0x00, 0x00,
  0xac, 0x0c, 0x02, 0x00, 0x38, 0x0c, 0x02, 0x00, 0xc4, 0x0b, 0x02, 0x00,
  0x7c, 0x0b, 0x02, 0x00, 0x24, 0x0b, 0x02, 0x00, 0xcc, 0x0a, 0x02, 0x00,
  0x78, 0x0a, 0x02, 0x00, 0x24, 0x0a, 0x02, 0x00, 0xcc, 0x09, 0x02, 0x00,
  0x74, 0x09, 0x02, 0x00, 0x24, 0x09, 0x02, 0x00, 0x94, 0x08, 0x02, 0x00,
  0xcc, 0x07, 0x02, 0x00, 0x00, 0x07, 0x02, 0x00, 0x34, 0x06, 0x02, 0x00,
  0x9c, 0x01, 0x02, 0x00, 0xf8, 0xdd, 0x01, 0x00, 0x18, 0xd5, 0x01, 0x00,
  0x70, 0xae, 0x01, 0x00, 0x84, 0xad, 0x01, 0x00, 0x98, 0xac, 0x01, 0x00,
  0x28, 0xa7, 0x01, 0x00, 0x70, 0x93, 0x01, 0x00, 0xc8, 0x8e, 0x01, 0x00,
  0x10, 0x7b, 0x01, 0x00, 0x68, 0x76, 0x01, 0x00, 0xb0, 0x62, 0x01, 0x00,
  0x08, 0x5e, 0x01, 0x00, 0x50, 0x4a, 0x01, 0x00, 0x64, 0x49, 0x01, 0x00,
  0x78, 0x48, 0x01, 0x00, 0xe4, 0x43, 0x01, 0x00, 0x40, 0x20, 0x01, 0x00,
  0x60, 0x17, 0x01, 0x00, 0xb8, 0xf0, 0x00, 0x00, 0xcc, 0xef, 0x00, 0x00,
  0xe0, 0xee, 0x00, 0x00, 0x70, 0xe9, 0x00, 0x00, 0xb8, 0xd5, 0x00, 0x00,
  0x10, 0xd1, 0x00, 0x00, 0x58, 0xbd, 0x00, 0x00, 0xf4, 0xbc, 0x00, 0x00,
  0x4c, 0xb8, 0x00, 0x00, 0x94, 0xa4, 0x00, 0x00, 0x40, 0xa4, 0x00, 0x00,
  0x98, 0x9f, 0x00, 0x00, 0xe0, 0x8b, 0x00, 0x00, 0xf4, 0x8a, 0x00, 0x00,
  0x08, 0x8a, 0x00, 0x00, 0xb0, 0x89, 0x00, 0x00, 0xd0, 0x83, 0x00, 0x00,
  0x50, 0x7c, 0x00, 0x00, 0xec, 0x7b, 0x00, 0x00, 0x28, 0x7b, 0x00, 0x00,
  0xec, 0x79, 0x00, 0x00, 0xf8, 0x78, 0x00, 0x00, 0x68, 0x78, 0x00, 0x00,
  0xb0, 0x77, 0x00, 0x00, 0x14, 0x77, 0x00, 0x00, 0x4c, 0x76, 0x00, 0x00,
  0x70, 0x75, 0x00, 0x00, 0xa0, 0x74, 0x00, 0x00, 0xd4, 0x73, 0x00, 0x00,
  0x08, 0x73, 0x00, 0x00, 0x2c, 0x72, 0x00, 0x00, 0x60, 0x71, 0x00, 0x00,
  0x94, 0x70, 0x00, 0x00, 0xc8, 0x6f, 0x00, 0x00, 0x88, 0x6e, 0x00, 0x00,
  0xa8, 0x6d, 0x00, 0x00, 0xe8, 0x6c, 0x00, 0x00, 0x40, 0x6c, 0x00, 0x00,
  0xa8, 0x6b, 0x00, 0x00, 0xe4, 0x6a, 0x00, 0x00, 0xa8, 0x69, 0x00, 0x00,
  0xc8, 0x68, 0x00, 0x00, 0x14, 0x68, 0x00, 0x00, 0x6c, 0x67, 0x00, 0x00,
  0xe8, 0x66, 0x00, 0x00, 0x24, 0x66, 0x00, 0x00, 0x54, 0x65, 0x00, 0x00,
  0x60, 0x64, 0x00, 0x00, 0x7c, 0x63, 0x00, 0x00, 0xa8, 0x62, 0x00, 0x00,
  0x10, 0x61, 0x00, 0x00, 0x8c, 0x5f, 0x00, 0x00, 0x6c, 0x5e, 0x00, 0x00,
  0x4c, 0x5d, 0x00, 0x00, 0x48, 0x5c, 0x00, 0x00, 0x1c, 0x5b, 0x00, 0x00,
  0x3c, 0x5a, 0x00, 0x00, 0x6c, 0x59, 0x00, 0x00, 0x94, 0x58, 0x00, 0x00,
  0xc0, 0x57, 0x00, 0x00, 0xdc, 0x56, 0x00, 0x00, 0xf8, 0x55, 0x00, 0x00,
  0x40, 0x55, 0x00, 0x00, 0x94, 0x54, 0x00, 0x00, 0xf0, 0x53, 0x00, 0x00,
  0xc8, 0x52, 0x00, 0x00, 0xc8, 0x50, 0x00, 0x00, 0xe8, 0x4e, 0x00, 0x00,
  0x14, 0x4e, 0x00, 0x00, 0x9c, 0x4d, 0x00, 0x00, 0x00, 0x4d, 0x00, 0x00,
  0x70, 0x4c, 0x00, 0x00, 0xa8, 0x4b, 0x00, 0x00, 0xdc, 0x4a, 0x00, 0x00,
  0x0c, 0x4a, 0x00, 0x00, 0x40, 0x49, 0x00, 0x00, 0x84, 0x48, 0x00, 0x00,
  0xb8, 0x47, 0x00, 0x00, 0xec, 0x46, 0x00, 0x00, 0x20, 0x46, 0x00, 0x00,
  0x54, 0x45, 0x00, 0x00, 0xec, 0x43, 0x00, 0x00, 0xb8, 0x42, 0x00, 0x00,
  0x00, 0x42, 0x00, 0x00, 0x2c, 0x41, 0x00, 0x00, 0xb4, 0x40, 0x00, 0x00,
  0x18, 0x40, 0x00, 0x00, 0x88, 0x3f, 0x00, 0x00, 0xc0, 0x3e, 0x00, 0x00,
  0xf4, 0x3d, 0x00, 0x00, 0x24, 0x3d, 0x00, 0x00, 0x58, 0x3c, 0x00, 0x00,
  0x9c, 0x3b, 0x00, 0x00, 0xd0, 0x3a, 0x00, 0x00, 0x04, 0x3a, 0x00, 0x00,
  0x38, 0x39, 0x00, 0x00, 0x6c, 0x38, 0x00, 0x00, 0x2c, 0x37, 0x00, 0x00,
  0x4c, 0x36, 0x00, 0x00, 0x9c, 0x35, 0x00, 0x00, 0xf4, 0x34, 0x00, 0x00,
  0x6c, 0x34, 0x00, 0x00, 0xa8, 0x33, 0x00, 0x00, 0x6c, 0x32, 0x00, 0x00,
  0x8c, 0x31, 0x00, 0x00, 0xd8, 0x30, 0x00, 0x00, 0x30, 0x30, 0x00, 0x00,
  0xac, 0x2f, 0x00, 0x00, 0xe8, 0x2e, 0x00, 0x00, 0x18, 0x2e, 0x00, 0x00,
  0x34, 0x2d, 0x00, 0x00, 0x60, 0x2c, 0x00, 0x00, 0x8c, 0x2b, 0x00, 0x00,
  0x04, 0x2a, 0x00, 0x00, 0x80, 0x28, 0x00, 0x00, 0x60, 0x27, 0x00, 0x00,
  0x40, 0x26, 0x00, 0x00, 0x3c, 0x25, 0x00, 0x00, 0x10, 0x24, 0x00, 0x00,
  0x30, 0x23, 0x00, 0x00, 0x60, 0x22, 0x00, 0x00, 0x88, 0x21, 0x00, 0x00,
  0xb4, 0x20, 0x00, 0x00, 0xd0, 0x1f, 0x00, 0x00, 0xec, 0x1e, 0x00, 0x00,
  0x34, 0x1e, 0x00, 0x00, 0x88, 0x1d, 0x00, 0x00, 0xf4, 0x1c, 0x00, 0x00,
  0xcc, 0x1b, 0x00, 0x00, 0xcc, 0x19, 0x00, 0x00, 0xec, 0x17, 0x00, 0x00,
  0x18, 0x17, 0x00, 0x00, 0xa0, 0x16, 0x00, 0x00, 0x04, 0x16, 0x00, 0x00,
  0x74, 0x15, 0x00, 0x00, 0xac, 0x14, 0x00, 0x00, 0xe0, 0x13, 0x00, 0x00,
  0x10, 0x13, 0x00, 0x00, 0x44, 0x12, 0x00, 0x00, 0x88, 0x11, 0x00, 0x00,
  0xbc, 0x10, 0x00, 0x00, 0xf0, 0x0f, 0x00, 0x00, 0x24, 0x0f, 0x00, 0x00,
  0x58, 0x0e, 0x00, 0x00, 0xf0, 0x0c, 0x00, 0x00, 0xcc, 0x0b, 0x00, 0x00,
  0x14, 0x0b, 0x00, 0x00, 0x5c, 0x0a, 0x00, 0x00, 0xe4, 0x09, 0x00, 0x00,
  0x64, 0x09, 0x00, 0x00, 0xd4, 0x08, 0x00, 0x00, 0x28, 0x08, 0x00, 0x00,
  0x7c, 0x07, 0x00, 0x00, 0xcc, 0x06, 0x00, 0x00, 0x20, 0x06, 0x00, 0x00,
  0x84, 0x05, 0x00, 0x00, 0xd8, 0x04, 0x00, 0x00, 0x2c, 0x04, 0x00, 0x00,
  0x80, 0x03, 0x00, 0x00, 0xd4, 0x02, 0x00, 0x00, 0x24, 0x02, 0x00, 0x00,
  0x40, 0x01, 0x00, 0x00, 0xa0, 0x00, 0x00, 0x00, 0x24, 0x00, 0x00, 0x00,
  0x0a, 0x8a, 0xff, 0xff, 0x04, 0x00, 0x00, 0x00, 0x10, 0x00, 0x00, 0x00,
  0x04, 0x00, 0x00, 0x00, 0x01, 0x00, 0x00, 0x00, 0xc5, 0x00, 0x00, 0x00,
  0x01, 0x00, 0x00, 0x00, 0xc4, 0x00, 0x00, 0x00, 0xa2, 0xf6, 0xfd, 0xff,
  0x00, 0x00, 0x00, 0x01, 0x30, 0x00, 0x00, 0x00, 0xc6, 0x00, 0x00, 0x00,
  0x08, 0x00, 0x00, 0x00, 0x30, 0x00, 0x00, 0x00, 0x1b, 0x00, 0x00, 0x00,
  0x53, 0x74, 0x61, 0x74, 0x65, 0x66, 0x75, 0x6c, 0x50, 0x61, 0x72, 0x74,
  0x69, 0x74, 0x69, 0x6f, 0x6e, 0x65, 0x64, 0x43, 0x61, 0x6c, 0x6c, 0x5f,
  0x31, 0x3a, 0x30, 0x00, 0x02, 0x00, 0x00, 0x00, 0x01, 0x00, 0x00, 0x00,
  0x01, 0x00, 0x00, 0x00, 0x7c, 0xf6, 0xfd, 0xff, 0x72, 0x8a, 0xff, 0xff,
  0x10, 0x00, 0x00, 0x00, 0x10, 0x00, 0x00, 0x00, 0x04, 0x00, 0x00, 0x00,
  0x01, 0x00, 0x00, 0x00, 0xc4, 0x00, 0x00, 0x00, 0x01, 0x00, 0x00, 0x00,
  0xc3, 0x00, 0x00, 0x00, 0x00, 0x87, 0xff, 0xff, 0x0e, 0x00, 0x00, 0x00,
  0x00, 0x00, 0x00, 0x0e, 0x02, 0x00, 0x00, 0x00, 0x8a, 0xf7, 0xfd, 0xff,
  0x00, 0x00, 0x09, 0x01, 0x34, 0x00, 0x00, 0x00, 0xc5, 0x00, 0x00, 0x00,
  0x08, 0x00, 0x00, 0x00, 0x34, 0x00, 0x00, 0x00, 0x1c, 0x00, 0x00, 0x00,
  0x53, 0x74, 0x61, 0x74, 0x65, 0x66, 0x75, 0x6c, 0x50, 0x61, 0x72, 0x74,
  0x69, 0x74, 0x69, 0x6f, 0x6e, 0x65, 0x64, 0x43, 0x61, 0x6c, 0x6c, 0x5f,
  0x31, 0x3a, 0x30, 0x31, 0x00, 0x00, 0x00, 0x00, 0x02, 0x00, 0x00, 0x00,
  0x01, 0x00, 0x00, 0x00, 0x01, 0x00, 0x00, 0x00, 0xec, 0xfa, 0xfd, 0xff,
  0x14, 0x00, 0x00, 0x00, 0x04, 0x00, 0x00, 0x00, 0x01, 0x00, 0x00, 0x00,
  0x80, 0xff, 0xff, 0xff, 0xff, 0xff, 0xff, 0xff, 0x01, 0x00, 0x00, 0x00,
  0x00, 0x00, 0x80, 0x3b, 0xa6, 0x89, 0xff, 0xff, 0x00, 0x00, 0x00, 0x08,
  0x01, 0x00, 0x00, 0x00, 0x18, 0x00, 0x00, 0x00, 0x0c, 0x00, 0x00, 0x00,
  0x04, 0x00, 0x00, 0x00, 0x30, 0xf7, 0xfd, 0xff, 0x01, 0x00, 0x00, 0x00,
  0xc3, 0x00, 0x00, 0x00, 0x03, 0x00, 0x00, 0x00, 0xc2, 0x00, 0x00, 0x00,
  0x0c, 0x00, 0x00, 0x00, 0x0b, 0x00, 0x00, 0x00, 0x26, 0xf8, 0xfd, 0xff,
  0x00, 0x00, 0x09, 0x01, 0x68, 0x00, 0x00, 0x00, 0xc4, 0x00, 0x00, 0x00,
  0x08, 0x00, 0x00, 0x00, 0x68, 0x00, 0x00, 0x00, 0x50, 0x00, 0x00, 0x00,
  0x74, 0x69, 0x6e, 0x79, 0x5f, 0x6e, 0x69, 0x64, 0x73, 0x5f, 0x74, 0x72,
  0x61, 0x6e, 0x73, 0x66, 0x6f, 0x72, 0x6d, 0x65, 0x72, 0x5f, 0x31, 0x2f,
  0x64, 0x65, 0x6e, 0x73, 0x65, 0x5f, 0x32, 0x35, 0x5f, 0x31, 0x2f, 0x4d,
  0x61, 0x74, 0x4d, 0x75, 0x6c, 0x3b, 0x74, 0x69, 0x6e, 0x79, 0x5f, 0x6e,
  0x69, 0x64, 0x73, 0x5f, 0x74, 0x72, 0x61, 0x6e, 0x73, 0x66, 0x6f, 0x72,
  0x6d, 0x65, 0x72, 0x5f, 0x31, 0x2f, 0x64, 0x65, 0x6e, 0x73, 0x65, 0x5f,
  0x32, 0x35, 0x5f, 0x31, 0x2f, 0x41, 0x64, 0x64, 0x00, 0x00, 0x00, 0x00,
  0x02, 0x00, 0x00, 0x00, 0x01, 0x00, 0x00, 0x00, 0x01, 0x00, 0x00, 0x00,
  0xbc, 0xfb, 0xfd, 0xff, 0x18, 0x00, 0x00, 0x00, 0x04, 0x00, 0x00, 0x00,
  0x01, 0x00, 0x00, 0x00, 0xfe, 0xff, 0xff, 0xff, 0xff, 0xff, 0xff, 0xff,
  0x00, 0x00, 0x00, 0x00, 0x01, 0x00, 0x00, 0x00, 0xb0, 0xe5, 0x05, 0x3d,
  0x7a, 0x8a, 0xff, 0xff, 0x00, 0x00, 0x00, 0x1b, 0x0f, 0x00, 0x00, 0x00,
  0x18, 0x00, 0x00, 0x00, 0x0c, 0x00, 0x00, 0x00, 0x04, 0x00, 0x00, 0x00,
  0x04, 0xf8, 0xfd, 0xff, 0x01, 0x00, 0x00, 0x00, 0xc2, 0x00, 0x00, 0x00,
  0x02, 0x00, 0x00, 0x00, 0xc1, 0x00, 0x00, 0x00, 0x03, 0x00, 0x00, 0x00,
  0x7c, 0x88, 0xff, 0xff, 0x52, 0x00, 0x00, 0x00, 0x00, 0x00, 0x00, 0x52,
  0x02, 0x00, 0x00, 0x00, 0x06, 0xf9, 0xfd, 0xff, 0x00, 0x00, 0x09, 0x01,
  0x48, 0x00, 0x00, 0x00, 0xc3, 0x00, 0x00, 0x00, 0x08, 0x00, 0x00, 0x00,
  0x48, 0x00, 0x00, 0x00, 0x32, 0x00, 0x00, 0x00, 0x74, 0x69, 0x6e, 0x79,
  0x5f, 0x6e, 0x69, 0x64, 0x73, 0x5f, 0x74, 0x72, 0x61, 0x6e, 0x73, 0x66,
  0x6f, 0x72, 0x6d, 0x65, 0x72, 0x5f, 0x31, 0x2f, 0x67, 0x6c, 0x6f, 0x62,
  0x61, 0x6c, 0x5f, 0x6d, 0x61, 0x78, 0x5f, 0x70, 0x6f, 0x6f, 0x6c, 0x69,
  0x6e, 0x67, 0x31, 0x64, 0x5f, 0x31, 0x2f, 0x4d, 0x61, 0x78, 0x00, 0x00,
  0x02, 0x00, 0x00, 0x00, 0x01, 0x00, 0x00, 0x00, 0x40, 0x00, 0x00, 0x00,
  0x7c, 0xfc, 0xfd, 0xff, 0x14, 0x00, 0x00, 0x00, 0x04, 0x00, 0x00, 0x00,
  0x01, 0x00, 0x00, 0x00, 0x02, 0x00, 0x00, 0x00, 0x00, 0x00, 0x00, 0x00,
  0x01, 0x00, 0x00, 0x00, 0x9d, 0x8e, 0x88, 0x3c, 0x36, 0x8b, 0xff, 0xff,
  0x00, 0x00, 0x00, 0x0b, 0x02, 0x00, 0x00, 0x00, 0x18, 0x00, 0x00, 0x00,
  0x0c, 0x00, 0x00, 0x00, 0x04, 0x00, 0x00, 0x00, 0xc0, 0xf8, 0xfd, 0xff,
  0x01, 0x00, 0x00, 0x00, 0xc1, 0x00, 0x00, 0x00, 0x02, 0x00, 0x00, 0x00,
  0xc0, 0x00, 0x00, 0x00, 0xbf, 0x00, 0x00, 0x00, 0xb2, 0xf9, 0xfd, 0xff,
  0x00, 0x00, 0x09, 0x01, 0x40, 0x00, 0x00, 0x00, 0xc2, 0x00, 0x00, 0x00,
  0x08, 0x00, 0x00, 0x00, 0x44, 0x00, 0x00, 0x00, 0x2a, 0x00, 0x00, 0x00,
  0x74, 0x69, 0x6e, 0x79, 0x5f, 0x6e, 0x69, 0x64, 0x73, 0x5f, 0x74, 0x72,
  0x61, 0x6e, 0x73, 0x66, 0x6f, 0x72, 0x6d, 0x65, 0x72, 0x5f, 0x31, 0x2f,
  0x66, 0x69, 0x6e, 0x61, 0x6c, 0x5f, 0x6e, 0x6f, 0x72, 0x6d, 0x5f, 0x31,
  0x2f, 0x61, 0x64, 0x64, 0x5f, 0x32, 0x00, 0x00, 0x03, 0x00, 0x00, 0x00,
  0x01, 0x00, 0x00, 0x00, 0x14, 0x00, 0x00, 0x00, 0x40, 0x00, 0x00, 0x00,
  0x24, 0xfd, 0xfd, 0xff, 0x14, 0x00, 0x00, 0x00, 0x04, 0x00, 0x00, 0x00,
  0x01, 0x00, 0x00, 0x00, 0x02, 0x00, 0x00, 0x00, 0x00, 0x00, 0x00, 0x00,
  0x01, 0x00, 0x00, 0x00, 0x9d, 0x8e, 0x88, 0x3c, 0xde, 0x8b, 0xff, 0xff,
  0x00, 0x00, 0x00, 0x15, 0x08, 0x00, 0x00, 0x00, 0x18, 0x00, 0x00, 0x00,
  0x0c, 0x00, 0x00, 0x00, 0x04, 0x00, 0x00, 0x00, 0x68, 0xf9, 0xfd, 0xff,
  0x01, 0x00, 0x00, 0x00, 0xc0, 0x00, 0x00, 0x00, 0x02, 0x00, 0x00, 0x00,
  0xb4, 0x00, 0x00, 0x00, 0xbd, 0x00, 0x00, 0x00, 0x5a, 0xfa, 0xfd, 0xff,
  0x00, 0x00, 0x09, 0x01, 0x40, 0x00, 0x00, 0x00, 0xc1, 0x00, 0x00, 0x00,
  0x08, 0x00, 0x00, 0x00, 0x44, 0x00, 0x00, 0x00, 0x2a, 0x00, 0x00, 0x00,
  0x74, 0x69, 0x6e, 0x79, 0x5f, 0x6e, 0x69, 0x64, 0x73, 0x5f, 0x74, 0x72,
  0x61, 0x6e, 0x73, 0x66, 0x6f, 0x72, 0x6d, 0x65, 0x72, 0x5f, 0x31, 0x2f,
  0x66, 0x69, 0x6e, 0x61, 0x6c, 0x5f, 0x6e, 0x6f, 0x72, 0x6d, 0x5f, 0x31,
  0x2f, 0x6d, 0x75, 0x6c, 0x5f, 0x32, 0x00, 0x00, 0x03, 0x00, 0x00, 0x00,
  0x01, 0x00, 0x00, 0x00, 0x14, 0x00, 0x00, 0x00, 0x40, 0x00, 0x00, 0x00,
  0xcc, 0xfd, 0xfd, 0xff, 0x14, 0x00, 0x00, 0x00, 0x04, 0x00, 0x00, 0x00,
  0x01, 0x00, 0x00, 0x00, 0xfc, 0xff, 0xff, 0xff, 0xff, 0xff, 0xff, 0xff,
  0x01, 0x00, 0x00, 0x00, 0x0d, 0xa5, 0x8f, 0x3c, 0x86, 0x8c, 0xff, 0xff,
  0x00, 0x00, 0x00, 0x0b, 0x02, 0x00, 0x00, 0x00, 0x18, 0x00, 0x00, 0x00,
  0x0c, 0x00, 0x00, 0x00, 0x04, 0x00, 0x00, 0x00, 0x10, 0xfa, 0xfd, 0xff,
  0x01, 0x00, 0x00, 0x00, 0xbf, 0x00, 0x00, 0x00, 0x02, 0x00, 0x00, 0x00,
  0xbe, 0x00, 0x00, 0x00, 0x0d, 0x00, 0x00, 0x00, 0x02, 0xfb, 0xfd, 0xff,
  0x00, 0x00, 0x09, 0x01, 0x40, 0x00, 0x00, 0x00, 0xc0, 0x00, 0x00, 0x00,
  0x08, 0x00, 0x00, 0x00, 0x44, 0x00, 0x00, 0x00, 0x2a, 0x00, 0x00, 0x00,
  0x74, 0x69, 0x6e, 0x79, 0x5f, 0x6e, 0x69, 0x64, 0x73, 0x5f, 0x74, 0x72,
  0x61, 0x6e, 0x73, 0x66, 0x6f, 0x72, 0x6d, 0x65, 0x72, 0x5f, 0x31, 0x2f,
  0x66, 0x69, 0x6e, 0x61, 0x6c, 0x5f, 0x6e, 0x6f, 0x72, 0x6d, 0x5f, 0x31,
  0x2f, 0x61, 0x64, 0x64, 0x5f, 0x31, 0x00, 0x00, 0x03, 0x00, 0x00, 0x00,
  0x01, 0x00, 0x00, 0x00, 0x14, 0x00, 0x00, 0x00, 0x40, 0x00, 0x00, 0x00,
  0x74, 0xfe, 0xfd, 0xff, 0x14, 0x00, 0x00, 0x00, 0x04, 0x00, 0x00, 0x00,
  0x01, 0x00, 0x00, 0x00, 0x54, 0x00, 0x00, 0x00, 0x00, 0x00, 0x00, 0x00,
  0x01, 0x00, 0x00, 0x00, 0xc0, 0x89, 0xc6, 0x3a, 0x2e, 0x8d, 0xff, 0xff,
  0x00, 0x00, 0x00, 0x15, 0x08, 0x00, 0x00, 0x00, 0x18, 0x00, 0x00, 0x00,
  0x0c, 0x00, 0x00, 0x00, 0x04, 0x00, 0x00, 0x00, 0xb8, 0xfa, 0xfd, 0xff,
  0x01, 0x00, 0x00, 0x00, 0xbe, 0x00, 0x00, 0x00, 0x02, 0x00, 0x00, 0x00,
  0xb8, 0x00, 0x00, 0x00, 0xbd, 0x00, 0x00, 0x00, 0xaa, 0xfb, 0xfd, 0xff,
  0x00, 0x00, 0x09, 0x01, 0x40, 0x00, 0x00, 0x00, 0xbf, 0x00, 0x00, 0x00,
  0x08, 0x00, 0x00, 0x00, 0x44, 0x00, 0x00, 0x00, 0x2a, 0x00, 0x00, 0x00,
  0x74, 0x69, 0x6e, 0x79, 0x5f, 0x6e, 0x69, 0x64, 0x73, 0x5f, 0x74, 0x72,
  0x61, 0x6e, 0x73, 0x66, 0x6f, 0x72, 0x6d, 0x65, 0x72, 0x5f, 0x31, 0x2f,
  0x66, 0x69, 0x6e, 0x61, 0x6c, 0x5f, 0x6e, 0x6f, 0x72, 0x6d, 0x5f, 0x31,
  0x2f, 0x6d, 0x75, 0x6c, 0x5f, 0x31, 0x00, 0x00, 0x03, 0x00, 0x00, 0x00,
  0x01, 0x00, 0x00, 0x00, 0x14, 0x00, 0x00, 0x00, 0x40, 0x00, 0x00, 0x00,
  0x1c, 0xff, 0xfd, 0xff, 0x14, 0x00, 0x00, 0x00, 0x04, 0x00, 0x00, 0x00,
  0x01, 0x00, 0x00, 0x00, 0x54, 0x00, 0x00, 0x00, 0x00, 0x00, 0x00, 0x00,
  0x01, 0x00, 0x00, 0x00, 0xc0, 0x89, 0xc6, 0x3a, 0xd6, 0x8d, 0xff, 0xff,
  0x00, 0x00, 0x00, 0x15, 0x08, 0x00, 0x00, 0x00, 0x18, 0x00, 0x00, 0x00,
  0x0c, 0x00, 0x00, 0x00, 0x04, 0x00, 0x00, 0x00, 0x60, 0xfb, 0xfd, 0xff,
  0x01, 0x00, 0x00, 0x00, 0xbd, 0x00, 0x00, 0x00, 0x02, 0x00, 0x00, 0x00,
  0xbc, 0x00, 0x00, 0x00, 0x0e, 0x00, 0x00, 0x00, 0x52, 0xfc, 0xfd, 0xff,
  0x00, 0x00, 0x09, 0x01, 0x40, 0x00, 0x00, 0x00, 0xbe, 0x00, 0x00, 0x00,
  0x08, 0x00, 0x00, 0x00, 0x44, 0x00, 0x00, 0x00, 0x28, 0x00, 0x00, 0x00,
  0x74, 0x69, 0x6e, 0x79, 0x5f, 0x6e, 0x69, 0x64, 0x73, 0x5f, 0x74, 0x72,
  0x61, 0x6e, 0x73, 0x66, 0x6f, 0x72, 0x6d, 0x65, 0x72, 0x5f, 0x31, 0x2f,
  0x66, 0x69, 0x6e, 0x61, 0x6c, 0x5f, 0x6e, 0x6f, 0x72, 0x6d, 0x5f, 0x31,
  0x2f, 0x6d, 0x75, 0x6c, 0x00, 0x00, 0x00, 0x00, 0x03, 0x00, 0x00, 0x00,
  0x01, 0x00, 0x00, 0x00, 0x14, 0x00, 0x00, 0x00, 0x40, 0x00, 0x00, 0x00,
  0xc4, 0xff, 0xfd, 0xff, 0x14, 0x00, 0x00, 0x00, 0x04, 0x00, 0x00, 0x00,
  0x01, 0x00, 0x00, 0x00, 0x80, 0xff, 0xff, 0xff, 0xff, 0xff, 0xff, 0xff,
  0x01, 0x00, 0x00, 0x00, 0x92, 0x4a, 0x2f, 0x3a, 0xe2, 0x8f, 0xff, 0xff,
  0x07, 0x00, 0x00, 0x00, 0x10, 0x00, 0x00, 0x00, 0x04, 0x00, 0x00, 0x00,
  0x01, 0x00, 0x00, 0x00, 0xbc, 0x00, 0x00, 0x00, 0x01, 0x00, 0x00, 0x00,
  0xbb, 0x00, 0x00, 0x00, 0xea, 0xfc, 0xfd, 0xff, 0x00, 0x00, 0x09, 0x01,
  0x40, 0x00, 0x00, 0x00, 0xbd, 0x00, 0x00, 0x00, 0x08, 0x00, 0x00, 0x00,
  0x44, 0x00, 0x00, 0x00, 0x2a, 0x00, 0x00, 0x00, 0x74, 0x69, 0x6e, 0x79,
  0x5f, 0x6e, 0x69, 0x64, 0x73, 0x5f, 0x74, 0x72, 0x61, 0x6e, 0x73, 0x66,
  0x6f, 0x72, 0x6d, 0x65, 0x72, 0x5f, 0x31, 0x2f, 0x66, 0x69, 0x6e, 0x61,
  0x6c, 0x5f, 0x6e, 0x6f, 0x72, 0x6d, 0x5f, 0x31, 0x2f, 0x52, 0x73, 0x71,
  0x72, 0x74, 0x00, 0x00, 0x03, 0x00, 0x00, 0x00, 0x01, 0x00, 0x00, 0x00,
  0x14, 0x00, 0x00, 0x00, 0x01, 0x00, 0x00, 0x00, 0x5c, 0x00, 0xfe, 0xff,
  0x14, 0x00, 0x00, 0x00, 0x04, 0x00, 0x00, 0x00, 0x01, 0x00, 0x00, 0x00,
  0x80, 0xff, 0xff, 0xff, 0xff, 0xff, 0xff, 0xff, 0x01, 0x00, 0x00, 0x00,
  0x16, 0xe9, 0x2d, 0x3a, 0x16, 0x8f, 0xff, 0xff, 0x00, 0x00, 0x00, 0x0b,
  0x02, 0x00, 0x00, 0x00, 0x18, 0x00, 0x00, 0x00, 0x0c, 0x00, 0x00, 0x00,
  0x04, 0x00, 0x00, 0x00, 0xa0, 0xfc, 0xfd, 0xff, 0x01, 0x00, 0x00, 0x00,
  0xbb, 0x00, 0x00, 0x00, 0x02, 0x00, 0x00, 0x00, 0xba, 0x00, 0x00, 0x00,
  0x31, 0x00, 0x00, 0x00, 0x92, 0xfd, 0xfd, 0xff, 0x00, 0x00, 0x09, 0x01,
  0x40, 0x00, 0x00, 0x00, 0xbc, 0x00, 0x00, 0x00, 0x08, 0x00, 0x00, 0x00,
  0x44, 0x00, 0x00, 0x00, 0x28, 0x00, 0x00, 0x00, 0x74, 0x69, 0x6e, 0x79,
  0x5f, 0x6e, 0x69, 0x64, 0x73, 0x5f, 0x74, 0x72, 0x61, 0x6e, 0x73, 0x66,
  0x6f, 0x72, 0x6d, 0x65, 0x72, 0x5f, 0x31, 0x2f, 0x66, 0x69, 0x6e, 0x61,
  0x6c, 0x5f, 0x6e, 0x6f, 0x72, 0x6d, 0x5f, 0x31, 0x2f, 0x61, 0x64, 0x64,
  0x00, 0x00, 0x00, 0x00, 0x03, 0x00, 0x00, 0x00, 0x01, 0x00, 0x00, 0x00,
  0x14, 0x00, 0x00, 0x00, 0x01, 0x00, 0x00, 0x00, 0x04, 0x01, 0xfe, 0xff,
  0x14, 0x00, 0x00, 0x00, 0x04, 0x00, 0x00, 0x00, 0x01, 0x00, 0x00, 0x00,
  0x80, 0xff, 0xff, 0xff, 0xff, 0xff, 0xff, 0xff, 0x01, 0x00, 0x00, 0x00,
  0xa7, 0x6d, 0x9c, 0x3e, 0xbe, 0x8f, 0xff, 0xff, 0x00, 0x00, 0x00, 0x1b,
  0x03, 0x00, 0x00, 0x00, 0x1c, 0x00, 0x00, 0x00, 0x10, 0x00, 0x00, 0x00,
  0x04, 0x00, 0x00, 0x00, 0xa6, 0x90, 0xff, 0xff, 0x00, 0x00, 0x00, 0x01,
  0x01, 0x00, 0x00, 0x00, 0xba, 0x00, 0x00, 0x00, 0x02, 0x00, 0x00, 0x00,
  0xb9, 0x00, 0x00, 0x00, 0x01, 0x00, 0x00, 0x00, 0x3e, 0xfe, 0xfd, 0xff,
  0x00, 0x00, 0x09, 0x01, 0x4c, 0x00, 0x00, 0x00, 0xbb, 0x00, 0x00, 0x00,
  0x08, 0x00, 0x00, 0x00, 0x50, 0x00, 0x00, 0x00, 0x35, 0x00, 0x00, 0x00,
  0x74, 0x69, 0x6e, 0x79, 0x5f, 0x6e, 0x69, 0x64, 0x73, 0x5f, 0x74, 0x72,
  0x61, 0x6e, 0x73, 0x66, 0x6f, 0x72, 0x6d, 0x65, 0x72, 0x5f, 0x31, 0x2f,
  0x66, 0x69, 0x6e, 0x61, 0x6c, 0x5f, 0x6e, 0x6f, 0x72, 0x6d, 0x5f, 0x31,
  0x2f, 0x6d, 0x6f, 0x6d, 0x65, 0x6e, 0x74, 0x73, 0x2f, 0x76, 0x61, 0x72,
  0x69, 0x61, 0x6e, 0x63, 0x65, 0x00, 0x00, 0x00, 0x03, 0x00, 0x00, 0x00,
  0x01, 0x00, 0x00, 0x00, 0x14, 0x00, 0x00, 0x00, 0x01, 0x00, 0x00, 0x00,
  0xbc, 0x01, 0xfe, 0xff, 0x14, 0x00, 0x00, 0x00, 0x04, 0x00, 0x00, 0x00,
  0x01, 0x00, 0x00, 0x00, 0x80, 0xff, 0xff, 0xff, 0xff, 0xff, 0xff, 0xff,
  0x01, 0x00, 0x00, 0x00, 0xa7, 0x6d, 0x9c, 0x3e, 0xda, 0x91, 0xff, 0xff,
  0x06, 0x00, 0x00, 0x00, 0x10, 0x00, 0x00, 0x00, 0x04, 0x00, 0x00, 0x00,
  0x01, 0x00, 0x00, 0x00, 0xb9, 0x00, 0x00, 0x00, 0x02, 0x00, 0x00, 0x00,
  0xb4, 0x00, 0x00, 0x00, 0xb5, 0x00, 0x00, 0x00, 0xe6, 0xfe, 0xfd, 0xff,
  0x00, 0x00, 0x09, 0x01, 0x54, 0x00, 0x00, 0x00, 0xba, 0x00, 0x00, 0x00,
  0x08, 0x00, 0x00, 0x00, 0x58, 0x00, 0x00, 0x00, 0x3e, 0x00, 0x00, 0x00,
  0x74, 0x69, 0x6e, 0x79, 0x5f, 0x6e, 0x69, 0x64, 0x73, 0x5f, 0x74, 0x72,
  0x61, 0x6e, 0x73, 0x66, 0x6f, 0x72, 0x6d, 0x65, 0x72, 0x5f, 0x31, 0x2f,
  0x66, 0x69, 0x6e, 0x61, 0x6c, 0x5f, 0x6e, 0x6f, 0x72, 0x6d, 0x5f, 0x31,
  0x2f, 0x6d, 0x6f, 0x6d, 0x65, 0x6e, 0x74, 0x73, 0x2f, 0x53, 0x71, 0x75,
  0x61, 0x72, 0x65, 0x64, 0x44, 0x69, 0x66, 0x66, 0x65, 0x72, 0x65, 0x6e,
  0x63, 0x65, 0x00, 0x00, 0x03, 0x00, 0x00, 0x00, 0x01, 0x00, 0x00, 0x00,
  0x14, 0x00, 0x00, 0x00, 0x40, 0x00, 0x00, 0x00, 0x6c, 0x02, 0xfe, 0xff,
  0x14, 0x00, 0x00, 0x00, 0x04, 0x00, 0x00, 0x00, 0x01, 0x00, 0x00, 0x00,
  0x80, 0xff, 0xff, 0xff, 0xff, 0xff, 0xff, 0xff, 0x01, 0x00, 0x00, 0x00,
  0x91, 0x41, 0xa3, 0x3f, 0x1e, 0x8f, 0xff, 0xff, 0x10, 0x00, 0x00, 0x00,
  0x04, 0x00, 0x00, 0x00, 0x01, 0x00, 0x00, 0x00, 0xb8, 0x00, 0x00, 0x00,
  0x01, 0x00, 0x00, 0x00, 0xb7, 0x00, 0x00, 0x00, 0x8e, 0xff, 0xfd, 0xff,
  0x00, 0x00, 0x09, 0x01, 0x24, 0x00, 0x00, 0x00, 0xb9, 0x00, 0x00, 0x00,
  0x08, 0x00, 0x00, 0x00, 0x28, 0x00, 0x00, 0x00, 0x0e, 0x00, 0x00, 0x00,
  0x74, 0x66, 0x6c, 0x2e, 0x71, 0x75, 0x61, 0x6e, 0x74, 0x69, 0x7a, 0x65,
  0x31, 0x31, 0x00, 0x00, 0x03, 0x00, 0x00, 0x00, 0x01, 0x00, 0x00, 0x00,
  0x14, 0x00, 0x00, 0x00, 0x01, 0x00, 0x00, 0x00, 0xe4, 0x02, 0xfe, 0xff,
  0x18, 0x00, 0x00, 0x00, 0x04, 0x00, 0x00, 0x00, 0x01, 0x00, 0x00, 0x00,
  0x50, 0x00, 0x00, 0x00, 0x00, 0x00, 0x00, 0x00, 0x00, 0x00, 0x00, 0x00,
  0x01, 0x00, 0x00, 0x00, 0xd3, 0x7d, 0x08, 0x3c, 0xa2, 0x91, 0xff, 0xff,
  0x00, 0x00, 0x00, 0x2a, 0x05, 0x00, 0x00, 0x00, 0x18, 0x00, 0x00, 0x00,
  0x0c, 0x00, 0x00, 0x00, 0x04, 0x00, 0x00, 0x00, 0x2c, 0xff, 0xfd, 0xff,
  0x01, 0x00, 0x00, 0x00, 0xb7, 0x00, 0x00, 0x00, 0x01, 0x00, 0x00, 0x00,
  0xb6, 0x00, 0x00, 0x00, 0xaa, 0xff, 0xfd, 0xff, 0x00, 0x00, 0x00, 0x01,
  0x40, 0x00, 0x00, 0x00, 0xb8, 0x00, 0x00, 0x00, 0x08, 0x00, 0x00, 0x00,
  0x44, 0x00, 0x00, 0x00, 0x28, 0x00, 0x00, 0x00, 0x74, 0x69, 0x6e, 0x79,
  0x5f, 0x6e, 0x69, 0x64, 0x73, 0x5f, 0x74, 0x72, 0x61, 0x6e, 0x73, 0x66,
  0x6f, 0x72, 0x6d, 0x65, 0x72, 0x5f, 0x31, 0x2f, 0x66, 0x69, 0x6e, 0x61,
  0x6c, 0x5f, 0x6e, 0x6f, 0x72, 0x6d, 0x5f, 0x31, 0x2f, 0x4e, 0x65, 0x67,
  0x00, 0x00, 0x00, 0x00, 0x03, 0x00, 0x00, 0x00, 0x01, 0x00, 0x00, 0x00,
  0x14, 0x00, 0x00, 0x00, 0x01, 0x00, 0x00, 0x00, 0x98, 0xff, 0xfd, 0xff,
  0x8e, 0x93, 0xff, 0xff, 0x04, 0x00, 0x00, 0x00, 0x10, 0x00, 0x00, 0x00,
  0x04, 0x00, 0x00, 0x00, 0x01, 0x00, 0x00, 0x00, 0xb6, 0x00, 0x00, 0x00,
  0x01, 0x00, 0x00, 0x00, 0xb5, 0x00, 0x00, 0x00, 0x26, 0x00, 0xfe, 0xff,
  0x00, 0x00, 0x00, 0x01, 0x24, 0x00, 0x00, 0x00, 0xb7, 0x00, 0x00, 0x00,
  0x08, 0x00, 0x00, 0x00, 0x28, 0x00, 0x00, 0x00, 0x0f, 0x00, 0x00, 0x00,
  0x74, 0x66, 0x6c, 0x2e, 0x64, 0x65, 0x71, 0x75, 0x61, 0x6e, 0x74, 0x69,
  0x7a, 0x65, 0x34, 0x00, 0x03, 0x00, 0x00, 0x00, 0x01, 0x00, 0x00, 0x00,
  0x14, 0x00, 0x00, 0x00, 0x01, 0x00, 0x00, 0x00, 0xf8, 0xff, 0xfd, 0xff,
  0x8a, 0x92, 0xff, 0xff, 0x00, 0x00, 0x00, 0x1b, 0x03, 0x00, 0x00, 0x00,
  0x1c, 0x00, 0x00, 0x00, 0x10, 0x00, 0x00, 0x00, 0x04, 0x00, 0x00, 0x00,
  0x72, 0x93, 0xff, 0xff, 0x00, 0x00, 0x00, 0x01, 0x01, 0x00, 0x00, 0x00,
  0xb5, 0x00, 0x00, 0x00, 0x02, 0x00, 0x00, 0x00, 0xb4, 0x00, 0x00, 0x00,
  0x01, 0x00, 0x00, 0x00, 0x0a, 0x01, 0xfe, 0xff, 0x00, 0x00, 0x09, 0x01,
  0x48, 0x00, 0x00, 0x00, 0xb6, 0x00, 0x00, 0x00, 0x08, 0x00, 0x00, 0x00,
  0x4c, 0x00, 0x00, 0x00, 0x31, 0x00, 0x00, 0x00, 0x74, 0x69, 0x6e, 0x79,
  0x5f, 0x6e, 0x69, 0x64, 0x73, 0x5f, 0x74, 0x72, 0x61, 0x6e, 0x73, 0x66,
  0x6f, 0x72, 0x6d, 0x65, 0x72, 0x5f, 0x31, 0x2f, 0x66, 0x69, 0x6e, 0x61,
  0x6c, 0x5f, 0x6e, 0x6f, 0x72, 0x6d, 0x5f, 0x31, 0x2f, 0x6d, 0x6f, 0x6d,
  0x65, 0x6e, 0x74, 0x73, 0x2f, 0x6d, 0x65, 0x61, 0x6e, 0x00, 0x00, 0x00,
  0x03, 0x00, 0x00, 0x00, 0x01, 0x00, 0x00, 0x00, 0x14, 0x00, 0x00, 0x00,
  0x01, 0x00, 0x00, 0x00, 0x84, 0x04, 0xfe, 0xff, 0x18, 0x00, 0x00, 0x00,
  0x04, 0x00, 0x00, 0x00, 0x01, 0x00, 0x00, 0x00, 0xaf, 0xff, 0xff, 0xff,
  0xff, 0xff, 0xff, 0xff, 0x00, 0x00, 0x00, 0x00, 0x01, 0x00, 0x00, 0x00,
  0xd3, 0x7d, 0x08, 0x3c, 0x42, 0x93, 0xff, 0xff, 0x00, 0x00, 0x00, 0x0b,
  0x02, 0x00, 0x00, 0x00, 0x18, 0x00, 0x00, 0x00, 0x0c, 0x00, 0x00, 0x00,
  0x04, 0x00, 0x00, 0x00, 0xcc, 0x00, 0xfe, 0xff, 0x01, 0x00, 0x00, 0x00,
  0xb4, 0x00, 0x00, 0x00, 0x02, 0x00, 0x00, 0x00, 0xa4, 0x00, 0x00, 0x00,
  0xb3, 0x00, 0x00, 0x00, 0xbe, 0x01, 0xfe, 0xff, 0x00, 0x00, 0x09, 0x01,
  0x44, 0x00, 0x00, 0x00, 0xb5, 0x00, 0x00, 0x00, 0x08, 0x00, 0x00, 0x00,
  0x48, 0x00, 0x00, 0x00, 0x2f, 0x00, 0x00, 0x00, 0x74, 0x69, 0x6e, 0x79,
  0x5f, 0x6e, 0x69, 0x64, 0x73, 0x5f, 0x74, 0x72, 0x61, 0x6e, 0x73, 0x66,
  0x6f, 0x72, 0x6d, 0x65, 0x72, 0x5f, 0x31, 0x2f, 0x65, 0x6e, 0x63, 0x6f,
  0x64, 0x65, 0x72, 0x5f, 0x62, 0x6c, 0x6f, 0x63, 0x6b, 0x5f, 0x31, 0x5f,
  0x31, 0x2f, 0x61, 0x64, 0x64, 0x5f, 0x31, 0x00, 0x03, 0x00, 0x00, 0x00,
  0x01, 0x00, 0x00, 0x00, 0x14, 0x00, 0x00, 0x00, 0x40, 0x00, 0x00, 0x00,
  0x34, 0x05, 0xfe, 0xff, 0x14, 0x00, 0x00, 0x00, 0x04, 0x00, 0x00, 0x00,
  0x01, 0x00, 0x00, 0x00, 0x04, 0x00, 0x00, 0x00, 0x00, 0x00, 0x00, 0x00,
  0x01, 0x00, 0x00, 0x00, 0x19, 0x21, 0x0d, 0x3e, 0xee, 0x93, 0xff, 0xff,
  0x00, 0x00, 0x00, 0x08, 0x01, 0x00, 0x00, 0x00, 0x1c, 0x00, 0x00, 0x00,
  0x10, 0x00, 0x00, 0x00, 0x04, 0x00, 0x00, 0x00, 0xb6, 0x92, 0xff, 0xff,
  0x00, 0x00, 0x00, 0x01, 0x01, 0x00, 0x00, 0x00, 0xb3, 0x00, 0x00, 0x00,
  0x03, 0x00, 0x00, 0x00, 0xb2, 0x00, 0x00, 0x00, 0x10, 0x00, 0x00, 0x00,
  0x0f, 0x00, 0x00, 0x00, 0x72, 0x02, 0xfe, 0xff, 0x00, 0x00, 0x09, 0x01,
  0xb0, 0x00, 0x00, 0x00, 0xb4, 0x00, 0x00, 0x00, 0x08, 0x00, 0x00, 0x00,
  0xb4, 0x00, 0x00, 0x00, 0x99, 0x00, 0x00, 0x00, 0x74, 0x69, 0x6e, 0x79,
  0x5f, 0x6e, 0x69, 0x64, 0x73, 0x5f, 0x74, 0x72, 0x61, 0x6e, 0x73, 0x66,
  0x6f, 0x72, 0x6d, 0x65, 0x72, 0x5f, 0x31, 0x2f, 0x65, 0x6e, 0x63, 0x6f,
  0x64, 0x65, 0x72, 0x5f, 0x62, 0x6c, 0x6f, 0x63, 0x6b, 0x5f, 0x31, 0x5f,
  0x31, 0x2f, 0x73, 0x65, 0x71, 0x75, 0x65, 0x6e, 0x74, 0x69, 0x61, 0x6c,
  0x5f, 0x33, 0x5f, 0x31, 0x2f, 0x64, 0x65, 0x6e, 0x73, 0x65, 0x5f, 0x32,
  0x34, 0x5f, 0x31, 0x2f, 0x54, 0x65, 0x6e, 0x73, 0x6f, 0x72, 0x64, 0x6f,
  0x74, 0x3b, 0x74, 0x69, 0x6e, 0x79, 0x5f, 0x6e, 0x69, 0x64, 0x73, 0x5f,
  0x74, 0x72, 0x61, 0x6e, 0x73, 0x66, 0x6f, 0x72, 0x6d, 0x65, 0x72, 0x5f,
  0x31, 0x2f, 0x65, 0x6e, 0x63, 0x6f, 0x64, 0x65, 0x72, 0x5f, 0x62, 0x6c,
  0x6f, 0x63, 0x6b, 0x5f, 0x31, 0x5f, 0x31, 0x2f, 0x73, 0x65, 0x71, 0x75,
  0x65, 0x6e, 0x74, 0x69, 0x61, 0x6c, 0x5f, 0x33, 0x5f, 0x31, 0x2f, 0x64,
  0x65, 0x6e, 0x73, 0x65, 0x5f, 0x32, 0x34, 0x5f, 0x31, 0x2f, 0x42, 0x69,
  0x61, 0x73, 0x41, 0x64, 0x64, 0x00, 0x00, 0x00, 0x03, 0x00, 0x00, 0x00,
  0x01, 0x00, 0x00, 0x00, 0x14, 0x00, 0x00, 0x00, 0x40, 0x00, 0x00, 0x00,
  0x54, 0x06, 0xfe, 0xff, 0x14, 0x00, 0x00, 0x00, 0x04, 0x00, 0x00, 0x00,
  0x01, 0x00, 0x00, 0x00, 0x04, 0x00, 0x00, 0x00, 0x00, 0x00, 0x00, 0x00,
  0x01, 0x00, 0x00, 0x00, 0x19, 0x21, 0x0d, 0x3e, 0x0e, 0x95, 0xff, 0xff,
  0x00, 0x00, 0x00, 0x08, 0x01, 0x00, 0x00, 0x00, 0x1c, 0x00, 0x00, 0x00,
  0x10, 0x00, 0x00, 0x00, 0x04, 0x00, 0x00, 0x00, 0x0a, 0xca, 0xff, 0xff,
  0x00, 0x00, 0x01, 0x01, 0x01, 0x00, 0x00, 0x00, 0xb2, 0x00, 0x00, 0x00,
  0x03, 0x00, 0x00, 0x00, 0xb1, 0x00, 0x00, 0x00, 0x12, 0x00, 0x00, 0x00,
  0x11, 0x00, 0x00, 0x00, 0x92, 0x03, 0xfe, 0xff, 0x00, 0x00, 0x09, 0x01,
  0xf8, 0x00, 0x00, 0x00, 0xb3, 0x00, 0x00, 0x00, 0x08, 0x00, 0x00, 0x00,
  0xfc, 0x00, 0x00, 0x00, 0xe2, 0x00, 0x00, 0x00, 0x74, 0x69, 0x6e, 0x79,
  0x5f, 0x6e, 0x69, 0x64, 0x73, 0x5f, 0x74, 0x72, 0x61, 0x6e, 0x73, 0x66,
  0x6f, 0x72, 0x6d, 0x65, 0x72, 0x5f, 0x31, 0x2f, 0x65, 0x6e, 0x63, 0x6f,
  0x64, 0x65, 0x72, 0x5f, 0x62, 0x6c, 0x6f, 0x63, 0x6b, 0x5f, 0x31, 0x5f,
  0x31, 0x2f, 0x73, 0x65, 0x71, 0x75, 0x65, 0x6e, 0x74, 0x69, 0x61, 0x6c,
  0x5f, 0x33, 0x5f, 0x31, 0x2f, 0x64, 0x65, 0x6e, 0x73, 0x65, 0x5f, 0x32,
  0x33, 0x5f, 0x31, 0x2f, 0x54, 0x65, 0x6e, 0x73, 0x6f, 0x72, 0x64, 0x6f,
  0x74, 0x3b, 0x74, 0x69, 0x6e, 0x79, 0x5f, 0x6e, 0x69, 0x64, 0x73, 0x5f,
  0x74, 0x72, 0x61, 0x6e, 0x73, 0x66, 0x6f, 0x72, 0x6d, 0x65, 0x72, 0x5f,
  0x31, 0x2f, 0x65, 0x6e, 0x63, 0x6f, 0x64, 0x65, 0x72, 0x5f, 0x62, 0x6c,
  0x6f, 0x63, 0x6b, 0x5f, 0x31, 0x5f, 0x31, 0x2f, 0x73, 0x65, 0x71, 0x75,
  0x65, 0x6e, 0x74, 0x69, 0x61, 0x6c, 0x5f, 0x33, 0x5f, 0x31, 0x2f, 0x64,
  0x65, 0x6e, 0x73, 0x65, 0x5f, 0x32, 0x33, 0x5f, 0x31, 0x2f, 0x52, 0x65,
  0x6c, 0x75, 0x3b, 0x74, 0x69, 0x6e, 0x79, 0x5f, 0x6e, 0x69, 0x64, 0x73,
  0x5f, 0x74, 0x72, 0x61, 0x6e, 0x73, 0x66, 0x6f, 0x72, 0x6d, 0x65, 0x72,
  0x5f, 0x31, 0x2f, 0x65, 0x6e, 0x63, 0x6f, 0x64, 0x65, 0x72, 0x5f, 0x62,
  0x6c, 0x6f, 0x63, 0x6b, 0x5f, 0x31, 0x5f, 0x31, 0x2f, 0x73, 0x65, 0x71,
  0x75, 0x65, 0x6e, 0x74, 0x69, 0x61, 0x6c, 0x5f, 0x33, 0x5f, 0x31, 0x2f,
  0x64, 0x65, 0x6e, 0x73, 0x65, 0x5f, 0x32, 0x33, 0x5f, 0x31, 0x2f, 0x42,
  0x69, 0x61, 0x73, 0x41, 0x64, 0x64, 0x00, 0x00, 0x03, 0x00, 0x00, 0x00,
  0x01, 0x00, 0x00, 0x00, 0x14, 0x00, 0x00, 0x00, 0x80, 0x00, 0x00, 0x00,
  0xbc, 0x07, 0xfe, 0xff, 0x18, 0x00, 0x00, 0x00, 0x04, 0x00, 0x00, 0x00,
  0x01, 0x00, 0x00, 0x00, 0x80, 0xff, 0xff, 0xff, 0xff, 0xff, 0xff, 0xff,
  0x00, 0x00, 0x00, 0x00, 0x01, 0x00, 0x00, 0x00, 0x6b, 0x63, 0x7a, 0x3c,
  0x7a, 0x96, 0xff, 0xff, 0x00, 0x00, 0x00, 0x0b, 0x02, 0x00, 0x00, 0x00,
  0x18, 0x00, 0x00, 0x00, 0x0c, 0x00, 0x00, 0x00, 0x04, 0x00, 0x00, 0x00,
  0x04, 0x04, 0xfe, 0xff, 0x01, 0x00, 0x00, 0x00, 0xb1, 0x00, 0x00, 0x00,
  0x02, 0x00, 0x00, 0x00, 0xb0, 0x00, 0x00, 0x00, 0xaf, 0x00, 0x00, 0x00,
  0xf6, 0x04, 0xfe, 0xff, 0x00, 0x00, 0x09, 0x01, 0x5c, 0x00, 0x00, 0x00,
  0xb2, 0x00, 0x00, 0x00, 0x08, 0x00, 0x00, 0x00, 0x60, 0x00, 0x00, 0x00,
  0x47, 0x00, 0x00, 0x00, 0x74, 0x69, 0x6e, 0x79, 0x5f, 0x6e, 0x69, 0x64,
  0x73, 0x5f, 0x74, 0x72, 0x61, 0x6e, 0x73, 0x66, 0x6f, 0x72, 0x6d, 0x65,
  0x72, 0x5f, 0x31, 0x2f, 0x65, 0x6e, 0x63, 0x6f, 0x64, 0x65, 0x72, 0x5f,
  0x62, 0x6c, 0x6f, 0x63, 0x6b, 0x5f, 0x31, 0x5f, 0x31, 0x2f, 0x6c, 0x61,
  0x79, 0x65, 0x72, 0x5f, 0x6e, 0x6f, 0x72, 0x6d, 0x61, 0x6c, 0x69, 0x7a,
  0x61, 0x74, 0x69, 0x6f, 0x6e, 0x5f, 0x37, 0x5f, 0x31, 0x2f, 0x61, 0x64,
  0x64, 0x5f, 0x32, 0x00, 0x03, 0x00, 0x00, 0x00, 0x01, 0x00, 0x00, 0x00,
  0x14, 0x00, 0x00, 0x00, 0x40, 0x00, 0x00, 0x00, 0x84, 0x08, 0xfe, 0xff,
  0x18, 0x00, 0x00, 0x00, 0x04, 0x00, 0x00, 0x00, 0x01, 0x00, 0x00, 0x00,
  0x06, 0x00, 0x00, 0x00, 0x00, 0x00, 0x00, 0x00, 0x00, 0x00, 0x00, 0x00,
  0x01, 0x00, 0x00, 0x00, 0xbd, 0x68, 0x89, 0x3c, 0x42, 0x97, 0xff, 0xff,
  0x00, 0x00, 0x00, 0x15, 0x08, 0x00, 0x00, 0x00, 0x18, 0x00, 0x00, 0x00,
  0x0c, 0x00, 0x00, 0x00, 0x04, 0x00, 0x00, 0x00, 0xcc, 0x04, 0xfe, 0xff,
  0x01, 0x00, 0x00, 0x00, 0xb0, 0x00, 0x00, 0x00, 0x02, 0x00, 0x00, 0x00,
  0xa4, 0x00, 0x00, 0x00, 0xad, 0x00, 0x00, 0x00, 0xbe, 0x05, 0xfe, 0xff,
  0x00, 0x00, 0x09, 0x01, 0x5c, 0x00, 0x00, 0x00, 0xb1, 0x00, 0x00, 0x00,
  0x08, 0x00, 0x00, 0x00, 0x60, 0x00, 0x00, 0x00, 0x47, 0x00, 0x00, 0x00,
  0x74, 0x69, 0x6e, 0x79, 0x5f, 0x6e, 0x69, 0x64, 0x73, 0x5f, 0x74, 0x72,
  0x61, 0x6e, 0x73, 0x66, 0x6f, 0x72, 0x6d, 0x65, 0x72, 0x5f, 0x31, 0x2f,
  0x65, 0x6e, 0x63, 0x6f, 0x64, 0x65, 0x72, 0x5f, 0x62, 0x6c, 0x6f, 0x63,
  0x6b, 0x5f, 0x31, 0x5f, 0x31, 0x2f, 0x6c, 0x61, 0x79, 0x65, 0x72, 0x5f,
  0x6e, 0x6f, 0x72, 0x6d, 0x61, 0x6c, 0x69, 0x7a, 0x61, 0x74, 0x69, 0x6f,
  0x6e, 0x5f, 0x37, 0x5f, 0x31, 0x2f, 0x6d, 0x75, 0x6c, 0x5f, 0x32, 0x00,
  0x03, 0x00, 0x00, 0x00, 0x01, 0x00, 0x00, 0x00, 0x14, 0x00, 0x00, 0x00,
  0x40, 0x00, 0x00, 0x00, 0x4c, 0x09, 0xfe, 0xff, 0x18, 0x00, 0x00, 0x00,
  0x04, 0x00, 0x00, 0x00, 0x01, 0x00, 0x00, 0x00, 0x02, 0x00, 0x00, 0x00,
  0x00, 0x00, 0x00, 0x00, 0x00, 0x00, 0x00, 0x00, 0x01, 0x00, 0x00, 0x00,
  0xeb, 0x7e, 0x8e, 0x3c, 0x0a, 0x98, 0xff, 0xff, 0x00, 0x00, 0x00, 0x0b,
  0x02, 0x00, 0x00, 0x00, 0x18, 0x00, 0x00, 0x00, 0x0c, 0x00, 0x00, 0x00,
  0x04, 0x00, 0x00, 0x00, 0x94, 0x05, 0xfe, 0xff, 0x01, 0x00, 0x00, 0x00,
  0xaf, 0x00, 0x00, 0x00, 0x02, 0x00, 0x00, 0x00, 0xae, 0x00, 0x00, 0x00,
  0x13, 0x00, 0x00, 0x00, 0x86, 0x06, 0xfe, 0xff, 0x00, 0x00, 0x09, 0x01,
  0x5c, 0x00, 0x00, 0x00, 0xb0, 0x00, 0x00, 0x00, 0x08, 0x00, 0x00, 0x00,
  0x60, 0x00, 0x00, 0x00, 0x47, 0x00, 0x00, 0x00, 0x74, 0x69, 0x6e, 0x79,
  0x5f, 0x6e, 0x69, 0x64, 0x73, 0x5f, 0x74, 0x72, 0x61, 0x6e, 0x73, 0x66,
  0x6f, 0x72, 0x6d, 0x65, 0x72, 0x5f, 0x31, 0x2f, 0x65, 0x6e, 0x63, 0x6f,
  0x64, 0x65, 0x72, 0x5f, 0x62, 0x6c, 0x6f, 0x63, 0x6b, 0x5f, 0x31, 0x5f,
  0x31, 0x2f, 0x6c, 0x61, 0x79, 0x65, 0x72, 0x5f, 0x6e, 0x6f, 0x72, 0x6d,
  0x61, 0x6c, 0x69, 0x7a, 0x61, 0x74, 0x69, 0x6f, 0x6e, 0x5f, 0x37, 0x5f,
  0x31, 0x2f, 0x61, 0x64, 0x64, 0x5f, 0x31, 0x00, 0x03, 0x00, 0x00, 0x00,
  0x01, 0x00, 0x00, 0x00, 0x14, 0x00, 0x00, 0x00, 0x40, 0x00, 0x00, 0x00,
  0x14, 0x0a, 0xfe, 0xff, 0x18, 0x00, 0x00, 0x00, 0x04, 0x00, 0x00, 0x00,
  0x01, 0x00, 0x00, 0x00, 0x7f, 0x00, 0x00, 0x00, 0x00, 0x00, 0x00, 0x00,
  0x00, 0x00, 0x00, 0x00, 0x01, 0x00, 0x00, 0x00, 0x11, 0xc4, 0x59, 0x3a,
  0xd2, 0x98, 0xff, 0xff, 0x00, 0x00, 0x00, 0x15, 0x08, 0x00, 0x00, 0x00,
  0x18, 0x00, 0x00, 0x00, 0x0c, 0x00, 0x00, 0x00, 0x04, 0x00, 0x00, 0x00,
  0x5c, 0x06, 0xfe, 0xff, 0x01, 0x00, 0x00, 0x00, 0xae, 0x00, 0x00, 0x00,
  0x02, 0x00, 0x00, 0x00, 0xa8, 0x00, 0x00, 0x00, 0xad, 0x00, 0x00, 0x00,
  0x4e, 0x07, 0xfe, 0xff, 0x00, 0x00, 0x09, 0x01, 0x5c, 0x00, 0x00, 0x00,
  0xaf, 0x00, 0x00, 0x00, 0x08, 0x00, 0x00, 0x00, 0x60, 0x00, 0x00, 0x00,
  0x47, 0x00, 0x00, 0x00, 0x74, 0x69, 0x6e, 0x79, 0x5f, 0x6e, 0x69, 0x64,
  0x73, 0x5f, 0x74, 0x72, 0x61, 0x6e, 0x73, 0x66, 0x6f, 0x72, 0x6d, 0x65,
  0x72, 0x5f, 0x31, 0x2f, 0x65, 0x6e, 0x63, 0x6f, 0x64, 0x65, 0x72, 0x5f,
  0x62, 0x6c, 0x6f, 0x63, 0x6b, 0x5f, 0x31, 0x5f, 0x31, 0x2f, 0x6c, 0x61,
  0x79, 0x65, 0x72, 0x5f, 0x6e, 0x6f, 0x72, 0x6d, 0x61, 0x6c, 0x69, 0x7a,
  0x61, 0x74, 0x69, 0x6f, 0x6e, 0x5f, 0x37, 0x5f, 0x31, 0x2f, 0x6d, 0x75,
  0x6c, 0x5f, 0x31, 0x00, 0x03, 0x00, 0x00, 0x00, 0x01, 0x00, 0x00, 0x00,
  0x14, 0x00, 0x00, 0x00, 0x40, 0x00, 0x00, 0x00, 0xdc, 0x0a, 0xfe, 0xff,
  0x18, 0x00, 0x00, 0x00, 0x04, 0x00, 0x00, 0x00, 0x01, 0x00, 0x00, 0x00,
  0x7f, 0x00, 0x00, 0x00, 0x00, 0x00, 0x00, 0x00, 0x00, 0x00, 0x00, 0x00,
  0x01, 0x00, 0x00, 0x00, 0x11, 0xc4, 0x59, 0x3a, 0x9a, 0x99, 0xff, 0xff,
  0x00, 0x00, 0x00, 0x15, 0x08, 0x00, 0x00, 0x00, 0x18, 0x00, 0x00, 0x00,
  0x0c, 0x00, 0x00, 0x00, 0x04, 0x00, 0x00, 0x00, 0x24, 0x07, 0xfe, 0xff,
  0x01, 0x00, 0x00, 0x00, 0xad, 0x00, 0x00, 0x00, 0x02, 0x00, 0x00, 0x00,
  0xac, 0x00, 0x00, 0x00, 0x14, 0x00, 0x00, 0x00, 0x16, 0x08, 0xfe, 0xff,
  0x00, 0x00, 0x09, 0x01, 0x5c, 0x00, 0x00, 0x00, 0xae, 0x00, 0x00, 0x00,
  0x08, 0x00, 0x00, 0x00, 0x60, 0x00, 0x00, 0x00, 0x45, 0x00, 0x00, 0x00,
  0x74, 0x69, 0x6e, 0x79, 0x5f, 0x6e, 0x69, 0x64, 0x73, 0x5f, 0x74, 0x72,
  0x61, 0x6e, 0x73, 0x66, 0x6f, 0x72, 0x6d, 0x65, 0x72, 0x5f, 0x31, 0x2f,
  0x65, 0x6e, 0x63, 0x6f, 0x64, 0x65, 0x72, 0x5f, 0x62, 0x6c, 0x6f, 0x63,
  0x6b, 0x5f, 0x31, 0x5f, 0x31, 0x2f, 0x6c, 0x61, 0x79, 0x65, 0x72, 0x5f,
  0x6e, 0x6f, 0x72, 0x6d, 0x61, 0x6c, 0x69, 0x7a, 0x61, 0x74, 0x69, 0x6f,
  0x6e, 0x5f, 0x37, 0x5f, 0x31, 0x2f, 0x6d, 0x75, 0x6c, 0x00, 0x00, 0x00,
  0x03, 0x00, 0x00, 0x00, 0x01, 0x00, 0x00, 0x00, 0x14, 0x00, 0x00, 0x00,
  0x40, 0x00, 0x00, 0x00, 0xa4, 0x0b, 0xfe, 0xff, 0x18, 0x00, 0x00, 0x00,
  0x04, 0x00, 0x00, 0x00, 0x01, 0x00, 0x00, 0x00, 0x80, 0xff, 0xff, 0xff,
  0xff, 0xff, 0xff, 0xff, 0x00, 0x00, 0x00, 0x00, 0x01, 0x00, 0x00, 0x00,
  0x77, 0x95, 0x8d, 0x3a, 0xc6, 0x9b, 0xff, 0xff, 0x07, 0x00, 0x00, 0x00,
  0x10, 0x00, 0x00, 0x00, 0x04, 0x00, 0x00, 0x00, 0x01, 0x00, 0x00, 0x00,
  0xac, 0x00, 0x00, 0x00, 0x01, 0x00, 0x00, 0x00, 0xab, 0x00, 0x00, 0x00,
  0xce, 0x08, 0xfe, 0xff, 0x00, 0x00, 0x09, 0x01, 0x5c, 0x00, 0x00, 0x00,
  0xad, 0x00, 0x00, 0x00, 0x08, 0x00, 0x00, 0x00, 0x60, 0x00, 0x00, 0x00,
  0x47, 0x00, 0x00, 0x00, 0x74, 0x69, 0x6e, 0x79, 0x5f, 0x6e, 0x69, 0x64,
  0x73, 0x5f, 0x74, 0x72, 0x61, 0x6e, 0x73, 0x66, 0x6f, 0x72, 0x6d, 0x65,
  0x72, 0x5f, 0x31, 0x2f, 0x65, 0x6e, 0x63, 0x6f, 0x64, 0x65, 0x72, 0x5f,
  0x62, 0x6c, 0x6f, 0x63, 0x6b, 0x5f, 0x31, 0x5f, 0x31, 0x2f, 0x6c, 0x61,
  0x79, 0x65, 0x72, 0x5f, 0x6e, 0x6f, 0x72, 0x6d, 0x61, 0x6c, 0x69, 0x7a,
  0x61, 0x74, 0x69, 0x6f, 0x6e, 0x5f, 0x37, 0x5f, 0x31, 0x2f, 0x52, 0x73,
  0x71, 0x72, 0x74, 0x00, 0x03, 0x00, 0x00, 0x00, 0x01, 0x00, 0x00, 0x00,
  0x14, 0x00, 0x00, 0x00, 0x01, 0x00, 0x00, 0x00, 0x5c, 0x0c, 0xfe, 0xff,
  0x18, 0x00, 0x00, 0x00, 0x04, 0x00, 0x00, 0x00, 0x01, 0x00, 0x00, 0x00,
  0x80, 0xff, 0xff, 0xff, 0xff, 0xff, 0xff, 0xff, 0x00, 0x00, 0x00, 0x00,
  0x01, 0x00, 0x00, 0x00, 0x7b, 0x8c, 0x86, 0x3a, 0x1a, 0x9b, 0xff, 0xff,
  0x00, 0x00, 0x00, 0x0b, 0x02, 0x00, 0x00, 0x00, 0x18, 0x00, 0x00, 0x00,
  0x0c, 0x00, 0x00, 0x00, 0x04, 0x00, 0x00, 0x00, 0xa4, 0x08, 0xfe, 0xff,
  0x01, 0x00, 0x00, 0x00, 0xab, 0x00, 0x00, 0x00, 0x02, 0x00, 0x00, 0x00,
  0xaa, 0x00, 0x00, 0x00, 0x31, 0x00, 0x00, 0x00, 0x96, 0x09, 0xfe, 0xff,
  0x00, 0x00, 0x09, 0x01, 0x5c, 0x00, 0x00, 0x00, 0xac, 0x00, 0x00, 0x00,
  0x08, 0x00, 0x00, 0x00, 0x60, 0x00, 0x00, 0x00, 0x45, 0x00, 0x00, 0x00,
  0x74, 0x69, 0x6e, 0x79, 0x5f, 0x6e, 0x69, 0x64, 0x73, 0x5f, 0x74, 0x72,
  0x61, 0x6e, 0x73, 0x66, 0x6f, 0x72, 0x6d, 0x65, 0x72, 0x5f, 0x31, 0x2f,
  0x65, 0x6e, 0x63, 0x6f, 0x64, 0x65, 0x72, 0x5f, 0x62, 0x6c, 0x6f, 0x63,
  0x6b, 0x5f, 0x31, 0x5f, 0x31, 0x2f, 0x6c, 0x61, 0x79, 0x65, 0x72, 0x5f,
  0x6e, 0x6f, 0x72, 0x6d, 0x61, 0x6c, 0x69, 0x7a, 0x61, 0x74, 0x69, 0x6f,
  0x6e, 0x5f, 0x37, 0x5f, 0x31, 0x2f, 0x61, 0x64, 0x64, 0x00, 0x00, 0x00,
  0x03, 0x00, 0x00, 0x00, 0x01, 0x00, 0x00, 0x00, 0x14, 0x00, 0x00, 0x00,
  0x01, 0x00, 0x00, 0x00, 0x24, 0x0d, 0xfe, 0xff, 0x18, 0x00, 0x00, 0x00,
  0x04, 0x00, 0x00, 0x00, 0x01, 0x00, 0x00, 0x00, 0x80, 0xff, 0xff, 0xff,
  0xff, 0xff, 0xff, 0xff, 0x00, 0x00, 0x00, 0x00, 0x01, 0x00, 0x00, 0x00,
  0xe1, 0x2e, 0x37, 0x3e, 0xe2, 0x9b, 0xff, 0xff, 0x00, 0x00, 0x00, 0x1b,
  0x03, 0x00, 0x00, 0x00, 0x1c, 0x00, 0x00, 0x00, 0x10, 0x00, 0x00, 0x00,
  0x04, 0x00, 0x00, 0x00, 0xca, 0x9c, 0xff, 0xff, 0x00, 0x00, 0x00, 0x01,
  0x01, 0x00, 0x00, 0x00, 0xaa, 0x00, 0x00, 0x00, 0x02, 0x00, 0x00, 0x00,
  0xa9, 0x00, 0x00, 0x00, 0x01, 0x00, 0x00, 0x00, 0x62, 0x0a, 0xfe, 0xff,
  0x00, 0x00, 0x09, 0x01, 0x68, 0x00, 0x00, 0x00, 0xab, 0x00, 0x00, 0x00,
  0x08, 0x00, 0x00, 0x00, 0x6c, 0x00, 0x00, 0x00, 0x52, 0x00, 0x00, 0x00,
  0x74, 0x69, 0x6e, 0x79, 0x5f, 0x6e, 0x69, 0x64, 0x73, 0x5f, 0x74, 0x72,
  0x61, 0x6e, 0x73, 0x66, 0x6f, 0x72, 0x6d, 0x65, 0x72, 0x5f, 0x31, 0x2f,
  0x65, 0x6e, 0x63, 0x6f, 0x64, 0x65, 0x72, 0x5f, 0x62, 0x6c, 0x6f, 0x63,
  0x6b, 0x5f, 0x31, 0x5f, 0x31, 0x2f, 0x6c, 0x61, 0x79, 0x65, 0x72, 0x5f,
  0x6e, 0x6f, 0x72, 0x6d, 0x61, 0x6c, 0x69, 0x7a, 0x61, 0x74, 0x69, 0x6f,
  0x6e, 0x5f, 0x37, 0x5f, 0x31, 0x2f, 0x6d, 0x6f, 0x6d, 0x65, 0x6e, 0x74,
  0x73, 0x2f, 0x76, 0x61, 0x72, 0x69, 0x61, 0x6e, 0x63, 0x65, 0x00, 0x00,
  0x03, 0x00, 0x00, 0x00, 0x01, 0x00, 0x00, 0x00, 0x14, 0x00, 0x00, 0x00,
  0x01, 0x00, 0x00, 0x00, 0xfc, 0x0d, 0xfe, 0xff, 0x18, 0x00, 0x00, 0x00,
  0x04, 0x00, 0x00, 0x00, 0x01, 0x00, 0x00, 0x00, 0x80, 0xff, 0xff, 0xff,
  0xff, 0xff, 0xff, 0xff, 0x00, 0x00, 0x00, 0x00, 0x01, 0x00, 0x00, 0x00,
  0xe1, 0x2e, 0x37, 0x3e, 0x1e, 0x9e, 0xff, 0xff, 0x06, 0x00, 0x00, 0x00,
  0x10, 0x00, 0x00, 0x00, 0x04, 0x00, 0x00, 0x00, 0x01, 0x00, 0x00, 0x00,
  0xa9, 0x00, 0x00, 0x00, 0x02, 0x00, 0x00, 0x00, 0xa4, 0x00, 0x00, 0x00,
  0xa5, 0x00, 0x00, 0x00, 0x2a, 0x0b, 0xfe, 0xff, 0x00, 0x00, 0x09, 0x01,
  0x70, 0x00, 0x00, 0x00, 0xaa, 0x00, 0x00, 0x00, 0x08, 0x00, 0x00, 0x00,
  0x74, 0x00, 0x00, 0x00, 0x5b, 0x00, 0x00, 0x00, 0x74, 0x69, 0x6e, 0x79,
  0x5f, 0x6e, 0x69, 0x64, 0x73, 0x5f, 0x74, 0x72, 0x61, 0x6e, 0x73, 0x66,
  0x6f, 0x72, 0x6d, 0x65, 0x72, 0x5f, 0x31, 0x2f, 0x65, 0x6e, 0x63, 0x6f,
  0x64, 0x65, 0x72, 0x5f, 0x62, 0x6c, 0x6f, 0x63, 0x6b, 0x5f, 0x31, 0x5f,
  0x31, 0x2f, 0x6c, 0x61, 0x79, 0x65, 0x72, 0x5f, 0x6e, 0x6f, 0x72, 0x6d,
  0x61, 0x6c, 0x69, 0x7a, 0x61, 0x74, 0x69, 0x6f, 0x6e, 0x5f, 0x37, 0x5f,
  0x31, 0x2f, 0x6d, 0x6f, 0x6d, 0x65, 0x6e, 0x74, 0x73, 0x2f, 0x53, 0x71,
  0x75, 0x61, 0x72, 0x65, 0x64, 0x44, 0x69, 0x66, 0x66, 0x65, 0x72, 0x65,
  0x6e, 0x63, 0x65, 0x00, 0x03, 0x00, 0x00, 0x00, 0x01, 0x00, 0x00, 0x00,
  0x14, 0x00, 0x00, 0x00, 0x40, 0x00, 0x00, 0x00, 0xcc, 0x0e, 0xfe, 0xff,
  0x14, 0x00, 0x00, 0x00, 0x04, 0x00, 0x00, 0x00, 0x01, 0x00, 0x00, 0x00,
  0x80, 0xff, 0xff, 0xff, 0xff, 0xff, 0xff, 0xff, 0x01, 0x00, 0x00, 0x00,
  0x28, 0xb3, 0x35, 0x3f, 0x7e, 0x9b, 0xff, 0xff, 0x10, 0x00, 0x00, 0x00,
  0x04, 0x00, 0x00, 0x00, 0x01, 0x00, 0x00, 0x00, 0xa8, 0x00, 0x00, 0x00,
  0x01, 0x00, 0x00, 0x00, 0xa7, 0x00, 0x00, 0x00, 0xee, 0x0b, 0xfe, 0xff,
  0x00, 0x00, 0x09, 0x01, 0x24, 0x00, 0x00, 0x00, 0xa9, 0x00, 0x00, 0x00,
  0x08, 0x00, 0x00, 0x00, 0x28, 0x00, 0x00, 0x00, 0x0e, 0x00, 0x00, 0x00,
  0x74, 0x66, 0x6c, 0x2e, 0x71, 0x75, 0x61, 0x6e, 0x74, 0x69, 0x7a, 0x65,
  0x31, 0x30, 0x00, 0x00, 0x03, 0x00, 0x00, 0x00, 0x01, 0x00, 0x00, 0x00,
  0x14, 0x00, 0x00, 0x00, 0x01, 0x00, 0x00, 0x00, 0x44, 0x0f, 0xfe, 0xff,
  0x18, 0x00, 0x00, 0x00, 0x04, 0x00, 0x00, 0x00, 0x01, 0x00, 0x00, 0x00,
  0x7f, 0x00, 0x00, 0x00, 0x00, 0x00, 0x00, 0x00, 0x00, 0x00, 0x00, 0x00,
  0x01, 0x00, 0x00, 0x00, 0x96, 0xf3, 0x6b, 0x3b, 0x02, 0x9e, 0xff, 0xff,
  0x00, 0x00, 0x00, 0x2a, 0x05, 0x00, 0x00, 0x00, 0x18, 0x00, 0x00, 0x00,
  0x0c, 0x00, 0x00, 0x00, 0x04, 0x00, 0x00, 0x00, 0x8c, 0x0b, 0xfe, 0xff,
  0x01, 0x00, 0x00, 0x00, 0xa7, 0x00, 0x00, 0x00, 0x01, 0x00, 0x00, 0x00,
  0xa6, 0x00, 0x00, 0x00, 0x0a, 0x0c, 0xfe, 0xff, 0x00, 0x00, 0x00, 0x01,
  0x5c, 0x00, 0x00, 0x00, 0xa8, 0x00, 0x00, 0x00, 0x08, 0x00, 0x00, 0x00,
  0x60, 0x00, 0x00, 0x00, 0x45, 0x00, 0x00, 0x00, 0x74, 0x69, 0x6e, 0x79,
  0x5f, 0x6e, 0x69, 0x64, 0x73, 0x5f, 0x74, 0x72, 0x61, 0x6e, 0x73, 0x66,
  0x6f, 0x72, 0x6d, 0x65, 0x72, 0x5f, 0x31, 0x2f, 0x65, 0x6e, 0x63, 0x6f,
  0x64, 0x65, 0x72, 0x5f, 0x62, 0x6c, 0x6f, 0x63, 0x6b, 0x5f, 0x31, 0x5f,
  0x31, 0x2f, 0x6c, 0x61, 0x79, 0x65, 0x72, 0x5f, 0x6e, 0x6f, 0x72, 0x6d,
  0x61, 0x6c, 0x69, 0x7a, 0x61, 0x74, 0x69, 0x6f, 0x6e, 0x5f, 0x37, 0x5f,
  0x31, 0x2f, 0x4e, 0x65, 0x67, 0x00, 0x00, 0x00, 0x03, 0x00, 0x00, 0x00,
  0x01, 0x00, 0x00, 0x00, 0x14, 0x00, 0x00, 0x00, 0x01, 0x00, 0x00, 0x00,
  0x14, 0x0c, 0xfe, 0xff, 0x0a, 0xa0, 0xff, 0xff, 0x04, 0x00, 0x00, 0x00,
  0x10, 0x00, 0x00, 0x00, 0x04, 0x00, 0x00, 0x00, 0x01, 0x00, 0x00, 0x00,
  0xa6, 0x00, 0x00, 0x00, 0x01, 0x00, 0x00, 0x00, 0xa5, 0x00, 0x00, 0x00,
  0xa2, 0x0c, 0xfe, 0xff, 0x00, 0x00, 0x00, 0x01, 0x24, 0x00, 0x00, 0x00,
  0xa7, 0x00, 0x00, 0x00, 0x08, 0x00, 0x00, 0x00, 0x28, 0x00, 0x00, 0x00,
  0x0f, 0x00, 0x00, 0x00, 0x74, 0x66, 0x6c, 0x2e, 0x64, 0x65, 0x71, 0x75,
  0x61, 0x6e, 0x74, 0x69, 0x7a, 0x65, 0x33, 0x00, 0x03, 0x00, 0x00, 0x00,
  0x01, 0x00, 0x00, 0x00, 0x14, 0x00, 0x00, 0x00, 0x01, 0x00, 0x00, 0x00,
  0x74, 0x0c, 0xfe, 0xff, 0x06, 0x9f, 0xff, 0xff, 0x00, 0x00, 0x00, 0x1b,
  0x03, 0x00, 0x00, 0x00, 0x1c, 0x00, 0x00, 0x00, 0x10, 0x00, 0x00, 0x00,
  0x04, 0x00, 0x00, 0x00, 0xee, 0x9f, 0xff, 0xff, 0x00, 0x00, 0x00, 0x01,
  0x01, 0x00, 0x00, 0x00, 0xa5, 0x00, 0x00, 0x00, 0x02, 0x00, 0x00, 0x00,
  0xa4, 0x00, 0x00, 0x00, 0x01, 0x00, 0x00, 0x00, 0x86, 0x0d, 0xfe, 0xff,
  0x00, 0x00, 0x09, 0x01, 0x64, 0x00, 0x00, 0x00, 0xa6, 0x00, 0x00, 0x00,
  0x08, 0x00, 0x00, 0x00, 0x68, 0x00, 0x00, 0x00, 0x4e, 0x00, 0x00, 0x00,
  0x74, 0x69, 0x6e, 0x79, 0x5f, 0x6e, 0x69, 0x64, 0x73, 0x5f, 0x74, 0x72,
  0x61, 0x6e, 0x73, 0x66, 0x6f, 0x72, 0x6d, 0x65, 0x72, 0x5f, 0x31, 0x2f,
  0x65, 0x6e, 0x63, 0x6f, 0x64, 0x65, 0x72, 0x5f, 0x62, 0x6c, 0x6f, 0x63,
  0x6b, 0x5f, 0x31, 0x5f, 0x31, 0x2f, 0x6c, 0x61, 0x79, 0x65, 0x72, 0x5f,
  0x6e, 0x6f, 0x72, 0x6d, 0x61, 0x6c, 0x69, 0x7a, 0x61, 0x74, 0x69, 0x6f,
  0x6e, 0x5f, 0x37, 0x5f, 0x31, 0x2f, 0x6d, 0x6f, 0x6d, 0x65, 0x6e, 0x74,
  0x73, 0x2f, 0x6d, 0x65, 0x61, 0x6e, 0x00, 0x00, 0x03, 0x00, 0x00, 0x00,
  0x01, 0x00, 0x00, 0x00, 0x14, 0x00, 0x00, 0x00, 0x01, 0x00, 0x00, 0x00,
  0x1c, 0x11, 0xfe, 0xff, 0x18, 0x00, 0x00, 0x00, 0x04, 0x00, 0x00, 0x00,
  0x01, 0x00, 0x00, 0x00, 0x80, 0xff, 0xff, 0xff, 0xff, 0xff, 0xff, 0xff,
  0x00, 0x00, 0x00, 0x00, 0x01, 0x00, 0x00, 0x00, 0x96, 0xf3, 0x6b, 0x3b,
  0xda, 0x9f, 0xff, 0xff, 0x00, 0x00, 0x00, 0x0b, 0x02, 0x00, 0x00, 0x00,
  0x18, 0x00, 0x00, 0x00, 0x0c, 0x00, 0x00, 0x00, 0x04, 0x00, 0x00, 0x00,
  0x64, 0x0d, 0xfe, 0xff, 0x01, 0x00, 0x00, 0x00, 0xa4, 0x00, 0x00, 0x00,
  0x02, 0x00, 0x00, 0x00, 0x75, 0x00, 0x00, 0x00, 0xa3, 0x00, 0x00, 0x00,
  0x56, 0x0e, 0xfe, 0xff, 0x00, 0x00, 0x09, 0x01, 0x6c, 0x01, 0x00, 0x00,
  0xa5, 0x00, 0x00, 0x00, 0x08, 0x00, 0x00, 0x00, 0x70, 0x01, 0x00, 0x00,
  0x55, 0x01, 0x00, 0x00, 0x74, 0x69, 0x6e, 0x79, 0x5f, 0x6e, 0x69, 0x64,
  0x73, 0x5f, 0x74, 0x72, 0x61, 0x6e, 0x73, 0x66, 0x6f, 0x72, 0x6d, 0x65,
  0x72, 0x5f, 0x31, 0x2f, 0x65, 0x6e, 0x63, 0x6f, 0x64, 0x65, 0x72, 0x5f,
  0x62, 0x6c, 0x6f, 0x63, 0x6b, 0x5f, 0x31, 0x5f, 0x31, 0x2f, 0x61, 0x64,
  0x64, 0x3b, 0x74, 0x69, 0x6e, 0x79, 0x5f, 0x6e, 0x69, 0x64, 0x73, 0x5f,
  0x74, 0x72, 0x61, 0x6e, 0x73, 0x66, 0x6f, 0x72, 0x6d, 0x65, 0x72, 0x5f,
  0x31, 0x2f, 0x65, 0x6e, 0x63, 0x6f, 0x64, 0x65, 0x72, 0x5f, 0x62, 0x6c,
  0x6f, 0x63, 0x6b, 0x5f, 0x31, 0x5f, 0x31, 0x2f, 0x6d, 0x75, 0x6c, 0x74,
  0x69, 0x5f, 0x68, 0x65, 0x61, 0x64, 0x5f, 0x6c, 0x69, 0x6e, 0x65, 0x61,
  0x72, 0x5f, 0x61, 0x74, 0x74, 0x65, 0x6e, 0x74, 0x69, 0x6f, 0x6e, 0x5f,
  0x33, 0x5f, 0x31, 0x2f, 0x64, 0x65, 0x6e, 0x73, 0x65, 0x5f, 0x32, 0x32,
  0x5f, 0x31, 0x2f, 0x42, 0x69, 0x61, 0x73, 0x41, 0x64, 0x64, 0x3b, 0x74,
  0x69, 0x6e, 0x79, 0x5f, 0x6e, 0x69, 0x64, 0x73, 0x5f, 0x74, 0x72, 0x61,
  0x6e, 0x73, 0x66, 0x6f, 0x72, 0x6d, 0x65, 0x72, 0x5f, 0x31, 0x2f, 0x65,
  0x6e, 0x63, 0x6f, 0x64, 0x65, 0x72, 0x5f, 0x62, 0x6c, 0x6f, 0x63, 0x6b,
  0x5f, 0x31, 0x5f, 0x31, 0x2f, 0x6d, 0x75, 0x6c, 0x74, 0x69, 0x5f, 0x68,
  0x65, 0x61, 0x64, 0x5f, 0x6c, 0x69, 0x6e, 0x65, 0x61, 0x72, 0x5f, 0x61,
  0x74, 0x74, 0x65, 0x6e, 0x74, 0x69, 0x6f, 0x6e, 0x5f, 0x33, 0x5f, 0x31,
  0x2f, 0x64, 0x65, 0x6e, 0x73, 0x65, 0x5f, 0x32, 0x32, 0x5f, 0x31, 0x2f,
  0x54, 0x65, 0x6e, 0x73, 0x6f, 0x72, 0x64, 0x6f, 0x74, 0x3b, 0x74, 0x69,
  0x6e, 0x79, 0x5f, 0x6e, 0x69, 0x64, 0x73, 0x5f, 0x74, 0x72, 0x61, 0x6e,
  0x73, 0x66, 0x6f, 0x72, 0x6d, 0x65, 0x72, 0x5f, 0x31, 0x2f, 0x65, 0x6e,
  0x63, 0x6f, 0x64, 0x65, 0x72, 0x5f, 0x62, 0x6c, 0x6f, 0x63, 0x6b, 0x5f,
  0x31, 0x5f, 0x31, 0x2f, 0x6d, 0x75, 0x6c, 0x74, 0x69, 0x5f, 0x68, 0x65,
  0x61, 0x64, 0x5f, 0x6c, 0x69, 0x6e, 0x65, 0x61, 0x72, 0x5f, 0x61, 0x74,
  0x74, 0x65, 0x6e, 0x74, 0x69, 0x6f, 0x6e, 0x5f, 0x33, 0x5f, 0x31, 0x2f,
  0x64, 0x65, 0x6e, 0x73, 0x65, 0x5f, 0x32, 0x32, 0x5f, 0x31, 0x2f, 0x42,
  0x69, 0x61, 0x73, 0x41, 0x64, 0x64, 0x2f, 0x52, 0x65, 0x61, 0x64, 0x56,
  0x61, 0x72, 0x69, 0x61, 0x62, 0x6c, 0x65, 0x4f, 0x70, 0x00, 0x00, 0x00,
  0x03, 0x00, 0x00, 0x00, 0x01, 0x00, 0x00, 0x00, 0x14, 0x00, 0x00, 0x00,
  0x40, 0x00, 0x00, 0x00, 0xf4, 0x12, 0xfe, 0xff, 0x18, 0x00, 0x00, 0x00,
  0x04, 0x00, 0x00, 0x00, 0x01, 0x00, 0x00, 0x00, 0xf9, 0xff, 0xff, 0xff,
  0xff, 0xff, 0xff, 0xff, 0x00, 0x00, 0x00, 0x00, 0x01, 0x00, 0x00, 0x00,
  0x1d, 0xa4, 0xd3, 0x3d, 0xb2, 0xa1, 0xff, 0xff, 0x00, 0x00, 0x00, 0x08,
  0x01, 0x00, 0x00, 0x00, 0x18, 0x00, 0x00, 0x00, 0x0c, 0x00, 0x00, 0x00,
  0x04, 0x00, 0x00, 0x00, 0x3c, 0x0f, 0xfe, 0xff, 0x01, 0x00, 0x00, 0x00,
  0xa3, 0x00, 0x00, 0x00, 0x03, 0x00, 0x00, 0x00, 0xa2, 0x00, 0x00, 0x00,
  0x16, 0x00, 0x00, 0x00, 0x15, 0x00, 0x00, 0x00, 0x32, 0x10, 0xfe, 0xff,
  0x00, 0x00, 0x09, 0x01, 0xa4, 0x01, 0x00, 0x00, 0xa4, 0x00, 0x00, 0x00,
  0x08, 0x00, 0x00, 0x00, 0xa4, 0x01, 0x00, 0x00, 0x8d, 0x01, 0x00, 0x00,
  0x74, 0x69, 0x6e, 0x79, 0x5f, 0x6e, 0x69, 0x64, 0x73, 0x5f, 0x74, 0x72,
  0x61, 0x6e, 0x73, 0x66, 0x6f, 0x72, 0x6d, 0x65, 0x72, 0x5f, 0x31, 0x2f,
  0x65, 0x6e, 0x63, 0x6f, 0x64, 0x65, 0x72, 0x5f, 0x62, 0x6c, 0x6f, 0x63,
  0x6b, 0x5f, 0x31, 0x5f, 0x31, 0x2f, 0x6d, 0x75, 0x6c, 0x74, 0x69, 0x5f,
  0x68, 0x65, 0x61, 0x64, 0x5f, 0x6c, 0x69, 0x6e, 0x65, 0x61, 0x72, 0x5f,
  0x61, 0x74, 0x74, 0x65, 0x6e, 0x74, 0x69, 0x6f, 0x6e, 0x5f, 0x33, 0x5f,
  0x31, 0x2f, 0x64, 0x65, 0x6e, 0x73, 0x65, 0x5f, 0x32, 0x32, 0x5f, 0x31,
  0x2f, 0x54, 0x65, 0x6e, 0x73, 0x6f, 0x72, 0x64, 0x6f, 0x74, 0x2f, 0x4d,
  0x61, 0x74, 0x4d, 0x75, 0x6c, 0x3b, 0x74, 0x69, 0x6e, 0x79, 0x5f, 0x6e,
  0x69, 0x64, 0x73, 0x5f, 0x74, 0x72, 0x61, 0x6e, 0x73, 0x66, 0x6f, 0x72,
  0x6d, 0x65, 0x72, 0x5f, 0x31, 0x2f, 0x65, 0x6e, 0x63, 0x6f, 0x64, 0x65,
  0x72, 0x5f, 0x62, 0x6c, 0x6f, 0x63, 0x6b, 0x5f, 0x31, 0x5f, 0x31, 0x2f,
  0x6d, 0x75, 0x6c, 0x74, 0x69, 0x5f, 0x68, 0x65, 0x61, 0x64, 0x5f, 0x6c,
  0x69, 0x6e, 0x65, 0x61, 0x72, 0x5f, 0x61, 0x74, 0x74, 0x65, 0x6e, 0x74,
  0x69, 0x6f, 0x6e, 0x5f, 0x33, 0x5f, 0x31, 0x2f, 0x64, 0x65, 0x6e, 0x73,
  0x65, 0x5f, 0x32, 0x32, 0x5f, 0x31, 0x2f, 0x42, 0x69, 0x61, 0x73, 0x41,
  0x64, 0x64, 0x3b, 0x74, 0x69, 0x6e, 0x79, 0x5f, 0x6e, 0x69, 0x64, 0x73,
  0x5f, 0x74, 0x72, 0x61, 0x6e, 0x73, 0x66, 0x6f, 0x72, 0x6d, 0x65, 0x72,
  0x5f, 0x31, 0x2f, 0x65, 0x6e, 0x63, 0x6f, 0x64, 0x65, 0x72, 0x5f, 0x62,
  0x6c, 0x6f, 0x63, 0x6b, 0x5f, 0x31, 0x5f, 0x31, 0x2f, 0x6d, 0x75, 0x6c,
  0x74, 0x69, 0x5f, 0x68, 0x65, 0x61, 0x64, 0x5f, 0x6c, 0x69, 0x6e, 0x65,
  0x61, 0x72, 0x5f, 0x61, 0x74, 0x74, 0x65, 0x6e, 0x74, 0x69, 0x6f, 0x6e,
  0x5f, 0x33, 0x5f, 0x31, 0x2f, 0x64, 0x65, 0x6e, 0x73, 0x65, 0x5f, 0x32,
  0x32, 0x5f, 0x31, 0x2f, 0x54, 0x65, 0x6e, 0x73, 0x6f, 0x72, 0x64, 0x6f,
  0x74, 0x3b, 0x74, 0x69, 0x6e, 0x79, 0x5f, 0x6e, 0x69, 0x64, 0x73, 0x5f,
  0x74, 0x72, 0x61, 0x6e, 0x73, 0x66, 0x6f, 0x72, 0x6d, 0x65, 0x72, 0x5f,
  0x31, 0x2f, 0x65, 0x6e, 0x63, 0x6f, 0x64, 0x65, 0x72, 0x5f, 0x62, 0x6c,
  0x6f, 0x63, 0x6b, 0x5f, 0x31, 0x5f, 0x31, 0x2f, 0x6d, 0x75, 0x6c, 0x74,
  0x69, 0x5f, 0x68, 0x65, 0x61, 0x64, 0x5f, 0x6c, 0x69, 0x6e, 0x65, 0x61,
  0x72, 0x5f, 0x61, 0x74, 0x74, 0x65, 0x6e, 0x74, 0x69, 0x6f, 0x6e, 0x5f,
  0x33, 0x5f, 0x31, 0x2f, 0x64, 0x65, 0x6e, 0x73, 0x65, 0x5f, 0x32, 0x32,
  0x5f, 0x31, 0x2f, 0x42, 0x69, 0x61, 0x73, 0x41, 0x64, 0x64, 0x2f, 0x52,
  0x65, 0x61, 0x64, 0x56, 0x61, 0x72, 0x69, 0x61, 0x62, 0x6c, 0x65, 0x4f,
  0x70, 0x00, 0x00, 0x00, 0x02, 0x00, 0x00, 0x00, 0x14, 0x00, 0x00, 0x00,
  0x40, 0x00, 0x00, 0x00, 0x04, 0x15, 0xfe, 0xff, 0x14, 0x00, 0x00, 0x00,
  0x04, 0x00, 0x00, 0x00, 0x01, 0x00, 0x00, 0x00, 0xf9, 0xff, 0xff, 0xff,
  0xff, 0xff, 0xff, 0xff, 0x01, 0x00, 0x00, 0x00, 0x1d, 0xa4, 0xd3, 0x3d,
  0x22, 0xa5, 0xff, 0xff, 0x09, 0x00, 0x00, 0x00, 0x10, 0x00, 0x00, 0x00,
  0x04, 0x00, 0x00, 0x00, 0x01, 0x00, 0x00, 0x00, 0xa2, 0x00, 0x00, 0x00,
  0x02, 0x00, 0x00, 0x00, 0xa1, 0x00, 0x00, 0x00, 0x0a, 0x00, 0x00, 0x00,
  0x2e, 0x12, 0xfe, 0xff, 0x00, 0x00, 0x09, 0x01, 0xd0, 0x00, 0x00, 0x00,
  0xa3, 0x00, 0x00, 0x00, 0x08, 0x00, 0x00, 0x00, 0xd0, 0x00, 0x00, 0x00,
  0xba, 0x00, 0x00, 0x00, 0x74, 0x69, 0x6e, 0x79, 0x5f, 0x6e, 0x69, 0x64,
  0x73, 0x5f, 0x74, 0x72, 0x61, 0x6e, 0x73, 0x66, 0x6f, 0x72, 0x6d, 0x65,
  0x72, 0x5f, 0x31, 0x2f, 0x65, 0x6e, 0x63, 0x6f, 0x64, 0x65, 0x72, 0x5f,
  0x62, 0x6c, 0x6f, 0x63, 0x6b, 0x5f, 0x31, 0x5f, 0x31, 0x2f, 0x6d, 0x75,
  0x6c, 0x74, 0x69, 0x5f, 0x68, 0x65, 0x61, 0x64, 0x5f, 0x6c, 0x69, 0x6e,
  0x65, 0x61, 0x72, 0x5f, 0x61, 0x74, 0x74, 0x65, 0x6e, 0x74, 0x69, 0x6f,
  0x6e, 0x5f, 0x33, 0x5f, 0x31, 0x2f, 0x64, 0x65, 0x6e, 0x73, 0x65, 0x5f,
  0x32, 0x32, 0x5f, 0x31, 0x2f, 0x54, 0x65, 0x6e, 0x73, 0x6f, 0x72, 0x64,
  0x6f, 0x74, 0x2f, 0x52, 0x65, 0x73, 0x68, 0x61, 0x70, 0x65, 0x3b, 0x74,
  0x69, 0x6e, 0x79, 0x5f, 0x6e, 0x69, 0x64, 0x73, 0x5f, 0x74, 0x72, 0x61,
  0x6e, 0x73, 0x66, 0x6f, 0x72, 0x6d, 0x65, 0x72, 0x5f, 0x31, 0x2f, 0x65,
  0x6e, 0x63, 0x6f, 0x64, 0x65, 0x72, 0x5f, 0x62, 0x6c, 0x6f, 0x63, 0x6b,
  0x5f, 0x31, 0x5f, 0x31, 0x2f, 0x6d, 0x75, 0x6c, 0x74, 0x69, 0x5f, 0x68,
  0x65, 0x61, 0x64, 0x5f, 0x6c, 0x69, 0x6e, 0x65, 0x61, 0x72, 0x5f, 0x61,
  0x74, 0x74, 0x65, 0x6e, 0x74, 0x69, 0x6f, 0x6e, 0x5f, 0x33, 0x5f, 0x31,
  0x2f, 0x52, 0x65, 0x73, 0x68, 0x61, 0x70, 0x65, 0x5f, 0x33, 0x00, 0x00,
  0x02, 0x00, 0x00, 0x00, 0x14, 0x00, 0x00, 0x00, 0x40, 0x00, 0x00, 0x00,
  0x2c, 0x16, 0xfe, 0xff, 0x18, 0x00, 0x00, 0x00, 0x04, 0x00, 0x00, 0x00,
  0x01, 0x00, 0x00, 0x00, 0xf8, 0xff, 0xff, 0xff, 0xff, 0xff, 0xff, 0xff,
  0x00, 0x00, 0x00, 0x00, 0x01, 0x00, 0x00, 0x00, 0xde, 0xc7, 0xf6, 0x3c,
  0xe2, 0xa2, 0xff, 0xff, 0x10, 0x00, 0x00, 0x00, 0x04, 0x00, 0x00, 0x00,
  0x01, 0x00, 0x00, 0x00, 0xa1, 0x00, 0x00, 0x00, 0x01, 0x00, 0x00, 0x00,
  0xa0, 0x00, 0x00, 0x00, 0x52, 0x13, 0xfe, 0xff, 0x00, 0x00, 0x09, 0x01,
  0x24, 0x00, 0x00, 0x00, 0xa2, 0x00, 0x00, 0x00, 0x08, 0x00, 0x00, 0x00,
  0x2c, 0x00, 0x00, 0x00, 0x0d, 0x00, 0x00, 0x00, 0x74, 0x66, 0x6c, 0x2e,
  0x71, 0x75, 0x61, 0x6e, 0x74, 0x69, 0x7a, 0x65, 0x39, 0x00, 0x00, 0x00,
  0x04, 0x00, 0x00, 0x00, 0x01, 0x00, 0x00, 0x00, 0x14, 0x00, 0x00, 0x00,
  0x08, 0x00, 0x00, 0x00, 0x08, 0x00, 0x00, 0x00, 0xac, 0x16, 0xfe, 0xff,
  0x14, 0x00, 0x00, 0x00, 0x04, 0x00, 0x00, 0x00, 0x01, 0x00, 0x00, 0x00,
  0xf8, 0xff, 0xff, 0xff, 0xff, 0xff, 0xff, 0xff, 0x01, 0x00, 0x00, 0x00,
  0xde, 0xc7, 0xf6, 0x3c, 0x66, 0xa5, 0xff, 0xff, 0x00, 0x00, 0x00, 0x1d,
  0x0e, 0x00, 0x00, 0x00, 0x18, 0x00, 0x00, 0x00, 0x0c, 0x00, 0x00, 0x00,
  0x04, 0x00, 0x00, 0x00, 0xf0, 0x12, 0xfe, 0xff, 0x01, 0x00, 0x00, 0x00,
  0xa0, 0x00, 0x00, 0x00, 0x02, 0x00, 0x00, 0x00, 0x9f, 0x00, 0x00, 0x00,
  0x97, 0x00, 0x00, 0x00, 0x72, 0x13, 0xfe, 0xff, 0x00, 0x00, 0x00, 0x01,
  0x68, 0x00, 0x00, 0x00, 0xa1, 0x00, 0x00, 0x00, 0x08, 0x00, 0x00, 0x00,
  0x70, 0x00, 0x00, 0x00, 0x51, 0x00, 0x00, 0x00, 0x74, 0x69, 0x6e, 0x79,
  0x5f, 0x6e, 0x69, 0x64, 0x73, 0x5f, 0x74, 0x72, 0x61, 0x6e, 0x73, 0x66,
  0x6f, 0x72, 0x6d, 0x65, 0x72, 0x5f, 0x31, 0x2f, 0x65, 0x6e, 0x63, 0x6f,
  0x64, 0x65, 0x72, 0x5f, 0x62, 0x6c, 0x6f, 0x63, 0x6b, 0x5f, 0x31, 0x5f,
  0x31, 0x2f, 0x6d, 0x75, 0x6c, 0x74, 0x69, 0x5f, 0x68, 0x65, 0x61, 0x64,
  0x5f, 0x6c, 0x69, 0x6e, 0x65, 0x61, 0x72, 0x5f, 0x61, 0x74, 0x74, 0x65,
  0x6e, 0x74, 0x69, 0x6f, 0x6e, 0x5f, 0x33, 0x5f, 0x31, 0x2f, 0x74, 0x72,
  0x75, 0x65, 0x64, 0x69, 0x76, 0x00, 0x00, 0x00, 0x04, 0x00, 0x00, 0x00,
  0x01, 0x00, 0x00, 0x00, 0x14, 0x00, 0x00, 0x00, 0x08, 0x00, 0x00, 0x00,
  0x08, 0x00, 0x00, 0x00, 0x8c, 0x13, 0xfe, 0xff, 0x82, 0xa7, 0xff, 0xff,
  0x04, 0x00, 0x00, 0x00, 0x10, 0x00, 0x00, 0x00, 0x04, 0x00, 0x00, 0x00,
  0x01, 0x00, 0x00, 0x00, 0x9f, 0x00, 0x00, 0x00, 0x01, 0x00, 0x00, 0x00,
  0x9e, 0x00, 0x00, 0x00, 0x1a, 0x14, 0xfe, 0xff, 0x00, 0x00, 0x00, 0x01,
  0x70, 0x00, 0x00, 0x00, 0xa0, 0x00, 0x00, 0x00, 0x08, 0x00, 0x00, 0x00,
  0x78, 0x00, 0x00, 0x00, 0x5b, 0x00, 0x00, 0x00, 0x74, 0x69, 0x6e, 0x79,
  0x5f, 0x6e, 0x69, 0x64, 0x73, 0x5f, 0x74, 0x72, 0x61, 0x6e, 0x73, 0x66,
  0x6f, 0x72, 0x6d, 0x65, 0x72, 0x5f, 0x31, 0x2f, 0x65, 0x6e, 0x63, 0x6f,
  0x64, 0x65, 0x72, 0x5f, 0x62, 0x6c, 0x6f, 0x63, 0x6b, 0x5f, 0x31, 0x5f,
  0x31, 0x2f, 0x6d, 0x75, 0x6c, 0x74, 0x69, 0x5f, 0x68, 0x65, 0x61, 0x64,
  0x5f, 0x6c, 0x69, 0x6e, 0x65, 0x61, 0x72, 0x5f, 0x61, 0x74, 0x74, 0x65,
  0x6e, 0x74, 0x69, 0x6f, 0x6e, 0x5f, 0x33, 0x5f, 0x31, 0x2f, 0x65, 0x69,
  0x6e, 0x73, 0x75, 0x6d, 0x5f, 0x31, 0x2f, 0x45, 0x69, 0x6e, 0x73, 0x75,
  0x6d, 0x31, 0x31, 0x00, 0x04, 0x00, 0x00, 0x00, 0x01, 0x00, 0x00, 0x00,
  0x14, 0x00, 0x00, 0x00, 0x08, 0x00, 0x00, 0x00, 0x08, 0x00, 0x00, 0x00,
  0x3c, 0x14, 0xfe, 0xff, 0x32, 0xa8, 0xff, 0xff, 0x0c, 0x00, 0x00, 0x00,
  0x10, 0x00, 0x00, 0x00, 0x04, 0x00, 0x00, 0x00, 0x01, 0x00, 0x00, 0x00,
  0x9e, 0x00, 0x00, 0x00, 0x02, 0x00, 0x00, 0x00, 0x9d, 0x00, 0x00, 0x00,
  0x04, 0x00, 0x00, 0x00, 0x3e, 0x15, 0xfe, 0xff, 0x00, 0x00, 0x09, 0x01,
  0x70, 0x00, 0x00, 0x00, 0x9f, 0x00, 0x00, 0x00, 0x08, 0x00, 0x00, 0x00,
  0x78, 0x00, 0x00, 0x00, 0x5a, 0x00, 0x00, 0x00, 0x74, 0x69, 0x6e, 0x79,
  0x5f, 0x6e, 0x69, 0x64, 0x73, 0x5f, 0x74, 0x72, 0x61, 0x6e, 0x73, 0x66,
  0x6f, 0x72, 0x6d, 0x65, 0x72, 0x5f, 0x31, 0x2f, 0x65, 0x6e, 0x63, 0x6f,
  0x64, 0x65, 0x72, 0x5f, 0x62, 0x6c, 0x6f, 0x63, 0x6b, 0x5f, 0x31, 0x5f,
  0x31, 0x2f, 0x6d, 0x75, 0x6c, 0x74, 0x69, 0x5f, 0x68, 0x65, 0x61, 0x64,
  0x5f, 0x6c, 0x69, 0x6e, 0x65, 0x61, 0x72, 0x5f, 0x61, 0x74, 0x74, 0x65,
  0x6e, 0x74, 0x69, 0x6f, 0x6e, 0x5f, 0x33, 0x5f, 0x31, 0x2f, 0x65, 0x69,
  0x6e, 0x73, 0x75, 0x6d, 0x5f, 0x31, 0x2f, 0x45, 0x69, 0x6e, 0x73, 0x75,
  0x6d, 0x31, 0x00, 0x00, 0x04, 0x00, 0x00, 0x00, 0x01, 0x00, 0x00, 0x00,
  0x14, 0x00, 0x00, 0x00, 0x08, 0x00, 0x00, 0x00, 0x08, 0x00, 0x00, 0x00,
  0xe4, 0x18, 0xfe, 0xff, 0x18, 0x00, 0x00, 0x00, 0x04, 0x00, 0x00, 0x00,
  0x01, 0x00, 0x00, 0x00, 0x02, 0x00, 0x00, 0x00, 0x00, 0x00, 0x00, 0x00,
  0x00, 0x00, 0x00, 0x00, 0x01, 0x00, 0x00, 0x00, 0x71, 0x27, 0x2e, 0x41,
  0xa2, 0xa7, 0xff, 0xff, 0x00, 0x00, 0x00, 0x65, 0x0d, 0x00, 0x00, 0x00,
  0x18, 0x00, 0x00, 0x00, 0x0c, 0x00, 0x00, 0x00, 0x04, 0x00, 0x00, 0x00,
  0x2c, 0x15, 0xfe, 0xff, 0x01, 0x00, 0x00, 0x00, 0x9d, 0x00, 0x00, 0x00,
  0x02, 0x00, 0x00, 0x00, 0x90, 0x00, 0x00, 0x00, 0x9c, 0x00, 0x00, 0x00,
  0x1e, 0x16, 0xfe, 0xff, 0x00, 0x00, 0x09, 0x01, 0x70, 0x00, 0x00, 0x00,
  0x9e, 0x00, 0x00, 0x00, 0x08, 0x00, 0x00, 0x00, 0x78, 0x00, 0x00, 0x00,
  0x59, 0x00, 0x00, 0x00, 0x74, 0x69, 0x6e, 0x79, 0x5f, 0x6e, 0x69, 0x64,
  0x73, 0x5f, 0x74, 0x72, 0x61, 0x6e, 0x73, 0x66, 0x6f, 0x72, 0x6d, 0x65,
  0x72, 0x5f, 0x31, 0x2f, 0x65, 0x6e, 0x63, 0x6f, 0x64, 0x65, 0x72, 0x5f,
  0x62, 0x6c, 0x6f, 0x63, 0x6b, 0x5f, 0x31, 0x5f, 0x31, 0x2f, 0x6d, 0x75,
  0x6c, 0x74, 0x69, 0x5f, 0x68, 0x65, 0x61, 0x64, 0x5f, 0x6c, 0x69, 0x6e,
  0x65, 0x61, 0x72, 0x5f, 0x61, 0x74, 0x74, 0x65, 0x6e, 0x74, 0x69, 0x6f,
  0x6e, 0x5f, 0x33, 0x5f, 0x31, 0x2f, 0x65, 0x69, 0x6e, 0x73, 0x75, 0x6d,
  0x5f, 0x31, 0x2f, 0x45, 0x69, 0x6e, 0x73, 0x75, 0x6d, 0x00, 0x00, 0x00,
  0x04, 0x00, 0x00, 0x00, 0x01, 0x00, 0x00, 0x00, 0x08, 0x00, 0x00, 0x00,
  0x14, 0x00, 0x00, 0x00, 0x08, 0x00, 0x00, 0x00, 0xc4, 0x19, 0xfe, 0xff,
  0x18, 0x00, 0x00, 0x00, 0x04, 0x00, 0x00, 0x00, 0x01, 0x00, 0x00, 0x00,
  0x02, 0x00, 0x00, 0x00, 0x00, 0x00, 0x00, 0x00, 0x00, 0x00, 0x00, 0x00,
  0x01, 0x00, 0x00, 0x00, 0x71, 0x27, 0x2e, 0x41, 0x82, 0xa8, 0xff, 0xff,
  0x00, 0x00, 0x00, 0x65, 0x0d, 0x00, 0x00, 0x00, 0x18, 0x00, 0x00, 0x00,
  0x0c, 0x00, 0x00, 0x00, 0x04, 0x00, 0x00, 0x00, 0x0c, 0x16, 0xfe, 0xff,
  0x01, 0x00, 0x00, 0x00, 0x9c, 0x00, 0x00, 0x00, 0x02, 0x00, 0x00, 0x00,
  0x9a, 0x00, 0x00, 0x00, 0x9b, 0x00, 0x00, 0x00, 0xfe, 0x16, 0xfe, 0xff,
  0x00, 0x00, 0x09, 0x01, 0x70, 0x00, 0x00, 0x00, 0x9d, 0x00, 0x00, 0x00,
  0x08, 0x00, 0x00, 0x00, 0x78, 0x00, 0x00, 0x00, 0x58, 0x00, 0x00, 0x00,
  0x74, 0x69, 0x6e, 0x79, 0x5f, 0x6e, 0x69, 0x64, 0x73, 0x5f, 0x74, 0x72,
  0x61, 0x6e, 0x73, 0x66, 0x6f, 0x72, 0x6d, 0x65, 0x72, 0x5f, 0x31, 0x2f,
  0x65, 0x6e, 0x63, 0x6f, 0x64, 0x65, 0x72, 0x5f, 0x62, 0x6c, 0x6f, 0x63,
  0x6b, 0x5f, 0x31, 0x5f, 0x31, 0x2f, 0x6d, 0x75, 0x6c, 0x74, 0x69, 0x5f,
  0x68, 0x65, 0x61, 0x64, 0x5f, 0x6c, 0x69, 0x6e, 0x65, 0x61, 0x72, 0x5f,
  0x61, 0x74, 0x74, 0x65, 0x6e, 0x74, 0x69, 0x6f, 0x6e, 0x5f, 0x33, 0x5f,
  0x31, 0x2f, 0x65, 0x69, 0x6e, 0x73, 0x75, 0x6d, 0x2f, 0x45, 0x69, 0x6e,
  0x73, 0x75, 0x6d, 0x32, 0x00, 0x00, 0x00, 0x00, 0x04, 0x00, 0x00, 0x00,
  0x01, 0x00, 0x00, 0x00, 0x08, 0x00, 0x00, 0x00, 0x08, 0x00, 0x00, 0x00,
  0x08, 0x00, 0x00, 0x00, 0xa4, 0x1a, 0xfe, 0xff, 0x14, 0x00, 0x00, 0x00,
  0x04, 0x00, 0x00, 0x00, 0x01, 0x00, 0x00, 0x00, 0xf7, 0xff, 0xff, 0xff,
  0xff, 0xff, 0xff, 0xff, 0x01, 0x00, 0x00, 0x00, 0x28, 0xb5, 0x0f, 0x40,
  0xc2, 0xaa, 0xff, 0xff, 0x0c, 0x00, 0x00, 0x00, 0x10, 0x00, 0x00, 0x00,
  0x04, 0x00, 0x00, 0x00, 0x01, 0x00, 0x00, 0x00, 0x9b, 0x00, 0x00, 0x00,
  0x02, 0x00, 0x00, 0x00, 0x99, 0x00, 0x00, 0x00, 0x04, 0x00, 0x00, 0x00,
  0xce, 0x17, 0xfe, 0xff, 0x00, 0x00, 0x09, 0x01, 0x70, 0x00, 0x00, 0x00,
  0x9c, 0x00, 0x00, 0x00, 0x08, 0x00, 0x00, 0x00, 0x78, 0x00, 0x00, 0x00,
  0x58, 0x00, 0x00, 0x00, 0x74, 0x69, 0x6e, 0x79, 0x5f, 0x6e, 0x69, 0x64,
  0x73, 0x5f, 0x74, 0x72, 0x61, 0x6e, 0x73, 0x66, 0x6f, 0x72, 0x6d, 0x65,
  0x72, 0x5f, 0x31, 0x2f, 0x65, 0x6e, 0x63, 0x6f, 0x64, 0x65, 0x72, 0x5f,
  0x62, 0x6c, 0x6f, 0x63, 0x6b, 0x5f, 0x31, 0x5f, 0x31, 0x2f, 0x6d, 0x75,
  0x6c, 0x74, 0x69, 0x5f, 0x68, 0x65, 0x61, 0x64, 0x5f, 0x6c, 0x69, 0x6e,
  0x65, 0x61, 0x72, 0x5f, 0x61, 0x74, 0x74, 0x65, 0x6e, 0x74, 0x69, 0x6f,
  0x6e, 0x5f, 0x33, 0x5f, 0x31, 0x2f, 0x65, 0x69, 0x6e, 0x73, 0x75, 0x6d,
  0x2f, 0x45, 0x69, 0x6e, 0x73, 0x75, 0x6d, 0x31, 0x00, 0x00, 0x00, 0x00,
  0x04, 0x00, 0x00, 0x00, 0x01, 0x00, 0x00, 0x00, 0x08, 0x00, 0x00, 0x00,
  0x14, 0x00, 0x00, 0x00, 0x08, 0x00, 0x00, 0x00, 0x74, 0x1b, 0xfe, 0xff,
  0x18, 0x00, 0x00, 0x00, 0x04, 0x00, 0x00, 0x00, 0x01, 0x00, 0x00, 0x00,
  0xf6, 0xff, 0xff, 0xff, 0xff, 0xff, 0xff, 0xff, 0x00, 0x00, 0x00, 0x00,
  0x01, 0x00, 0x00, 0x00, 0x2d, 0xe8, 0x04, 0x3d, 0x96, 0xab, 0xff, 0xff,
  0x0c, 0x00, 0x00, 0x00, 0x10, 0x00, 0x00, 0x00, 0x04, 0x00, 0x00, 0x00,
  0x01, 0x00, 0x00, 0x00, 0x9a, 0x00, 0x00, 0x00, 0x02, 0x00, 0x00, 0x00,
  0x8e, 0x00, 0x00, 0x00, 0x09, 0x00, 0x00, 0x00, 0xa2, 0x18, 0xfe, 0xff,
  0x00, 0x00, 0x09, 0x01, 0x6c, 0x00, 0x00, 0x00, 0x9b, 0x00, 0x00, 0x00,
  0x08, 0x00, 0x00, 0x00, 0x74, 0x00, 0x00, 0x00, 0x57, 0x00, 0x00, 0x00,
  0x74, 0x69, 0x6e, 0x79, 0x5f, 0x6e, 0x69, 0x64, 0x73, 0x5f, 0x74, 0x72,
  0x61, 0x6e, 0x73, 0x66, 0x6f, 0x72, 0x6d, 0x65, 0x72, 0x5f, 0x31, 0x2f,
  0x65, 0x6e, 0x63, 0x6f, 0x64, 0x65, 0x72, 0x5f, 0x62, 0x6c, 0x6f, 0x63,
  0x6b, 0x5f, 0x31, 0x5f, 0x31, 0x2f, 0x6d, 0x75, 0x6c, 0x74, 0x69, 0x5f,
  0x68, 0x65, 0x61, 0x64, 0x5f, 0x6c, 0x69, 0x6e, 0x65, 0x61, 0x72, 0x5f,
  0x61, 0x74, 0x74, 0x65, 0x6e, 0x74, 0x69, 0x6f, 0x6e, 0x5f, 0x33, 0x5f,
  0x31, 0x2f, 0x65, 0x69, 0x6e, 0x73, 0x75, 0x6d, 0x2f, 0x45, 0x69, 0x6e,
  0x73, 0x75, 0x6d, 0x00, 0x04, 0x00, 0x00, 0x00, 0x01, 0x00, 0x00, 0x00,
  0x08, 0x00, 0x00, 0x00, 0x08, 0x00, 0x00, 0x00, 0x14, 0x00, 0x00, 0x00,
  0x44, 0x1c, 0xfe, 0xff, 0x14, 0x00, 0x00, 0x00, 0x04, 0x00, 0x00, 0x00,
  0x01, 0x00, 0x00, 0x00, 0x80, 0xff, 0xff, 0xff, 0xff, 0xff, 0xff, 0xff,
  0x01, 0x00, 0x00, 0x00, 0xc6, 0xc8, 0x94, 0x3c, 0x62, 0xac, 0xff, 0xff,
  0x09, 0x00, 0x00, 0x00, 0x10, 0x00, 0x00, 0x00, 0x04, 0x00, 0x00, 0x00,
  0x01, 0x00, 0x00, 0x00, 0x99, 0x00, 0x00, 0x00, 0x02, 0x00, 0x00, 0x00,
  0x98, 0x00, 0x00, 0x00, 0x02, 0x00, 0x00, 0x00, 0x6e, 0x19, 0xfe, 0xff,
  0x00, 0x00, 0x09, 0x01, 0x68, 0x00, 0x00, 0x00, 0x9a, 0x00, 0x00, 0x00,
  0x08, 0x00, 0x00, 0x00, 0x70, 0x00, 0x00, 0x00, 0x53, 0x00, 0x00, 0x00,
  0x74, 0x69, 0x6e, 0x79, 0x5f, 0x6e, 0x69, 0x64, 0x73, 0x5f, 0x74, 0x72,
  0x61, 0x6e, 0x73, 0x66, 0x6f, 0x72, 0x6d, 0x65, 0x72, 0x5f, 0x31, 0x2f,
  0x65, 0x6e, 0x63, 0x6f, 0x64, 0x65, 0x72, 0x5f, 0x62, 0x6c, 0x6f, 0x63,
  0x6b, 0x5f, 0x31, 0x5f, 0x31, 0x2f, 0x6d, 0x75, 0x6c, 0x74, 0x69, 0x5f,
  0x68, 0x65, 0x61, 0x64, 0x5f, 0x6c, 0x69, 0x6e, 0x65, 0x61, 0x72, 0x5f,
  0x61, 0x74, 0x74, 0x65, 0x6e, 0x74, 0x69, 0x6f, 0x6e, 0x5f, 0x33, 0x5f,
  0x31, 0x2f, 0x52, 0x65, 0x73, 0x68, 0x61, 0x70, 0x65, 0x5f, 0x32, 0x00,
  0x04, 0x00, 0x00, 0x00, 0x01, 0x00, 0x00, 0x00, 0x14, 0x00, 0x00, 0x00,
  0x08, 0x00, 0x00, 0x00, 0x08, 0x00, 0x00, 0x00, 0x0c, 0x1d, 0xfe, 0xff,
  0x14, 0x00, 0x00, 0x00, 0x04, 0x00, 0x00, 0x00, 0x01, 0x00, 0x00, 0x00,
  0xf6, 0xff, 0xff, 0xff, 0xff, 0xff, 0xff, 0xff, 0x01, 0x00, 0x00, 0x00,
  0x2d, 0xe8, 0x04, 0x3d, 0xc6, 0xab, 0xff, 0xff, 0x00, 0x00, 0x00, 0x08,
  0x01, 0x00, 0x00, 0x00, 0x1c, 0x00, 0x00, 0x00, 0x10, 0x00, 0x00, 0x00,
  0x04, 0x00, 0x00, 0x00, 0x8e, 0xaa, 0xff, 0xff, 0x00, 0x00, 0x00, 0x01,
  0x01, 0x00, 0x00, 0x00, 0x98, 0x00, 0x00, 0x00, 0x03, 0x00, 0x00, 0x00,
  0x82, 0x00, 0x00, 0x00, 0x18, 0x00, 0x00, 0x00, 0x17, 0x00, 0x00, 0x00,
  0x4a, 0x1a, 0xfe, 0xff, 0x00, 0x00, 0x09, 0x01, 0xd0, 0x00, 0x00, 0x00,
  0x99, 0x00, 0x00, 0x00, 0x08, 0x00, 0x00, 0x00, 0xd4, 0x00, 0x00, 0x00,
  0xbb, 0x00, 0x00, 0x00, 0x74, 0x69, 0x6e, 0x79, 0x5f, 0x6e, 0x69, 0x64,
  0x73, 0x5f, 0x74, 0x72, 0x61, 0x6e, 0x73, 0x66, 0x6f, 0x72, 0x6d, 0x65,
  0x72, 0x5f, 0x31, 0x2f, 0x65, 0x6e, 0x63, 0x6f, 0x64, 0x65, 0x72, 0x5f,
  0x62, 0x6c, 0x6f, 0x63, 0x6b, 0x5f, 0x31, 0x5f, 0x31, 0x2f, 0x6d, 0x75,
  0x6c, 0x74, 0x69, 0x5f, 0x68, 0x65, 0x61, 0x64, 0x5f, 0x6c, 0x69, 0x6e,
  0x65, 0x61, 0x72, 0x5f, 0x61, 0x74, 0x74, 0x65, 0x6e, 0x74, 0x69, 0x6f,
  0x6e, 0x5f, 0x33, 0x5f, 0x31, 0x2f, 0x64, 0x65, 0x6e, 0x73, 0x65, 0x5f,
  0x32, 0x31, 0x5f, 0x31, 0x2f, 0x54, 0x65, 0x6e, 0x73, 0x6f, 0x72, 0x64,
  0x6f, 0x74, 0x3b, 0x74, 0x69, 0x6e, 0x79, 0x5f, 0x6e, 0x69, 0x64, 0x73,
  0x5f, 0x74, 0x72, 0x61, 0x6e, 0x73, 0x66, 0x6f, 0x72, 0x6d, 0x65, 0x72,
  0x5f, 0x31, 0x2f, 0x65, 0x6e, 0x63, 0x6f, 0x64, 0x65, 0x72, 0x5f, 0x62,
  0x6c, 0x6f, 0x63, 0x6b, 0x5f, 0x31, 0x5f, 0x31, 0x2f, 0x6d, 0x75, 0x6c,
  0x74, 0x69, 0x5f, 0x68, 0x65, 0x61, 0x64, 0x5f, 0x6c, 0x69, 0x6e, 0x65,
  0x61, 0x72, 0x5f, 0x61, 0x74, 0x74, 0x65, 0x6e, 0x74, 0x69, 0x6f, 0x6e,
  0x5f, 0x33, 0x5f, 0x31, 0x2f, 0x64, 0x65, 0x6e, 0x73, 0x65, 0x5f, 0x32,
  0x31, 0x5f, 0x31, 0x2f, 0x42, 0x69, 0x61, 0x73, 0x41, 0x64, 0x64, 0x00,
  0x03, 0x00, 0x00, 0x00, 0x01, 0x00, 0x00, 0x00, 0x14, 0x00, 0x00, 0x00,
  0x40, 0x00, 0x00, 0x00, 0x4c, 0x1e, 0xfe, 0xff, 0x14, 0x00, 0x00, 0x00,
  0x04, 0x00, 0x00, 0x00, 0x01, 0x00, 0x00, 0x00, 0xf6, 0xff, 0xff, 0xff,
  0xff, 0xff, 0xff, 0xff, 0x01, 0x00, 0x00, 0x00, 0x2d, 0xe8, 0x04, 0x3d,
  0x6a, 0xae, 0xff, 0xff, 0x04, 0x00, 0x00, 0x00, 0x10, 0x00, 0x00, 0x00,
  0x04, 0x00, 0x00, 0x00, 0x01, 0x00, 0x00, 0x00, 0x97, 0x00, 0x00, 0x00,
  0x01, 0x00, 0x00, 0x00, 0x96, 0x00, 0x00, 0x00, 0x02, 0x1b, 0xfe, 0xff,
  0x00, 0x00, 0x00, 0x01, 0xbc, 0x00, 0x00, 0x00, 0x98, 0x00, 0x00, 0x00,
  0x08, 0x00, 0x00, 0x00, 0xc4, 0x00, 0x00, 0x00, 0xa7, 0x00, 0x00, 0x00,
  0x74, 0x69, 0x6e, 0x79, 0x5f, 0x6e, 0x69, 0x64, 0x73, 0x5f, 0x74, 0x72,
  0x61, 0x6e, 0x73, 0x66, 0x6f, 0x72, 0x6d, 0x65, 0x72, 0x5f, 0x31, 0x2f,
  0x65, 0x6e, 0x63, 0x6f, 0x64, 0x65, 0x72, 0x5f, 0x62, 0x6c, 0x6f, 0x63,
  0x6b, 0x5f, 0x31, 0x5f, 0x31, 0x2f, 0x6d, 0x75, 0x6c, 0x74, 0x69, 0x5f,
  0x68, 0x65, 0x61, 0x64, 0x5f, 0x6c, 0x69, 0x6e, 0x65, 0x61, 0x72, 0x5f,
  0x61, 0x74, 0x74, 0x65, 0x6e, 0x74, 0x69, 0x6f, 0x6e, 0x5f, 0x33, 0x5f,
  0x31, 0x2f, 0x61, 0x64, 0x64, 0x5f, 0x32, 0x3b, 0x74, 0x69, 0x6e, 0x79,
  0x5f, 0x6e, 0x69, 0x64, 0x73, 0x5f, 0x74, 0x72, 0x61, 0x6e, 0x73, 0x66,
  0x6f, 0x72, 0x6d, 0x65, 0x72, 0x5f, 0x31, 0x2f, 0x65, 0x6e, 0x63, 0x6f,
  0x64, 0x65, 0x72, 0x5f, 0x62, 0x6c, 0x6f, 0x63, 0x6b, 0x5f, 0x31, 0x5f,
  0x31, 0x2f, 0x6d, 0x75, 0x6c, 0x74, 0x69, 0x5f, 0x68, 0x65, 0x61, 0x64,
  0x5f, 0x6c, 0x69, 0x6e, 0x65, 0x61, 0x72, 0x5f, 0x61, 0x74, 0x74, 0x65,
  0x6e, 0x74, 0x69, 0x6f, 0x6e, 0x5f, 0x33, 0x5f, 0x31, 0x2f, 0x45, 0x78,
  0x70, 0x61, 0x6e, 0x64, 0x44, 0x69, 0x6d, 0x73, 0x3b, 0x31, 0x31, 0x00,
  0x04, 0x00, 0x00, 0x00, 0x01, 0x00, 0x00, 0x00, 0x14, 0x00, 0x00, 0x00,
  0x08, 0x00, 0x00, 0x00, 0x01, 0x00, 0x00, 0x00, 0x70, 0x1b, 0xfe, 0xff,
  0x66, 0xaf, 0xff, 0xff, 0x09, 0x00, 0x00, 0x00, 0x10, 0x00, 0x00, 0x00,
  0x04, 0x00, 0x00, 0x00, 0x01, 0x00, 0x00, 0x00, 0x96, 0x00, 0x00, 0x00,
  0x02, 0x00, 0x00, 0x00, 0x95, 0x00, 0x00, 0x00, 0x08, 0x00, 0x00, 0x00,
  0x72, 0x1c, 0xfe, 0xff, 0x00, 0x00, 0x09, 0x01, 0xbc, 0x00, 0x00, 0x00,
  0x97, 0x00, 0x00, 0x00, 0x08, 0x00, 0x00, 0x00, 0xc4, 0x00, 0x00, 0x00,
  0xa6, 0x00, 0x00, 0x00, 0x74, 0x69, 0x6e, 0x79, 0x5f, 0x6e, 0x69, 0x64,
  0x73, 0x5f, 0x74, 0x72, 0x61, 0x6e, 0x73, 0x66, 0x6f, 0x72, 0x6d, 0x65,
  0x72, 0x5f, 0x31, 0x2f, 0x65, 0x6e, 0x63, 0x6f, 0x64, 0x65, 0x72, 0x5f,
  0x62, 0x6c, 0x6f, 0x63, 0x6b, 0x5f, 0x31, 0x5f, 0x31, 0x2f, 0x6d, 0x75,
  0x6c, 0x74, 0x69, 0x5f, 0x68, 0x65, 0x61, 0x64, 0x5f, 0x6c, 0x69, 0x6e,
  0x65, 0x61, 0x72, 0x5f, 0x61, 0x74, 0x74, 0x65, 0x6e, 0x74, 0x69, 0x6f,
  0x6e, 0x5f, 0x33, 0x5f, 0x31, 0x2f, 0x61, 0x64, 0x64, 0x5f, 0x32, 0x3b,
  0x74, 0x69, 0x6e, 0x79, 0x5f, 0x6e, 0x69, 0x64, 0x73, 0x5f, 0x74, 0x72,
  0x61, 0x6e, 0x73, 0x66, 0x6f, 0x72, 0x6d, 0x65, 0x72, 0x5f, 0x31, 0x2f,
  0x65, 0x6e, 0x63, 0x6f, 0x64, 0x65, 0x72, 0x5f, 0x62, 0x6c, 0x6f, 0x63,
  0x6b, 0x5f, 0x31, 0x5f, 0x31, 0x2f, 0x6d, 0x75, 0x6c, 0x74, 0x69, 0x5f,
  0x68, 0x65, 0x61, 0x64, 0x5f, 0x6c, 0x69, 0x6e, 0x65, 0x61, 0x72, 0x5f,
  0x61, 0x74, 0x74, 0x65, 0x6e, 0x74, 0x69, 0x6f, 0x6e, 0x5f, 0x33, 0x5f,
  0x31, 0x2f, 0x45, 0x78, 0x70, 0x61, 0x6e, 0x64, 0x44, 0x69, 0x6d, 0x73,
  0x3b, 0x31, 0x00, 0x00, 0x04, 0x00, 0x00, 0x00, 0x01, 0x00, 0x00, 0x00,
  0x14, 0x00, 0x00, 0x00, 0x08, 0x00, 0x00, 0x00, 0x01, 0x00, 0x00, 0x00,
  0x64, 0x20, 0xfe, 0xff, 0x14, 0x00, 0x00, 0x00, 0x04, 0x00, 0x00, 0x00,
  0x01, 0x00, 0x00, 0x00, 0x80, 0xff, 0xff, 0xff, 0xff, 0xff, 0xff, 0xff,
  0x01, 0x00, 0x00, 0x00, 0x5b, 0x84, 0xe3, 0x3f, 0x82, 0xb0, 0xff, 0xff,
  0x0c, 0x00, 0x00, 0x00, 0x10, 0x00, 0x00, 0x00, 0x04, 0x00, 0x00, 0x00,
  0x01, 0x00, 0x00, 0x00, 0x95, 0x00, 0x00, 0x00, 0x02, 0x00, 0x00, 0x00,
  0x94, 0x00, 0x00, 0x00, 0x07, 0x00, 0x00, 0x00, 0x8e, 0x1d, 0xfe, 0xff,
  0x00, 0x00, 0x09, 0x01, 0xbc, 0x00, 0x00, 0x00, 0x96, 0x00, 0x00, 0x00,
  0x08, 0x00, 0x00, 0x00, 0xc0, 0x00, 0x00, 0x00, 0xa5, 0x00, 0x00, 0x00,
  0x74, 0x69, 0x6e, 0x79, 0x5f, 0x6e, 0x69, 0x64, 0x73, 0x5f, 0x74, 0x72,
  0x61, 0x6e, 0x73, 0x66, 0x6f, 0x72, 0x6d, 0x65, 0x72, 0x5f, 0x31, 0x2f,
  0x65, 0x6e, 0x63, 0x6f, 0x64, 0x65, 0x72, 0x5f, 0x62, 0x6c, 0x6f, 0x63,
  0x6b, 0x5f, 0x31, 0x5f, 0x31, 0x2f, 0x6d, 0x75, 0x6c, 0x74, 0x69, 0x5f,
  0x68, 0x65, 0x61, 0x64, 0x5f, 0x6c, 0x69, 0x6e, 0x65, 0x61, 0x72, 0x5f,
  0x61, 0x74, 0x74, 0x65, 0x6e, 0x74, 0x69, 0x6f, 0x6e, 0x5f, 0x33, 0x5f,
  0x31, 0x2f, 0x61, 0x64, 0x64, 0x5f, 0x32, 0x3b, 0x74, 0x69, 0x6e, 0x79,
  0x5f, 0x6e, 0x69, 0x64, 0x73, 0x5f, 0x74, 0x72, 0x61, 0x6e, 0x73, 0x66,
  0x6f, 0x72, 0x6d, 0x65, 0x72, 0x5f, 0x31, 0x2f, 0x65, 0x6e, 0x63, 0x6f,
  0x64, 0x65, 0x72, 0x5f, 0x62, 0x6c, 0x6f, 0x63, 0x6b, 0x5f, 0x31, 0x5f,
  0x31, 0x2f, 0x6d, 0x75, 0x6c, 0x74, 0x69, 0x5f, 0x68, 0x65, 0x61, 0x64,
  0x5f, 0x6c, 0x69, 0x6e, 0x65, 0x61, 0x72, 0x5f, 0x61, 0x74, 0x74, 0x65,
  0x6e, 0x74, 0x69, 0x6f, 0x6e, 0x5f, 0x33, 0x5f, 0x31, 0x2f, 0x45, 0x78,
  0x70, 0x61, 0x6e, 0x64, 0x44, 0x69, 0x6d, 0x73, 0x3b, 0x00, 0x00, 0x00,
  0x03, 0x00, 0x00, 0x00, 0x01, 0x00, 0x00, 0x00, 0x14, 0x00, 0x00, 0x00,
  0x08, 0x00, 0x00, 0x00, 0x7c, 0x21, 0xfe, 0xff, 0x18, 0x00, 0x00, 0x00,
  0x04, 0x00, 0x00, 0x00, 0x01, 0x00, 0x00, 0x00, 0x80, 0xff, 0xff, 0xff,
  0xff, 0xff, 0xff, 0xff, 0x00, 0x00, 0x00, 0x00, 0x01, 0x00, 0x00, 0x00,
  0x5b, 0x84, 0xe3, 0x3f, 0x9e, 0xb1, 0xff, 0xff, 0x09, 0x00, 0x00, 0x00,
  0x10, 0x00, 0x00, 0x00, 0x04, 0x00, 0x00, 0x00, 0x01, 0x00, 0x00, 0x00,
  0x94, 0x00, 0x00, 0x00, 0x02, 0x00, 0x00, 0x00, 0x93, 0x00, 0x00, 0x00,
  0x06, 0x00, 0x00, 0x00, 0xaa, 0x1e, 0xfe, 0xff, 0x00, 0x00, 0x09, 0x01,
  0x18, 0x01, 0x00, 0x00, 0x95, 0x00, 0x00, 0x00, 0x08, 0x00, 0x00, 0x00,
  0x1c, 0x01, 0x00, 0x00, 0x00, 0x01, 0x00, 0x00, 0x74, 0x69, 0x6e, 0x79,
  0x5f, 0x6e, 0x69, 0x64, 0x73, 0x5f, 0x74, 0x72, 0x61, 0x6e, 0x73, 0x66,
  0x6f, 0x72, 0x6d, 0x65, 0x72, 0x5f, 0x31, 0x2f, 0x65, 0x6e, 0x63, 0x6f,
  0x64, 0x65, 0x72, 0x5f, 0x62, 0x6c, 0x6f, 0x63, 0x6b, 0x5f, 0x31, 0x5f,
  0x31, 0x2f, 0x6d, 0x75, 0x6c, 0x74, 0x69, 0x5f, 0x68, 0x65, 0x61, 0x64,
  0x5f, 0x6c, 0x69, 0x6e, 0x65, 0x61, 0x72, 0x5f, 0x61, 0x74, 0x74, 0x65,
  0x6e, 0x74, 0x69, 0x6f, 0x6e, 0x5f, 0x33, 0x5f, 0x31, 0x2f, 0x61, 0x64,
  0x64, 0x5f, 0x32, 0x3b, 0x74, 0x69, 0x6e, 0x79, 0x5f, 0x6e, 0x69, 0x64,
  0x73, 0x5f, 0x74, 0x72, 0x61, 0x6e, 0x73, 0x66, 0x6f, 0x72, 0x6d, 0x65,
  0x72, 0x5f, 0x31, 0x2f, 0x65, 0x6e, 0x63, 0x6f, 0x64, 0x65, 0x72, 0x5f,
  0x62, 0x6c, 0x6f, 0x63, 0x6b, 0x5f, 0x31, 0x5f, 0x31, 0x2f, 0x6d, 0x75,
  0x6c, 0x74, 0x69, 0x5f, 0x68, 0x65, 0x61, 0x64, 0x5f, 0x6c, 0x69, 0x6e,
  0x65, 0x61, 0x72, 0x5f, 0x61, 0x74, 0x74, 0x65, 0x6e, 0x74, 0x69, 0x6f,
  0x6e, 0x5f, 0x33, 0x5f, 0x31, 0x2f, 0x45, 0x78, 0x70, 0x61, 0x6e, 0x64,
  0x44, 0x69, 0x6d, 0x73, 0x3b, 0x3b, 0x74, 0x69, 0x6e, 0x79, 0x5f, 0x6e,
  0x69, 0x64, 0x73, 0x5f, 0x74, 0x72, 0x61, 0x6e, 0x73, 0x66, 0x6f, 0x72,
  0x6d, 0x65, 0x72, 0x5f, 0x31, 0x2f, 0x65, 0x6e, 0x63, 0x6f, 0x64, 0x65,
  0x72, 0x5f, 0x62, 0x6c, 0x6f, 0x63, 0x6b, 0x5f, 0x31, 0x5f, 0x31, 0x2f,
  0x6d, 0x75, 0x6c, 0x74, 0x69, 0x5f, 0x68, 0x65, 0x61, 0x64, 0x5f, 0x6c,
  0x69, 0x6e, 0x65, 0x61, 0x72, 0x5f, 0x61, 0x74, 0x74, 0x65, 0x6e, 0x74,
  0x69, 0x6f, 0x6e, 0x5f, 0x33, 0x5f, 0x31, 0x2f, 0x65, 0x69, 0x6e, 0x73,
  0x75, 0x6d, 0x5f, 0x32, 0x2f, 0x45, 0x69, 0x6e, 0x73, 0x75, 0x6d, 0x31,
  0x00, 0x00, 0x00, 0x00, 0x03, 0x00, 0x00, 0x00, 0x01, 0x00, 0x00, 0x00,
  0x08, 0x00, 0x00, 0x00, 0x14, 0x00, 0x00, 0x00, 0xf4, 0x22, 0xfe, 0xff,
  0x14, 0x00, 0x00, 0x00, 0x04, 0x00, 0x00, 0x00, 0x01, 0x00, 0x00, 0x00,
  0x80, 0xff, 0xff, 0xff, 0xff, 0xff, 0xff, 0xff, 0x01, 0x00, 0x00, 0x00,
  0x5b, 0x84, 0xe3, 0x3f, 0xae, 0xb1, 0xff, 0xff, 0x00, 0x00, 0x00, 0x0b,
  0x02, 0x00, 0x00, 0x00, 0x18, 0x00, 0x00, 0x00, 0x0c, 0x00, 0x00, 0x00,
  0x04, 0x00, 0x00, 0x00, 0x38, 0x1f, 0xfe, 0xff, 0x01, 0x00, 0x00, 0x00,
  0x93, 0x00, 0x00, 0x00, 0x02, 0x00, 0x00, 0x00, 0x92, 0x00, 0x00, 0x00,
  0x29, 0x00, 0x00, 0x00, 0x2a, 0x20, 0xfe, 0xff, 0x00, 0x00, 0x09, 0x01,
  0x14, 0x01, 0x00, 0x00, 0x94, 0x00, 0x00, 0x00, 0x08, 0x00, 0x00, 0x00,
  0x1c, 0x01, 0x00, 0x00, 0xff, 0x00, 0x00, 0x00, 0x74, 0x69, 0x6e, 0x79,
  0x5f, 0x6e, 0x69, 0x64, 0x73, 0x5f, 0x74, 0x72, 0x61, 0x6e, 0x73, 0x66,
  0x6f, 0x72, 0x6d, 0x65, 0x72, 0x5f, 0x31, 0x2f, 0x65, 0x6e, 0x63, 0x6f,
  0x64, 0x65, 0x72, 0x5f, 0x62, 0x6c, 0x6f, 0x63, 0x6b, 0x5f, 0x31, 0x5f,
  0x31, 0x2f, 0x6d, 0x75, 0x6c, 0x74, 0x69, 0x5f, 0x68, 0x65, 0x61, 0x64,
  0x5f, 0x6c, 0x69, 0x6e, 0x65, 0x61, 0x72, 0x5f, 0x61, 0x74, 0x74, 0x65,
  0x6e, 0x74, 0x69, 0x6f, 0x6e, 0x5f, 0x33, 0x5f, 0x31, 0x2f, 0x61, 0x64,
  0x64, 0x5f, 0x32, 0x3b, 0x74, 0x69, 0x6e, 0x79, 0x5f, 0x6e, 0x69, 0x64,
  0x73, 0x5f, 0x74, 0x72, 0x61, 0x6e, 0x73, 0x66, 0x6f, 0x72, 0x6d, 0x65,
  0x72, 0x5f, 0x31, 0x2f, 0x65, 0x6e, 0x63, 0x6f, 0x64, 0x65, 0x72, 0x5f,
  0x62, 0x6c, 0x6f, 0x63, 0x6b, 0x5f, 0x31, 0x5f, 0x31, 0x2f, 0x6d, 0x75,
  0x6c, 0x74, 0x69, 0x5f, 0x68, 0x65, 0x61, 0x64, 0x5f, 0x6c, 0x69, 0x6e,
  0x65, 0x61, 0x72, 0x5f, 0x61, 0x74, 0x74, 0x65, 0x6e, 0x74, 0x69, 0x6f,
  0x6e, 0x5f, 0x33, 0x5f, 0x31, 0x2f, 0x45, 0x78, 0x70, 0x61, 0x6e, 0x64,
  0x44, 0x69, 0x6d, 0x73, 0x3b, 0x3b, 0x74, 0x69, 0x6e, 0x79, 0x5f, 0x6e,
  0x69, 0x64, 0x73, 0x5f, 0x74, 0x72, 0x61, 0x6e, 0x73, 0x66, 0x6f, 0x72,
  0x6d, 0x65, 0x72, 0x5f, 0x31, 0x2f, 0x65, 0x6e, 0x63, 0x6f, 0x64, 0x65,
  0x72, 0x5f, 0x62, 0x6c, 0x6f, 0x63, 0x6b, 0x5f, 0x31, 0x5f, 0x31, 0x2f,
  0x6d, 0x75, 0x6c, 0x74, 0x69, 0x5f, 0x68, 0x65, 0x61, 0x64, 0x5f, 0x6c,
  0x69, 0x6e, 0x65, 0x61, 0x72, 0x5f, 0x61, 0x74, 0x74, 0x65, 0x6e, 0x74,
  0x69, 0x6f, 0x6e, 0x5f, 0x33, 0x5f, 0x31, 0x2f, 0x65, 0x69, 0x6e, 0x73,
  0x75, 0x6d, 0x5f, 0x32, 0x2f, 0x45, 0x69, 0x6e, 0x73, 0x75, 0x6d, 0x00,
  0x04, 0x00, 0x00, 0x00, 0x01, 0x00, 0x00, 0x00, 0x08, 0x00, 0x00, 0x00,
  0x14, 0x00, 0x00, 0x00, 0x01, 0x00, 0x00, 0x00, 0x74, 0x24, 0xfe, 0xff,
  0x18, 0x00, 0x00, 0x00, 0x04, 0x00, 0x00, 0x00, 0x01, 0x00, 0x00, 0x00,
  0x80, 0xff, 0xff, 0xff, 0xff, 0xff, 0xff, 0xff, 0x00, 0x00, 0x00, 0x00,
  0x01, 0x00, 0x00, 0x00, 0x5b, 0x84, 0xe3, 0x3f, 0x32, 0xb3, 0xff, 0xff,
  0x00, 0x00, 0x00, 0x65, 0x0d, 0x00, 0x00, 0x00, 0x18, 0x00, 0x00, 0x00,
  0x0c, 0x00, 0x00, 0x00, 0x04, 0x00, 0x00, 0x00, 0xbc, 0x20, 0xfe, 0xff,
  0x01, 0x00, 0x00, 0x00, 0x92, 0x00, 0x00, 0x00, 0x02, 0x00, 0x00, 0x00,
  0x90, 0x00, 0x00, 0x00, 0x91, 0x00, 0x00, 0x00, 0xae, 0x21, 0xfe, 0xff,
  0x00, 0x00, 0x09, 0x01, 0x70, 0x00, 0x00, 0x00, 0x93, 0x00, 0x00, 0x00,
  0x08, 0x00, 0x00, 0x00, 0x78, 0x00, 0x00, 0x00, 0x5a, 0x00, 0x00, 0x00,
  0x74, 0x69, 0x6e, 0x79, 0x5f, 0x6e, 0x69, 0x64, 0x73, 0x5f, 0x74, 0x72,
  0x61, 0x6e, 0x73, 0x66, 0x6f, 0x72, 0x6d, 0x65, 0x72, 0x5f, 0x31, 0x2f,
  0x65, 0x6e, 0x63, 0x6f, 0x64, 0x65, 0x72, 0x5f, 0x62, 0x6c, 0x6f, 0x63,
  0x6b, 0x5f, 0x31, 0x5f, 0x31, 0x2f, 0x6d, 0x75, 0x6c, 0x74, 0x69, 0x5f,
  0x68, 0x65, 0x61, 0x64, 0x5f, 0x6c, 0x69, 0x6e, 0x65, 0x61, 0x72, 0x5f,
  0x61, 0x74, 0x74, 0x65, 0x6e, 0x74, 0x69, 0x6f, 0x6e, 0x5f, 0x33, 0x5f,
  0x31, 0x2f, 0x65, 0x69, 0x6e, 0x73, 0x75, 0x6d, 0x5f, 0x32, 0x2f, 0x45,
  0x69, 0x6e, 0x73, 0x75, 0x6d, 0x32, 0x00, 0x00, 0x04, 0x00, 0x00, 0x00,
  0x01, 0x00, 0x00, 0x00, 0x08, 0x00, 0x00, 0x00, 0x14, 0x00, 0x00, 0x00,
  0x01, 0x00, 0x00, 0x00, 0x54, 0x25, 0xfe, 0xff, 0x14, 0x00, 0x00, 0x00,
  0x04, 0x00, 0x00, 0x00, 0x01, 0x00, 0x00, 0x00, 0x80, 0xff, 0xff, 0xff,
  0xff, 0xff, 0xff, 0xff, 0x01, 0x00, 0x00, 0x00, 0x5b, 0x84, 0xe3, 0x3f,
  0x72, 0xb5, 0xff, 0xff, 0x09, 0x00, 0x00, 0x00, 0x10, 0x00, 0x00, 0x00,
  0x04, 0x00, 0x00, 0x00, 0x01, 0x00, 0x00, 0x00, 0x91, 0x00, 0x00, 0x00,
  0x02, 0x00, 0x00, 0x00, 0x8f, 0x00, 0x00, 0x00, 0x05, 0x00, 0x00, 0x00,
  0x7e, 0x22, 0xfe, 0xff, 0x00, 0x00, 0x09, 0x01, 0x70, 0x00, 0x00, 0x00,
  0x92, 0x00, 0x00, 0x00, 0x08, 0x00, 0x00, 0x00, 0x78, 0x00, 0x00, 0x00,
  0x5a, 0x00, 0x00, 0x00, 0x74, 0x69, 0x6e, 0x79, 0x5f, 0x6e, 0x69, 0x64,
  0x73, 0x5f, 0x74, 0x72, 0x61, 0x6e, 0x73, 0x66, 0x6f, 0x72, 0x6d, 0x65,
  0x72, 0x5f, 0x31, 0x2f, 0x65, 0x6e, 0x63, 0x6f, 0x64, 0x65, 0x72, 0x5f,
  0x62, 0x6c, 0x6f, 0x63, 0x6b, 0x5f, 0x31, 0x5f, 0x31, 0x2f, 0x6d, 0x75,
  0x6c, 0x74, 0x69, 0x5f, 0x68, 0x65, 0x61, 0x64, 0x5f, 0x6c, 0x69, 0x6e,
  0x65, 0x61, 0x72, 0x5f, 0x61, 0x74, 0x74, 0x65, 0x6e, 0x74, 0x69, 0x6f,
  0x6e, 0x5f, 0x33, 0x5f, 0x31, 0x2f, 0x65, 0x69, 0x6e, 0x73, 0x75, 0x6d,
  0x5f, 0x32, 0x2f, 0x45, 0x69, 0x6e, 0x73, 0x75, 0x6d, 0x31, 0x00, 0x00,
  0x04, 0x00, 0x00, 0x00, 0x01, 0x00, 0x00, 0x00, 0x08, 0x00, 0x00, 0x00,
  0x08, 0x00, 0x00, 0x00, 0x01, 0x00, 0x00, 0x00, 0x24, 0x26, 0xfe, 0xff,
  0x14, 0x00, 0x00, 0x00, 0x04, 0x00, 0x00, 0x00, 0x01, 0x00, 0x00, 0x00,
  0x80, 0xff, 0xff, 0xff, 0xff, 0xff, 0xff, 0xff, 0x01, 0x00, 0x00, 0x00,
  0xef, 0xc3, 0xa7, 0x3e, 0x42, 0xb6, 0xff, 0xff, 0x0c, 0x00, 0x00, 0x00,
  0x10, 0x00, 0x00, 0x00, 0x04, 0x00, 0x00, 0x00, 0x01, 0x00, 0x00, 0x00,
  0x90, 0x00, 0x00, 0x00, 0x02, 0x00, 0x00, 0x00, 0x88, 0x00, 0x00, 0x00,
  0x04, 0x00, 0x00, 0x00, 0x4e, 0x23, 0xfe, 0xff, 0x00, 0x00, 0x09, 0x01,
  0x70, 0x00, 0x00, 0x00, 0x91, 0x00, 0x00, 0x00, 0x08, 0x00, 0x00, 0x00,
  0x78, 0x00, 0x00, 0x00, 0x59, 0x00, 0x00, 0x00, 0x74, 0x69, 0x6e, 0x79,
  0x5f, 0x6e, 0x69, 0x64, 0x73, 0x5f, 0x74, 0x72, 0x61, 0x6e, 0x73, 0x66,
  0x6f, 0x72, 0x6d, 0x65, 0x72, 0x5f, 0x31, 0x2f, 0x65, 0x6e, 0x63, 0x6f,
  0x64, 0x65, 0x72, 0x5f, 0x62, 0x6c, 0x6f, 0x63, 0x6b, 0x5f, 0x31, 0x5f,
  0x31, 0x2f, 0x6d, 0x75, 0x6c, 0x74, 0x69, 0x5f, 0x68, 0x65, 0x61, 0x64,
  0x5f, 0x6c, 0x69, 0x6e, 0x65, 0x61, 0x72, 0x5f, 0x61, 0x74, 0x74, 0x65,
  0x6e, 0x74, 0x69, 0x6f, 0x6e, 0x5f, 0x33, 0x5f, 0x31, 0x2f, 0x65, 0x69,
  0x6e, 0x73, 0x75, 0x6d, 0x5f, 0x32, 0x2f, 0x45, 0x69, 0x6e, 0x73, 0x75,
  0x6d, 0x00, 0x00, 0x00, 0x04, 0x00, 0x00, 0x00, 0x01, 0x00, 0x00, 0x00,
  0x08, 0x00, 0x00, 0x00, 0x14, 0x00, 0x00, 0x00, 0x08, 0x00, 0x00, 0x00,
  0xf4, 0x26, 0xfe, 0xff, 0x18, 0x00, 0x00, 0x00, 0x04, 0x00, 0x00, 0x00,
  0x01, 0x00, 0x00, 0x00, 0x80, 0xff, 0xff, 0xff, 0xff, 0xff, 0xff, 0xff,
  0x00, 0x00, 0x00, 0x00, 0x01, 0x00, 0x00, 0x00, 0x94, 0x05, 0x8f, 0x3c,
  0xb2, 0xb5, 0xff, 0xff, 0x00, 0x00, 0x00, 0x1b, 0x0b, 0x00, 0x00, 0x00,
  0x18, 0x00, 0x00, 0x00, 0x0c, 0x00, 0x00, 0x00, 0x04, 0x00, 0x00, 0x00,
  0x3c, 0x23, 0xfe, 0xff, 0x01, 0x00, 0x00, 0x00, 0x8f, 0x00, 0x00, 0x00,
  0x02, 0x00, 0x00, 0x00, 0x8e, 0x00, 0x00, 0x00, 0x03, 0x00, 0x00, 0x00,
  0x2e, 0x24, 0xfe, 0xff, 0x00, 0x00, 0x09, 0x01, 0x64, 0x00, 0x00, 0x00,
  0x90, 0x00, 0x00, 0x00, 0x08, 0x00, 0x00, 0x00, 0x68, 0x00, 0x00, 0x00,
  0x4d, 0x00, 0x00, 0x00, 0x74, 0x69, 0x6e, 0x79, 0x5f, 0x6e, 0x69, 0x64,
  0x73, 0x5f, 0x74, 0x72, 0x61, 0x6e, 0x73, 0x66, 0x6f, 0x72, 0x6d, 0x65,
  0x72, 0x5f, 0x31, 0x2f, 0x65, 0x6e, 0x63, 0x6f, 0x64, 0x65, 0x72, 0x5f,
  0x62, 0x6c, 0x6f, 0x63, 0x6b, 0x5f, 0x31, 0x5f, 0x31, 0x2f, 0x6d, 0x75,
  0x6c, 0x74, 0x69, 0x5f, 0x68, 0x65, 0x61, 0x64, 0x5f, 0x6c, 0x69, 0x6e,
  0x65, 0x61, 0x72, 0x5f, 0x61, 0x74, 0x74, 0x65, 0x6e, 0x74, 0x69, 0x6f,
  0x6e, 0x5f, 0x33, 0x5f, 0x31, 0x2f, 0x53, 0x75, 0x6d, 0x00, 0x00, 0x00,
  0x03, 0x00, 0x00, 0x00, 0x01, 0x00, 0x00, 0x00, 0x08, 0x00, 0x00, 0x00,
  0x08, 0x00, 0x00, 0x00, 0xc4, 0x27, 0xfe, 0xff, 0x14, 0x00, 0x00, 0x00,
  0x04, 0x00, 0x00, 0x00, 0x01, 0x00, 0x00, 0x00, 0x80, 0xff, 0xff, 0xff,
  0xff, 0xff, 0xff, 0xff, 0x01, 0x00, 0x00, 0x00, 0xef, 0xc3, 0xa7, 0x3e,
  0x7e, 0xb6, 0xff, 0xff, 0x00, 0x00, 0x00, 0x0b, 0x02, 0x00, 0x00, 0x00,
  0x18, 0x00, 0x00, 0x00, 0x0c, 0x00, 0x00, 0x00, 0x04, 0x00, 0x00, 0x00,
  0x08, 0x24, 0xfe, 0xff, 0x01, 0x00, 0x00, 0x00, 0x8e, 0x00, 0x00, 0x00,
  0x02, 0x00, 0x00, 0x00, 0x8d, 0x00, 0x00, 0x00, 0x2c, 0x00, 0x00, 0x00,
  0xfa, 0x24, 0xfe, 0xff, 0x00, 0x00, 0x09, 0x01, 0x64, 0x00, 0x00, 0x00,
  0x8f, 0x00, 0x00, 0x00, 0x08, 0x00, 0x00, 0x00, 0x6c, 0x00, 0x00, 0x00,
  0x4f, 0x00, 0x00, 0x00, 0x74, 0x69, 0x6e, 0x79, 0x5f, 0x6e, 0x69, 0x64,
  0x73, 0x5f, 0x74, 0x72, 0x61, 0x6e, 0x73, 0x66, 0x6f, 0x72, 0x6d, 0x65,
  0x72, 0x5f, 0x31, 0x2f, 0x65, 0x6e, 0x63, 0x6f, 0x64, 0x65, 0x72, 0x5f,
  0x62, 0x6c, 0x6f, 0x63, 0x6b, 0x5f, 0x31, 0x5f, 0x31, 0x2f, 0x6d, 0x75,
  0x6c, 0x74, 0x69, 0x5f, 0x68, 0x65, 0x61, 0x64, 0x5f, 0x6c, 0x69, 0x6e,
  0x65, 0x61, 0x72, 0x5f, 0x61, 0x74, 0x74, 0x65, 0x6e, 0x74, 0x69, 0x6f,
  0x6e, 0x5f, 0x33, 0x5f, 0x31, 0x2f, 0x61, 0x64, 0x64, 0x5f, 0x31, 0x00,
  0x04, 0x00, 0x00, 0x00, 0x01, 0x00, 0x00, 0x00, 0x14, 0x00, 0x00, 0x00,
  0x08, 0x00, 0x00, 0x00, 0x08, 0x00, 0x00, 0x00, 0x94, 0x28, 0xfe, 0xff,
  0x18, 0x00, 0x00, 0x00, 0x04, 0x00, 0x00, 0x00, 0x01, 0x00, 0x00, 0x00,
  0x80, 0xff, 0xff, 0xff, 0xff, 0xff, 0xff, 0xff, 0x00, 0x00, 0x00, 0x00,
  0x01, 0x00, 0x00, 0x00, 0xc6, 0xc8, 0x94, 0x3c, 0x4a, 0xb5, 0xff, 0xff,
  0x10, 0x00, 0x00, 0x00, 0x04, 0x00, 0x00, 0x00, 0x01, 0x00, 0x00, 0x00,
  0x8d, 0x00, 0x00, 0x00, 0x01, 0x00, 0x00, 0x00, 0x8c, 0x00, 0x00, 0x00,
  0xba, 0x25, 0xfe, 0xff, 0x00, 0x00, 0x09, 0x01, 0x24, 0x00, 0x00, 0x00,
  0x8e, 0x00, 0x00, 0x00, 0x08, 0x00, 0x00, 0x00, 0x2c, 0x00, 0x00, 0x00,
  0x0d, 0x00, 0x00, 0x00, 0x74, 0x66, 0x6c, 0x2e, 0x71, 0x75, 0x61, 0x6e,
  0x74, 0x69, 0x7a, 0x65, 0x38, 0x00, 0x00, 0x00, 0x04, 0x00, 0x00, 0x00,
  0x01, 0x00, 0x00, 0x00, 0x14, 0x00, 0x00, 0x00, 0x08, 0x00, 0x00, 0x00,
  0x08, 0x00, 0x00, 0x00, 0x14, 0x29, 0xfe, 0xff, 0x14, 0x00, 0x00, 0x00,
  0x04, 0x00, 0x00, 0x00, 0x01, 0x00, 0x00, 0x00, 0xac, 0xff, 0xff, 0xff,
  0xff, 0xff, 0xff, 0xff, 0x01, 0x00, 0x00, 0x00, 0x5b, 0x25, 0xb4, 0x3c,
  0x32, 0xb9, 0xff, 0xff, 0x0a, 0x00, 0x00, 0x00, 0x10, 0x00, 0x00, 0x00,
  0x04, 0x00, 0x00, 0x00, 0x01, 0x00, 0x00, 0x00, 0x8c, 0x00, 0x00, 0x00,
  0x01, 0x00, 0x00, 0x00, 0x8b, 0x00, 0x00, 0x00, 0xca, 0x25, 0xfe, 0xff,
  0x00, 0x00, 0x00, 0x01, 0x64, 0x00, 0x00, 0x00, 0x8d, 0x00, 0x00, 0x00,
  0x08, 0x00, 0x00, 0x00, 0x6c, 0x00, 0x00, 0x00, 0x4f, 0x00, 0x00, 0x00,
  0x74, 0x69, 0x6e, 0x79, 0x5f, 0x6e, 0x69, 0x64, 0x73, 0x5f, 0x74, 0x72,
  0x61, 0x6e, 0x73, 0x66, 0x6f, 0x72, 0x6d, 0x65, 0x72, 0x5f, 0x31, 0x2f,
  0x65, 0x6e, 0x63, 0x6f, 0x64, 0x65, 0x72, 0x5f, 0x62, 0x6c, 0x6f, 0x63,
  0x6b, 0x5f, 0x31, 0x5f, 0x31, 0x2f, 0x6d, 0x75, 0x6c, 0x74, 0x69, 0x5f,
  0x68, 0x65, 0x61, 0x64, 0x5f, 0x6c, 0x69, 0x6e, 0x65, 0x61, 0x72, 0x5f,
  0x61, 0x74, 0x74, 0x65, 0x6e, 0x74, 0x69, 0x6f, 0x6e, 0x5f, 0x33, 0x5f,
  0x31, 0x2f, 0x45, 0x6c, 0x75, 0x5f, 0x31, 0x00, 0x04, 0x00, 0x00, 0x00,
  0x01, 0x00, 0x00, 0x00, 0x14, 0x00, 0x00, 0x00, 0x08, 0x00, 0x00, 0x00,
  0x08, 0x00, 0x00, 0x00, 0xe0, 0x25, 0xfe, 0xff, 0xd6, 0xb9, 0xff, 0xff,
  0x04, 0x00, 0x00, 0x00, 0x10, 0x00, 0x00, 0x00, 0x04, 0x00, 0x00, 0x00,
  0x01, 0x00, 0x00, 0x00, 0x8b, 0x00, 0x00, 0x00, 0x01, 0x00, 0x00, 0x00,
  0x8a, 0x00, 0x00, 0x00, 0x6e, 0x26, 0xfe, 0xff, 0x00, 0x00, 0x00, 0x01,
  0x6c, 0x00, 0x00, 0x00, 0x8c, 0x00, 0x00, 0x00, 0x08, 0x00, 0x00, 0x00,
  0x74, 0x00, 0x00, 0x00, 0x54, 0x00, 0x00, 0x00, 0x74, 0x69, 0x6e, 0x79,
  0x5f, 0x6e, 0x69, 0x64, 0x73, 0x5f, 0x74, 0x72, 0x61, 0x6e, 0x73, 0x66,
  0x6f, 0x72, 0x6d, 0x65, 0x72, 0x5f, 0x31, 0x2f, 0x65, 0x6e, 0x63, 0x6f,
  0x64, 0x65, 0x72, 0x5f, 0x62, 0x6c, 0x6f, 0x63, 0x6b, 0x5f, 0x31, 0x5f,
  0x31, 0x2f, 0x6d, 0x75, 0x6c, 0x74, 0x69, 0x5f, 0x68, 0x65, 0x61, 0x64,
  0x5f, 0x6c, 0x69, 0x6e, 0x65, 0x61, 0x72, 0x5f, 0x61, 0x74, 0x74, 0x65,
  0x6e, 0x74, 0x69, 0x6f, 0x6e, 0x5f, 0x33, 0x5f, 0x31, 0x2f, 0x52, 0x65,
  0x73, 0x68, 0x61, 0x70, 0x65, 0x5f, 0x31, 0x31, 0x00, 0x00, 0x00, 0x00,
  0x04, 0x00, 0x00, 0x00, 0x01, 0x00, 0x00, 0x00, 0x14, 0x00, 0x00, 0x00,
  0x08, 0x00, 0x00, 0x00, 0x08, 0x00, 0x00, 0x00, 0x8c, 0x26, 0xfe, 0xff,
  0x82, 0xba, 0xff, 0xff, 0x09, 0x00, 0x00, 0x00, 0x10, 0x00, 0x00, 0x00,
  0x04, 0x00, 0x00, 0x00, 0x01, 0x00, 0x00, 0x00, 0x8a, 0x00, 0x00, 0x00,
  0x02, 0x00, 0x00, 0x00, 0x89, 0x00, 0x00, 0x00, 0x02, 0x00, 0x00, 0x00,
  0x8e, 0x27, 0xfe, 0xff, 0x00, 0x00, 0x09, 0x01, 0x68, 0x00, 0x00, 0x00,
  0x8b, 0x00, 0x00, 0x00, 0x08, 0x00, 0x00, 0x00, 0x70, 0x00, 0x00, 0x00,
  0x53, 0x00, 0x00, 0x00, 0x74, 0x69, 0x6e, 0x79, 0x5f, 0x6e, 0x69, 0x64,
  0x73, 0x5f, 0x74, 0x72, 0x61, 0x6e, 0x73, 0x66, 0x6f, 0x72, 0x6d, 0x65,
  0x72, 0x5f, 0x31, 0x2f, 0x65, 0x6e, 0x63, 0x6f, 0x64, 0x65, 0x72, 0x5f,
  0x62, 0x6c, 0x6f, 0x63, 0x6b, 0x5f, 0x31, 0x5f, 0x31, 0x2f, 0x6d, 0x75,
  0x6c, 0x74, 0x69, 0x5f, 0x68, 0x65, 0x61, 0x64, 0x5f, 0x6c, 0x69, 0x6e,
  0x65, 0x61, 0x72, 0x5f, 0x61, 0x74, 0x74, 0x65, 0x6e, 0x74, 0x69, 0x6f,
  0x6e, 0x5f, 0x33, 0x5f, 0x31, 0x2f, 0x52, 0x65, 0x73, 0x68, 0x61, 0x70,
  0x65, 0x5f, 0x31, 0x00, 0x04, 0x00, 0x00, 0x00, 0x01, 0x00, 0x00, 0x00,
  0x14, 0x00, 0x00, 0x00, 0x08, 0x00, 0x00, 0x00, 0x08, 0x00, 0x00, 0x00,
  0x2c, 0x2b, 0xfe, 0xff, 0x14, 0x00, 0x00, 0x00, 0x04, 0x00, 0x00, 0x00,
  0x01, 0x00, 0x00, 0x00, 0x01, 0x00, 0x00, 0x00, 0x00, 0x00, 0x00, 0x00,
  0x01, 0x00, 0x00, 0x00, 0x13, 0xc7, 0xec, 0x3c, 0xe6, 0xb9, 0xff, 0xff,
  0x00, 0x00, 0x00, 0x08, 0x01, 0x00, 0x00, 0x00, 0x1c, 0x00, 0x00, 0x00,
  0x10, 0x00, 0x00, 0x00, 0x04, 0x00, 0x00, 0x00, 0xae, 0xb8, 0xff, 0xff,
  0x00, 0x00, 0x00, 0x01, 0x01, 0x00, 0x00, 0x00, 0x89, 0x00, 0x00, 0x00,
  0x03, 0x00, 0x00, 0x00, 0x82, 0x00, 0x00, 0x00, 0x1a, 0x00, 0x00, 0x00,
  0x19, 0x00, 0x00, 0x00, 0x6a, 0x28, 0xfe, 0xff, 0x00, 0x00, 0x09, 0x01,
  0xd0, 0x00, 0x00, 0x00, 0x8a, 0x00, 0x00, 0x00, 0x08, 0x00, 0x00, 0x00,
  0xd4, 0x00, 0x00, 0x00, 0xbb, 0x00, 0x00, 0x00, 0x74, 0x69, 0x6e, 0x79,
  0x5f, 0x6e, 0x69, 0x64, 0x73, 0x5f, 0x74, 0x72, 0x61, 0x6e, 0x73, 0x66,
  0x6f, 0x72, 0x6d, 0x65, 0x72, 0x5f, 0x31, 0x2f, 0x65, 0x6e, 0x63, 0x6f,
  0x64, 0x65, 0x72, 0x5f, 0x62, 0x6c, 0x6f, 0x63, 0x6b, 0x5f, 0x31, 0x5f,
  0x31, 0x2f, 0x6d, 0x75, 0x6c, 0x74, 0x69, 0x5f, 0x68, 0x65, 0x61, 0x64,
  0x5f, 0x6c, 0x69, 0x6e, 0x65, 0x61, 0x72, 0x5f, 0x61, 0x74, 0x74, 0x65,
  0x6e, 0x74, 0x69, 0x6f, 0x6e, 0x5f, 0x33, 0x5f, 0x31, 0x2f, 0x64, 0x65,
  0x6e, 0x73, 0x65, 0x5f, 0x32, 0x30, 0x5f, 0x31, 0x2f, 0x54, 0x65, 0x6e,
  0x73, 0x6f, 0x72, 0x64, 0x6f, 0x74, 0x3b, 0x74, 0x69, 0x6e, 0x79, 0x5f,
  0x6e, 0x69, 0x64, 0x73, 0x5f, 0x74, 0x72, 0x61, 0x6e, 0x73, 0x66, 0x6f,
  0x72, 0x6d, 0x65, 0x72, 0x5f, 0x31, 0x2f, 0x65, 0x6e, 0x63, 0x6f, 0x64,
  0x65, 0x72, 0x5f, 0x62, 0x6c, 0x6f, 0x63, 0x6b, 0x5f, 0x31, 0x5f, 0x31,
  0x2f, 0x6d, 0x75, 0x6c, 0x74, 0x69, 0x5f, 0x68, 0x65, 0x61, 0x64, 0x5f,
  0x6c, 0x69, 0x6e, 0x65, 0x61, 0x72, 0x5f, 0x61, 0x74, 0x74, 0x65, 0x6e,
  0x74, 0x69, 0x6f, 0x6e, 0x5f, 0x33, 0x5f, 0x31, 0x2f, 0x64, 0x65, 0x6e,
  0x73, 0x65, 0x5f, 0x32, 0x30, 0x5f, 0x31, 0x2f, 0x42, 0x69, 0x61, 0x73,
  0x41, 0x64, 0x64, 0x00, 0x03, 0x00, 0x00, 0x00, 0x01, 0x00, 0x00, 0x00,
  0x14, 0x00, 0x00, 0x00, 0x40, 0x00, 0x00, 0x00, 0x6c, 0x2c, 0xfe, 0xff,
  0x14, 0x00, 0x00, 0x00, 0x04, 0x00, 0x00, 0x00, 0x01, 0x00, 0x00, 0x00,
  0x01, 0x00, 0x00, 0x00, 0x00, 0x00, 0x00, 0x00, 0x01, 0x00, 0x00, 0x00,
  0x13, 0xc7, 0xec, 0x3c, 0x26, 0xbb, 0xff, 0xff, 0x00, 0x00, 0x00, 0x0b,
  0x02, 0x00, 0x00, 0x00, 0x18, 0x00, 0x00, 0x00, 0x0c, 0x00, 0x00, 0x00,
  0x04, 0x00, 0x00, 0x00, 0xb0, 0x28, 0xfe, 0xff, 0x01, 0x00, 0x00, 0x00,
  0x88, 0x00, 0x00, 0x00, 0x02, 0x00, 0x00, 0x00, 0x87, 0x00, 0x00, 0x00,
  0x2c, 0x00, 0x00, 0x00, 0xa2, 0x29, 0xfe, 0xff, 0x00, 0x00, 0x09, 0x01,
  0x64, 0x00, 0x00, 0x00, 0x89, 0x00, 0x00, 0x00, 0x08, 0x00, 0x00, 0x00,
  0x6c, 0x00, 0x00, 0x00, 0x4d, 0x00, 0x00, 0x00, 0x74, 0x69, 0x6e, 0x79,
  0x5f, 0x6e, 0x69, 0x64, 0x73, 0x5f, 0x74, 0x72, 0x61, 0x6e, 0x73, 0x66,
  0x6f, 0x72, 0x6d, 0x65, 0x72, 0x5f, 0x31, 0x2f, 0x65, 0x6e, 0x63, 0x6f,
  0x64, 0x65, 0x72, 0x5f, 0x62, 0x6c, 0x6f, 0x63, 0x6b, 0x5f, 0x31, 0x5f,
  0x31, 0x2f, 0x6d, 0x75, 0x6c, 0x74, 0x69, 0x5f, 0x68, 0x65, 0x61, 0x64,
  0x5f, 0x6c, 0x69, 0x6e, 0x65, 0x61, 0x72, 0x5f, 0x61, 0x74, 0x74, 0x65,
  0x6e, 0x74, 0x69, 0x6f, 0x6e, 0x5f, 0x33, 0x5f, 0x31, 0x2f, 0x61, 0x64,
  0x64, 0x00, 0x00, 0x00, 0x04, 0x00, 0x00, 0x00, 0x01, 0x00, 0x00, 0x00,
  0x14, 0x00, 0x00, 0x00, 0x08, 0x00, 0x00, 0x00, 0x08, 0x00, 0x00, 0x00,
  0x3c, 0x2d, 0xfe, 0xff, 0x18, 0x00, 0x00, 0x00, 0x04, 0x00, 0x00, 0x00,
  0x01, 0x00, 0x00, 0x00, 0x80, 0xff, 0xff, 0xff, 0xff, 0xff, 0xff, 0xff,
  0x00, 0x00, 0x00, 0x00, 0x01, 0x00, 0x00, 0x00, 0x94, 0x05, 0x8f, 0x3c,
  0xf2, 0xb9, 0xff, 0xff, 0x10, 0x00, 0x00, 0x00, 0x04, 0x00, 0x00, 0x00,
  0x01, 0x00, 0x00, 0x00, 0x87, 0x00, 0x00, 0x00, 0x01, 0x00, 0x00, 0x00,
  0x86, 0x00, 0x00, 0x00, 0x62, 0x2a, 0xfe, 0xff, 0x00, 0x00, 0x09, 0x01,
  0x24, 0x00, 0x00, 0x00, 0x88, 0x00, 0x00, 0x00, 0x08, 0x00, 0x00, 0x00,
  0x2c, 0x00, 0x00, 0x00, 0x0d, 0x00, 0x00, 0x00, 0x74, 0x66, 0x6c, 0x2e,
  0x71, 0x75, 0x61, 0x6e, 0x74, 0x69, 0x7a, 0x65, 0x37, 0x00, 0x00, 0x00,
  0x04, 0x00, 0x00, 0x00, 0x01, 0x00, 0x00, 0x00, 0x14, 0x00, 0x00, 0x00,
  0x08, 0x00, 0x00, 0x00, 0x08, 0x00, 0x00, 0x00, 0xbc, 0x2d, 0xfe, 0xff,
  0x18, 0x00, 0x00, 0x00, 0x04, 0x00, 0x00, 0x00, 0x01, 0x00, 0x00, 0x00,
  0xad, 0xff, 0xff, 0xff, 0xff, 0xff, 0xff, 0xff, 0x00, 0x00, 0x00, 0x00,
  0x01, 0x00, 0x00, 0x00, 0x79, 0xd2, 0xad, 0x3c, 0xde, 0xbd, 0xff, 0xff,
  0x0a, 0x00, 0x00, 0x00, 0x10, 0x00, 0x00, 0x00, 0x04, 0x00, 0x00, 0x00,
  0x01, 0x00, 0x00, 0x00, 0x86, 0x00, 0x00, 0x00, 0x01, 0x00, 0x00, 0x00,
  0x85, 0x00, 0x00, 0x00, 0x76, 0x2a, 0xfe, 0xff, 0x00, 0x00, 0x00, 0x01,
  0x64, 0x00, 0x00, 0x00, 0x87, 0x00, 0x00, 0x00, 0x08, 0x00, 0x00, 0x00,
  0x6c, 0x00, 0x00, 0x00, 0x4d, 0x00, 0x00, 0x00, 0x74, 0x69, 0x6e, 0x79,
  0x5f, 0x6e, 0x69, 0x64, 0x73, 0x5f, 0x74, 0x72, 0x61, 0x6e, 0x73, 0x66,
  0x6f, 0x72, 0x6d, 0x65, 0x72, 0x5f, 0x31, 0x2f, 0x65, 0x6e, 0x63, 0x6f,
  0x64, 0x65, 0x72, 0x5f, 0x62, 0x6c, 0x6f, 0x63, 0x6b, 0x5f, 0x31, 0x5f,
  0x31, 0x2f, 0x6d, 0x75, 0x6c, 0x74, 0x69, 0x5f, 0x68, 0x65, 0x61, 0x64,
  0x5f, 0x6c, 0x69, 0x6e, 0x65, 0x61, 0x72, 0x5f, 0x61, 0x74, 0x74, 0x65,
  0x6e, 0x74, 0x69, 0x6f, 0x6e, 0x5f, 0x33, 0x5f, 0x31, 0x2f, 0x45, 0x6c,
  0x75, 0x00, 0x00, 0x00, 0x04, 0x00, 0x00, 0x00, 0x01, 0x00, 0x00, 0x00,
  0x14, 0x00, 0x00, 0x00, 0x08, 0x00, 0x00, 0x00, 0x08, 0x00, 0x00, 0x00,
  0x8c, 0x2a, 0xfe, 0xff, 0x82, 0xbe, 0xff, 0xff, 0x04, 0x00, 0x00, 0x00,
  0x10, 0x00, 0x00, 0x00, 0x04, 0x00, 0x00, 0x00, 0x01, 0x00, 0x00, 0x00,
  0x85, 0x00, 0x00, 0x00, 0x01, 0x00, 0x00, 0x00, 0x84, 0x00, 0x00, 0x00,
  0x1a, 0x2b, 0xfe, 0xff, 0x00, 0x00, 0x00, 0x01, 0x68, 0x00, 0x00, 0x00,
  0x86, 0x00, 0x00, 0x00, 0x08, 0x00, 0x00, 0x00, 0x70, 0x00, 0x00, 0x00,
  0x52, 0x00, 0x00, 0x00, 0x74, 0x69, 0x6e, 0x79, 0x5f, 0x6e, 0x69, 0x64,
  0x73, 0x5f, 0x74, 0x72, 0x61, 0x6e, 0x73, 0x66, 0x6f, 0x72, 0x6d, 0x65,
  0x72, 0x5f, 0x31, 0x2f, 0x65, 0x6e, 0x63, 0x6f, 0x64, 0x65, 0x72, 0x5f,
  0x62, 0x6c, 0x6f, 0x63, 0x6b, 0x5f, 0x31, 0x5f, 0x31, 0x2f, 0x6d, 0x75,
  0x6c, 0x74, 0x69, 0x5f, 0x68, 0x65, 0x61, 0x64, 0x5f, 0x6c, 0x69, 0x6e,
  0x65, 0x61, 0x72, 0x5f, 0x61, 0x74, 0x74, 0x65, 0x6e, 0x74, 0x69, 0x6f,
  0x6e, 0x5f, 0x33, 0x5f, 0x31, 0x2f, 0x52, 0x65, 0x73, 0x68, 0x61, 0x70,
  0x65, 0x31, 0x00, 0x00, 0x04, 0x00, 0x00, 0x00, 0x01, 0x00, 0x00, 0x00,
  0x14, 0x00, 0x00, 0x00, 0x08, 0x00, 0x00, 0x00, 0x08, 0x00, 0x00, 0x00,
  0x34, 0x2b, 0xfe, 0xff, 0x2a, 0xbf, 0xff, 0xff, 0x09, 0x00, 0x00, 0x00,
  0x10, 0x00, 0x00, 0x00, 0x04, 0x00, 0x00, 0x00, 0x01, 0x00, 0x00, 0x00,
  0x84, 0x00, 0x00, 0x00, 0x02, 0x00, 0x00, 0x00, 0x83, 0x00, 0x00, 0x00,
  0x02, 0x00, 0x00, 0x00, 0x36, 0x2c, 0xfe, 0xff, 0x00, 0x00, 0x09, 0x01,
  0x68, 0x00, 0x00, 0x00, 0x85, 0x00, 0x00, 0x00, 0x08, 0x00, 0x00, 0x00,
  0x70, 0x00, 0x00, 0x00, 0x51, 0x00, 0x00, 0x00, 0x74, 0x69, 0x6e, 0x79,
  0x5f, 0x6e, 0x69, 0x64, 0x73, 0x5f, 0x74, 0x72, 0x61, 0x6e, 0x73, 0x66,
  0x6f, 0x72, 0x6d, 0x65, 0x72, 0x5f, 0x31, 0x2f, 0x65, 0x6e, 0x63, 0x6f,
  0x64, 0x65, 0x72, 0x5f, 0x62, 0x6c, 0x6f, 0x63, 0x6b, 0x5f, 0x31, 0x5f,
  0x31, 0x2f, 0x6d, 0x75, 0x6c, 0x74, 0x69, 0x5f, 0x68, 0x65, 0x61, 0x64,
  0x5f, 0x6c, 0x69, 0x6e, 0x65, 0x61, 0x72, 0x5f, 0x61, 0x74, 0x74, 0x65,
  0x6e, 0x74, 0x69, 0x6f, 0x6e, 0x5f, 0x33, 0x5f, 0x31, 0x2f, 0x52, 0x65,
  0x73, 0x68, 0x61, 0x70, 0x65, 0x00, 0x00, 0x00, 0x04, 0x00, 0x00, 0x00,
  0x01, 0x00, 0x00, 0x00, 0x14, 0x00, 0x00, 0x00, 0x08, 0x00, 0x00, 0x00,
  0x08, 0x00, 0x00, 0x00, 0xd4, 0x2f, 0xfe, 0xff, 0x14, 0x00, 0x00, 0x00,
  0x04, 0x00, 0x00, 0x00, 0x01, 0x00, 0x00, 0x00, 0xfa, 0xff, 0xff, 0xff,
  0xff, 0xff, 0xff, 0xff, 0x01, 0x00, 0x00, 0x00, 0x3b, 0x51, 0xd5, 0x3c,
  0x8e, 0xbe, 0xff, 0xff, 0x00, 0x00, 0x00, 0x08, 0x01, 0x00, 0x00, 0x00,
  0x1c, 0x00, 0x00, 0x00, 0x10, 0x00, 0x00, 0x00, 0x04, 0x00, 0x00, 0x00,
  0x56, 0xbd, 0xff, 0xff, 0x00, 0x00, 0x00, 0x01, 0x01, 0x00, 0x00, 0x00,
  0x83, 0x00, 0x00, 0x00, 0x03, 0x00, 0x00, 0x00, 0x82, 0x00, 0x00, 0x00,
  0x1c, 0x00, 0x00, 0x00, 0x1b, 0x00, 0x00, 0x00, 0x12, 0x2d, 0xfe, 0xff,
  0x00, 0x00, 0x09, 0x01, 0xd0, 0x00, 0x00, 0x00, 0x84, 0x00, 0x00, 0x00,
  0x08, 0x00, 0x00, 0x00, 0xd4, 0x00, 0x00, 0x00, 0xbb, 0x00, 0x00, 0x00,
  0x74, 0x69, 0x6e, 0x79, 0x5f, 0x6e, 0x69, 0x64, 0x73, 0x5f, 0x74, 0x72,
  0x61, 0x6e, 0x73, 0x66, 0x6f, 0x72, 0x6d, 0x65, 0x72, 0x5f, 0x31, 0x2f,
  0x65, 0x6e, 0x63, 0x6f, 0x64, 0x65, 0x72, 0x5f, 0x62, 0x6c, 0x6f, 0x63,
  0x6b, 0x5f, 0x31, 0x5f, 0x31, 0x2f, 0x6d, 0x75, 0x6c, 0x74, 0x69, 0x5f,
  0x68, 0x65, 0x61, 0x64, 0x5f, 0x6c, 0x69, 0x6e, 0x65, 0x61, 0x72, 0x5f,
  0x61, 0x74, 0x74, 0x65, 0x6e, 0x74, 0x69, 0x6f, 0x6e, 0x5f, 0x33, 0x5f,
  0x31, 0x2f, 0x64, 0x65, 0x6e, 0x73, 0x65, 0x5f, 0x31, 0x39, 0x5f, 0x31,
  0x2f, 0x54, 0x65, 0x6e, 0x73, 0x6f, 0x72, 0x64, 0x6f, 0x74, 0x3b, 0x74,
  0x69, 0x6e, 0x79, 0x5f, 0x6e, 0x69, 0x64, 0x73, 0x5f, 0x74, 0x72, 0x61,
  0x6e, 0x73, 0x66, 0x6f, 0x72, 0x6d, 0x65, 0x72, 0x5f, 0x31, 0x2f, 0x65,
  0x6e, 0x63, 0x6f, 0x64, 0x65, 0x72, 0x5f, 0x62, 0x6c, 0x6f, 0x63, 0x6b,
  0x5f, 0x31, 0x5f, 0x31, 0x2f, 0x6d, 0x75, 0x6c, 0x74, 0x69, 0x5f, 0x68,
  0x65, 0x61, 0x64, 0x5f, 0x6c, 0x69, 0x6e, 0x65, 0x61, 0x72, 0x5f, 0x61,
  0x74, 0x74, 0x65, 0x6e, 0x74, 0x69, 0x6f, 0x6e, 0x5f, 0x33, 0x5f, 0x31,
  0x2f, 0x64, 0x65, 0x6e, 0x73, 0x65, 0x5f, 0x31, 0x39, 0x5f, 0x31, 0x2f,
  0x42, 0x69, 0x61, 0x73, 0x41, 0x64, 0x64, 0x00, 0x03, 0x00, 0x00, 0x00,
  0x01, 0x00, 0x00, 0x00, 0x14, 0x00, 0x00, 0x00, 0x40, 0x00, 0x00, 0x00,
  0x14, 0x31, 0xfe, 0xff, 0x18, 0x00, 0x00, 0x00, 0x04, 0x00, 0x00, 0x00,
  0x01, 0x00, 0x00, 0x00, 0xfa, 0xff, 0xff, 0xff, 0xff, 0xff, 0xff, 0xff,
  0x00, 0x00, 0x00, 0x00, 0x01, 0x00, 0x00, 0x00, 0x3b, 0x51, 0xd5, 0x3c,
  0xd2, 0xbf, 0xff, 0xff, 0x00, 0x00, 0x00, 0x0b, 0x02, 0x00, 0x00, 0x00,
  0x18, 0x00, 0x00, 0x00, 0x0c, 0x00, 0x00, 0x00, 0x04, 0x00, 0x00, 0x00,
  0x5c, 0x2d, 0xfe, 0xff, 0x01, 0x00, 0x00, 0x00, 0x82, 0x00, 0x00, 0x00,
  0x02, 0x00, 0x00, 0x00, 0x81, 0x00, 0x00, 0x00, 0x80, 0x00, 0x00, 0x00,
  0x4e, 0x2e, 0xfe, 0xff, 0x00, 0x00, 0x09, 0x01, 0x5c, 0x00, 0x00, 0x00,
  0x83, 0x00, 0x00, 0x00, 0x08, 0x00, 0x00, 0x00, 0x60, 0x00, 0x00, 0x00,
  0x47, 0x00, 0x00, 0x00, 0x74, 0x69, 0x6e, 0x79, 0x5f, 0x6e, 0x69, 0x64,
  0x73, 0x5f, 0x74, 0x72, 0x61, 0x6e, 0x73, 0x66, 0x6f, 0x72, 0x6d, 0x65,
  0x72, 0x5f, 0x31, 0x2f, 0x65, 0x6e, 0x63, 0x6f, 0x64, 0x65, 0x72, 0x5f,
  0x62, 0x6c, 0x6f, 0x63, 0x6b, 0x5f, 0x31, 0x5f, 0x31, 0x2f, 0x6c, 0x61,
  0x79, 0x65, 0x72, 0x5f, 0x6e, 0x6f, 0x72, 0x6d, 0x61, 0x6c, 0x69, 0x7a,
  0x61, 0x74, 0x69, 0x6f, 0x6e, 0x5f, 0x36, 0x5f, 0x31, 0x2f, 0x61, 0x64,
  0x64, 0x5f, 0x32, 0x00, 0x03, 0x00, 0x00, 0x00, 0x01, 0x00, 0x00, 0x00,
  0x14, 0x00, 0x00, 0x00, 0x40, 0x00, 0x00, 0x00, 0xdc, 0x31, 0xfe, 0xff,
  0x18, 0x00, 0x00, 0x00, 0x04, 0x00, 0x00, 0x00, 0x01, 0x00, 0x00, 0x00,
  0x15, 0x00, 0x00, 0x00, 0x00, 0x00, 0x00, 0x00, 0x00, 0x00, 0x00, 0x00,
  0x01, 0x00, 0x00, 0x00, 0xa6, 0x73, 0xd7, 0x3c, 0x9a, 0xc0, 0xff, 0xff,
  0x00, 0x00, 0x00, 0x15, 0x08, 0x00, 0x00, 0x00, 0x18, 0x00, 0x00, 0x00,
  0x0c, 0x00, 0x00, 0x00, 0x04, 0x00, 0x00, 0x00, 0x24, 0x2e, 0xfe, 0xff,
  0x01, 0x00, 0x00, 0x00, 0x81, 0x00, 0x00, 0x00, 0x02, 0x00, 0x00, 0x00,
  0x75, 0x00, 0x00, 0x00, 0x7e, 0x00, 0x00, 0x00, 0x16, 0x2f, 0xfe, 0xff,
  0x00, 0x00, 0x09, 0x01, 0x5c, 0x00, 0x00, 0x00, 0x82, 0x00, 0x00, 0x00,
  0x08, 0x00, 0x00, 0x00, 0x60, 0x00, 0x00, 0x00, 0x47, 0x00, 0x00, 0x00,
  0x74, 0x69, 0x6e, 0x79, 0x5f, 0x6e, 0x69, 0x64, 0x73, 0x5f, 0x74, 0x72,
  0x61, 0x6e, 0x73, 0x66, 0x6f, 0x72, 0x6d, 0x65, 0x72, 0x5f, 0x31, 0x2f,
  0x65, 0x6e, 0x63, 0x6f, 0x64, 0x65, 0x72, 0x5f, 0x62, 0x6c, 0x6f, 0x63,
  0x6b, 0x5f, 0x31, 0x5f, 0x31, 0x2f, 0x6c, 0x61, 0x79, 0x65, 0x72, 0x5f,
  0x6e, 0x6f, 0x72, 0x6d, 0x61, 0x6c, 0x69, 0x7a, 0x61, 0x74, 0x69, 0x6f,
  0x6e, 0x5f, 0x36, 0x5f, 0x31, 0x2f, 0x6d, 0x75, 0x6c, 0x5f, 0x32, 0x00,
  0x03, 0x00, 0x00, 0x00, 0x01, 0x00, 0x00, 0x00, 0x14, 0x00, 0x00, 0x00,
  0x40, 0x00, 0x00, 0x00, 0xa4, 0x32, 0xfe, 0xff, 0x18, 0x00, 0x00, 0x00,
  0x04, 0x00, 0x00, 0x00, 0x01, 0x00, 0x00, 0x00, 0x08, 0x00, 0x00, 0x00,
  0x00, 0x00, 0x00, 0x00, 0x00, 0x00, 0x00, 0x00, 0x01, 0x00, 0x00, 0x00,
  0x11, 0xe3, 0xeb, 0x3c, 0x62, 0xc1, 0xff, 0xff, 0x00, 0x00, 0x00, 0x0b,
  0x02, 0x00, 0x00, 0x00, 0x18, 0x00, 0x00, 0x00, 0x0c, 0x00, 0x00, 0x00,
  0x04, 0x00, 0x00, 0x00, 0xec, 0x2e, 0xfe, 0xff, 0x01, 0x00, 0x00, 0x00,
  0x80, 0x00, 0x00, 0x00, 0x02, 0x00, 0x00, 0x00, 0x7f, 0x00, 0x00, 0x00,
  0x1d, 0x00, 0x00, 0x00, 0xde, 0x2f, 0xfe, 0xff, 0x00, 0x00, 0x09, 0x01,
  0x5c, 0x00, 0x00, 0x00, 0x81, 0x00, 0x00, 0x00, 0x08, 0x00, 0x00, 0x00,
  0x60, 0x00, 0x00, 0x00, 0x47, 0x00, 0x00, 0x00, 0x74, 0x69, 0x6e, 0x79,
  0x5f, 0x6e, 0x69, 0x64, 0x73, 0x5f, 0x74, 0x72, 0x61, 0x6e, 0x73, 0x66,
  0x6f, 0x72, 0x6d, 0x65, 0x72, 0x5f, 0x31, 0x2f, 0x65, 0x6e, 0x63, 0x6f,
  0x64, 0x65, 0x72, 0x5f, 0x62, 0x6c, 0x6f, 0x63, 0x6b, 0x5f, 0x31, 0x5f,
  0x31, 0x2f, 0x6c, 0x61, 0x79, 0x65, 0x72, 0x5f, 0x6e, 0x6f, 0x72, 0x6d,
  0x61, 0x6c, 0x69, 0x7a, 0x61, 0x74, 0x69, 0x6f, 0x6e, 0x5f, 0x36, 0x5f,
  0x31, 0x2f, 0x61, 0x64, 0x64, 0x5f, 0x31, 0x00, 0x03, 0x00, 0x00, 0x00,
  0x01, 0x00, 0x00, 0x00, 0x14, 0x00, 0x00, 0x00, 0x40, 0x00, 0x00, 0x00,
  0x6c, 0x33, 0xfe, 0xff, 0x18, 0x00, 0x00, 0x00, 0x04, 0x00, 0x00, 0x00,
  0x01, 0x00, 0x00, 0x00, 0x7f, 0x00, 0x00, 0x00, 0x00, 0x00, 0x00, 0x00,
  0x00, 0x00, 0x00, 0x00, 0x01, 0x00, 0x00, 0x00, 0xf7, 0x94, 0x4c, 0x3b,
  0x2a, 0xc2, 0xff, 0xff, 0x00, 0x00, 0x00, 0x15, 0x08, 0x00, 0x00, 0x00,
  0x18, 0x00, 0x00, 0x00, 0x0c, 0x00, 0x00, 0x00, 0x04, 0x00, 0x00, 0x00,
  0xb4, 0x2f, 0xfe, 0xff, 0x01, 0x00, 0x00, 0x00, 0x7f, 0x00, 0x00, 0x00,
  0x02, 0x00, 0x00, 0x00, 0x79, 0x00, 0x00, 0x00, 0x7e, 0x00, 0x00, 0x00,
  0xa6, 0x30, 0xfe, 0xff, 0x00, 0x00, 0x09, 0x01, 0x5c, 0x00, 0x00, 0x00,
  0x80, 0x00, 0x00, 0x00, 0x08, 0x00, 0x00, 0x00, 0x60, 0x00, 0x00, 0x00,
  0x47, 0x00, 0x00, 0x00, 0x74, 0x69, 0x6e, 0x79, 0x5f, 0x6e, 0x69, 0x64,
  0x73, 0x5f, 0x74, 0x72, 0x61, 0x6e, 0x73, 0x66, 0x6f, 0x72, 0x6d, 0x65,
  0x72, 0x5f, 0x31, 0x2f, 0x65, 0x6e, 0x63, 0x6f, 0x64, 0x65, 0x72, 0x5f,
  0x62, 0x6c, 0x6f, 0x63, 0x6b, 0x5f, 0x31, 0x5f, 0x31, 0x2f, 0x6c, 0x61,
  0x79, 0x65, 0x72, 0x5f, 0x6e, 0x6f, 0x72, 0x6d, 0x61, 0x6c, 0x69, 0x7a,
  0x61, 0x74, 0x69, 0x6f, 0x6e, 0x5f, 0x36, 0x5f, 0x31, 0x2f, 0x6d, 0x75,
  0x6c, 0x5f, 0x31, 0x00, 0x03, 0x00, 0x00, 0x00, 0x01, 0x00, 0x00, 0x00,
  0x14, 0x00, 0x00, 0x00, 0x40, 0x00, 0x00, 0x00, 0x34, 0x34, 0xfe, 0xff,
  0x18, 0x00, 0x00, 0x00, 0x04, 0x00, 0x00, 0x00, 0x01, 0x00, 0x00, 0x00,
  0x7f, 0x00, 0x00, 0x00, 0x00, 0x00, 0x00, 0x00, 0x00, 0x00, 0x00, 0x00,
  0x01, 0x00, 0x00, 0x00, 0x0c, 0x97, 0x4d, 0x3b, 0xf2, 0xc2, 0xff, 0xff,
  0x00, 0x00, 0x00, 0x15, 0x08, 0x00, 0x00, 0x00, 0x18, 0x00, 0x00, 0x00,
  0x0c, 0x00, 0x00, 0x00, 0x04, 0x00, 0x00, 0x00, 0x7c, 0x30, 0xfe, 0xff,
  0x01, 0x00, 0x00, 0x00, 0x7e, 0x00, 0x00, 0x00, 0x02, 0x00, 0x00, 0x00,
  0x7d, 0x00, 0x00, 0x00, 0x1e, 0x00, 0x00, 0x00, 0x6e, 0x31, 0xfe, 0xff,
  0x00, 0x00, 0x09, 0x01, 0x5c, 0x00, 0x00, 0x00, 0x7f, 0x00, 0x00, 0x00,
  0x08, 0x00, 0x00, 0x00, 0x60, 0x00, 0x00, 0x00, 0x45, 0x00, 0x00, 0x00,
  0x74, 0x69, 0x6e, 0x79, 0x5f, 0x6e, 0x69, 0x64, 0x73, 0x5f, 0x74, 0x72,
  0x61, 0x6e, 0x73, 0x66, 0x6f, 0x72, 0x6d, 0x65, 0x72, 0x5f, 0x31, 0x2f,
  0x65, 0x6e, 0x63, 0x6f, 0x64, 0x65, 0x72, 0x5f, 0x62, 0x6c, 0x6f, 0x63,
  0x6b, 0x5f, 0x31, 0x5f, 0x31, 0x2f, 0x6c, 0x61, 0x79, 0x65, 0x72, 0x5f,
  0x6e, 0x6f, 0x72, 0x6d, 0x61, 0x6c, 0x69, 0x7a, 0x61, 0x74, 0x69, 0x6f,
  0x6e, 0x5f, 0x36, 0x5f, 0x31, 0x2f, 0x6d, 0x75, 0x6c, 0x00, 0x00, 0x00,
  0x03, 0x00, 0x00, 0x00, 0x01, 0x00, 0x00, 0x00, 0x14, 0x00, 0x00, 0x00,
  0x40, 0x00, 0x00, 0x00, 0xfc, 0x34, 0xfe, 0xff, 0x18, 0x00, 0x00, 0x00,
  0x04, 0x00, 0x00, 0x00, 0x01, 0x00, 0x00, 0x00, 0x80, 0xff, 0xff, 0xff,
  0xff, 0xff, 0xff, 0xff, 0x00, 0x00, 0x00, 0x00, 0x01, 0x00, 0x00, 0x00,
  0x9a, 0x6e, 0xa7, 0x3b, 0x1e, 0xc5, 0xff, 0xff, 0x07, 0x00, 0x00, 0x00,
  0x10, 0x00, 0x00, 0x00, 0x04, 0x00, 0x00, 0x00, 0x01, 0x00, 0x00, 0x00,
  0x7d, 0x00, 0x00, 0x00, 0x01, 0x00, 0x00, 0x00, 0x7c, 0x00, 0x00, 0x00,
  0x26, 0x32, 0xfe, 0xff, 0x00, 0x00, 0x09, 0x01, 0x5c, 0x00, 0x00, 0x00,
  0x7e, 0x00, 0x00, 0x00, 0x08, 0x00, 0x00, 0x00, 0x60, 0x00, 0x00, 0x00,
  0x47, 0x00, 0x00, 0x00, 0x74, 0x69, 0x6e, 0x79, 0x5f, 0x6e, 0x69, 0x64,
  0x73, 0x5f, 0x74, 0x72, 0x61, 0x6e, 0x73, 0x66, 0x6f, 0x72, 0x6d, 0x65,
  0x72, 0x5f, 0x31, 0x2f, 0x65, 0x6e, 0x63, 0x6f, 0x64, 0x65, 0x72, 0x5f,
  0x62, 0x6c, 0x6f, 0x63, 0x6b, 0x5f, 0x31, 0x5f, 0x31, 0x2f, 0x6c, 0x61,
  0x79, 0x65, 0x72, 0x5f, 0x6e, 0x6f, 0x72, 0x6d, 0x61, 0x6c, 0x69, 0x7a,
  0x61, 0x74, 0x69, 0x6f, 0x6e, 0x5f, 0x36, 0x5f, 0x31, 0x2f, 0x52, 0x73,
  0x71, 0x72, 0x74, 0x00, 0x03, 0x00, 0x00, 0x00, 0x01, 0x00, 0x00, 0x00,
  0x14, 0x00, 0x00, 0x00, 0x01, 0x00, 0x00, 0x00, 0xb4, 0x35, 0xfe, 0xff,
  0x18, 0x00, 0x00, 0x00, 0x04, 0x00, 0x00, 0x00, 0x01, 0x00, 0x00, 0x00,
  0x80, 0xff, 0xff, 0xff, 0xff, 0xff, 0xff, 0xff, 0x00, 0x00, 0x00, 0x00,
  0x01, 0x00, 0x00, 0x00, 0x1a, 0xf6, 0x93, 0x3b, 0x72, 0xc4, 0xff, 0xff,
  0x00, 0x00, 0x00, 0x0b, 0x02, 0x00, 0x00, 0x00, 0x18, 0x00, 0x00, 0x00,
  0x0c, 0x00, 0x00, 0x00, 0x04, 0x00, 0x00, 0x00, 0xfc, 0x31, 0xfe, 0xff,
  0x01, 0x00, 0x00, 0x00, 0x7c, 0x00, 0x00, 0x00, 0x02, 0x00, 0x00, 0x00,
  0x7b, 0x00, 0x00, 0x00, 0x31, 0x00, 0x00, 0x00, 0xee, 0x32, 0xfe, 0xff,
  0x00, 0x00, 0x09, 0x01, 0x5c, 0x00, 0x00, 0x00, 0x7d, 0x00, 0x00, 0x00,
  0x08, 0x00, 0x00, 0x00, 0x60, 0x00, 0x00, 0x00, 0x45, 0x00, 0x00, 0x00,
  0x74, 0x69, 0x6e, 0x79, 0x5f, 0x6e, 0x69, 0x64, 0x73, 0x5f, 0x74, 0x72,
  0x61, 0x6e, 0x73, 0x66, 0x6f, 0x72, 0x6d, 0x65, 0x72, 0x5f, 0x31, 0x2f,
  0x65, 0x6e, 0x63, 0x6f, 0x64, 0x65, 0x72, 0x5f, 0x62, 0x6c, 0x6f, 0x63,
  0x6b, 0x5f, 0x31, 0x5f, 0x31, 0x2f, 0x6c, 0x61, 0x79, 0x65, 0x72, 0x5f,
  0x6e, 0x6f, 0x72, 0x6d, 0x61, 0x6c, 0x69, 0x7a, 0x61, 0x74, 0x69, 0x6f,
  0x6e, 0x5f, 0x36, 0x5f, 0x31, 0x2f, 0x61, 0x64, 0x64, 0x00, 0x00, 0x00,
  0x03, 0x00, 0x00, 0x00, 0x01, 0x00, 0x00, 0x00, 0x14, 0x00, 0x00, 0x00,
  0x01, 0x00, 0x00, 0x00, 0x7c, 0x36, 0xfe, 0xff, 0x18, 0x00, 0x00, 0x00,
  0x04, 0x00, 0x00, 0x00, 0x01, 0x00, 0x00, 0x00, 0x80, 0xff, 0xff, 0xff,
  0xff, 0xff, 0xff, 0xff, 0x00, 0x00, 0x00, 0x00, 0x01, 0x00, 0x00, 0x00,
  0x65, 0x5e, 0xec, 0x3c, 0x3a, 0xc5, 0xff, 0xff, 0x00, 0x00, 0x00, 0x1b,
  0x03, 0x00, 0x00, 0x00, 0x1c, 0x00, 0x00, 0x00, 0x10, 0x00, 0x00, 0x00,
  0x04, 0x00, 0x00, 0x00, 0x22, 0xc6, 0xff, 0xff, 0x00, 0x00, 0x00, 0x01,
  0x01, 0x00, 0x00, 0x00, 0x7b, 0x00, 0x00, 0x00, 0x02, 0x00, 0x00, 0x00,
  0x7a, 0x00, 0x00, 0x00, 0x01, 0x00, 0x00, 0x00, 0xba, 0x33, 0xfe, 0xff,
  0x00, 0x00, 0x09, 0x01, 0x68, 0x00, 0x00, 0x00, 0x7c, 0x00, 0x00, 0x00,
  0x08, 0x00, 0x00, 0x00, 0x6c, 0x00, 0x00, 0x00, 0x52, 0x00, 0x00, 0x00,
  0x74, 0x69, 0x6e, 0x79, 0x5f, 0x6e, 0x69, 0x64, 0x73, 0x5f, 0x74, 0x72,
  0x61, 0x6e, 0x73, 0x66, 0x6f, 0x72, 0x6d, 0x65, 0x72, 0x5f, 0x31, 0x2f,
  0x65, 0x6e, 0x63, 0x6f, 0x64, 0x65, 0x72, 0x5f, 0x62, 0x6c, 0x6f, 0x63,
  0x6b, 0x5f, 0x31, 0x5f, 0x31, 0x2f, 0x6c, 0x61, 0x79, 0x65, 0x72, 0x5f,
  0x6e, 0x6f, 0x72, 0x6d, 0x61, 0x6c, 0x69, 0x7a, 0x61, 0x74, 0x69, 0x6f,
  0x6e, 0x5f, 0x36, 0x5f, 0x31, 0x2f, 0x6d, 0x6f, 0x6d, 0x65, 0x6e, 0x74,
  0x73, 0x2f, 0x76, 0x61, 0x72, 0x69, 0x61, 0x6e, 0x63, 0x65, 0x00, 0x00,
  0x03, 0x00, 0x00, 0x00, 0x01, 0x00, 0x00, 0x00, 0x14, 0x00, 0x00, 0x00,
  0x01, 0x00, 0x00, 0x00, 0x54, 0x37, 0xfe, 0xff, 0x18, 0x00, 0x00, 0x00,
  0x04, 0x00, 0x00, 0x00, 0x01, 0x00, 0x00, 0x00, 0x80, 0xff, 0xff, 0xff,
  0xff, 0xff, 0xff, 0xff, 0x00, 0x00, 0x00, 0x00, 0x01, 0x00, 0x00, 0x00,
  0x65, 0x5e, 0xec, 0x3c, 0x76, 0xc7, 0xff, 0xff, 0x06, 0x00, 0x00, 0x00,
  0x10, 0x00, 0x00, 0x00, 0x04, 0x00, 0x00, 0x00, 0x01, 0x00, 0x00, 0x00,
  0x7a, 0x00, 0x00, 0x00, 0x02, 0x00, 0x00, 0x00, 0x75, 0x00, 0x00, 0x00,
  0x76, 0x00, 0x00, 0x00, 0x82, 0x34, 0xfe, 0xff, 0x00, 0x00, 0x09, 0x01,
  0x70, 0x00, 0x00, 0x00, 0x7b, 0x00, 0x00, 0x00, 0x08, 0x00, 0x00, 0x00,
  0x74, 0x00, 0x00, 0x00, 0x5b, 0x00, 0x00, 0x00, 0x74, 0x69, 0x6e, 0x79,
  0x5f, 0x6e, 0x69, 0x64, 0x73, 0x5f, 0x74, 0x72, 0x61, 0x6e, 0x73, 0x66,
  0x6f, 0x72, 0x6d, 0x65, 0x72, 0x5f, 0x31, 0x2f, 0x65, 0x6e, 0x63, 0x6f,
  0x64, 0x65, 0x72, 0x5f, 0x62, 0x6c, 0x6f, 0x63, 0x6b, 0x5f, 0x31, 0x5f,
  0x31, 0x2f, 0x6c, 0x61, 0x79, 0x65, 0x72, 0x5f, 0x6e, 0x6f, 0x72, 0x6d,
  0x61, 0x6c, 0x69, 0x7a, 0x61, 0x74, 0x69, 0x6f, 0x6e, 0x5f, 0x36, 0x5f,
  0x31, 0x2f, 0x6d, 0x6f, 0x6d, 0x65, 0x6e, 0x74, 0x73, 0x2f, 0x53, 0x71,
  0x75, 0x61, 0x72, 0x65, 0x64, 0x44, 0x69, 0x66, 0x66, 0x65, 0x72, 0x65,
  0x6e, 0x63, 0x65, 0x00, 0x03, 0x00, 0x00, 0x00, 0x01, 0x00, 0x00, 0x00,
  0x14, 0x00, 0x00, 0x00, 0x40, 0x00, 0x00, 0x00, 0x24, 0x38, 0xfe, 0xff,
  0x14, 0x00, 0x00, 0x00, 0x04, 0x00, 0x00, 0x00, 0x01, 0x00, 0x00, 0x00,
  0x80, 0xff, 0xff, 0xff, 0xff, 0xff, 0xff, 0xff, 0x01, 0x00, 0x00, 0x00,
  0x4e, 0xfc, 0x1a, 0x3e, 0xd6, 0xc4, 0xff, 0xff, 0x10, 0x00, 0x00, 0x00,
  0x04, 0x00, 0x00, 0x00, 0x01, 0x00, 0x00, 0x00, 0x79, 0x00, 0x00, 0x00,
  0x01, 0x00, 0x00, 0x00, 0x78, 0x00, 0x00, 0x00, 0x46, 0x35, 0xfe, 0xff,
  0x00, 0x00, 0x09, 0x01, 0x24, 0x00, 0x00, 0x00, 0x7a, 0x00, 0x00, 0x00,
  0x08, 0x00, 0x00, 0x00, 0x28, 0x00, 0x00, 0x00, 0x0d, 0x00, 0x00, 0x00,
  0x74, 0x66, 0x6c, 0x2e, 0x71, 0x75, 0x61, 0x6e, 0x74, 0x69, 0x7a, 0x65,
  0x36, 0x00, 0x00, 0x00, 0x03, 0x00, 0x00, 0x00, 0x01, 0x00, 0x00, 0x00,
  0x14, 0x00, 0x00, 0x00, 0x01, 0x00, 0x00, 0x00, 0x9c, 0x38, 0xfe, 0xff,
  0x18, 0x00, 0x00, 0x00, 0x04, 0x00, 0x00, 0x00, 0x01, 0x00, 0x00, 0x00,
  0x7f, 0x00, 0x00, 0x00, 0x00, 0x00, 0x00, 0x00, 0x00, 0x00, 0x00, 0x00,
  0x01, 0x00, 0x00, 0x00, 0x6f, 0x21, 0x52, 0x3b, 0x5a, 0xc7, 0xff, 0xff,
  0x00, 0x00, 0x00, 0x2a, 0x05, 0x00, 0x00, 0x00, 0x18, 0x00, 0x00, 0x00,
  0x0c, 0x00, 0x00, 0x00, 0x04, 0x00, 0x00, 0x00, 0xe4, 0x34, 0xfe, 0xff,
  0x01, 0x00, 0x00, 0x00, 0x78, 0x00, 0x00, 0x00, 0x01, 0x00, 0x00, 0x00,
  0x77, 0x00, 0x00, 0x00, 0x62, 0x35, 0xfe, 0xff, 0x00, 0x00, 0x00, 0x01,
  0x5c, 0x00, 0x00, 0x00, 0x79, 0x00, 0x00, 0x00, 0x08, 0x00, 0x00, 0x00,
  0x60, 0x00, 0x00, 0x00, 0x45, 0x00, 0x00, 0x00, 0x74, 0x69, 0x6e, 0x79,
  0x5f, 0x6e, 0x69, 0x64, 0x73, 0x5f, 0x74, 0x72, 0x61, 0x6e, 0x73, 0x66,
  0x6f, 0x72, 0x6d, 0x65, 0x72, 0x5f, 0x31, 0x2f, 0x65, 0x6e, 0x63, 0x6f,
  0x64, 0x65, 0x72, 0x5f, 0x62, 0x6c, 0x6f, 0x63, 0x6b, 0x5f, 0x31, 0x5f,
  0x31, 0x2f, 0x6c, 0x61, 0x79, 0x65, 0x72, 0x5f, 0x6e, 0x6f, 0x72, 0x6d,
  0x61, 0x6c, 0x69, 0x7a, 0x61, 0x74, 0x69, 0x6f, 0x6e, 0x5f, 0x36, 0x5f,
  0x31, 0x2f, 0x4e, 0x65, 0x67, 0x00, 0x00, 0x00, 0x03, 0x00, 0x00, 0x00,
  0x01, 0x00, 0x00, 0x00, 0x14, 0x00, 0x00, 0x00, 0x01, 0x00, 0x00, 0x00,
  0x6c, 0x35, 0xfe, 0xff, 0x62, 0xc9, 0xff, 0xff, 0x04, 0x00, 0x00, 0x00,
  0x10, 0x00, 0x00, 0x00, 0x04, 0x00, 0x00, 0x00, 0x01, 0x00, 0x00, 0x00,
  0x77, 0x00, 0x00, 0x00, 0x01, 0x00, 0x00, 0x00, 0x76, 0x00, 0x00, 0x00,
  0xfa, 0x35, 0xfe, 0xff, 0x00, 0x00, 0x00, 0x01, 0x24, 0x00, 0x00, 0x00,
  0x78, 0x00, 0x00, 0x00, 0x08, 0x00, 0x00, 0x00, 0x28, 0x00, 0x00, 0x00,
  0x0f, 0x00, 0x00, 0x00, 0x74, 0x66, 0x6c, 0x2e, 0x64, 0x65, 0x71, 0x75,
  0x61, 0x6e, 0x74, 0x69, 0x7a, 0x65, 0x32, 0x00, 0x03, 0x00, 0x00, 0x00,
  0x01, 0x00, 0x00, 0x00, 0x14, 0x00, 0x00, 0x00, 0x01, 0x00, 0x00, 0x00,
  0xcc, 0x35, 0xfe, 0xff, 0x5e, 0xc8, 0xff, 0xff, 0x00, 0x00, 0x00, 0x1b,
  0x03, 0x00, 0x00, 0x00, 0x1c, 0x00, 0x00, 0x00, 0x10, 0x00, 0x00, 0x00,
  0x04, 0x00, 0x00, 0x00, 0x46, 0xc9, 0xff, 0xff, 0x00, 0x00, 0x00, 0x01,
  0x01, 0x00, 0x00, 0x00, 0x76, 0x00, 0x00, 0x00, 0x02, 0x00, 0x00, 0x00,
  0x75, 0x00, 0x00, 0x00, 0x01, 0x00, 0x00, 0x00, 0xde, 0x36, 0xfe, 0xff,
  0x00, 0x00, 0x09, 0x01, 0x64, 0x00, 0x00, 0x00, 0x77, 0x00, 0x00, 0x00,
  0x08, 0x00, 0x00, 0x00, 0x68, 0x00, 0x00, 0x00, 0x4e, 0x00, 0x00, 0x00,
  0x74, 0x69, 0x6e, 0x79, 0x5f, 0x6e, 0x69, 0x64, 0x73, 0x5f, 0x74, 0x72,
  0x61, 0x6e, 0x73, 0x66, 0x6f, 0x72, 0x6d, 0x65, 0x72, 0x5f, 0x31, 0x2f,
  0x65, 0x6e, 0x63, 0x6f, 0x64, 0x65, 0x72, 0x5f, 0x62, 0x6c, 0x6f, 0x63,
  0x6b, 0x5f, 0x31, 0x5f, 0x31, 0x2f, 0x6c, 0x61, 0x79, 0x65, 0x72, 0x5f,
  0x6e, 0x6f, 0x72, 0x6d, 0x61, 0x6c, 0x69, 0x7a, 0x61, 0x74, 0x69, 0x6f,
  0x6e, 0x5f, 0x36, 0x5f, 0x31, 0x2f, 0x6d, 0x6f, 0x6d, 0x65, 0x6e, 0x74,
  0x73, 0x2f, 0x6d, 0x65, 0x61, 0x6e, 0x00, 0x00, 0x03, 0x00, 0x00, 0x00,
  0x01, 0x00, 0x00, 0x00, 0x14, 0x00, 0x00, 0x00, 0x01, 0x00, 0x00, 0x00,
  0x74, 0x3a, 0xfe, 0xff, 0x18, 0x00, 0x00, 0x00, 0x04, 0x00, 0x00, 0x00,
  0x01, 0x00, 0x00, 0x00, 0x80, 0xff, 0xff, 0xff, 0xff, 0xff, 0xff, 0xff,
  0x00, 0x00, 0x00, 0x00, 0x01, 0x00, 0x00, 0x00, 0x6f, 0x21, 0x52, 0x3b,
  0x32, 0xc9, 0xff, 0xff, 0x00, 0x00, 0x00, 0x0b, 0x02, 0x00, 0x00, 0x00,
  0x18, 0x00, 0x00, 0x00, 0x0c, 0x00, 0x00, 0x00, 0x04, 0x00, 0x00, 0x00,
  0xbc, 0x36, 0xfe, 0xff, 0x01, 0x00, 0x00, 0x00, 0x75, 0x00, 0x00, 0x00,
  0x02, 0x00, 0x00, 0x00, 0x65, 0x00, 0x00, 0x00, 0x74, 0x00, 0x00, 0x00,
  0xae, 0x37, 0xfe, 0xff, 0x00, 0x00, 0x09, 0x01, 0x44, 0x00, 0x00, 0x00,
  0x76, 0x00, 0x00, 0x00, 0x08, 0x00, 0x00, 0x00, 0x48, 0x00, 0x00, 0x00,
  0x2f, 0x00, 0x00, 0x00, 0x74, 0x69, 0x6e, 0x79, 0x5f, 0x6e, 0x69, 0x64,
  0x73, 0x5f, 0x74, 0x72, 0x61, 0x6e, 0x73, 0x66, 0x6f, 0x72, 0x6d, 0x65,
  0x72, 0x5f, 0x31, 0x2f, 0x65, 0x6e, 0x63, 0x6f, 0x64, 0x65, 0x72, 0x5f,
  0x62, 0x6c, 0x6f, 0x63, 0x6b, 0x5f, 0x30, 0x5f, 0x31, 0x2f, 0x61, 0x64,
  0x64, 0x5f, 0x31, 0x00, 0x03, 0x00, 0x00, 0x00, 0x01, 0x00, 0x00, 0x00,
  0x14, 0x00, 0x00, 0x00, 0x40, 0x00, 0x00, 0x00, 0x24, 0x3b, 0xfe, 0xff,
  0x14, 0x00, 0x00, 0x00, 0x04, 0x00, 0x00, 0x00, 0x01, 0x00, 0x00, 0x00,
  0xf3, 0xff, 0xff, 0xff, 0xff, 0xff, 0xff, 0xff, 0x01, 0x00, 0x00, 0x00,
  0x8e, 0x1f, 0x48, 0x3d, 0xde, 0xc9, 0xff, 0xff, 0x00, 0x00, 0x00, 0x08,
  0x01, 0x00, 0x00, 0x00, 0x1c, 0x00, 0x00, 0x00, 0x10, 0x00, 0x00, 0x00,
  0x04, 0x00, 0x00, 0x00, 0xa6, 0xc8, 0xff, 0xff, 0x00, 0x00, 0x00, 0x01,
  0x01, 0x00, 0x00, 0x00, 0x74, 0x00, 0x00, 0x00, 0x03, 0x00, 0x00, 0x00,
  0x73, 0x00, 0x00, 0x00, 0x20, 0x00, 0x00, 0x00, 0x1f, 0x00, 0x00, 0x00,
  0x62, 0x38, 0xfe, 0xff, 0x00, 0x00, 0x09, 0x01, 0xb0, 0x00, 0x00, 0x00,
  0x75, 0x00, 0x00, 0x00, 0x08, 0x00, 0x00, 0x00, 0xb4, 0x00, 0x00, 0x00,
  0x99, 0x00, 0x00, 0x00, 0x74, 0x69, 0x6e, 0x79, 0x5f, 0x6e, 0x69, 0x64,
  0x73, 0x5f, 0x74, 0x72, 0x61, 0x6e, 0x73, 0x66, 0x6f, 0x72, 0x6d, 0x65,
  0x72, 0x5f, 0x31, 0x2f, 0x65, 0x6e, 0x63, 0x6f, 0x64, 0x65, 0x72, 0x5f,
  0x62, 0x6c, 0x6f, 0x63, 0x6b, 0x5f, 0x30, 0x5f, 0x31, 0x2f, 0x73, 0x65,
  0x71, 0x75, 0x65, 0x6e, 0x74, 0x69, 0x61, 0x6c, 0x5f, 0x32, 0x5f, 0x31,
  0x2f, 0x64, 0x65, 0x6e, 0x73, 0x65, 0x5f, 0x31, 0x38, 0x5f, 0x31, 0x2f,
  0x54, 0x65, 0x6e, 0x73, 0x6f, 0x72, 0x64, 0x6f, 0x74, 0x3b, 0x74, 0x69,
  0x6e, 0x79, 0x5f, 0x6e, 0x69, 0x64, 0x73, 0x5f, 0x74, 0x72, 0x61, 0x6e,
  0x73, 0x66, 0x6f, 0x72, 0x6d, 0x65, 0x72, 0x5f, 0x31, 0x2f, 0x65, 0x6e,
  0x63, 0x6f, 0x64, 0x65, 0x72, 0x5f, 0x62, 0x6c, 0x6f, 0x63, 0x6b, 0x5f,
  0x30, 0x5f, 0x31, 0x2f, 0x73, 0x65, 0x71, 0x75, 0x65, 0x6e, 0x74, 0x69,
  0x61, 0x6c, 0x5f, 0x32, 0x5f, 0x31, 0x2f, 0x64, 0x65, 0x6e, 0x73, 0x65,
  0x5f, 0x31, 0x38, 0x5f, 0x31, 0x2f, 0x42, 0x69, 0x61, 0x73, 0x41, 0x64,
  0x64, 0x00, 0x00, 0x00, 0x03, 0x00, 0x00, 0x00, 0x01, 0x00, 0x00, 0x00,
  0x14, 0x00, 0x00, 0x00, 0x40, 0x00, 0x00, 0x00, 0x44, 0x3c, 0xfe, 0xff,
  0x18, 0x00, 0x00, 0x00, 0x04, 0x00, 0x00, 0x00, 0x01, 0x00, 0x00, 0x00,
  0xf3, 0xff, 0xff, 0xff, 0xff, 0xff, 0xff, 0xff, 0x00, 0x00, 0x00, 0x00,
  0x01, 0x00, 0x00, 0x00, 0x8e, 0x1f, 0x48, 0x3d, 0xda, 0xc9, 0xff, 0xff,
  0x00, 0x00, 0x00, 0x08, 0x01, 0x00, 0x00, 0x00, 0x28, 0x00, 0x00, 0x00,
  0x1c, 0x00, 0x00, 0x00, 0x10, 0x00, 0x00, 0x00, 0x00, 0x00, 0x0a, 0x00,
  0x08, 0x00, 0x07, 0x00, 0x00, 0x00, 0x06, 0x00, 0x0a, 0x00, 0x00, 0x00,
  0x00, 0x00, 0x01, 0x01, 0x01, 0x00, 0x00, 0x00, 0x73, 0x00, 0x00, 0x00,
  0x03, 0x00, 0x00, 0x00, 0x72, 0x00, 0x00, 0x00, 0x22, 0x00, 0x00, 0x00,
  0x21, 0x00, 0x00, 0x00, 0x92, 0x39, 0xfe, 0xff, 0x00, 0x00, 0x09, 0x01,
  0xf8, 0x00, 0x00, 0x00, 0x74, 0x00, 0x00, 0x00, 0x08, 0x00, 0x00, 0x00,
  0xfc, 0x00, 0x00, 0x00, 0xe2, 0x00, 0x00, 0x00, 0x74, 0x69, 0x6e, 0x79,
  0x5f, 0x6e, 0x69, 0x64, 0x73, 0x5f, 0x74, 0x72, 0x61, 0x6e, 0x73, 0x66,
  0x6f, 0x72, 0x6d, 0x65, 0x72, 0x5f, 0x31, 0x2f, 0x65, 0x6e, 0x63, 0x6f,
  0x64, 0x65, 0x72, 0x5f, 0x62, 0x6c, 0x6f, 0x63, 0x6b, 0x5f, 0x30, 0x5f,
  0x31, 0x2f, 0x73, 0x65, 0x71, 0x75, 0x65, 0x6e, 0x74, 0x69, 0x61, 0x6c,
  0x5f, 0x32, 0x5f, 0x31, 0x2f, 0x64, 0x65, 0x6e, 0x73, 0x65, 0x5f, 0x31,
  0x37, 0x5f, 0x31, 0x2f, 0x54, 0x65, 0x6e, 0x73, 0x6f, 0x72, 0x64, 0x6f,
  0x74, 0x3b, 0x74, 0x69, 0x6e, 0x79, 0x5f, 0x6e, 0x69, 0x64, 0x73, 0x5f,
  0x74, 0x72, 0x61, 0x6e, 0x73, 0x66, 0x6f, 0x72, 0x6d, 0x65, 0x72, 0x5f,
  0x31, 0x2f, 0x65, 0x6e, 0x63, 0x6f, 0x64, 0x65, 0x72, 0x5f, 0x62, 0x6c,
  0x6f, 0x63, 0x6b, 0x5f, 0x30, 0x5f, 0x31, 0x2f, 0x73, 0x65, 0x71, 0x75,
  0x65, 0x6e, 0x74, 0x69, 0x61, 0x6c, 0x5f, 0x32, 0x5f, 0x31, 0x2f, 0x64,
  0x65, 0x6e, 0x73, 0x65, 0x5f, 0x31, 0x37, 0x5f, 0x31, 0x2f, 0x52, 0x65,
  0x6c, 0x75, 0x3b, 0x74, 0x69, 0x6e, 0x79, 0x5f, 0x6e, 0x69, 0x64, 0x73,
  0x5f, 0x74, 0x72, 0x61, 0x6e, 0x73, 0x66, 0x6f, 0x72, 0x6d, 0x65, 0x72,
  0x5f, 0x31, 0x2f, 0x65, 0x6e, 0x63, 0x6f, 0x64, 0x65, 0x72, 0x5f, 0x62,
  0x6c, 0x6f, 0x63, 0x6b, 0x5f, 0x30, 0x5f, 0x31, 0x2f, 0x73, 0x65, 0x71,
  0x75, 0x65, 0x6e, 0x74, 0x69, 0x61, 0x6c, 0x5f, 0x32, 0x5f, 0x31, 0x2f,
  0x64, 0x65, 0x6e, 0x73, 0x65, 0x5f, 0x31, 0x37, 0x5f, 0x31, 0x2f, 0x42,
  0x69, 0x61, 0x73, 0x41, 0x64, 0x64, 0x00, 0x00, 0x03, 0x00, 0x00, 0x00,
  0x01, 0x00, 0x00, 0x00, 0x14, 0x00, 0x00, 0x00, 0x80, 0x00, 0x00, 0x00,
  0xbc, 0x3d, 0xfe, 0xff, 0x18, 0x00, 0x00, 0x00, 0x04, 0x00, 0x00, 0x00,
  0x01, 0x00, 0x00, 0x00, 0x80, 0xff, 0xff, 0xff, 0xff, 0xff, 0xff, 0xff,
  0x00, 0x00, 0x00, 0x00, 0x01, 0x00, 0x00, 0x00, 0x9f, 0x87, 0x6a, 0x3c,
  0x7a, 0xcc, 0xff, 0xff, 0x00, 0x00, 0x00, 0x0b, 0x02, 0x00, 0x00, 0x00,
  0x18, 0x00, 0x00, 0x00, 0x0c, 0x00, 0x00, 0x00, 0x04, 0x00, 0x00, 0x00,
  0x04, 0x3a, 0xfe, 0xff, 0x01, 0x00, 0x00, 0x00, 0x72, 0x00, 0x00, 0x00,
  0x02, 0x00, 0x00, 0x00, 0x71, 0x00, 0x00, 0x00, 0x70, 0x00, 0x00, 0x00,
  0xf6, 0x3a, 0xfe, 0xff, 0x00, 0x00, 0x09, 0x01, 0x5c, 0x00, 0x00, 0x00,
  0x73, 0x00, 0x00, 0x00, 0x08, 0x00, 0x00, 0x00, 0x60, 0x00, 0x00, 0x00,
  0x47, 0x00, 0x00, 0x00, 0x74, 0x69, 0x6e, 0x79, 0x5f, 0x6e, 0x69, 0x64,
  0x73, 0x5f, 0x74, 0x72, 0x61, 0x6e, 0x73, 0x66, 0x6f, 0x72, 0x6d, 0x65,
  0x72, 0x5f, 0x31, 0x2f, 0x65, 0x6e, 0x63, 0x6f, 0x64, 0x65, 0x72, 0x5f,
  0x62, 0x6c, 0x6f, 0x63, 0x6b, 0x5f, 0x30, 0x5f, 0x31, 0x2f, 0x6c, 0x61,
  0x79, 0x65, 0x72, 0x5f, 0x6e, 0x6f, 0x72, 0x6d, 0x61, 0x6c, 0x69, 0x7a,
  0x61, 0x74, 0x69, 0x6f, 0x6e, 0x5f, 0x35, 0x5f, 0x31, 0x2f, 0x61, 0x64,
  0x64, 0x5f, 0x32, 0x00, 0x03, 0x00, 0x00, 0x00, 0x01, 0x00, 0x00, 0x00,
  0x14, 0x00, 0x00, 0x00, 0x40, 0x00, 0x00, 0x00, 0x84, 0x3e, 0xfe, 0xff,
  0x18, 0x00, 0x00, 0x00, 0x04, 0x00, 0x00, 0x00, 0x01, 0x00, 0x00, 0x00,
  0x0a, 0x00, 0x00, 0x00, 0x00, 0x00, 0x00, 0x00, 0x00, 0x00, 0x00, 0x00,
  0x01, 0x00, 0x00, 0x00, 0x95, 0xc4, 0xbc, 0x3c, 0x42, 0xcd, 0xff, 0xff,
  0x00, 0x00, 0x00, 0x15, 0x08, 0x00, 0x00, 0x00, 0x18, 0x00, 0x00, 0x00,
  0x0c, 0x00, 0x00, 0x00, 0x04, 0x00, 0x00, 0x00, 0xcc, 0x3a, 0xfe, 0xff,
  0x01, 0x00, 0x00, 0x00, 0x71, 0x00, 0x00, 0x00, 0x02, 0x00, 0x00, 0x00,
  0x65, 0x00, 0x00, 0x00, 0x6e, 0x00, 0x00, 0x00, 0xbe, 0x3b, 0xfe, 0xff,
  0x00, 0x00, 0x09, 0x01, 0x5c, 0x00, 0x00, 0x00, 0x72, 0x00, 0x00, 0x00,
  0x08, 0x00, 0x00, 0x00, 0x60, 0x00, 0x00, 0x00, 0x47, 0x00, 0x00, 0x00,
  0x74, 0x69, 0x6e, 0x79, 0x5f, 0x6e, 0x69, 0x64, 0x73, 0x5f, 0x74, 0x72,
  0x61, 0x6e, 0x73, 0x66, 0x6f, 0x72, 0x6d, 0x65, 0x72, 0x5f, 0x31, 0x2f,
  0x65, 0x6e, 0x63, 0x6f, 0x64, 0x65, 0x72, 0x5f, 0x62, 0x6c, 0x6f, 0x63,
  0x6b, 0x5f, 0x30, 0x5f, 0x31, 0x2f, 0x6c, 0x61, 0x79, 0x65, 0x72, 0x5f,
  0x6e, 0x6f, 0x72, 0x6d, 0x61, 0x6c, 0x69, 0x7a, 0x61, 0x74, 0x69, 0x6f,
  0x6e, 0x5f, 0x35, 0x5f, 0x31, 0x2f, 0x6d, 0x75, 0x6c, 0x5f, 0x32, 0x00,
  0x03, 0x00, 0x00, 0x00, 0x01, 0x00, 0x00, 0x00, 0x14, 0x00, 0x00, 0x00,
  0x40, 0x00, 0x00, 0x00, 0x4c, 0x3f, 0xfe, 0xff, 0x18, 0x00, 0x00, 0x00,
  0x04, 0x00, 0x00, 0x00, 0x01, 0x00, 0x00, 0x00, 0xfd, 0xff, 0xff, 0xff,
  0xff, 0xff, 0xff, 0xff, 0x00, 0x00, 0x00, 0x00, 0x01, 0x00, 0x00, 0x00,
  0x61, 0x4f, 0xcf, 0x3c, 0x0a, 0xce, 0xff, 0xff, 0x00, 0x00, 0x00, 0x0b,
  0x02, 0x00, 0x00, 0x00, 0x18, 0x00, 0x00, 0x00, 0x0c, 0x00, 0x00, 0x00,
  0x04, 0x00, 0x00, 0x00, 0x94, 0x3b, 0xfe, 0xff, 0x01, 0x00, 0x00, 0x00,
  0x70, 0x00, 0x00, 0x00, 0x02, 0x00, 0x00, 0x00, 0x6f, 0x00, 0x00, 0x00,
  0x23, 0x00, 0x00, 0x00, 0x86, 0x3c, 0xfe, 0xff, 0x00, 0x00, 0x09, 0x01,
  0x5c, 0x00, 0x00, 0x00, 0x71, 0x00, 0x00, 0x00, 0x08, 0x00, 0x00, 0x00,
  0x60, 0x00, 0x00, 0x00, 0x47, 0x00, 0x00, 0x00, 0x74, 0x69, 0x6e, 0x79,
  0x5f, 0x6e, 0x69, 0x64, 0x73, 0x5f, 0x74, 0x72, 0x61, 0x6e, 0x73, 0x66,
  0x6f, 0x72, 0x6d, 0x65, 0x72, 0x5f, 0x31, 0x2f, 0x65, 0x6e, 0x63, 0x6f,
  0x64, 0x65, 0x72, 0x5f, 0x62, 0x6c, 0x6f, 0x63, 0x6b, 0x5f, 0x30, 0x5f,
  0x31, 0x2f, 0x6c, 0x61, 0x79, 0x65, 0x72, 0x5f, 0x6e, 0x6f, 0x72, 0x6d,
  0x61, 0x6c, 0x69, 0x7a, 0x61, 0x74, 0x69, 0x6f, 0x6e, 0x5f, 0x35, 0x5f,
  0x31, 0x2f, 0x61, 0x64, 0x64, 0x5f, 0x31, 0x00, 0x03, 0x00, 0x00, 0x00,
  0x01, 0x00, 0x00, 0x00, 0x14, 0x00, 0x00, 0x00, 0x40, 0x00, 0x00, 0x00,
  0x14, 0x40, 0xfe, 0xff, 0x18, 0x00, 0x00, 0x00, 0x04, 0x00, 0x00, 0x00,
  0x01, 0x00, 0x00, 0x00, 0x7f, 0x00, 0x00, 0x00, 0x00, 0x00, 0x00, 0x00,
  0x00, 0x00, 0x00, 0x00, 0x01, 0x00, 0x00, 0x00, 0xa9, 0xa9, 0x75, 0x3b,
  0xd2, 0xce, 0xff, 0xff, 0x00, 0x00, 0x00, 0x15, 0x08, 0x00, 0x00, 0x00,
  0x18, 0x00, 0x00, 0x00, 0x0c, 0x00, 0x00, 0x00, 0x04, 0x00, 0x00, 0x00,
  0x5c, 0x3c, 0xfe, 0xff, 0x01, 0x00, 0x00, 0x00, 0x6f, 0x00, 0x00, 0x00,
  0x02, 0x00, 0x00, 0x00, 0x69, 0x00, 0x00, 0x00, 0x6e, 0x00, 0x00, 0x00,
  0x4e, 0x3d, 0xfe, 0xff, 0x00, 0x00, 0x09, 0x01, 0x5c, 0x00, 0x00, 0x00,
  0x70, 0x00, 0x00, 0x00, 0x08, 0x00, 0x00, 0x00, 0x60, 0x00, 0x00, 0x00,
  0x47, 0x00, 0x00, 0x00, 0x74, 0x69, 0x6e, 0x79, 0x5f, 0x6e, 0x69, 0x64,
  0x73, 0x5f, 0x74, 0x72, 0x61, 0x6e, 0x73, 0x66, 0x6f, 0x72, 0x6d, 0x65,
  0x72, 0x5f, 0x31, 0x2f, 0x65, 0x6e, 0x63, 0x6f, 0x64, 0x65, 0x72, 0x5f,
  0x62, 0x6c, 0x6f, 0x63, 0x6b, 0x5f, 0x30, 0x5f, 0x31, 0x2f, 0x6c, 0x61,
  0x79, 0x65, 0x72, 0x5f, 0x6e, 0x6f, 0x72, 0x6d, 0x61, 0x6c, 0x69, 0x7a,
  0x61, 0x74, 0x69, 0x6f, 0x6e, 0x5f, 0x35, 0x5f, 0x31, 0x2f, 0x6d, 0x75,
  0x6c, 0x5f, 0x31, 0x00, 0x03, 0x00, 0x00, 0x00, 0x01, 0x00, 0x00, 0x00,
  0x14, 0x00, 0x00, 0x00, 0x40, 0x00, 0x00, 0x00, 0xdc, 0x40, 0xfe, 0xff,
  0x18, 0x00, 0x00, 0x00, 0x04, 0x00, 0x00, 0x00, 0x01, 0x00, 0x00, 0x00,
  0x7f, 0x00, 0x00, 0x00, 0x00, 0x00, 0x00, 0x00, 0x00, 0x00, 0x00, 0x00,
  0x01, 0x00, 0x00, 0x00, 0xc2, 0x2e, 0x77, 0x3b, 0x9a, 0xcf, 0xff, 0xff,
  0x00, 0x00, 0x00, 0x15, 0x08, 0x00, 0x00, 0x00, 0x18, 0x00, 0x00, 0x00,
  0x0c, 0x00, 0x00, 0x00, 0x04, 0x00, 0x00, 0x00, 0x24, 0x3d, 0xfe, 0xff,
  0x01, 0x00, 0x00, 0x00, 0x6e, 0x00, 0x00, 0x00, 0x02, 0x00, 0x00, 0x00,
  0x6d, 0x00, 0x00, 0x00, 0x24, 0x00, 0x00, 0x00, 0x16, 0x3e, 0xfe, 0xff,
  0x00, 0x00, 0x09, 0x01, 0x5c, 0x00, 0x00, 0x00, 0x6f, 0x00, 0x00, 0x00,
  0x08, 0x00, 0x00, 0x00, 0x60, 0x00, 0x00, 0x00, 0x45, 0x00, 0x00, 0x00,
  0x74, 0x69, 0x6e, 0x79, 0x5f, 0x6e, 0x69, 0x64, 0x73, 0x5f, 0x74, 0x72,
  0x61, 0x6e, 0x73, 0x66, 0x6f, 0x72, 0x6d, 0x65, 0x72, 0x5f, 0x31, 0x2f,
  0x65, 0x6e, 0x63, 0x6f, 0x64, 0x65, 0x72, 0x5f, 0x62, 0x6c, 0x6f, 0x63,
  0x6b, 0x5f, 0x30, 0x5f, 0x31, 0x2f, 0x6c, 0x61, 0x79, 0x65, 0x72, 0x5f,
  0x6e, 0x6f, 0x72, 0x6d, 0x61, 0x6c, 0x69, 0x7a, 0x61, 0x74, 0x69, 0x6f,
  0x6e, 0x5f, 0x35, 0x5f, 0x31, 0x2f, 0x6d, 0x75, 0x6c, 0x00, 0x00, 0x00,
  0x03, 0x00, 0x00, 0x00, 0x01, 0x00, 0x00, 0x00, 0x14, 0x00, 0x00, 0x00,
  0x40, 0x00, 0x00, 0x00, 0xa4, 0x41, 0xfe, 0xff, 0x18, 0x00, 0x00, 0x00,
  0x04, 0x00, 0x00, 0x00, 0x01, 0x00, 0x00, 0x00, 0x80, 0xff, 0xff, 0xff,
  0xff, 0xff, 0xff, 0xff, 0x00, 0x00, 0x00, 0x00, 0x01, 0x00, 0x00, 0x00,
  0x96, 0xf4, 0xce, 0x3b, 0xc6, 0xd1, 0xff, 0xff, 0x07, 0x00, 0x00, 0x00,
  0x10, 0x00, 0x00, 0x00, 0x04, 0x00, 0x00, 0x00, 0x01, 0x00, 0x00, 0x00,
  0x6d, 0x00, 0x00, 0x00, 0x01, 0x00, 0x00, 0x00, 0x6c, 0x00, 0x00, 0x00,
  0xce, 0x3e, 0xfe, 0xff, 0x00, 0x00, 0x09, 0x01, 0x5c, 0x00, 0x00, 0x00,
  0x6e, 0x00, 0x00, 0x00, 0x08, 0x00, 0x00, 0x00, 0x60, 0x00, 0x00, 0x00,
  0x47, 0x00, 0x00, 0x00, 0x74, 0x69, 0x6e, 0x79, 0x5f, 0x6e, 0x69, 0x64,
  0x73, 0x5f, 0x74, 0x72, 0x61, 0x6e, 0x73, 0x66, 0x6f, 0x72, 0x6d, 0x65,
  0x72, 0x5f, 0x31, 0x2f, 0x65, 0x6e, 0x63, 0x6f, 0x64, 0x65, 0x72, 0x5f,
  0x62, 0x6c, 0x6f, 0x63, 0x6b, 0x5f, 0x30, 0x5f, 0x31, 0x2f, 0x6c, 0x61,
  0x79, 0x65, 0x72, 0x5f, 0x6e, 0x6f, 0x72, 0x6d, 0x61, 0x6c, 0x69, 0x7a,
  0x61, 0x74, 0x69, 0x6f, 0x6e, 0x5f, 0x35, 0x5f, 0x31, 0x2f, 0x52, 0x73,
  0x71, 0x72, 0x74, 0x00, 0x03, 0x00, 0x00, 0x00, 0x01, 0x00, 0x00, 0x00,
  0x14, 0x00, 0x00, 0x00, 0x01, 0x00, 0x00, 0x00, 0x5c, 0x42, 0xfe, 0xff,
  0x18, 0x00, 0x00, 0x00, 0x04, 0x00, 0x00, 0x00, 0x01, 0x00, 0x00, 0x00,
  0x80, 0xff, 0xff, 0xff, 0xff, 0xff, 0xff, 0xff, 0x00, 0x00, 0x00, 0x00,
  0x01, 0x00, 0x00, 0x00, 0xe2, 0xb2, 0xc3, 0x3b, 0x1a, 0xd1, 0xff, 0xff,
  0x00, 0x00, 0x00, 0x0b, 0x02, 0x00, 0x00, 0x00, 0x18, 0x00, 0x00, 0x00,
  0x0c, 0x00, 0x00, 0x00, 0x04, 0x00, 0x00, 0x00, 0xa4, 0x3e, 0xfe, 0xff,
  0x01, 0x00, 0x00, 0x00, 0x6c, 0x00, 0x00, 0x00, 0x02, 0x00, 0x00, 0x00,
  0x6b, 0x00, 0x00, 0x00, 0x31, 0x00, 0x00, 0x00, 0x96, 0x3f, 0xfe, 0xff,
  0x00, 0x00, 0x09, 0x01, 0x5c, 0x00, 0x00, 0x00, 0x6d, 0x00, 0x00, 0x00,
  0x08, 0x00, 0x00, 0x00, 0x60, 0x00, 0x00, 0x00, 0x45, 0x00, 0x00, 0x00,
  0x74, 0x69, 0x6e, 0x79, 0x5f, 0x6e, 0x69, 0x64, 0x73, 0x5f, 0x74, 0x72,
  0x61, 0x6e, 0x73, 0x66, 0x6f, 0x72, 0x6d, 0x65, 0x72, 0x5f, 0x31, 0x2f,
  0x65, 0x6e, 0x63, 0x6f, 0x64, 0x65, 0x72, 0x5f, 0x62, 0x6c, 0x6f, 0x63,
  0x6b, 0x5f, 0x30, 0x5f, 0x31, 0x2f, 0x6c, 0x61, 0x79, 0x65, 0x72, 0x5f,
  0x6e, 0x6f, 0x72, 0x6d, 0x61, 0x6c, 0x69, 0x7a, 0x61, 0x74, 0x69, 0x6f,
  0x6e, 0x5f, 0x35, 0x5f, 0x31, 0x2f, 0x61, 0x64, 0x64, 0x00, 0x00, 0x00,
  0x03, 0x00, 0x00, 0x00, 0x01, 0x00, 0x00, 0x00, 0x14, 0x00, 0x00, 0x00,
  0x01, 0x00, 0x00, 0x00, 0x24, 0x43, 0xfe, 0xff, 0x18, 0x00, 0x00, 0x00,
  0x04, 0x00, 0x00, 0x00, 0x01, 0x00, 0x00, 0x00, 0x80, 0xff, 0xff, 0xff,
  0xff, 0xff, 0xff, 0xff, 0x00, 0x00, 0x00, 0x00, 0x01, 0x00, 0x00, 0x00,
  0xf6, 0xad, 0x1f, 0x3c, 0xe2, 0xd1, 0xff, 0xff, 0x00, 0x00, 0x00, 0x1b,
  0x03, 0x00, 0x00, 0x00, 0x1c, 0x00, 0x00, 0x00, 0x10, 0x00, 0x00, 0x00,
  0x04, 0x00, 0x00, 0x00, 0xca, 0xd2, 0xff, 0xff, 0x00, 0x00, 0x00, 0x01,
  0x01, 0x00, 0x00, 0x00, 0x6b, 0x00, 0x00, 0x00, 0x02, 0x00, 0x00, 0x00,
  0x6a, 0x00, 0x00, 0x00, 0x01, 0x00, 0x00, 0x00, 0x62, 0x40, 0xfe, 0xff,
  0x00, 0x00, 0x09, 0x01, 0x68, 0x00, 0x00, 0x00, 0x6c, 0x00, 0x00, 0x00,
  0x08, 0x00, 0x00, 0x00, 0x6c, 0x00, 0x00, 0x00, 0x52, 0x00, 0x00, 0x00,
  0x74, 0x69, 0x6e, 0x79, 0x5f, 0x6e, 0x69, 0x64, 0x73, 0x5f, 0x74, 0x72,
  0x61, 0x6e, 0x73, 0x66, 0x6f, 0x72, 0x6d, 0x65, 0x72, 0x5f, 0x31, 0x2f,
  0x65, 0x6e, 0x63, 0x6f, 0x64, 0x65, 0x72, 0x5f, 0x62, 0x6c, 0x6f, 0x63,
  0x6b, 0x5f, 0x30, 0x5f, 0x31, 0x2f, 0x6c, 0x61, 0x79, 0x65, 0x72, 0x5f,
  0x6e, 0x6f, 0x72, 0x6d, 0x61, 0x6c, 0x69, 0x7a, 0x61, 0x74, 0x69, 0x6f,
  0x6e, 0x5f, 0x35, 0x5f, 0x31, 0x2f, 0x6d, 0x6f, 0x6d, 0x65, 0x6e, 0x74,
  0x73, 0x2f, 0x76, 0x61, 0x72, 0x69, 0x61, 0x6e, 0x63, 0x65, 0x00, 0x00,
  0x03, 0x00, 0x00, 0x00, 0x01, 0x00, 0x00, 0x00, 0x14, 0x00, 0x00, 0x00,
  0x01, 0x00, 0x00, 0x00, 0xfc, 0x43, 0xfe, 0xff, 0x18, 0x00, 0x00, 0x00,
  0x04, 0x00, 0x00, 0x00, 0x01, 0x00, 0x00, 0x00, 0x80, 0xff, 0xff, 0xff,
  0xff, 0xff, 0xff, 0xff, 0x00, 0x00, 0x00, 0x00, 0x01, 0x00, 0x00, 0x00,
  0xf6, 0xad, 0x1f, 0x3c, 0x1e, 0xd4, 0xff, 0xff, 0x06, 0x00, 0x00, 0x00,
  0x10, 0x00, 0x00, 0x00, 0x04, 0x00, 0x00, 0x00, 0x01, 0x00, 0x00, 0x00,
  0x6a, 0x00, 0x00, 0x00, 0x02, 0x00, 0x00, 0x00, 0x65, 0x00, 0x00, 0x00,
  0x66, 0x00, 0x00, 0x00, 0x2a, 0x41, 0xfe, 0xff, 0x00, 0x00, 0x09, 0x01,
  0x70, 0x00, 0x00, 0x00, 0x6b, 0x00, 0x00, 0x00, 0x08, 0x00, 0x00, 0x00,
  0x74, 0x00, 0x00, 0x00, 0x5b, 0x00, 0x00, 0x00, 0x74, 0x69, 0x6e, 0x79,
  0x5f, 0x6e, 0x69, 0x64, 0x73, 0x5f, 0x74, 0x72, 0x61, 0x6e, 0x73, 0x66,
  0x6f, 0x72, 0x6d, 0x65, 0x72, 0x5f, 0x31, 0x2f, 0x65, 0x6e, 0x63, 0x6f,
  0x64, 0x65, 0x72, 0x5f, 0x62, 0x6c, 0x6f, 0x63, 0x6b, 0x5f, 0x30, 0x5f,
  0x31, 0x2f, 0x6c, 0x61, 0x79, 0x65, 0x72, 0x5f, 0x6e, 0x6f, 0x72, 0x6d,
  0x61, 0x6c, 0x69, 0x7a, 0x61, 0x74, 0x69, 0x6f, 0x6e, 0x5f, 0x35, 0x5f,
  0x31, 0x2f, 0x6d, 0x6f, 0x6d, 0x65, 0x6e, 0x74, 0x73, 0x2f, 0x53, 0x71,
  0x75, 0x61, 0x72, 0x65, 0x64, 0x44, 0x69, 0x66, 0x66, 0x65, 0x72, 0x65,
  0x6e, 0x63, 0x65, 0x00, 0x03, 0x00, 0x00, 0x00, 0x01, 0x00, 0x00, 0x00,
  0x14, 0x00, 0x00, 0x00, 0x40, 0x00, 0x00, 0x00, 0xcc, 0x44, 0xfe, 0xff,
  0x14, 0x00, 0x00, 0x00, 0x04, 0x00, 0x00, 0x00, 0x01, 0x00, 0x00, 0x00,
  0x80, 0xff, 0xff, 0xff, 0xff, 0xff, 0xff, 0xff, 0x01, 0x00, 0x00, 0x00,
  0x13, 0x60, 0x81, 0x3d, 0x7e, 0xd1, 0xff, 0xff, 0x10, 0x00, 0x00, 0x00,
  0x04, 0x00, 0x00, 0x00, 0x01, 0x00, 0x00, 0x00, 0x69, 0x00, 0x00, 0x00,
  0x01, 0x00, 0x00, 0x00, 0x68, 0x00, 0x00, 0x00, 0xee, 0x41, 0xfe, 0xff,
  0x00, 0x00, 0x09, 0x01, 0x24, 0x00, 0x00, 0x00, 0x6a, 0x00, 0x00, 0x00,
  0x08, 0x00, 0x00, 0x00, 0x28, 0x00, 0x00, 0x00, 0x0d, 0x00, 0x00, 0x00,
  0x74, 0x66, 0x6c, 0x2e, 0x71, 0x75, 0x61, 0x6e, 0x74, 0x69, 0x7a, 0x65,
  0x35, 0x00, 0x00, 0x00, 0x03, 0x00, 0x00, 0x00, 0x01, 0x00, 0x00, 0x00,
  0x14, 0x00, 0x00, 0x00, 0x01, 0x00, 0x00, 0x00, 0x44, 0x45, 0xfe, 0xff,
  0x18, 0x00, 0x00, 0x00, 0x04, 0x00, 0x00, 0x00, 0x01, 0x00, 0x00, 0x00,
  0x7f, 0x00, 0x00, 0x00, 0x00, 0x00, 0x00, 0x00, 0x00, 0x00, 0x00, 0x00,
  0x01, 0x00, 0x00, 0x00, 0x29, 0xdf, 0x2b, 0x3b, 0x02, 0xd4, 0xff, 0xff,
  0x00, 0x00, 0x00, 0x2a, 0x05, 0x00, 0x00, 0x00, 0x18, 0x00, 0x00, 0x00,
  0x0c, 0x00, 0x00, 0x00, 0x04, 0x00, 0x00, 0x00, 0x8c, 0x41, 0xfe, 0xff,
  0x01, 0x00, 0x00, 0x00, 0x68, 0x00, 0x00, 0x00, 0x01, 0x00, 0x00, 0x00,
  0x67, 0x00, 0x00, 0x00, 0x0a, 0x42, 0xfe, 0xff, 0x00, 0x00, 0x00, 0x01,
  0x5c, 0x00, 0x00, 0x00, 0x69, 0x00, 0x00, 0x00, 0x08, 0x00, 0x00, 0x00,
  0x60, 0x00, 0x00, 0x00, 0x45, 0x00, 0x00, 0x00, 0x74, 0x69, 0x6e, 0x79,
  0x5f, 0x6e, 0x69, 0x64, 0x73, 0x5f, 0x74, 0x72, 0x61, 0x6e, 0x73, 0x66,
  0x6f, 0x72, 0x6d, 0x65, 0x72, 0x5f, 0x31, 0x2f, 0x65, 0x6e, 0x63, 0x6f,
  0x64, 0x65, 0x72, 0x5f, 0x62, 0x6c, 0x6f, 0x63, 0x6b, 0x5f, 0x30, 0x5f,
  0x31, 0x2f, 0x6c, 0x61, 0x79, 0x65, 0x72, 0x5f, 0x6e, 0x6f, 0x72, 0x6d,
  0x61, 0x6c, 0x69, 0x7a, 0x61, 0x74, 0x69, 0x6f, 0x6e, 0x5f, 0x35, 0x5f,
  0x31, 0x2f, 0x4e, 0x65, 0x67, 0x00, 0x00, 0x00, 0x03, 0x00, 0x00, 0x00,
  0x01, 0x00, 0x00, 0x00, 0x14, 0x00, 0x00, 0x00, 0x01, 0x00, 0x00, 0x00,
  0x14, 0x42, 0xfe, 0xff, 0x0a, 0xd6, 0xff, 0xff, 0x04, 0x00, 0x00, 0x00,
  0x10, 0x00, 0x00, 0x00, 0x04, 0x00, 0x00, 0x00, 0x01, 0x00, 0x00, 0x00,
  0x67, 0x00, 0x00, 0x00, 0x01, 0x00, 0x00, 0x00, 0x66, 0x00, 0x00, 0x00,
  0xa2, 0x42, 0xfe, 0xff, 0x00, 0x00, 0x00, 0x01, 0x24, 0x00, 0x00, 0x00,
  0x68, 0x00, 0x00, 0x00, 0x08, 0x00, 0x00, 0x00, 0x28, 0x00, 0x00, 0x00,
  0x0f, 0x00, 0x00, 0x00, 0x74, 0x66, 0x6c, 0x2e, 0x64, 0x65, 0x71, 0x75,
  0x61, 0x6e, 0x74, 0x69, 0x7a, 0x65, 0x31, 0x00, 0x03, 0x00, 0x00, 0x00,
  0x01, 0x00, 0x00, 0x00, 0x14, 0x00, 0x00, 0x00, 0x01, 0x00, 0x00, 0x00,
  0x74, 0x42, 0xfe, 0xff, 0x06, 0xd5, 0xff, 0xff, 0x00, 0x00, 0x00, 0x1b,
  0x03, 0x00, 0x00, 0x00, 0x1c, 0x00, 0x00, 0x00, 0x10, 0x00, 0x00, 0x00,
  0x04, 0x00, 0x00, 0x00, 0xee, 0xd5, 0xff, 0xff, 0x00, 0x00, 0x00, 0x01,
  0x01, 0x00, 0x00, 0x00, 0x66, 0x00, 0x00, 0x00, 0x02, 0x00, 0x00, 0x00,
  0x65, 0x00, 0x00, 0x00, 0x01, 0x00, 0x00, 0x00, 0x86, 0x43, 0xfe, 0xff,
  0x00, 0x00, 0x09, 0x01, 0x64, 0x00, 0x00, 0x00, 0x67, 0x00, 0x00, 0x00,
  0x08, 0x00, 0x00, 0x00, 0x68, 0x00, 0x00, 0x00, 0x4e, 0x00, 0x00, 0x00,
  0x74, 0x69, 0x6e, 0x79, 0x5f, 0x6e, 0x69, 0x64, 0x73, 0x5f, 0x74, 0x72,
  0x61, 0x6e, 0x73, 0x66, 0x6f, 0x72, 0x6d, 0x65, 0x72, 0x5f, 0x31, 0x2f,
  0x65, 0x6e, 0x63, 0x6f, 0x64, 0x65, 0x72, 0x5f, 0x62, 0x6c, 0x6f, 0x63,
  0x6b, 0x5f, 0x30, 0x5f, 0x31, 0x2f, 0x6c, 0x61, 0x79, 0x65, 0x72, 0x5f,
  0x6e, 0x6f, 0x72, 0x6d, 0x61, 0x6c, 0x69, 0x7a, 0x61, 0x74, 0x69, 0x6f,
  0x6e, 0x5f, 0x35, 0x5f, 0x31, 0x2f, 0x6d, 0x6f, 0x6d, 0x65, 0x6e, 0x74,
  0x73, 0x2f, 0x6d, 0x65, 0x61, 0x6e, 0x00, 0x00, 0x03, 0x00, 0x00, 0x00,
  0x01, 0x00, 0x00, 0x00, 0x14, 0x00, 0x00, 0x00, 0x01, 0x00, 0x00, 0x00,
  0x1c, 0x47, 0xfe, 0xff, 0x18, 0x00, 0x00, 0x00, 0x04, 0x00, 0x00, 0x00,
  0x01, 0x00, 0x00, 0x00, 0x80, 0xff, 0xff, 0xff, 0xff, 0xff, 0xff, 0xff,
  0x00, 0x00, 0x00, 0x00, 0x01, 0x00, 0x00, 0x00, 0x29, 0xdf, 0x2b, 0x3b,
  0xda, 0xd5, 0xff, 0xff, 0x00, 0x00, 0x00, 0x0b, 0x02, 0x00, 0x00, 0x00,
  0x18, 0x00, 0x00, 0x00, 0x0c, 0x00, 0x00, 0x00, 0x04, 0x00, 0x00, 0x00,
  0x64, 0x43, 0xfe, 0xff, 0x01, 0x00, 0x00, 0x00, 0x65, 0x00, 0x00, 0x00,
  0x02, 0x00, 0x00, 0x00, 0x36, 0x00, 0x00, 0x00, 0x64, 0x00, 0x00, 0x00,
  0x56, 0x44, 0xfe, 0xff, 0x00, 0x00, 0x09, 0x01, 0x6c, 0x01, 0x00, 0x00,
  0x66, 0x00, 0x00, 0x00, 0x08, 0x00, 0x00, 0x00, 0x70, 0x01, 0x00, 0x00,
  0x55, 0x01, 0x00, 0x00, 0x74, 0x69, 0x6e, 0x79, 0x5f, 0x6e, 0x69, 0x64,
  0x73, 0x5f, 0x74, 0x72, 0x61, 0x6e, 0x73, 0x66, 0x6f, 0x72, 0x6d, 0x65,
  0x72, 0x5f, 0x31, 0x2f, 0x65, 0x6e, 0x63, 0x6f, 0x64, 0x65, 0x72, 0x5f,
  0x62, 0x6c, 0x6f, 0x63, 0x6b, 0x5f, 0x30, 0x5f, 0x31, 0x2f, 0x61, 0x64,
  0x64, 0x3b, 0x74, 0x69, 0x6e, 0x79, 0x5f, 0x6e, 0x69, 0x64, 0x73, 0x5f,
  0x74, 0x72, 0x61, 0x6e, 0x73, 0x66, 0x6f, 0x72, 0x6d, 0x65, 0x72, 0x5f,
  0x31, 0x2f, 0x65, 0x6e, 0x63, 0x6f, 0x64, 0x65, 0x72, 0x5f, 0x62, 0x6c,
  0x6f, 0x63, 0x6b, 0x5f, 0x30, 0x5f, 0x31, 0x2f, 0x6d, 0x75, 0x6c, 0x74,
  0x69, 0x5f, 0x68, 0x65, 0x61, 0x64, 0x5f, 0x6c, 0x69, 0x6e, 0x65, 0x61,
  0x72, 0x5f, 0x61, 0x74, 0x74, 0x65, 0x6e, 0x74, 0x69, 0x6f, 0x6e, 0x5f,
  0x32, 0x5f, 0x31, 0x2f, 0x64, 0x65, 0x6e, 0x73, 0x65, 0x5f, 0x31, 0x36,
  0x5f, 0x31, 0x2f, 0x42, 0x69, 0x61, 0x73, 0x41, 0x64, 0x64, 0x3b, 0x74,
  0x69, 0x6e, 0x79, 0x5f, 0x6e, 0x69, 0x64, 0x73, 0x5f, 0x74, 0x72, 0x61,
  0x6e, 0x73, 0x66, 0x6f, 0x72, 0x6d, 0x65, 0x72, 0x5f, 0x31, 0x2f, 0x65,
  0x6e, 0x63, 0x6f, 0x64, 0x65, 0x72, 0x5f, 0x62, 0x6c, 0x6f, 0x63, 0x6b,
  0x5f, 0x30, 0x5f, 0x31, 0x2f, 0x6d, 0x75, 0x6c, 0x74, 0x69, 0x5f, 0x68,
  0x65, 0x61, 0x64, 0x5f, 0x6c, 0x69, 0x6e, 0x65, 0x61, 0x72, 0x5f, 0x61,
  0x74, 0x74, 0x65, 0x6e, 0x74, 0x69, 0x6f, 0x6e, 0x5f, 0x32, 0x5f, 0x31,
  0x2f, 0x64, 0x65, 0x6e, 0x73, 0x65, 0x5f, 0x31, 0x36, 0x5f, 0x31, 0x2f,
  0x54, 0x65, 0x6e, 0x73, 0x6f, 0x72, 0x64, 0x6f, 0x74, 0x3b, 0x74, 0x69,
  0x6e, 0x79, 0x5f, 0x6e, 0x69, 0x64, 0x73, 0x5f, 0x74, 0x72, 0x61, 0x6e,
  0x73, 0x66, 0x6f, 0x72, 0x6d, 0x65, 0x72, 0x5f, 0x31, 0x2f, 0x65, 0x6e,
  0x63, 0x6f, 0x64, 0x65, 0x72, 0x5f, 0x62, 0x6c, 0x6f, 0x63, 0x6b, 0x5f,
  0x30, 0x5f, 0x31, 0x2f, 0x6d, 0x75, 0x6c, 0x74, 0x69, 0x5f, 0x68, 0x65,
  0x61, 0x64, 0x5f, 0x6c, 0x69, 0x6e, 0x65, 0x61, 0x72, 0x5f, 0x61, 0x74,
  0x74, 0x65, 0x6e, 0x74, 0x69, 0x6f, 0x6e, 0x5f, 0x32, 0x5f, 0x31, 0x2f,
  0x64, 0x65, 0x6e, 0x73, 0x65, 0x5f, 0x31, 0x36, 0x5f, 0x31, 0x2f, 0x42,
  0x69, 0x61, 0x73, 0x41, 0x64, 0x64, 0x2f, 0x52, 0x65, 0x61, 0x64, 0x56,
  0x61, 0x72, 0x69, 0x61, 0x62, 0x6c, 0x65, 0x4f, 0x70, 0x00, 0x00, 0x00,
  0x03, 0x00, 0x00, 0x00, 0x01, 0x00, 0x00, 0x00, 0x14, 0x00, 0x00, 0x00,
  0x40, 0x00, 0x00, 0x00, 0xf4, 0x48, 0xfe, 0xff, 0x18, 0x00, 0x00, 0x00,
  0x04, 0x00, 0x00, 0x00, 0x01, 0x00, 0x00, 0x00, 0xf8, 0xff, 0xff, 0xff,
  0xff, 0xff, 0xff, 0xff, 0x00, 0x00, 0x00, 0x00, 0x01, 0x00, 0x00, 0x00,
  0x0e, 0x22, 0xe6, 0x3c, 0xb2, 0xd7, 0xff, 0xff, 0x00, 0x00, 0x00, 0x08,
  0x01, 0x00, 0x00, 0x00, 0x18, 0x00, 0x00, 0x00, 0x0c, 0x00, 0x00, 0x00,
  0x04, 0x00, 0x00, 0x00, 0x3c, 0x45, 0xfe, 0xff, 0x01, 0x00, 0x00, 0x00,
  0x64, 0x00, 0x00, 0x00, 0x03, 0x00, 0x00, 0x00, 0x63, 0x00, 0x00, 0x00,
  0x26, 0x00, 0x00, 0x00, 0x25, 0x00, 0x00, 0x00, 0x32, 0x46, 0xfe, 0xff,
  0x00, 0x00, 0x09, 0x01, 0xa4, 0x01, 0x00, 0x00, 0x65, 0x00, 0x00, 0x00,
  0x08, 0x00, 0x00, 0x00, 0xa4, 0x01, 0x00, 0x00, 0x8d, 0x01, 0x00, 0x00,
  0x74, 0x69, 0x6e, 0x79, 0x5f, 0x6e, 0x69, 0x64, 0x73, 0x5f, 0x74, 0x72,
  0x61, 0x6e, 0x73, 0x66, 0x6f, 0x72, 0x6d, 0x65, 0x72, 0x5f, 0x31, 0x2f,
  0x65, 0x6e, 0x63, 0x6f, 0x64, 0x65, 0x72, 0x5f, 0x62, 0x6c, 0x6f, 0x63,
  0x6b, 0x5f, 0x30, 0x5f, 0x31, 0x2f, 0x6d, 0x75, 0x6c, 0x74, 0x69, 0x5f,
  0x68, 0x65, 0x61, 0x64, 0x5f, 0x6c, 0x69, 0x6e, 0x65, 0x61, 0x72, 0x5f,
  0x61, 0x74, 0x74, 0x65, 0x6e, 0x74, 0x69, 0x6f, 0x6e, 0x5f, 0x32, 0x5f,
  0x31, 0x2f, 0x64, 0x65, 0x6e, 0x73, 0x65, 0x5f, 0x31, 0x36, 0x5f, 0x31,
  0x2f, 0x54, 0x65, 0x6e, 0x73, 0x6f, 0x72, 0x64, 0x6f, 0x74, 0x2f, 0x4d,
  0x61, 0x74, 0x4d, 0x75, 0x6c, 0x3b, 0x74, 0x69, 0x6e, 0x79, 0x5f, 0x6e,
  0x69, 0x64, 0x73, 0x5f, 0x74, 0x72, 0x61, 0x6e, 0x73, 0x66, 0x6f, 0x72,
  0x6d, 0x65, 0x72, 0x5f, 0x31, 0x2f, 0x65, 0x6e, 0x63, 0x6f, 0x64, 0x65,
  0x72, 0x5f, 0x62, 0x6c, 0x6f, 0x63, 0x6b, 0x5f, 0x30, 0x5f, 0x31, 0x2f,
  0x6d, 0x75, 0x6c, 0x74, 0x69, 0x5f, 0x68, 0x65, 0x61, 0x64, 0x5f, 0x6c,
  0x69, 0x6e, 0x65, 0x61, 0x72, 0x5f, 0x61, 0x74, 0x74, 0x65, 0x6e, 0x74,
  0x69, 0x6f, 0x6e, 0x5f, 0x32, 0x5f, 0x31, 0x2f, 0x64, 0x65, 0x6e, 0x73,
  0x65, 0x5f, 0x31, 0x36, 0x5f, 0x31, 0x2f, 0x42, 0x69, 0x61, 0x73, 0x41,
  0x64, 0x64, 0x3b, 0x74, 0x69, 0x6e, 0x79, 0x5f, 0x6e, 0x69, 0x64, 0x73,
  0x5f, 0x74, 0x72, 0x61, 0x6e, 0x73, 0x66, 0x6f, 0x72, 0x6d, 0x65, 0x72,
  0x5f, 0x31, 0x2f, 0x65, 0x6e, 0x63, 0x6f, 0x64, 0x65, 0x72, 0x5f, 0x62,
  0x6c, 0x6f, 0x63, 0x6b, 0x5f, 0x30, 0x5f, 0x31, 0x2f, 0x6d, 0x75, 0x6c,
  0x74, 0x69, 0x5f, 0x68, 0x65, 0x61, 0x64, 0x5f, 0x6c, 0x69, 0x6e, 0x65,
  0x61, 0x72, 0x5f, 0x61, 0x74, 0x74, 0x65, 0x6e, 0x74, 0x69, 0x6f, 0x6e,
  0x5f, 0x32, 0x5f, 0x31, 0x2f, 0x64, 0x65, 0x6e, 0x73, 0x65, 0x5f, 0x31,
  0x36, 0x5f, 0x31, 0x2f, 0x54, 0x65, 0x6e, 0x73, 0x6f, 0x72, 0x64, 0x6f,
  0x74, 0x3b, 0x74, 0x69, 0x6e, 0x79, 0x5f, 0x6e, 0x69, 0x64, 0x73, 0x5f,
  0x74, 0x72, 0x61, 0x6e, 0x73, 0x66, 0x6f, 0x72, 0x6d, 0x65, 0x72, 0x5f,
  0x31, 0x2f, 0x65, 0x6e, 0x63, 0x6f, 0x64, 0x65, 0x72, 0x5f, 0x62, 0x6c,
  0x6f, 0x63, 0x6b, 0x5f, 0x30, 0x5f, 0x31, 0x2f, 0x6d, 0x75, 0x6c, 0x74,
  0x69, 0x5f, 0x68, 0x65, 0x61, 0x64, 0x5f, 0x6c, 0x69, 0x6e, 0x65, 0x61,
  0x72, 0x5f, 0x61, 0x74, 0x74, 0x65, 0x6e, 0x74, 0x69, 0x6f, 0x6e, 0x5f,
  0x32, 0x5f, 0x31, 0x2f, 0x64, 0x65, 0x6e, 0x73, 0x65, 0x5f, 0x31, 0x36,
  0x5f, 0x31, 0x2f, 0x42, 0x69, 0x61, 0x73, 0x41, 0x64, 0x64, 0x2f, 0x52,
  0x65, 0x61, 0x64, 0x56, 0x61, 0x72, 0x69, 0x61, 0x62, 0x6c, 0x65, 0x4f,
  0x70, 0x00, 0x00, 0x00, 0x02, 0x00, 0x00, 0x00, 0x14, 0x00, 0x00, 0x00,
  0x40, 0x00, 0x00, 0x00, 0x04, 0x4b, 0xfe, 0xff, 0x14, 0x00, 0x00, 0x00,
  0x04, 0x00, 0x00, 0x00, 0x01, 0x00, 0x00, 0x00, 0xf8, 0xff, 0xff, 0xff,
  0xff, 0xff, 0xff, 0xff, 0x01, 0x00, 0x00, 0x00, 0x0e, 0x22, 0xe6, 0x3c,
  0x22, 0xdb, 0xff, 0xff, 0x09, 0x00, 0x00, 0x00, 0x10, 0x00, 0x00, 0x00,
  0x04, 0x00, 0x00, 0x00, 0x01, 0x00, 0x00, 0x00, 0x63, 0x00, 0x00, 0x00,
  0x02, 0x00, 0x00, 0x00, 0x62, 0x00, 0x00, 0x00, 0x0a, 0x00, 0x00, 0x00,
  0x2e, 0x48, 0xfe, 0xff, 0x00, 0x00, 0x09, 0x01, 0xd0, 0x00, 0x00, 0x00,
  0x64, 0x00, 0x00, 0x00, 0x08, 0x00, 0x00, 0x00, 0xd0, 0x00, 0x00, 0x00,
  0xba, 0x00, 0x00, 0x00, 0x74, 0x69, 0x6e, 0x79, 0x5f, 0x6e, 0x69, 0x64,
  0x73, 0x5f, 0x74, 0x72, 0x61, 0x6e, 0x73, 0x66, 0x6f, 0x72, 0x6d, 0x65,
  0x72, 0x5f, 0x31, 0x2f, 0x65, 0x6e, 0x63, 0x6f, 0x64, 0x65, 0x72, 0x5f,
  0x62, 0x6c, 0x6f, 0x63, 0x6b, 0x5f, 0x30, 0x5f, 0x31, 0x2f, 0x6d, 0x75,
  0x6c, 0x74, 0x69, 0x5f, 0x68, 0x65, 0x61, 0x64, 0x5f, 0x6c, 0x69, 0x6e,
  0x65, 0x61, 0x72, 0x5f, 0x61, 0x74, 0x74, 0x65, 0x6e, 0x74, 0x69, 0x6f,
  0x6e, 0x5f, 0x32, 0x5f, 0x31, 0x2f, 0x64, 0x65, 0x6e, 0x73, 0x65, 0x5f,
  0x31, 0x36, 0x5f, 0x31, 0x2f, 0x54, 0x65, 0x6e, 0x73, 0x6f, 0x72, 0x64,
  0x6f, 0x74, 0x2f, 0x52, 0x65, 0x73, 0x68, 0x61, 0x70, 0x65, 0x3b, 0x74,
  0x69, 0x6e, 0x79, 0x5f, 0x6e, 0x69, 0x64, 0x73, 0x5f, 0x74, 0x72, 0x61,
  0x6e, 0x73, 0x66, 0x6f, 0x72, 0x6d, 0x65, 0x72, 0x5f, 0x31, 0x2f, 0x65,
  0x6e, 0x63, 0x6f, 0x64, 0x65, 0x72, 0x5f, 0x62, 0x6c, 0x6f, 0x63, 0x6b,
  0x5f, 0x30, 0x5f, 0x31, 0x2f, 0x6d, 0x75, 0x6c, 0x74, 0x69, 0x5f, 0x68,
  0x65, 0x61, 0x64, 0x5f, 0x6c, 0x69, 0x6e, 0x65, 0x61, 0x72, 0x5f, 0x61,
  0x74, 0x74, 0x65, 0x6e, 0x74, 0x69, 0x6f, 0x6e, 0x5f, 0x32, 0x5f, 0x31,
  0x2f, 0x52, 0x65, 0x73, 0x68, 0x61, 0x70, 0x65, 0x5f, 0x33, 0x00, 0x00,
  0x02, 0x00, 0x00, 0x00, 0x14, 0x00, 0x00, 0x00, 0x40, 0x00, 0x00, 0x00,
  0x2c, 0x4c, 0xfe, 0xff, 0x18, 0x00, 0x00, 0x00, 0x04, 0x00, 0x00, 0x00,
  0x01, 0x00, 0x00, 0x00, 0x14, 0x00, 0x00, 0x00, 0x00, 0x00, 0x00, 0x00,
  0x00, 0x00, 0x00, 0x00, 0x01, 0x00, 0x00, 0x00, 0x95, 0x64, 0x97, 0x3c,
  0xe2, 0xd8, 0xff, 0xff, 0x10, 0x00, 0x00, 0x00, 0x04, 0x00, 0x00, 0x00,
  0x01, 0x00, 0x00, 0x00, 0x62, 0x00, 0x00, 0x00, 0x01, 0x00, 0x00, 0x00,
  0x61, 0x00, 0x00, 0x00, 0x52, 0x49, 0xfe, 0xff, 0x00, 0x00, 0x09, 0x01,
  0x24, 0x00, 0x00, 0x00, 0x63, 0x00, 0x00, 0x00, 0x08, 0x00, 0x00, 0x00,
  0x2c, 0x00, 0x00, 0x00, 0x0d, 0x00, 0x00, 0x00, 0x74, 0x66, 0x6c, 0x2e,
  0x71, 0x75, 0x61, 0x6e, 0x74, 0x69, 0x7a, 0x65, 0x34, 0x00, 0x00, 0x00,
  0x04, 0x00, 0x00, 0x00, 0x01, 0x00, 0x00, 0x00, 0x14, 0x00, 0x00, 0x00,
  0x08, 0x00, 0x00, 0x00, 0x08, 0x00, 0x00, 0x00, 0xac, 0x4c, 0xfe, 0xff,
  0x14, 0x00, 0x00, 0x00, 0x04, 0x00, 0x00, 0x00, 0x01, 0x00, 0x00, 0x00,
  0x14, 0x00, 0x00, 0x00, 0x00, 0x00, 0x00, 0x00, 0x01, 0x00, 0x00, 0x00,
  0x95, 0x64, 0x97, 0x3c, 0x66, 0xdb, 0xff, 0xff, 0x00, 0x00, 0x00, 0x1d,
  0x0e, 0x00, 0x00, 0x00, 0x18, 0x00, 0x00, 0x00, 0x0c, 0x00, 0x00, 0x00,
  0x04, 0x00, 0x00, 0x00, 0xf0, 0x48, 0xfe, 0xff, 0x01, 0x00, 0x00, 0x00,
  0x61, 0x00, 0x00, 0x00, 0x02, 0x00, 0x00, 0x00, 0x60, 0x00, 0x00, 0x00,
  0x58, 0x00, 0x00, 0x00, 0x68, 0xd9, 0xff, 0xff, 0x2a, 0x00, 0x00, 0x00,
  0x00, 0x00, 0x00, 0x2a, 0x01, 0x00, 0x00, 0x00, 0x82, 0x49, 0xfe, 0xff,
  0x00, 0x00, 0x00, 0x01, 0x68, 0x00, 0x00, 0x00, 0x62, 0x00, 0x00, 0x00,
  0x08, 0x00, 0x00, 0x00, 0x70, 0x00, 0x00, 0x00, 0x51, 0x00, 0x00, 0x00,
  0x74, 0x69, 0x6e, 0x79, 0x5f, 0x6e, 0x69, 0x64, 0x73, 0x5f, 0x74, 0x72,
  0x61, 0x6e, 0x73, 0x66, 0x6f, 0x72, 0x6d, 0x65, 0x72, 0x5f, 0x31, 0x2f,
  0x65, 0x6e, 0x63, 0x6f, 0x64, 0x65, 0x72, 0x5f, 0x62, 0x6c, 0x6f, 0x63,
  0x6b, 0x5f, 0x30, 0x5f, 0x31, 0x2f, 0x6d, 0x75, 0x6c, 0x74, 0x69, 0x5f,
  0x68, 0x65, 0x61, 0x64, 0x5f, 0x6c, 0x69, 0x6e, 0x65, 0x61, 0x72, 0x5f,
  0x61, 0x74, 0x74, 0x65, 0x6e, 0x74, 0x69, 0x6f, 0x6e, 0x5f, 0x32, 0x5f,
  0x31, 0x2f, 0x74, 0x72, 0x75, 0x65, 0x64, 0x69, 0x76, 0x00, 0x00, 0x00,
  0x04, 0x00, 0x00, 0x00, 0x01, 0x00, 0x00, 0x00, 0x14, 0x00, 0x00, 0x00,
  0x08, 0x00, 0x00, 0x00, 0x08, 0x00, 0x00, 0x00, 0x9c, 0x49, 0xfe, 0xff,
  0x92, 0xdd, 0xff, 0xff, 0x04, 0x00, 0x00, 0x00, 0x10, 0x00, 0x00, 0x00,
  0x04, 0x00, 0x00, 0x00, 0x01, 0x00, 0x00, 0x00, 0x60, 0x00, 0x00, 0x00,
  0x01, 0x00, 0x00, 0x00, 0x5f, 0x00, 0x00, 0x00, 0x2a, 0x4a, 0xfe, 0xff,
  0x00, 0x00, 0x00, 0x01, 0x70, 0x00, 0x00, 0x00, 0x61, 0x00, 0x00, 0x00,
  0x08, 0x00, 0x00, 0x00, 0x78, 0x00, 0x00, 0x00, 0x5b, 0x00, 0x00, 0x00,
  0x74, 0x69, 0x6e, 0x79, 0x5f, 0x6e, 0x69, 0x64, 0x73, 0x5f, 0x74, 0x72,
  0x61, 0x6e, 0x73, 0x66, 0x6f, 0x72, 0x6d, 0x65, 0x72, 0x5f, 0x31, 0x2f,
  0x65, 0x6e, 0x63, 0x6f, 0x64, 0x65, 0x72, 0x5f, 0x62, 0x6c, 0x6f, 0x63,
  0x6b, 0x5f, 0x30, 0x5f, 0x31, 0x2f, 0x6d, 0x75, 0x6c, 0x74, 0x69, 0x5f,
  0x68, 0x65, 0x61, 0x64, 0x5f, 0x6c, 0x69, 0x6e, 0x65, 0x61, 0x72, 0x5f,
  0x61, 0x74, 0x74, 0x65, 0x6e, 0x74, 0x69, 0x6f, 0x6e, 0x5f, 0x32, 0x5f,
  0x31, 0x2f, 0x65, 0x69, 0x6e, 0x73, 0x75, 0x6d, 0x5f, 0x31, 0x2f, 0x45,
  0x69, 0x6e, 0x73, 0x75, 0x6d, 0x31, 0x31, 0x00, 0x04, 0x00, 0x00, 0x00,
  0x01, 0x00, 0x00, 0x00, 0x14, 0x00, 0x00, 0x00, 0x08, 0x00, 0x00, 0x00,
  0x08, 0x00, 0x00, 0x00, 0x4c, 0x4a, 0xfe, 0xff, 0x42, 0xde, 0xff, 0xff,
  0x0c, 0x00, 0x00, 0x00, 0x10, 0x00, 0x00, 0x00, 0x04, 0x00, 0x00, 0x00,
  0x01, 0x00, 0x00, 0x00, 0x5f, 0x00, 0x00, 0x00, 0x02, 0x00, 0x00, 0x00,
  0x5e, 0x00, 0x00, 0x00, 0x04, 0x00, 0x00, 0x00, 0x4e, 0x4b, 0xfe, 0xff,
  0x00, 0x00, 0x09, 0x01, 0x70, 0x00, 0x00, 0x00, 0x60, 0x00, 0x00, 0x00,
  0x08, 0x00, 0x00, 0x00, 0x78, 0x00, 0x00, 0x00, 0x5a, 0x00, 0x00, 0x00,
  0x74, 0x69, 0x6e, 0x79, 0x5f, 0x6e, 0x69, 0x64, 0x73, 0x5f, 0x74, 0x72,
  0x61, 0x6e, 0x73, 0x66, 0x6f, 0x72, 0x6d, 0x65, 0x72, 0x5f, 0x31, 0x2f,
  0x65, 0x6e, 0x63, 0x6f, 0x64, 0x65, 0x72, 0x5f, 0x62, 0x6c, 0x6f, 0x63,
  0x6b, 0x5f, 0x30, 0x5f, 0x31, 0x2f, 0x6d, 0x75, 0x6c, 0x74, 0x69, 0x5f,
  0x68, 0x65, 0x61, 0x64, 0x5f, 0x6c, 0x69, 0x6e, 0x65, 0x61, 0x72, 0x5f,
  0x61, 0x74, 0x74, 0x65, 0x6e, 0x74, 0x69, 0x6f, 0x6e, 0x5f, 0x32, 0x5f,
  0x31, 0x2f, 0x65, 0x69, 0x6e, 0x73, 0x75, 0x6d, 0x5f, 0x31, 0x2f, 0x45,
  0x69, 0x6e, 0x73, 0x75, 0x6d, 0x31, 0x00, 0x00, 0x04, 0x00, 0x00, 0x00,
  0x01, 0x00, 0x00, 0x00, 0x14, 0x00, 0x00, 0x00, 0x08, 0x00, 0x00, 0x00,
  0x08, 0x00, 0x00, 0x00, 0xf4, 0x4e, 0xfe, 0xff, 0x18, 0x00, 0x00, 0x00,
  0x04, 0x00, 0x00, 0x00, 0x01, 0x00, 0x00, 0x00, 0x0d, 0x00, 0x00, 0x00,
  0x00, 0x00, 0x00, 0x00, 0x00, 0x00, 0x00, 0x00, 0x01, 0x00, 0x00, 0x00,
  0x1f, 0xd9, 0xa1, 0x40, 0xb2, 0xdd, 0xff, 0xff, 0x00, 0x00, 0x00, 0x65,
  0x0d, 0x00, 0x00, 0x00, 0x18, 0x00, 0x00, 0x00, 0x0c, 0x00, 0x00, 0x00,
  0x04, 0x00, 0x00, 0x00, 0x3c, 0x4b, 0xfe, 0xff, 0x01, 0x00, 0x00, 0x00,
  0x5e, 0x00, 0x00, 0x00, 0x02, 0x00, 0x00, 0x00, 0x51, 0x00, 0x00, 0x00,
  0x5d, 0x00, 0x00, 0x00, 0x2e, 0x4c, 0xfe, 0xff, 0x00, 0x00, 0x09, 0x01,
  0x70, 0x00, 0x00, 0x00, 0x5f, 0x00, 0x00, 0x00, 0x08, 0x00, 0x00, 0x00,
  0x78, 0x00, 0x00, 0x00, 0x59, 0x00, 0x00, 0x00, 0x74, 0x69, 0x6e, 0x79,
  0x5f, 0x6e, 0x69, 0x64, 0x73, 0x5f, 0x74, 0x72, 0x61, 0x6e, 0x73, 0x66,
  0x6f, 0x72, 0x6d, 0x65, 0x72, 0x5f, 0x31, 0x2f, 0x65, 0x6e, 0x63, 0x6f,
  0x64, 0x65, 0x72, 0x5f, 0x62, 0x6c, 0x6f, 0x63, 0x6b, 0x5f, 0x30, 0x5f,
  0x31, 0x2f, 0x6d, 0x75, 0x6c, 0x74, 0x69, 0x5f, 0x68, 0x65, 0x61, 0x64,
  0x5f, 0x6c, 0x69, 0x6e, 0x65, 0x61, 0x72, 0x5f, 0x61, 0x74, 0x74, 0x65,
  0x6e, 0x74, 0x69, 0x6f, 0x6e, 0x5f, 0x32, 0x5f, 0x31, 0x2f, 0x65, 0x69,
  0x6e, 0x73, 0x75, 0x6d, 0x5f, 0x31, 0x2f, 0x45, 0x69, 0x6e, 0x73, 0x75,
  0x6d, 0x00, 0x00, 0x00, 0x04, 0x00, 0x00, 0x00, 0x01, 0x00, 0x00, 0x00,
  0x08, 0x00, 0x00, 0x00, 0x14, 0x00, 0x00, 0x00, 0x08, 0x00, 0x00, 0x00,
  0xd4, 0x4f, 0xfe, 0xff, 0x18, 0x00, 0x00, 0x00, 0x04, 0x00, 0x00, 0x00,
  0x01, 0x00, 0x00, 0x00, 0x0d, 0x00, 0x00, 0x00, 0x00, 0x00, 0x00, 0x00,
  0x00, 0x00, 0x00, 0x00, 0x01, 0x00, 0x00, 0x00, 0x1f, 0xd9, 0xa1, 0x40,
  0x92, 0xde, 0xff, 0xff, 0x00, 0x00, 0x00, 0x65, 0x0d, 0x00, 0x00, 0x00,
  0x18, 0x00, 0x00, 0x00, 0x0c, 0x00, 0x00, 0x00, 0x04, 0x00, 0x00, 0x00,
  0x1c, 0x4c, 0xfe, 0xff, 0x01, 0x00, 0x00, 0x00, 0x5d, 0x00, 0x00, 0x00,
  0x02, 0x00, 0x00, 0x00, 0x5b, 0x00, 0x00, 0x00, 0x5c, 0x00, 0x00, 0x00,
  0x0e, 0x4d, 0xfe, 0xff, 0x00, 0x00, 0x09, 0x01, 0x70, 0x00, 0x00, 0x00,
  0x5e, 0x00, 0x00, 0x00, 0x08, 0x00, 0x00, 0x00, 0x78, 0x00, 0x00, 0x00,
  0x58, 0x00, 0x00, 0x00, 0x74, 0x69, 0x6e, 0x79, 0x5f, 0x6e, 0x69, 0x64,
  0x73, 0x5f, 0x74, 0x72, 0x61, 0x6e, 0x73, 0x66, 0x6f, 0x72, 0x6d, 0x65,
  0x72, 0x5f, 0x31, 0x2f, 0x65, 0x6e, 0x63, 0x6f, 0x64, 0x65, 0x72, 0x5f,
  0x62, 0x6c, 0x6f, 0x63, 0x6b, 0x5f, 0x30, 0x5f, 0x31, 0x2f, 0x6d, 0x75,
  0x6c, 0x74, 0x69, 0x5f, 0x68, 0x65, 0x61, 0x64, 0x5f, 0x6c, 0x69, 0x6e,
  0x65, 0x61, 0x72, 0x5f, 0x61, 0x74, 0x74, 0x65, 0x6e, 0x74, 0x69, 0x6f,
  0x6e, 0x5f, 0x32, 0x5f, 0x31, 0x2f, 0x65, 0x69, 0x6e, 0x73, 0x75, 0x6d,
  0x2f, 0x45, 0x69, 0x6e, 0x73, 0x75, 0x6d, 0x32, 0x00, 0x00, 0x00, 0x00,
  0x04, 0x00, 0x00, 0x00, 0x01, 0x00, 0x00, 0x00, 0x08, 0x00, 0x00, 0x00,
  0x08, 0x00, 0x00, 0x00, 0x08, 0x00, 0x00, 0x00, 0xb4, 0x50, 0xfe, 0xff,
  0x14, 0x00, 0x00, 0x00, 0x04, 0x00, 0x00, 0x00, 0x01, 0x00, 0x00, 0x00,
  0x08, 0x00, 0x00, 0x00, 0x00, 0x00, 0x00, 0x00, 0x01, 0x00, 0x00, 0x00,
  0x79, 0xc9, 0x20, 0x3f, 0xd2, 0xe0, 0xff, 0xff, 0x0c, 0x00, 0x00, 0x00,
  0x10, 0x00, 0x00, 0x00, 0x04, 0x00, 0x00, 0x00, 0x01, 0x00, 0x00, 0x00,
  0x5c, 0x00, 0x00, 0x00, 0x02, 0x00, 0x00, 0x00, 0x5a, 0x00, 0x00, 0x00,
  0x04, 0x00, 0x00, 0x00, 0xde, 0x4d, 0xfe, 0xff, 0x00, 0x00, 0x09, 0x01,
  0x70, 0x00, 0x00, 0x00, 0x5d, 0x00, 0x00, 0x00, 0x08, 0x00, 0x00, 0x00,
  0x78, 0x00, 0x00, 0x00, 0x58, 0x00, 0x00, 0x00, 0x74, 0x69, 0x6e, 0x79,
  0x5f, 0x6e, 0x69, 0x64, 0x73, 0x5f, 0x74, 0x72, 0x61, 0x6e, 0x73, 0x66,
  0x6f, 0x72, 0x6d, 0x65, 0x72, 0x5f, 0x31, 0x2f, 0x65, 0x6e, 0x63, 0x6f,
  0x64, 0x65, 0x72, 0x5f, 0x62, 0x6c, 0x6f, 0x63, 0x6b, 0x5f, 0x30, 0x5f,
  0x31, 0x2f, 0x6d, 0x75, 0x6c, 0x74, 0x69, 0x5f, 0x68, 0x65, 0x61, 0x64,
  0x5f, 0x6c, 0x69, 0x6e, 0x65, 0x61, 0x72, 0x5f, 0x61, 0x74, 0x74, 0x65,
  0x6e, 0x74, 0x69, 0x6f, 0x6e, 0x5f, 0x32, 0x5f, 0x31, 0x2f, 0x65, 0x69,
  0x6e, 0x73, 0x75, 0x6d, 0x2f, 0x45, 0x69, 0x6e, 0x73, 0x75, 0x6d, 0x31,
  0x00, 0x00, 0x00, 0x00, 0x04, 0x00, 0x00, 0x00, 0x01, 0x00, 0x00, 0x00,
  0x08, 0x00, 0x00, 0x00, 0x14, 0x00, 0x00, 0x00, 0x08, 0x00, 0x00, 0x00,
  0x84, 0x51, 0xfe, 0xff, 0x18, 0x00, 0x00, 0x00, 0x04, 0x00, 0x00, 0x00,
  0x01, 0x00, 0x00, 0x00, 0x0c, 0x00, 0x00, 0x00, 0x00, 0x00, 0x00, 0x00,
  0x00, 0x00, 0x00, 0x00, 0x01, 0x00, 0x00, 0x00, 0xc8, 0x1f, 0xde, 0x3c,
  0xa6, 0xe1, 0xff, 0xff, 0x0c, 0x00, 0x00, 0x00, 0x10, 0x00, 0x00, 0x00,
  0x04, 0x00, 0x00, 0x00, 0x01, 0x00, 0x00, 0x00, 0x5b, 0x00, 0x00, 0x00,
  0x02, 0x00, 0x00, 0x00, 0x4f, 0x00, 0x00, 0x00, 0x09, 0x00, 0x00, 0x00,
  0xb2, 0x4e, 0xfe, 0xff, 0x00, 0x00, 0x09, 0x01, 0x6c, 0x00, 0x00, 0x00,
  0x5c, 0x00, 0x00, 0x00, 0x08, 0x00, 0x00, 0x00, 0x74, 0x00, 0x00, 0x00,
  0x57, 0x00, 0x00, 0x00, 0x74, 0x69, 0x6e, 0x79, 0x5f, 0x6e, 0x69, 0x64,
  0x73, 0x5f, 0x74, 0x72, 0x61, 0x6e, 0x73, 0x66, 0x6f, 0x72, 0x6d, 0x65,
  0x72, 0x5f, 0x31, 0x2f, 0x65, 0x6e, 0x63, 0x6f, 0x64, 0x65, 0x72, 0x5f,
  0x62, 0x6c, 0x6f, 0x63, 0x6b, 0x5f, 0x30, 0x5f, 0x31, 0x2f, 0x6d, 0x75,
  0x6c, 0x74, 0x69, 0x5f, 0x68, 0x65, 0x61, 0x64, 0x5f, 0x6c, 0x69, 0x6e,
  0x65, 0x61, 0x72, 0x5f, 0x61, 0x74, 0x74, 0x65, 0x6e, 0x74, 0x69, 0x6f,
  0x6e, 0x5f, 0x32, 0x5f, 0x31, 0x2f, 0x65, 0x69, 0x6e, 0x73, 0x75, 0x6d,
  0x2f, 0x45, 0x69, 0x6e, 0x73, 0x75, 0x6d, 0x00, 0x04, 0x00, 0x00, 0x00,
  0x01, 0x00, 0x00, 0x00, 0x08, 0x00, 0x00, 0x00, 0x08, 0x00, 0x00, 0x00,
  0x14, 0x00, 0x00, 0x00, 0x54, 0x52, 0xfe, 0xff, 0x14, 0x00, 0x00, 0x00,
  0x04, 0x00, 0x00, 0x00, 0x01, 0x00, 0x00, 0x00, 0x80, 0xff, 0xff, 0xff,
  0xff, 0xff, 0xff, 0xff, 0x01, 0x00, 0x00, 0x00, 0x67, 0x84, 0x89, 0x3c,
  0x72, 0xe2, 0xff, 0xff, 0x09, 0x00, 0x00, 0x00, 0x10, 0x00, 0x00, 0x00,
  0x04, 0x00, 0x00, 0x00, 0x01, 0x00, 0x00, 0x00, 0x5a, 0x00, 0x00, 0x00,
  0x02, 0x00, 0x00, 0x00, 0x59, 0x00, 0x00, 0x00, 0x02, 0x00, 0x00, 0x00,
  0x7e, 0x4f, 0xfe, 0xff, 0x00, 0x00, 0x09, 0x01, 0x68, 0x00, 0x00, 0x00,
  0x5b, 0x00, 0x00, 0x00, 0x08, 0x00, 0x00, 0x00, 0x70, 0x00, 0x00, 0x00,
  0x53, 0x00, 0x00, 0x00, 0x74, 0x69, 0x6e, 0x79, 0x5f, 0x6e, 0x69, 0x64,
  0x73, 0x5f, 0x74, 0x72, 0x61, 0x6e, 0x73, 0x66, 0x6f, 0x72, 0x6d, 0x65,
  0x72, 0x5f, 0x31, 0x2f, 0x65, 0x6e, 0x63, 0x6f, 0x64, 0x65, 0x72, 0x5f,
  0x62, 0x6c, 0x6f, 0x63, 0x6b, 0x5f, 0x30, 0x5f, 0x31, 0x2f, 0x6d, 0x75,
  0x6c, 0x74, 0x69, 0x5f, 0x68, 0x65, 0x61, 0x64, 0x5f, 0x6c, 0x69, 0x6e,
  0x65, 0x61, 0x72, 0x5f, 0x61, 0x74, 0x74, 0x65, 0x6e, 0x74, 0x69, 0x6f,
  0x6e, 0x5f, 0x32, 0x5f, 0x31, 0x2f, 0x52, 0x65, 0x73, 0x68, 0x61, 0x70,
  0x65, 0x5f, 0x32, 0x00, 0x04, 0x00, 0x00, 0x00, 0x01, 0x00, 0x00, 0x00,
  0x14, 0x00, 0x00, 0x00, 0x08, 0x00, 0x00, 0x00, 0x08, 0x00, 0x00, 0x00,
  0x1c, 0x53, 0xfe, 0xff, 0x14, 0x00, 0x00, 0x00, 0x04, 0x00, 0x00, 0x00,
  0x01, 0x00, 0x00, 0x00, 0x0c, 0x00, 0x00, 0x00, 0x00, 0x00, 0x00, 0x00,
  0x01, 0x00, 0x00, 0x00, 0xc8, 0x1f, 0xde, 0x3c, 0xd6, 0xe1, 0xff, 0xff,
  0x00, 0x00, 0x00, 0x08, 0x01, 0x00, 0x00, 0x00, 0x1c, 0x00, 0x00, 0x00,
  0x10, 0x00, 0x00, 0x00, 0x04, 0x00, 0x00, 0x00, 0x9e, 0xe0, 0xff, 0xff,
  0x00, 0x00, 0x00, 0x01, 0x01, 0x00, 0x00, 0x00, 0x59, 0x00, 0x00, 0x00,
  0x03, 0x00, 0x00, 0x00, 0x43, 0x00, 0x00, 0x00, 0x28, 0x00, 0x00, 0x00,
  0x27, 0x00, 0x00, 0x00, 0x5a, 0x50, 0xfe, 0xff, 0x00, 0x00, 0x09, 0x01,
  0xd0, 0x00, 0x00, 0x00, 0x5a, 0x00, 0x00, 0x00, 0x08, 0x00, 0x00, 0x00,
  0xd4, 0x00, 0x00, 0x00, 0xbb, 0x00, 0x00, 0x00, 0x74, 0x69, 0x6e, 0x79,
  0x5f, 0x6e, 0x69, 0x64, 0x73, 0x5f, 0x74, 0x72, 0x61, 0x6e, 0x73, 0x66,
  0x6f, 0x72, 0x6d, 0x65, 0x72, 0x5f, 0x31, 0x2f, 0x65, 0x6e, 0x63, 0x6f,
  0x64, 0x65, 0x72, 0x5f, 0x62, 0x6c, 0x6f, 0x63, 0x6b, 0x5f, 0x30, 0x5f,
  0x31, 0x2f, 0x6d, 0x75, 0x6c, 0x74, 0x69, 0x5f, 0x68, 0x65, 0x61, 0x64,
  0x5f, 0x6c, 0x69, 0x6e, 0x65, 0x61, 0x72, 0x5f, 0x61, 0x74, 0x74, 0x65,
  0x6e, 0x74, 0x69, 0x6f, 0x6e, 0x5f, 0x32, 0x5f, 0x31, 0x2f, 0x64, 0x65,
  0x6e, 0x73, 0x65, 0x5f, 0x31, 0x35, 0x5f, 0x31, 0x2f, 0x54, 0x65, 0x6e,
  0x73, 0x6f, 0x72, 0x64, 0x6f, 0x74, 0x3b, 0x74, 0x69, 0x6e, 0x79, 0x5f,
  0x6e, 0x69, 0x64, 0x73, 0x5f, 0x74, 0x72, 0x61, 0x6e, 0x73, 0x66, 0x6f,
  0x72, 0x6d, 0x65, 0x72, 0x5f, 0x31, 0x2f, 0x65, 0x6e, 0x63, 0x6f, 0x64,
  0x65, 0x72, 0x5f, 0x62, 0x6c, 0x6f, 0x63, 0x6b, 0x5f, 0x30, 0x5f, 0x31,
  0x2f, 0x6d, 0x75, 0x6c, 0x74, 0x69, 0x5f, 0x68, 0x65, 0x61, 0x64, 0x5f,
  0x6c, 0x69, 0x6e, 0x65, 0x61, 0x72, 0x5f, 0x61, 0x74, 0x74, 0x65, 0x6e,
  0x74, 0x69, 0x6f, 0x6e, 0x5f, 0x32, 0x5f, 0x31, 0x2f, 0x64, 0x65, 0x6e,
  0x73, 0x65, 0x5f, 0x31, 0x35, 0x5f, 0x31, 0x2f, 0x42, 0x69, 0x61, 0x73,
  0x41, 0x64, 0x64, 0x00, 0x03, 0x00, 0x00, 0x00, 0x01, 0x00, 0x00, 0x00,
  0x14, 0x00, 0x00, 0x00, 0x40, 0x00, 0x00, 0x00, 0x5c, 0x54, 0xfe, 0xff,
  0x14, 0x00, 0x00, 0x00, 0x04, 0x00, 0x00, 0x00, 0x01, 0x00, 0x00, 0x00,
  0x0c, 0x00, 0x00, 0x00, 0x00, 0x00, 0x00, 0x00, 0x01, 0x00, 0x00, 0x00,
  0xc8, 0x1f, 0xde, 0x3c, 0x7a, 0xe4, 0xff, 0xff, 0x04, 0x00, 0x00, 0x00,
  0x10, 0x00, 0x00, 0x00, 0x04, 0x00, 0x00, 0x00, 0x01, 0x00, 0x00, 0x00,
  0x58, 0x00, 0x00, 0x00, 0x01, 0x00, 0x00, 0x00, 0x57, 0x00, 0x00, 0x00,
  0x12, 0x51, 0xfe, 0xff, 0x00, 0x00, 0x00, 0x01, 0xbc, 0x00, 0x00, 0x00,
  0x59, 0x00, 0x00, 0x00, 0x08, 0x00, 0x00, 0x00, 0xc4, 0x00, 0x00, 0x00,
  0xa7, 0x00, 0x00, 0x00, 0x74, 0x69, 0x6e, 0x79, 0x5f, 0x6e, 0x69, 0x64,
  0x73, 0x5f, 0x74, 0x72, 0x61, 0x6e, 0x73, 0x66, 0x6f, 0x72, 0x6d, 0x65,
  0x72, 0x5f, 0x31, 0x2f, 0x65, 0x6e, 0x63, 0x6f, 0x64, 0x65, 0x72, 0x5f,
  0x62, 0x6c, 0x6f, 0x63, 0x6b, 0x5f, 0x30, 0x5f, 0x31, 0x2f, 0x6d, 0x75,
  0x6c, 0x74, 0x69, 0x5f, 0x68, 0x65, 0x61, 0x64, 0x5f, 0x6c, 0x69, 0x6e,
  0x65, 0x61, 0x72, 0x5f, 0x61, 0x74, 0x74, 0x65, 0x6e, 0x74, 0x69, 0x6f,
  0x6e, 0x5f, 0x32, 0x5f, 0x31, 0x2f, 0x61, 0x64, 0x64, 0x5f, 0x32, 0x3b,
  0x74, 0x69, 0x6e, 0x79, 0x5f, 0x6e, 0x69, 0x64, 0x73, 0x5f, 0x74, 0x72,
  0x61, 0x6e, 0x73, 0x66, 0x6f, 0x72, 0x6d, 0x65, 0x72, 0x5f, 0x31, 0x2f,
  0x65, 0x6e, 0x63, 0x6f, 0x64, 0x65, 0x72, 0x5f, 0x62, 0x6c, 0x6f, 0x63,
  0x6b, 0x5f, 0x30, 0x5f, 0x31, 0x2f, 0x6d, 0x75, 0x6c, 0x74, 0x69, 0x5f,
  0x68, 0x65, 0x61, 0x64, 0x5f, 0x6c, 0x69, 0x6e, 0x65, 0x61, 0x72, 0x5f,
  0x61, 0x74, 0x74, 0x65, 0x6e, 0x74, 0x69, 0x6f, 0x6e, 0x5f, 0x32, 0x5f,
  0x31, 0x2f, 0x45, 0x78, 0x70, 0x61, 0x6e, 0x64, 0x44, 0x69, 0x6d, 0x73,
  0x3b, 0x31, 0x31, 0x00, 0x04, 0x00, 0x00, 0x00, 0x01, 0x00, 0x00, 0x00,
  0x14, 0x00, 0x00, 0x00, 0x08, 0x00, 0x00, 0x00, 0x01, 0x00, 0x00, 0x00,
  0x80, 0x51, 0xfe, 0xff, 0x76, 0xe5, 0xff, 0xff, 0x09, 0x00, 0x00, 0x00,
  0x10, 0x00, 0x00, 0x00, 0x04, 0x00, 0x00, 0x00, 0x01, 0x00, 0x00, 0x00,
  0x57, 0x00, 0x00, 0x00, 0x02, 0x00, 0x00, 0x00, 0x56, 0x00, 0x00, 0x00,
  0x08, 0x00, 0x00, 0x00, 0x82, 0x52, 0xfe, 0xff, 0x00, 0x00, 0x09, 0x01,
  0xbc, 0x00, 0x00, 0x00, 0x58, 0x00, 0x00, 0x00, 0x08, 0x00, 0x00, 0x00,
  0xc4, 0x00, 0x00, 0x00, 0xa6, 0x00, 0x00, 0x00, 0x74, 0x69, 0x6e, 0x79,
  0x5f, 0x6e, 0x69, 0x64, 0x73, 0x5f, 0x74, 0x72, 0x61, 0x6e, 0x73, 0x66,
  0x6f, 0x72, 0x6d, 0x65, 0x72, 0x5f, 0x31, 0x2f, 0x65, 0x6e, 0x63, 0x6f,
  0x64, 0x65, 0x72, 0x5f, 0x62, 0x6c, 0x6f, 0x63, 0x6b, 0x5f, 0x30, 0x5f,
  0x31, 0x2f, 0x6d, 0x75, 0x6c, 0x74, 0x69, 0x5f, 0x68, 0x65, 0x61, 0x64,
  0x5f, 0x6c, 0x69, 0x6e, 0x65, 0x61, 0x72, 0x5f, 0x61, 0x74, 0x74, 0x65,
  0x6e, 0x74, 0x69, 0x6f, 0x6e, 0x5f, 0x32, 0x5f, 0x31, 0x2f, 0x61, 0x64,
  0x64, 0x5f, 0x32, 0x3b, 0x74, 0x69, 0x6e, 0x79, 0x5f, 0x6e, 0x69, 0x64,
  0x73, 0x5f, 0x74, 0x72, 0x61, 0x6e, 0x73, 0x66, 0x6f, 0x72, 0x6d, 0x65,
  0x72, 0x5f, 0x31, 0x2f, 0x65, 0x6e, 0x63, 0x6f, 0x64, 0x65, 0x72, 0x5f,
  0x62, 0x6c, 0x6f, 0x63, 0x6b, 0x5f, 0x30, 0x5f, 0x31, 0x2f, 0x6d, 0x75,
  0x6c, 0x74, 0x69, 0x5f, 0x68, 0x65, 0x61, 0x64, 0x5f, 0x6c, 0x69, 0x6e,
  0x65, 0x61, 0x72, 0x5f, 0x61, 0x74, 0x74, 0x65, 0x6e, 0x74, 0x69, 0x6f,
  0x6e, 0x5f, 0x32, 0x5f, 0x31, 0x2f, 0x45, 0x78, 0x70, 0x61, 0x6e, 0x64,
  0x44, 0x69, 0x6d, 0x73, 0x3b, 0x31, 0x00, 0x00, 0x04, 0x00, 0x00, 0x00,
  0x01, 0x00, 0x00, 0x00, 0x14, 0x00, 0x00, 0x00, 0x08, 0x00, 0x00, 0x00,
  0x01, 0x00, 0x00, 0x00, 0x74, 0x56, 0xfe, 0xff, 0x14, 0x00, 0x00, 0x00,
  0x04, 0x00, 0x00, 0x00, 0x01, 0x00, 0x00, 0x00, 0x80, 0xff, 0xff, 0xff,
  0xff, 0xff, 0xff, 0xff, 0x01, 0x00, 0x00, 0x00, 0x32, 0xad, 0xe7, 0x3f,
  0x92, 0xe6, 0xff, 0xff, 0x0c, 0x00, 0x00, 0x00, 0x10, 0x00, 0x00, 0x00,
  0x04, 0x00, 0x00, 0x00, 0x01, 0x00, 0x00, 0x00, 0x56, 0x00, 0x00, 0x00,
  0x02, 0x00, 0x00, 0x00, 0x55, 0x00, 0x00, 0x00, 0x07, 0x00, 0x00, 0x00,
  0x9e, 0x53, 0xfe, 0xff, 0x00, 0x00, 0x09, 0x01, 0xbc, 0x00, 0x00, 0x00,
  0x57, 0x00, 0x00, 0x00, 0x08, 0x00, 0x00, 0x00, 0xc0, 0x00, 0x00, 0x00,
  0xa5, 0x00, 0x00, 0x00, 0x74, 0x69, 0x6e, 0x79, 0x5f, 0x6e, 0x69, 0x64,
  0x73, 0x5f, 0x74, 0x72, 0x61, 0x6e, 0x73, 0x66, 0x6f, 0x72, 0x6d, 0x65,
  0x72, 0x5f, 0x31, 0x2f, 0x65, 0x6e, 0x63, 0x6f, 0x64, 0x65, 0x72, 0x5f,
  0x62, 0x6c, 0x6f, 0x63, 0x6b, 0x5f, 0x30, 0x5f, 0x31, 0x2f, 0x6d, 0x75,
  0x6c, 0x74, 0x69, 0x5f, 0x68, 0x65, 0x61, 0x64, 0x5f, 0x6c, 0x69, 0x6e,
  0x65, 0x61, 0x72, 0x5f, 0x61, 0x74, 0x74, 0x65, 0x6e, 0x74, 0x69, 0x6f,
  0x6e, 0x5f, 0x32, 0x5f, 0x31, 0x2f, 0x61, 0x64, 0x64, 0x5f, 0x32, 0x3b,
  0x74, 0x69, 0x6e, 0x79, 0x5f, 0x6e, 0x69, 0x64, 0x73, 0x5f, 0x74, 0x72,
  0x61, 0x6e, 0x73, 0x66, 0x6f, 0x72, 0x6d, 0x65, 0x72, 0x5f, 0x31, 0x2f,
  0x65, 0x6e, 0x63, 0x6f, 0x64, 0x65, 0x72, 0x5f, 0x62, 0x6c, 0x6f, 0x63,
  0x6b, 0x5f, 0x30, 0x5f, 0x31, 0x2f, 0x6d, 0x75, 0x6c, 0x74, 0x69, 0x5f,
  0x68, 0x65, 0x61, 0x64, 0x5f, 0x6c, 0x69, 0x6e, 0x65, 0x61, 0x72, 0x5f,
  0x61, 0x74, 0x74, 0x65, 0x6e, 0x74, 0x69, 0x6f, 0x6e, 0x5f, 0x32, 0x5f,
  0x31, 0x2f, 0x45, 0x78, 0x70, 0x61, 0x6e, 0x64, 0x44, 0x69, 0x6d, 0x73,
  0x3b, 0x00, 0x00, 0x00, 0x03, 0x00, 0x00, 0x00, 0x01, 0x00, 0x00, 0x00,
  0x14, 0x00, 0x00, 0x00, 0x08, 0x00, 0x00, 0x00, 0x8c, 0x57, 0xfe, 0xff,
  0x18, 0x00, 0x00, 0x00, 0x04, 0x00, 0x00, 0x00, 0x01, 0x00, 0x00, 0x00,
  0x80, 0xff, 0xff, 0xff, 0xff, 0xff, 0xff, 0xff, 0x00, 0x00, 0x00, 0x00,
  0x01, 0x00, 0x00, 0x00, 0x32, 0xad, 0xe7, 0x3f, 0xae, 0xe7, 0xff, 0xff,
  0x09, 0x00, 0x00, 0x00, 0x10, 0x00, 0x00, 0x00, 0x04, 0x00, 0x00, 0x00,
  0x01, 0x00, 0x00, 0x00, 0x55, 0x00, 0x00, 0x00, 0x02, 0x00, 0x00, 0x00,
  0x54, 0x00, 0x00, 0x00, 0x06, 0x00, 0x00, 0x00, 0xba, 0x54, 0xfe, 0xff,
  0x00, 0x00, 0x09, 0x01, 0x18, 0x01, 0x00, 0x00, 0x56, 0x00, 0x00, 0x00,
  0x08, 0x00, 0x00, 0x00, 0x1c, 0x01, 0x00, 0x00, 0x00, 0x01, 0x00, 0x00,
  0x74, 0x69, 0x6e, 0x79, 0x5f, 0x6e, 0x69, 0x64, 0x73, 0x5f, 0x74, 0x72,
  0x61, 0x6e, 0x73, 0x66, 0x6f, 0x72, 0x6d, 0x65, 0x72, 0x5f, 0x31, 0x2f,
  0x65, 0x6e, 0x63, 0x6f, 0x64, 0x65, 0x72, 0x5f, 0x62, 0x6c, 0x6f, 0x63,
  0x6b, 0x5f, 0x30, 0x5f, 0x31, 0x2f, 0x6d, 0x75, 0x6c, 0x74, 0x69, 0x5f,
  0x68, 0x65, 0x61, 0x64, 0x5f, 0x6c, 0x69, 0x6e, 0x65, 0x61, 0x72, 0x5f,
  0x61, 0x74, 0x74, 0x65, 0x6e, 0x74, 0x69, 0x6f, 0x6e, 0x5f, 0x32, 0x5f,
  0x31, 0x2f, 0x61, 0x64, 0x64, 0x5f, 0x32, 0x3b, 0x74, 0x69, 0x6e, 0x79,
  0x5f, 0x6e, 0x69, 0x64, 0x73, 0x5f, 0x74, 0x72, 0x61, 0x6e, 0x73, 0x66,
  0x6f, 0x72, 0x6d, 0x65, 0x72, 0x5f, 0x31, 0x2f, 0x65, 0x6e, 0x63, 0x6f,
  0x64, 0x65, 0x72, 0x5f, 0x62, 0x6c, 0x6f, 0x63, 0x6b, 0x5f, 0x30, 0x5f,
  0x31, 0x2f, 0x6d, 0x75, 0x6c, 0x74, 0x69, 0x5f, 0x68, 0x65, 0x61, 0x64,
  0x5f, 0x6c, 0x69, 0x6e, 0x65, 0x61, 0x72, 0x5f, 0x61, 0x74, 0x74, 0x65,
  0x6e, 0x74, 0x69, 0x6f, 0x6e, 0x5f, 0x32, 0x5f, 0x31, 0x2f, 0x45, 0x78,
  0x70, 0x61, 0x6e, 0x64, 0x44, 0x69, 0x6d, 0x73, 0x3b, 0x3b, 0x74, 0x69,
  0x6e, 0x79, 0x5f, 0x6e, 0x69, 0x64, 0x73, 0x5f, 0x74, 0x72, 0x61, 0x6e,
  0x73, 0x66, 0x6f, 0x72, 0x6d, 0x65, 0x72, 0x5f, 0x31, 0x2f, 0x65, 0x6e,
  0x63, 0x6f, 0x64, 0x65, 0x72, 0x5f, 0x62, 0x6c, 0x6f, 0x63, 0x6b, 0x5f,
  0x30, 0x5f, 0x31, 0x2f, 0x6d, 0x75, 0x6c, 0x74, 0x69, 0x5f, 0x68, 0x65,
  0x61, 0x64, 0x5f, 0x6c, 0x69, 0x6e, 0x65, 0x61, 0x72, 0x5f, 0x61, 0x74,
  0x74, 0x65, 0x6e, 0x74, 0x69, 0x6f, 0x6e, 0x5f, 0x32, 0x5f, 0x31, 0x2f,
  0x65, 0x69, 0x6e, 0x73, 0x75, 0x6d, 0x5f, 0x32, 0x2f, 0x45, 0x69, 0x6e,
  0x73, 0x75, 0x6d, 0x31, 0x00, 0x00, 0x00, 0x00, 0x03, 0x00, 0x00, 0x00,
  0x01, 0x00, 0x00, 0x00, 0x08, 0x00, 0x00, 0x00, 0x14, 0x00, 0x00, 0x00,
  0x04, 0x59, 0xfe, 0xff, 0x14, 0x00, 0x00, 0x00, 0x04, 0x00, 0x00, 0x00,
  0x01, 0x00, 0x00, 0x00, 0x80, 0xff, 0xff, 0xff, 0xff, 0xff, 0xff, 0xff,
  0x01, 0x00, 0x00, 0x00, 0x32, 0xad, 0xe7, 0x3f, 0xbe, 0xe7, 0xff, 0xff,
  0x00, 0x00, 0x00, 0x0b, 0x02, 0x00, 0x00, 0x00, 0x18, 0x00, 0x00, 0x00,
  0x0c, 0x00, 0x00, 0x00, 0x04, 0x00, 0x00, 0x00, 0x48, 0x55, 0xfe, 0xff,
  0x01, 0x00, 0x00, 0x00, 0x54, 0x00, 0x00, 0x00, 0x02, 0x00, 0x00, 0x00,
  0x53, 0x00, 0x00, 0x00, 0x29, 0x00, 0x00, 0x00, 0x3a, 0x56, 0xfe, 0xff,
  0x00, 0x00, 0x09, 0x01, 0x14, 0x01, 0x00, 0x00, 0x55, 0x00, 0x00, 0x00,
  0x08, 0x00, 0x00, 0x00, 0x1c, 0x01, 0x00, 0x00, 0xff, 0x00, 0x00, 0x00,
  0x74, 0x69, 0x6e, 0x79, 0x5f, 0x6e, 0x69, 0x64, 0x73, 0x5f, 0x74, 0x72,
  0x61, 0x6e, 0x73, 0x66, 0x6f, 0x72, 0x6d, 0x65, 0x72, 0x5f, 0x31, 0x2f,
  0x65, 0x6e, 0x63, 0x6f, 0x64, 0x65, 0x72, 0x5f, 0x62, 0x6c, 0x6f, 0x63,
  0x6b, 0x5f, 0x30, 0x5f, 0x31, 0x2f, 0x6d, 0x75, 0x6c, 0x74, 0x69, 0x5f,
  0x68, 0x65, 0x61, 0x64, 0x5f, 0x6c, 0x69, 0x6e, 0x65, 0x61, 0x72, 0x5f,
  0x61, 0x74, 0x74, 0x65, 0x6e, 0x74, 0x69, 0x6f, 0x6e, 0x5f, 0x32, 0x5f,
  0x31, 0x2f, 0x61, 0x64, 0x64, 0x5f, 0x32, 0x3b, 0x74, 0x69, 0x6e, 0x79,
  0x5f, 0x6e, 0x69, 0x64, 0x73, 0x5f, 0x74, 0x72, 0x61, 0x6e, 0x73, 0x66,
  0x6f, 0x72, 0x6d, 0x65, 0x72, 0x5f, 0x31, 0x2f, 0x65, 0x6e, 0x63, 0x6f,
  0x64, 0x65, 0x72, 0x5f, 0x62, 0x6c, 0x6f, 0x63, 0x6b, 0x5f, 0x30, 0x5f,
  0x31, 0x2f, 0x6d, 0x75, 0x6c, 0x74, 0x69, 0x5f, 0x68, 0x65, 0x61, 0x64,
  0x5f, 0x6c, 0x69, 0x6e, 0x65, 0x61, 0x72, 0x5f, 0x61, 0x74, 0x74, 0x65,
  0x6e, 0x74, 0x69, 0x6f, 0x6e, 0x5f, 0x32, 0x5f, 0x31, 0x2f, 0x45, 0x78,
  0x70, 0x61, 0x6e, 0x64, 0x44, 0x69, 0x6d, 0x73, 0x3b, 0x3b, 0x74, 0x69,
  0x6e, 0x79, 0x5f, 0x6e, 0x69, 0x64, 0x73, 0x5f, 0x74, 0x72, 0x61, 0x6e,
  0x73, 0x66, 0x6f, 0x72, 0x6d, 0x65, 0x72, 0x5f, 0x31, 0x2f, 0x65, 0x6e,
  0x63, 0x6f, 0x64, 0x65, 0x72, 0x5f, 0x62, 0x6c, 0x6f, 0x63, 0x6b, 0x5f,
  0x30, 0x5f, 0x31, 0x2f, 0x6d, 0x75, 0x6c, 0x74, 0x69, 0x5f, 0x68, 0x65,
  0x61, 0x64, 0x5f, 0x6c, 0x69, 0x6e, 0x65, 0x61, 0x72, 0x5f, 0x61, 0x74,
  0x74, 0x65, 0x6e, 0x74, 0x69, 0x6f, 0x6e, 0x5f, 0x32, 0x5f, 0x31, 0x2f,
  0x65, 0x69, 0x6e, 0x73, 0x75, 0x6d, 0x5f, 0x32, 0x2f, 0x45, 0x69, 0x6e,
  0x73, 0x75, 0x6d, 0x00, 0x04, 0x00, 0x00, 0x00, 0x01, 0x00, 0x00, 0x00,
  0x08, 0x00, 0x00, 0x00, 0x14, 0x00, 0x00, 0x00, 0x01, 0x00, 0x00, 0x00,
  0x84, 0x5a, 0xfe, 0xff, 0x18, 0x00, 0x00, 0x00, 0x04, 0x00, 0x00, 0x00,
  0x01, 0x00, 0x00, 0x00, 0x80, 0xff, 0xff, 0xff, 0xff, 0xff, 0xff, 0xff,
  0x00, 0x00, 0x00, 0x00, 0x01, 0x00, 0x00, 0x00, 0x32, 0xad, 0xe7, 0x3f,
  0x42, 0xe9, 0xff, 0xff, 0x00, 0x00, 0x00, 0x65, 0x0d, 0x00, 0x00, 0x00,
  0x18, 0x00, 0x00, 0x00, 0x0c, 0x00, 0x00, 0x00, 0x04, 0x00, 0x00, 0x00,
  0xcc, 0x56, 0xfe, 0xff, 0x01, 0x00, 0x00, 0x00, 0x53, 0x00, 0x00, 0x00,
  0x02, 0x00, 0x00, 0x00, 0x51, 0x00, 0x00, 0x00, 0x52, 0x00, 0x00, 0x00,
  0x44, 0xe7, 0xff, 0xff, 0x7e, 0x00, 0x00, 0x00, 0x00, 0x00, 0x00, 0x7e,
  0x02, 0x00, 0x00, 0x00, 0xce, 0x57, 0xfe, 0xff, 0x00, 0x00, 0x09, 0x01,
  0x70, 0x00, 0x00, 0x00, 0x54, 0x00, 0x00, 0x00, 0x08, 0x00, 0x00, 0x00,
  0x78, 0x00, 0x00, 0x00, 0x5a, 0x00, 0x00, 0x00, 0x74, 0x69, 0x6e, 0x79,
  0x5f, 0x6e, 0x69, 0x64, 0x73, 0x5f, 0x74, 0x72, 0x61, 0x6e, 0x73, 0x66,
  0x6f, 0x72, 0x6d, 0x65, 0x72, 0x5f, 0x31, 0x2f, 0x65, 0x6e, 0x63, 0x6f,
  0x64, 0x65, 0x72, 0x5f, 0x62, 0x6c, 0x6f, 0x63, 0x6b, 0x5f, 0x30, 0x5f,
  0x31, 0x2f, 0x6d, 0x75, 0x6c, 0x74, 0x69, 0x5f, 0x68, 0x65, 0x61, 0x64,
  0x5f, 0x6c, 0x69, 0x6e, 0x65, 0x61, 0x72, 0x5f, 0x61, 0x74, 0x74, 0x65,
  0x6e, 0x74, 0x69, 0x6f, 0x6e, 0x5f, 0x32, 0x5f, 0x31, 0x2f, 0x65, 0x69,
  0x6e, 0x73, 0x75, 0x6d, 0x5f, 0x32, 0x2f, 0x45, 0x69, 0x6e, 0x73, 0x75,
  0x6d, 0x32, 0x00, 0x00, 0x04, 0x00, 0x00, 0x00, 0x01, 0x00, 0x00, 0x00,
  0x08, 0x00, 0x00, 0x00, 0x14, 0x00, 0x00, 0x00, 0x01, 0x00, 0x00, 0x00,
  0x74, 0x5b, 0xfe, 0xff, 0x14, 0x00, 0x00, 0x00, 0x04, 0x00, 0x00, 0x00,
  0x01, 0x00, 0x00, 0x00, 0x80, 0xff, 0xff, 0xff, 0xff, 0xff, 0xff, 0xff,
  0x01, 0x00, 0x00, 0x00, 0x32, 0xad, 0xe7, 0x3f, 0x92, 0xeb, 0xff, 0xff,
  0x09, 0x00, 0x00, 0x00, 0x10, 0x00, 0x00, 0x00, 0x04, 0x00, 0x00, 0x00,
  0x01, 0x00, 0x00, 0x00, 0x52, 0x00, 0x00, 0x00, 0x02, 0x00, 0x00, 0x00,
  0x50, 0x00, 0x00, 0x00, 0x05, 0x00, 0x00, 0x00, 0x9e, 0x58, 0xfe, 0xff,
  0x00, 0x00, 0x09, 0x01, 0x70, 0x00, 0x00, 0x00, 0x53, 0x00, 0x00, 0x00,
  0x08, 0x00, 0x00, 0x00, 0x78, 0x00, 0x00, 0x00, 0x5a, 0x00, 0x00, 0x00,
  0x74, 0x69, 0x6e, 0x79, 0x5f, 0x6e, 0x69, 0x64, 0x73, 0x5f, 0x74, 0x72,
  0x61, 0x6e, 0x73, 0x66, 0x6f, 0x72, 0x6d, 0x65, 0x72, 0x5f, 0x31, 0x2f,
  0x65, 0x6e, 0x63, 0x6f, 0x64, 0x65, 0x72, 0x5f, 0x62, 0x6c, 0x6f, 0x63,
  0x6b, 0x5f, 0x30, 0x5f, 0x31, 0x2f, 0x6d, 0x75, 0x6c, 0x74, 0x69, 0x5f,
  0x68, 0x65, 0x61, 0x64, 0x5f, 0x6c, 0x69, 0x6e, 0x65, 0x61, 0x72, 0x5f,
  0x61, 0x74, 0x74, 0x65, 0x6e, 0x74, 0x69, 0x6f, 0x6e, 0x5f, 0x32, 0x5f,
  0x31, 0x2f, 0x65, 0x69, 0x6e, 0x73, 0x75, 0x6d, 0x5f, 0x32, 0x2f, 0x45,
  0x69, 0x6e, 0x73, 0x75, 0x6d, 0x31, 0x00, 0x00, 0x04, 0x00, 0x00, 0x00,
  0x01, 0x00, 0x00, 0x00, 0x08, 0x00, 0x00, 0x00, 0x08, 0x00, 0x00, 0x00,
  0x01, 0x00, 0x00, 0x00, 0x44, 0x5c, 0xfe, 0xff, 0x14, 0x00, 0x00, 0x00,
  0x04, 0x00, 0x00, 0x00, 0x01, 0x00, 0x00, 0x00, 0x80, 0xff, 0xff, 0xff,
  0xff, 0xff, 0xff, 0xff, 0x01, 0x00, 0x00, 0x00, 0x6d, 0x5a, 0x5c, 0x3e,
  0x62, 0xec, 0xff, 0xff, 0x0c, 0x00, 0x00, 0x00, 0x10, 0x00, 0x00, 0x00,
  0x04, 0x00, 0x00, 0x00, 0x01, 0x00, 0x00, 0x00, 0x51, 0x00, 0x00, 0x00,
  0x02, 0x00, 0x00, 0x00, 0x49, 0x00, 0x00, 0x00, 0x04, 0x00, 0x00, 0x00,
  0xf4, 0xe8, 0xff, 0xff, 0x27, 0x00, 0x00, 0x00, 0x00, 0x00, 0x00, 0x27,
  0x02, 0x00, 0x00, 0x00, 0x7e, 0x59, 0xfe, 0xff, 0x00, 0x00, 0x09, 0x01,
  0x70, 0x00, 0x00, 0x00, 0x52, 0x00, 0x00, 0x00, 0x08, 0x00, 0x00, 0x00,
  0x78, 0x00, 0x00, 0x00, 0x59, 0x00, 0x00, 0x00, 0x74, 0x69, 0x6e, 0x79,
  0x5f, 0x6e, 0x69, 0x64, 0x73, 0x5f, 0x74, 0x72, 0x61, 0x6e, 0x73, 0x66,
  0x6f, 0x72, 0x6d, 0x65, 0x72, 0x5f, 0x31, 0x2f, 0x65, 0x6e, 0x63, 0x6f,
  0x64, 0x65, 0x72, 0x5f, 0x62, 0x6c, 0x6f, 0x63, 0x6b, 0x5f, 0x30, 0x5f,
  0x31, 0x2f, 0x6d, 0x75, 0x6c, 0x74, 0x69, 0x5f, 0x68, 0x65, 0x61, 0x64,
  0x5f, 0x6c, 0x69, 0x6e, 0x65, 0x61, 0x72, 0x5f, 0x61, 0x74, 0x74, 0x65,
  0x6e, 0x74, 0x69, 0x6f, 0x6e, 0x5f, 0x32, 0x5f, 0x31, 0x2f, 0x65, 0x69,
  0x6e, 0x73, 0x75, 0x6d, 0x5f, 0x32, 0x2f, 0x45, 0x69, 0x6e, 0x73, 0x75,
  0x6d, 0x00, 0x00, 0x00, 0x04, 0x00, 0x00, 0x00, 0x01, 0x00, 0x00, 0x00,
  0x08, 0x00, 0x00, 0x00, 0x14, 0x00, 0x00, 0x00, 0x08, 0x00, 0x00, 0x00,
  0x24, 0x5d, 0xfe, 0xff, 0x18, 0x00, 0x00, 0x00, 0x04, 0x00, 0x00, 0x00,
  0x01, 0x00, 0x00, 0x00, 0x80, 0xff, 0xff, 0xff, 0xff, 0xff, 0xff, 0xff,
  0x00, 0x00, 0x00, 0x00, 0x01, 0x00, 0x00, 0x00, 0xa2, 0xc4, 0xa2, 0x3c,
  0xe2, 0xeb, 0xff, 0xff, 0x00, 0x00, 0x00, 0x1b, 0x0b, 0x00, 0x00, 0x00,
  0x18, 0x00, 0x00, 0x00, 0x0c, 0x00, 0x00, 0x00, 0x04, 0x00, 0x00, 0x00,
  0x6c, 0x59, 0xfe, 0xff, 0x01, 0x00, 0x00, 0x00, 0x50, 0x00, 0x00, 0x00,
  0x02, 0x00, 0x00, 0x00, 0x4f, 0x00, 0x00, 0x00, 0x03, 0x00, 0x00, 0x00,
  0xe4, 0xe9, 0xff, 0xff, 0x4a, 0x00, 0x00, 0x00, 0x00, 0x00, 0x00, 0x4a,
  0x02, 0x00, 0x00, 0x00, 0x6e, 0x5a, 0xfe, 0xff, 0x00, 0x00, 0x09, 0x01,
  0x64, 0x00, 0x00, 0x00, 0x51, 0x00, 0x00, 0x00, 0x08, 0x00, 0x00, 0x00,
  0x68, 0x00, 0x00, 0x00, 0x4d, 0x00, 0x00, 0x00, 0x74, 0x69, 0x6e, 0x79,
  0x5f, 0x6e, 0x69, 0x64, 0x73, 0x5f, 0x74, 0x72, 0x61, 0x6e, 0x73, 0x66,
  0x6f, 0x72, 0x6d, 0x65, 0x72, 0x5f, 0x31, 0x2f, 0x65, 0x6e, 0x63, 0x6f,
  0x64, 0x65, 0x72, 0x5f, 0x62, 0x6c, 0x6f, 0x63, 0x6b, 0x5f, 0x30, 0x5f,
  0x31, 0x2f, 0x6d, 0x75, 0x6c, 0x74, 0x69, 0x5f, 0x68, 0x65, 0x61, 0x64,
  0x5f, 0x6c, 0x69, 0x6e, 0x65, 0x61, 0x72, 0x5f, 0x61, 0x74, 0x74, 0x65,
  0x6e, 0x74, 0x69, 0x6f, 0x6e, 0x5f, 0x32, 0x5f, 0x31, 0x2f, 0x53, 0x75,
  0x6d, 0x00, 0x00, 0x00, 0x03, 0x00, 0x00, 0x00, 0x01, 0x00, 0x00, 0x00,
  0x08, 0x00, 0x00, 0x00, 0x08, 0x00, 0x00, 0x00, 0x04, 0x5e, 0xfe, 0xff,
  0x14, 0x00, 0x00, 0x00, 0x04, 0x00, 0x00, 0x00, 0x01, 0x00, 0x00, 0x00,
  0x80, 0xff, 0xff, 0xff, 0xff, 0xff, 0xff, 0xff, 0x01, 0x00, 0x00, 0x00,
  0x6d, 0x5a, 0x5c, 0x3e, 0xbe, 0xec, 0xff, 0xff, 0x00, 0x00, 0x00, 0x0b,
  0x02, 0x00, 0x00, 0x00, 0x18, 0x00, 0x00, 0x00, 0x0c, 0x00, 0x00, 0x00,
  0x04, 0x00, 0x00, 0x00, 0x48, 0x5a, 0xfe, 0xff, 0x01, 0x00, 0x00, 0x00,
  0x4f, 0x00, 0x00, 0x00, 0x02, 0x00, 0x00, 0x00, 0x4e, 0x00, 0x00, 0x00,
  0x2c, 0x00, 0x00, 0x00, 0x3a, 0x5b, 0xfe, 0xff, 0x00, 0x00, 0x09, 0x01,
  0x64, 0x00, 0x00, 0x00, 0x50, 0x00, 0x00, 0x00, 0x08, 0x00, 0x00, 0x00,
  0x6c, 0x00, 0x00, 0x00, 0x4f, 0x00, 0x00, 0x00, 0x74, 0x69, 0x6e, 0x79,
  0x5f, 0x6e, 0x69, 0x64, 0x73, 0x5f, 0x74, 0x72, 0x61, 0x6e, 0x73, 0x66,
  0x6f, 0x72, 0x6d, 0x65, 0x72, 0x5f, 0x31, 0x2f, 0x65, 0x6e, 0x63, 0x6f,
  0x64, 0x65, 0x72, 0x5f, 0x62, 0x6c, 0x6f, 0x63, 0x6b, 0x5f, 0x30, 0x5f,
  0x31, 0x2f, 0x6d, 0x75, 0x6c, 0x74, 0x69, 0x5f, 0x68, 0x65, 0x61, 0x64,
  0x5f, 0x6c, 0x69, 0x6e, 0x65, 0x61, 0x72, 0x5f, 0x61, 0x74, 0x74, 0x65,
  0x6e, 0x74, 0x69, 0x6f, 0x6e, 0x5f, 0x32, 0x5f, 0x31, 0x2f, 0x61, 0x64,
  0x64, 0x5f, 0x31, 0x00, 0x04, 0x00, 0x00, 0x00, 0x01, 0x00, 0x00, 0x00,
  0x14, 0x00, 0x00, 0x00, 0x08, 0x00, 0x00, 0x00, 0x08, 0x00, 0x00, 0x00,
  0xd4, 0x5e, 0xfe, 0xff, 0x18, 0x00, 0x00, 0x00, 0x04, 0x00, 0x00, 0x00,
  0x01, 0x00, 0x00, 0x00, 0x80, 0xff, 0xff, 0xff, 0xff, 0xff, 0xff, 0xff,
  0x00, 0x00, 0x00, 0x00, 0x01, 0x00, 0x00, 0x00, 0x67, 0x84, 0x89, 0x3c,
  0x8a, 0xeb, 0xff, 0xff, 0x10, 0x00, 0x00, 0x00, 0x04, 0x00, 0x00, 0x00,
  0x01, 0x00, 0x00, 0x00, 0x4e, 0x00, 0x00, 0x00, 0x01, 0x00, 0x00, 0x00,
  0x4d, 0x00, 0x00, 0x00, 0xfa, 0x5b, 0xfe, 0xff, 0x00, 0x00, 0x09, 0x01,
  0x24, 0x00, 0x00, 0x00, 0x4f, 0x00, 0x00, 0x00, 0x08, 0x00, 0x00, 0x00,
  0x2c, 0x00, 0x00, 0x00, 0x0d, 0x00, 0x00, 0x00, 0x74, 0x66, 0x6c, 0x2e,
  0x71, 0x75, 0x61, 0x6e, 0x74, 0x69, 0x7a, 0x65, 0x33, 0x00, 0x00, 0x00,
  0x04, 0x00, 0x00, 0x00, 0x01, 0x00, 0x00, 0x00, 0x14, 0x00, 0x00, 0x00,
  0x08, 0x00, 0x00, 0x00, 0x08, 0x00, 0x00, 0x00, 0x54, 0x5f, 0xfe, 0xff,
  0x14, 0x00, 0x00, 0x00, 0x04, 0x00, 0x00, 0x00, 0x01, 0x00, 0x00, 0x00,
  0xaf, 0xff, 0xff, 0xff, 0xff, 0xff, 0xff, 0xff, 0x01, 0x00, 0x00, 0x00,
  0xe5, 0xa6, 0xa8, 0x3c, 0x72, 0xef, 0xff, 0xff, 0x0a, 0x00, 0x00, 0x00,
  0x10, 0x00, 0x00, 0x00, 0x04, 0x00, 0x00, 0x00, 0x01, 0x00, 0x00, 0x00,
  0x4d, 0x00, 0x00, 0x00, 0x01, 0x00, 0x00, 0x00, 0x4c, 0x00, 0x00, 0x00,
  0x0a, 0x5c, 0xfe, 0xff, 0x00, 0x00, 0x00, 0x01, 0x64, 0x00, 0x00, 0x00,
  0x4e, 0x00, 0x00, 0x00, 0x08, 0x00, 0x00, 0x00, 0x6c, 0x00, 0x00, 0x00,
  0x4f, 0x00, 0x00, 0x00, 0x74, 0x69, 0x6e, 0x79, 0x5f, 0x6e, 0x69, 0x64,
  0x73, 0x5f, 0x74, 0x72, 0x61, 0x6e, 0x73, 0x66, 0x6f, 0x72, 0x6d, 0x65,
  0x72, 0x5f, 0x31, 0x2f, 0x65, 0x6e, 0x63, 0x6f, 0x64, 0x65, 0x72, 0x5f,
  0x62, 0x6c, 0x6f, 0x63, 0x6b, 0x5f, 0x30, 0x5f, 0x31, 0x2f, 0x6d, 0x75,
  0x6c, 0x74, 0x69, 0x5f, 0x68, 0x65, 0x61, 0x64, 0x5f, 0x6c, 0x69, 0x6e,
  0x65, 0x61, 0x72, 0x5f, 0x61, 0x74, 0x74, 0x65, 0x6e, 0x74, 0x69, 0x6f,
  0x6e, 0x5f, 0x32, 0x5f, 0x31, 0x2f, 0x45, 0x6c, 0x75, 0x5f, 0x31, 0x00,
  0x04, 0x00, 0x00, 0x00, 0x01, 0x00, 0x00, 0x00, 0x14, 0x00, 0x00, 0x00,
  0x08, 0x00, 0x00, 0x00, 0x08, 0x00, 0x00, 0x00, 0x20, 0x5c, 0xfe, 0xff,
  0x16, 0xf0, 0xff, 0xff, 0x04, 0x00, 0x00, 0x00, 0x10, 0x00, 0x00, 0x00,
  0x04, 0x00, 0x00, 0x00, 0x01, 0x00, 0x00, 0x00, 0x4c, 0x00, 0x00, 0x00,
  0x01, 0x00, 0x00, 0x00, 0x4b, 0x00, 0x00, 0x00, 0xae, 0x5c, 0xfe, 0xff,
  0x00, 0x00, 0x00, 0x01, 0x6c, 0x00, 0x00, 0x00, 0x4d, 0x00, 0x00, 0x00,
  0x08, 0x00, 0x00, 0x00, 0x74, 0x00, 0x00, 0x00, 0x54, 0x00, 0x00, 0x00,
  0x74, 0x69, 0x6e, 0x79, 0x5f, 0x6e, 0x69, 0x64, 0x73, 0x5f, 0x74, 0x72,
  0x61, 0x6e, 0x73, 0x66, 0x6f, 0x72, 0x6d, 0x65, 0x72, 0x5f, 0x31, 0x2f,
  0x65, 0x6e, 0x63, 0x6f, 0x64, 0x65, 0x72, 0x5f, 0x62, 0x6c, 0x6f, 0x63,
  0x6b, 0x5f, 0x30, 0x5f, 0x31, 0x2f, 0x6d, 0x75, 0x6c, 0x74, 0x69, 0x5f,
  0x68, 0x65, 0x61, 0x64, 0x5f, 0x6c, 0x69, 0x6e, 0x65, 0x61, 0x72, 0x5f,
  0x61, 0x74, 0x74, 0x65, 0x6e, 0x74, 0x69, 0x6f, 0x6e, 0x5f, 0x32, 0x5f,
  0x31, 0x2f, 0x52, 0x65, 0x73, 0x68, 0x61, 0x70, 0x65, 0x5f, 0x31, 0x31,
  0x00, 0x00, 0x00, 0x00, 0x04, 0x00, 0x00, 0x00, 0x01, 0x00, 0x00, 0x00,
  0x14, 0x00, 0x00, 0x00, 0x08, 0x00, 0x00, 0x00, 0x08, 0x00, 0x00, 0x00,
  0xcc, 0x5c, 0xfe, 0xff, 0xc2, 0xf0, 0xff, 0xff, 0x09, 0x00, 0x00, 0x00,
  0x10, 0x00, 0x00, 0x00, 0x04, 0x00, 0x00, 0x00, 0x01, 0x00, 0x00, 0x00,
  0x4b, 0x00, 0x00, 0x00, 0x02, 0x00, 0x00, 0x00, 0x4a, 0x00, 0x00, 0x00,
  0x02, 0x00, 0x00, 0x00, 0xce, 0x5d, 0xfe, 0xff, 0x00, 0x00, 0x09, 0x01,
  0x68, 0x00, 0x00, 0x00, 0x4c, 0x00, 0x00, 0x00, 0x08, 0x00, 0x00, 0x00,
  0x70, 0x00, 0x00, 0x00, 0x53, 0x00, 0x00, 0x00, 0x74, 0x69, 0x6e, 0x79,
  0x5f, 0x6e, 0x69, 0x64, 0x73, 0x5f, 0x74, 0x72, 0x61, 0x6e, 0x73, 0x66,
  0x6f, 0x72, 0x6d, 0x65, 0x72, 0x5f, 0x31, 0x2f, 0x65, 0x6e, 0x63, 0x6f,
  0x64, 0x65, 0x72, 0x5f, 0x62, 0x6c, 0x6f, 0x63, 0x6b, 0x5f, 0x30, 0x5f,
  0x31, 0x2f, 0x6d, 0x75, 0x6c, 0x74, 0x69, 0x5f, 0x68, 0x65, 0x61, 0x64,
  0x5f, 0x6c, 0x69, 0x6e, 0x65, 0x61, 0x72, 0x5f, 0x61, 0x74, 0x74, 0x65,
  0x6e, 0x74, 0x69, 0x6f, 0x6e, 0x5f, 0x32, 0x5f, 0x31, 0x2f, 0x52, 0x65,
  0x73, 0x68, 0x61, 0x70, 0x65, 0x5f, 0x31, 0x00, 0x04, 0x00, 0x00, 0x00,
  0x01, 0x00, 0x00, 0x00, 0x14, 0x00, 0x00, 0x00, 0x08, 0x00, 0x00, 0x00,
  0x08, 0x00, 0x00, 0x00, 0x6c, 0x61, 0xfe, 0xff, 0x14, 0x00, 0x00, 0x00,
  0x04, 0x00, 0x00, 0x00, 0x01, 0x00, 0x00, 0x00, 0x03, 0x00, 0x00, 0x00,
  0x00, 0x00, 0x00, 0x00, 0x01, 0x00, 0x00, 0x00, 0x71, 0x27, 0xd9, 0x3c,
  0x26, 0xf0, 0xff, 0xff, 0x00, 0x00, 0x00, 0x08, 0x01, 0x00, 0x00, 0x00,
  0x1c, 0x00, 0x00, 0x00, 0x10, 0x00, 0x00, 0x00, 0x04, 0x00, 0x00, 0x00,
  0xee, 0xee, 0xff, 0xff, 0x00, 0x00, 0x00, 0x01, 0x01, 0x00, 0x00, 0x00,
  0x4a, 0x00, 0x00, 0x00, 0x03, 0x00, 0x00, 0x00, 0x43, 0x00, 0x00, 0x00,
  0x2b, 0x00, 0x00, 0x00, 0x2a, 0x00, 0x00, 0x00, 0xaa, 0x5e, 0xfe, 0xff,
  0x00, 0x00, 0x09, 0x01, 0xd0, 0x00, 0x00, 0x00, 0x4b, 0x00, 0x00, 0x00,
  0x08, 0x00, 0x00, 0x00, 0xd4, 0x00, 0x00, 0x00, 0xbb, 0x00, 0x00, 0x00,
  0x74, 0x69, 0x6e, 0x79, 0x5f, 0x6e, 0x69, 0x64, 0x73, 0x5f, 0x74, 0x72,
  0x61, 0x6e, 0x73, 0x66, 0x6f, 0x72, 0x6d, 0x65, 0x72, 0x5f, 0x31, 0x2f,
  0x65, 0x6e, 0x63, 0x6f, 0x64, 0x65, 0x72, 0x5f, 0x62, 0x6c, 0x6f, 0x63,
  0x6b, 0x5f, 0x30, 0x5f, 0x31, 0x2f, 0x6d, 0x75, 0x6c, 0x74, 0x69, 0x5f,
  0x68, 0x65, 0x61, 0x64, 0x5f, 0x6c, 0x69, 0x6e, 0x65, 0x61, 0x72, 0x5f,
  0x61, 0x74, 0x74, 0x65, 0x6e, 0x74, 0x69, 0x6f, 0x6e, 0x5f, 0x32, 0x5f,
  0x31, 0x2f, 0x64, 0x65, 0x6e, 0x73, 0x65, 0x5f, 0x31, 0x34, 0x5f, 0x31,
  0x2f, 0x54, 0x65, 0x6e, 0x73, 0x6f, 0x72, 0x64, 0x6f, 0x74, 0x3b, 0x74,
  0x69, 0x6e, 0x79, 0x5f, 0x6e, 0x69, 0x64, 0x73, 0x5f, 0x74, 0x72, 0x61,
  0x6e, 0x73, 0x66, 0x6f, 0x72, 0x6d, 0x65, 0x72, 0x5f, 0x31, 0x2f, 0x65,
  0x6e, 0x63, 0x6f, 0x64, 0x65, 0x72, 0x5f, 0x62, 0x6c, 0x6f, 0x63, 0x6b,
  0x5f, 0x30, 0x5f, 0x31, 0x2f, 0x6d, 0x75, 0x6c, 0x74, 0x69, 0x5f, 0x68,
  0x65, 0x61, 0x64, 0x5f, 0x6c, 0x69, 0x6e, 0x65, 0x61, 0x72, 0x5f, 0x61,
  0x74, 0x74, 0x65, 0x6e, 0x74, 0x69, 0x6f, 0x6e, 0x5f, 0x32, 0x5f, 0x31,
  0x2f, 0x64, 0x65, 0x6e, 0x73, 0x65, 0x5f, 0x31, 0x34, 0x5f, 0x31, 0x2f,
  0x42, 0x69, 0x61, 0x73, 0x41, 0x64, 0x64, 0x00, 0x03, 0x00, 0x00, 0x00,
  0x01, 0x00, 0x00, 0x00, 0x14, 0x00, 0x00, 0x00, 0x40, 0x00, 0x00, 0x00,
  0xac, 0x62, 0xfe, 0xff, 0x14, 0x00, 0x00, 0x00, 0x04, 0x00, 0x00, 0x00,
  0x01, 0x00, 0x00, 0x00, 0x03, 0x00, 0x00, 0x00, 0x00, 0x00, 0x00, 0x00,
  0x01, 0x00, 0x00, 0x00, 0x71, 0x27, 0xd9, 0x3c, 0x66, 0xf1, 0xff, 0xff,
  0x00, 0x00, 0x00, 0x0b, 0x02, 0x00, 0x00, 0x00, 0x18, 0x00, 0x00, 0x00,
  0x0c, 0x00, 0x00, 0x00, 0x04, 0x00, 0x00, 0x00, 0xf0, 0x5e, 0xfe, 0xff,
  0x01, 0x00, 0x00, 0x00, 0x49, 0x00, 0x00, 0x00, 0x02, 0x00, 0x00, 0x00,
  0x48, 0x00, 0x00, 0x00, 0x2c, 0x00, 0x00, 0x00, 0xe2, 0x5f, 0xfe, 0xff,
  0x00, 0x00, 0x09, 0x01, 0x64, 0x00, 0x00, 0x00, 0x4a, 0x00, 0x00, 0x00,
  0x08, 0x00, 0x00, 0x00, 0x6c, 0x00, 0x00, 0x00, 0x4d, 0x00, 0x00, 0x00,
  0x74, 0x69, 0x6e, 0x79, 0x5f, 0x6e, 0x69, 0x64, 0x73, 0x5f, 0x74, 0x72,
  0x61, 0x6e, 0x73, 0x66, 0x6f, 0x72, 0x6d, 0x65, 0x72, 0x5f, 0x31, 0x2f,
  0x65, 0x6e, 0x63, 0x6f, 0x64, 0x65, 0x72, 0x5f, 0x62, 0x6c, 0x6f, 0x63,
  0x6b, 0x5f, 0x30, 0x5f, 0x31, 0x2f, 0x6d, 0x75, 0x6c, 0x74, 0x69, 0x5f,
  0x68, 0x65, 0x61, 0x64, 0x5f, 0x6c, 0x69, 0x6e, 0x65, 0x61, 0x72, 0x5f,
  0x61, 0x74, 0x74, 0x65, 0x6e, 0x74, 0x69, 0x6f, 0x6e, 0x5f, 0x32, 0x5f,
  0x31, 0x2f, 0x61, 0x64, 0x64, 0x00, 0x00, 0x00, 0x04, 0x00, 0x00, 0x00,
  0x01, 0x00, 0x00, 0x00, 0x14, 0x00, 0x00, 0x00, 0x08, 0x00, 0x00, 0x00,
  0x08, 0x00, 0x00, 0x00, 0x7c, 0x63, 0xfe, 0xff, 0x18, 0x00, 0x00, 0x00,
  0x04, 0x00, 0x00, 0x00, 0x01, 0x00, 0x00, 0x00, 0x80, 0xff, 0xff, 0xff,
  0xff, 0xff, 0xff, 0xff, 0x00, 0x00, 0x00, 0x00, 0x01, 0x00, 0x00, 0x00,
  0xa2, 0xc4, 0xa2, 0x3c, 0x32, 0xf0, 0xff, 0xff, 0x10, 0x00, 0x00, 0x00,
  0x04, 0x00, 0x00, 0x00, 0x01, 0x00, 0x00, 0x00, 0x48, 0x00, 0x00, 0x00,
  0x01, 0x00, 0x00, 0x00, 0x47, 0x00, 0x00, 0x00, 0xa2, 0x60, 0xfe, 0xff,
  0x00, 0x00, 0x09, 0x01, 0x24, 0x00, 0x00, 0x00, 0x49, 0x00, 0x00, 0x00,
  0x08, 0x00, 0x00, 0x00, 0x2c, 0x00, 0x00, 0x00, 0x0d, 0x00, 0x00, 0x00,
  0x74, 0x66, 0x6c, 0x2e, 0x71, 0x75, 0x61, 0x6e, 0x74, 0x69, 0x7a, 0x65,
  0x32, 0x00, 0x00, 0x00, 0x04, 0x00, 0x00, 0x00, 0x01, 0x00, 0x00, 0x00,
  0x14, 0x00, 0x00, 0x00, 0x08, 0x00, 0x00, 0x00, 0x08, 0x00, 0x00, 0x00,
  0xfc, 0x63, 0xfe, 0xff, 0x18, 0x00, 0x00, 0x00, 0x04, 0x00, 0x00, 0x00,
  0x01, 0x00, 0x00, 0x00, 0xa9, 0xff, 0xff, 0xff, 0xff, 0xff, 0xff, 0xff,
  0x00, 0x00, 0x00, 0x00, 0x01, 0x00, 0x00, 0x00, 0x55, 0xed, 0xc1, 0x3c,
  0x1e, 0xf4, 0xff, 0xff, 0x0a, 0x00, 0x00, 0x00, 0x10, 0x00, 0x00, 0x00,
  0x04, 0x00, 0x00, 0x00, 0x01, 0x00, 0x00, 0x00, 0x47, 0x00, 0x00, 0x00,
  0x01, 0x00, 0x00, 0x00, 0x46, 0x00, 0x00, 0x00, 0xac, 0xf0, 0xff, 0xff,
  0x6f, 0x00, 0x00, 0x00, 0x00, 0x00, 0x00, 0x6f, 0x01, 0x00, 0x00, 0x00,
  0xc6, 0x60, 0xfe, 0xff, 0x00, 0x00, 0x00, 0x01, 0x64, 0x00, 0x00, 0x00,
  0x48, 0x00, 0x00, 0x00, 0x08, 0x00, 0x00, 0x00, 0x6c, 0x00, 0x00, 0x00,
  0x4d, 0x00, 0x00, 0x00, 0x74, 0x69, 0x6e, 0x79, 0x5f, 0x6e, 0x69, 0x64,
  0x73, 0x5f, 0x74, 0x72, 0x61, 0x6e, 0x73, 0x66, 0x6f, 0x72, 0x6d, 0x65,
  0x72, 0x5f, 0x31, 0x2f, 0x65, 0x6e, 0x63, 0x6f, 0x64, 0x65, 0x72, 0x5f,
  0x62, 0x6c, 0x6f, 0x63, 0x6b, 0x5f, 0x30, 0x5f, 0x31, 0x2f, 0x6d, 0x75,
  0x6c, 0x74, 0x69, 0x5f, 0x68, 0x65, 0x61, 0x64, 0x5f, 0x6c, 0x69, 0x6e,
  0x65, 0x61, 0x72, 0x5f, 0x61, 0x74, 0x74, 0x65, 0x6e, 0x74, 0x69, 0x6f,
  0x6e, 0x5f, 0x32, 0x5f, 0x31, 0x2f, 0x45, 0x6c, 0x75, 0x00, 0x00, 0x00,
  0x04, 0x00, 0x00, 0x00, 0x01, 0x00, 0x00, 0x00, 0x14, 0x00, 0x00, 0x00,
  0x08, 0x00, 0x00, 0x00, 0x08, 0x00, 0x00, 0x00, 0xdc, 0x60, 0xfe, 0xff,
  0xd2, 0xf4, 0xff, 0xff, 0x04, 0x00, 0x00, 0x00, 0x10, 0x00, 0x00, 0x00,
  0x04, 0x00, 0x00, 0x00, 0x01, 0x00, 0x00, 0x00, 0x46, 0x00, 0x00, 0x00,
  0x01, 0x00, 0x00, 0x00, 0x45, 0x00, 0x00, 0x00, 0x6a, 0x61, 0xfe, 0xff,
  0x00, 0x00, 0x00, 0x01, 0x68, 0x00, 0x00, 0x00, 0x47, 0x00, 0x00, 0x00,
  0x08, 0x00, 0x00, 0x00, 0x70, 0x00, 0x00, 0x00, 0x52, 0x00, 0x00, 0x00,
  0x74, 0x69, 0x6e, 0x79, 0x5f, 0x6e, 0x69, 0x64, 0x73, 0x5f, 0x74, 0x72,
  0x61, 0x6e, 0x73, 0x66, 0x6f, 0x72, 0x6d, 0x65, 0x72, 0x5f, 0x31, 0x2f,
  0x65, 0x6e, 0x63, 0x6f, 0x64, 0x65, 0x72, 0x5f, 0x62, 0x6c, 0x6f, 0x63,
  0x6b, 0x5f, 0x30, 0x5f, 0x31, 0x2f, 0x6d, 0x75, 0x6c, 0x74, 0x69, 0x5f,
  0x68, 0x65, 0x61, 0x64, 0x5f, 0x6c, 0x69, 0x6e, 0x65, 0x61, 0x72, 0x5f,
  0x61, 0x74, 0x74, 0x65, 0x6e, 0x74, 0x69, 0x6f, 0x6e, 0x5f, 0x32, 0x5f,
  0x31, 0x2f, 0x52, 0x65, 0x73, 0x68, 0x61, 0x70, 0x65, 0x31, 0x00, 0x00,
  0x04, 0x00, 0x00, 0x00, 0x01, 0x00, 0x00, 0x00, 0x14, 0x00, 0x00, 0x00,
  0x08, 0x00, 0x00, 0x00, 0x08, 0x00, 0x00, 0x00, 0x84, 0x61, 0xfe, 0xff,
  0x7a, 0xf5, 0xff, 0xff, 0x09, 0x00, 0x00, 0x00, 0x10, 0x00, 0x00, 0x00,
  0x04, 0x00, 0x00, 0x00, 0x01, 0x00, 0x00, 0x00, 0x45, 0x00, 0x00, 0x00,
  0x02, 0x00, 0x00, 0x00, 0x44, 0x00, 0x00, 0x00, 0x02, 0x00, 0x00, 0x00,
  0x0c, 0xf2, 0xff, 0xff, 0x16, 0x00, 0x00, 0x00, 0x00, 0x00, 0x00, 0x16,
  0x01, 0x00, 0x00, 0x00, 0x96, 0x62, 0xfe, 0xff, 0x00, 0x00, 0x09, 0x01,
  0x68, 0x00, 0x00, 0x00, 0x46, 0x00, 0x00, 0x00, 0x08, 0x00, 0x00, 0x00,
  0x70, 0x00, 0x00, 0x00, 0x51, 0x00, 0x00, 0x00, 0x74, 0x69, 0x6e, 0x79,
  0x5f, 0x6e, 0x69, 0x64, 0x73, 0x5f, 0x74, 0x72, 0x61, 0x6e, 0x73, 0x66,
  0x6f, 0x72, 0x6d, 0x65, 0x72, 0x5f, 0x31, 0x2f, 0x65, 0x6e, 0x63, 0x6f,
  0x64, 0x65, 0x72, 0x5f, 0x62, 0x6c, 0x6f, 0x63, 0x6b, 0x5f, 0x30, 0x5f,
  0x31, 0x2f, 0x6d, 0x75, 0x6c, 0x74, 0x69, 0x5f, 0x68, 0x65, 0x61, 0x64,
  0x5f, 0x6c, 0x69, 0x6e, 0x65, 0x61, 0x72, 0x5f, 0x61, 0x74, 0x74, 0x65,
  0x6e, 0x74, 0x69, 0x6f, 0x6e, 0x5f, 0x32, 0x5f, 0x31, 0x2f, 0x52, 0x65,
  0x73, 0x68, 0x61, 0x70, 0x65, 0x00, 0x00, 0x00, 0x04, 0x00, 0x00, 0x00,
  0x01, 0x00, 0x00, 0x00, 0x14, 0x00, 0x00, 0x00, 0x08, 0x00, 0x00, 0x00,
  0x08, 0x00, 0x00, 0x00, 0x34, 0x66, 0xfe, 0xff, 0x14, 0x00, 0x00, 0x00,
  0x04, 0x00, 0x00, 0x00, 0x01, 0x00, 0x00, 0x00, 0xf6, 0xff, 0xff, 0xff,
  0xff, 0xff, 0xff, 0xff, 0x01, 0x00, 0x00, 0x00, 0x86, 0x33, 0xf3, 0x3c,
  0xee, 0xf4, 0xff, 0xff, 0x00, 0x00, 0x00, 0x08, 0x01, 0x00, 0x00, 0x00,
  0x1c, 0x00, 0x00, 0x00, 0x10, 0x00, 0x00, 0x00, 0x04, 0x00, 0x00, 0x00,
  0xb6, 0xf3, 0xff, 0xff, 0x00, 0x00, 0x00, 0x01, 0x01, 0x00, 0x00, 0x00,
  0x44, 0x00, 0x00, 0x00, 0x03, 0x00, 0x00, 0x00, 0x43, 0x00, 0x00, 0x00,
  0x2e, 0x00, 0x00, 0x00, 0x2d, 0x00, 0x00, 0x00, 0x72, 0x63, 0xfe, 0xff,
  0x00, 0x00, 0x09, 0x01, 0xd0, 0x00, 0x00, 0x00, 0x45, 0x00, 0x00, 0x00,
  0x08, 0x00, 0x00, 0x00, 0xd4, 0x00, 0x00, 0x00, 0xbb, 0x00, 0x00, 0x00,
  0x74, 0x69, 0x6e, 0x79, 0x5f, 0x6e, 0x69, 0x64, 0x73, 0x5f, 0x74, 0x72,
  0x61, 0x6e, 0x73, 0x66, 0x6f, 0x72, 0x6d, 0x65, 0x72, 0x5f, 0x31, 0x2f,
  0x65, 0x6e, 0x63, 0x6f, 0x64, 0x65, 0x72, 0x5f, 0x62, 0x6c, 0x6f, 0x63,
  0x6b, 0x5f, 0x30, 0x5f, 0x31, 0x2f, 0x6d, 0x75, 0x6c, 0x74, 0x69, 0x5f,
  0x68, 0x65, 0x61, 0x64, 0x5f, 0x6c, 0x69, 0x6e, 0x65, 0x61, 0x72, 0x5f,
  0x61, 0x74, 0x74, 0x65, 0x6e, 0x74, 0x69, 0x6f, 0x6e, 0x5f, 0x32, 0x5f,
  0x31, 0x2f, 0x64, 0x65, 0x6e, 0x73, 0x65, 0x5f, 0x31, 0x33, 0x5f, 0x31,
  0x2f, 0x54, 0x65, 0x6e, 0x73, 0x6f, 0x72, 0x64, 0x6f, 0x74, 0x3b, 0x74,
  0x69, 0x6e, 0x79, 0x5f, 0x6e, 0x69, 0x64, 0x73, 0x5f, 0x74, 0x72, 0x61,
  0x6e, 0x73, 0x66, 0x6f, 0x72, 0x6d, 0x65, 0x72, 0x5f, 0x31, 0x2f, 0x65,
  0x6e, 0x63, 0x6f, 0x64, 0x65, 0x72, 0x5f, 0x62, 0x6c, 0x6f, 0x63, 0x6b,
  0x5f, 0x30, 0x5f, 0x31, 0x2f, 0x6d, 0x75, 0x6c, 0x74, 0x69, 0x5f, 0x68,
  0x65, 0x61, 0x64, 0x5f, 0x6c, 0x69, 0x6e, 0x65, 0x61, 0x72, 0x5f, 0x61,
  0x74, 0x74, 0x65, 0x6e, 0x74, 0x69, 0x6f, 0x6e, 0x5f, 0x32, 0x5f, 0x31,
  0x2f, 0x64, 0x65, 0x6e, 0x73, 0x65, 0x5f, 0x31, 0x33, 0x5f, 0x31, 0x2f,
  0x42, 0x69, 0x61, 0x73, 0x41, 0x64, 0x64, 0x00, 0x03, 0x00, 0x00, 0x00,
  0x01, 0x00, 0x00, 0x00, 0x14, 0x00, 0x00, 0x00, 0x40, 0x00, 0x00, 0x00,
  0x74, 0x67, 0xfe, 0xff, 0x18, 0x00, 0x00, 0x00, 0x04, 0x00, 0x00, 0x00,
  0x01, 0x00, 0x00, 0x00, 0xf6, 0xff, 0xff, 0xff, 0xff, 0xff, 0xff, 0xff,
  0x00, 0x00, 0x00, 0x00, 0x01, 0x00, 0x00, 0x00, 0x86, 0x33, 0xf3, 0x3c,
  0x32, 0xf6, 0xff, 0xff, 0x00, 0x00, 0x00, 0x0b, 0x02, 0x00, 0x00, 0x00,
  0x18, 0x00, 0x00, 0x00, 0x0c, 0x00, 0x00, 0x00, 0x04, 0x00, 0x00, 0x00,
  0xbc, 0x63, 0xfe, 0xff, 0x01, 0x00, 0x00, 0x00, 0x43, 0x00, 0x00, 0x00,
  0x02, 0x00, 0x00, 0x00, 0x42, 0x00, 0x00, 0x00, 0x41, 0x00, 0x00, 0x00,
  0xae, 0x64, 0xfe, 0xff, 0x00, 0x00, 0x09, 0x01, 0x5c, 0x00, 0x00, 0x00,
  0x44, 0x00, 0x00, 0x00, 0x08, 0x00, 0x00, 0x00, 0x60, 0x00, 0x00, 0x00,
  0x47, 0x00, 0x00, 0x00, 0x74, 0x69, 0x6e, 0x79, 0x5f, 0x6e, 0x69, 0x64,
  0x73, 0x5f, 0x74, 0x72, 0x61, 0x6e, 0x73, 0x66, 0x6f, 0x72, 0x6d, 0x65,
  0x72, 0x5f, 0x31, 0x2f, 0x65, 0x6e, 0x63, 0x6f, 0x64, 0x65, 0x72, 0x5f,
  0x62, 0x6c, 0x6f, 0x63, 0x6b, 0x5f, 0x30, 0x5f, 0x31, 0x2f, 0x6c, 0x61,
  0x79, 0x65, 0x72, 0x5f, 0x6e, 0x6f, 0x72, 0x6d, 0x61, 0x6c, 0x69, 0x7a,
  0x61, 0x74, 0x69, 0x6f, 0x6e, 0x5f, 0x34, 0x5f, 0x31, 0x2f, 0x61, 0x64,
  0x64, 0x5f, 0x32, 0x00, 0x03, 0x00, 0x00, 0x00, 0x01, 0x00, 0x00, 0x00,
  0x14, 0x00, 0x00, 0x00, 0x40, 0x00, 0x00, 0x00, 0x3c, 0x68, 0xfe, 0xff,
  0x18, 0x00, 0x00, 0x00, 0x04, 0x00, 0x00, 0x00, 0x01, 0x00, 0x00, 0x00,
  0x15, 0x00, 0x00, 0x00, 0x00, 0x00, 0x00, 0x00, 0x00, 0x00, 0x00, 0x00,
  0x01, 0x00, 0x00, 0x00, 0xa6, 0xb3, 0xc1, 0x3c, 0xfa, 0xf6, 0xff, 0xff,
  0x00, 0x00, 0x00, 0x15, 0x08, 0x00, 0x00, 0x00, 0x18, 0x00, 0x00, 0x00,
  0x0c, 0x00, 0x00, 0x00, 0x04, 0x00, 0x00, 0x00, 0x84, 0x64, 0xfe, 0xff,
  0x01, 0x00, 0x00, 0x00, 0x42, 0x00, 0x00, 0x00, 0x02, 0x00, 0x00, 0x00,
  0x36, 0x00, 0x00, 0x00, 0x3f, 0x00, 0x00, 0x00, 0x76, 0x65, 0xfe, 0xff,
  0x00, 0x00, 0x09, 0x01, 0x5c, 0x00, 0x00, 0x00, 0x43, 0x00, 0x00, 0x00,
  0x08, 0x00, 0x00, 0x00, 0x60, 0x00, 0x00, 0x00, 0x47, 0x00, 0x00, 0x00,
  0x74, 0x69, 0x6e, 0x79, 0x5f, 0x6e, 0x69, 0x64, 0x73, 0x5f, 0x74, 0x72,
  0x61, 0x6e, 0x73, 0x66, 0x6f, 0x72, 0x6d, 0x65, 0x72, 0x5f, 0x31, 0x2f,
  0x65, 0x6e, 0x63, 0x6f, 0x64, 0x65, 0x72, 0x5f, 0x62, 0x6c, 0x6f, 0x63,
  0x6b, 0x5f, 0x30, 0x5f, 0x31, 0x2f, 0x6c, 0x61, 0x79, 0x65, 0x72, 0x5f,
  0x6e, 0x6f, 0x72, 0x6d, 0x61, 0x6c, 0x69, 0x7a, 0x61, 0x74, 0x69, 0x6f,
  0x6e, 0x5f, 0x34, 0x5f, 0x31, 0x2f, 0x6d, 0x75, 0x6c, 0x5f, 0x32, 0x00,
  0x03, 0x00, 0x00, 0x00, 0x01, 0x00, 0x00, 0x00, 0x14, 0x00, 0x00, 0x00,
  0x40, 0x00, 0x00, 0x00, 0x04, 0x69, 0xfe, 0xff, 0x18, 0x00, 0x00, 0x00,
  0x04, 0x00, 0x00, 0x00, 0x01, 0x00, 0x00, 0x00, 0x03, 0x00, 0x00, 0x00,
  0x00, 0x00, 0x00, 0x00, 0x00, 0x00, 0x00, 0x00, 0x01, 0x00, 0x00, 0x00,
  0xd6, 0x80, 0xdd, 0x3c, 0xc2, 0xf7, 0xff, 0xff, 0x00, 0x00, 0x00, 0x0b,
  0x02, 0x00, 0x00, 0x00, 0x18, 0x00, 0x00, 0x00, 0x0c, 0x00, 0x00, 0x00,
  0x04, 0x00, 0x00, 0x00, 0x4c, 0x65, 0xfe, 0xff, 0x01, 0x00, 0x00, 0x00,
  0x41, 0x00, 0x00, 0x00, 0x02, 0x00, 0x00, 0x00, 0x40, 0x00, 0x00, 0x00,
  0x2f, 0x00, 0x00, 0x00, 0x3e, 0x66, 0xfe, 0xff, 0x00, 0x00, 0x09, 0x01,
  0x5c, 0x00, 0x00, 0x00, 0x42, 0x00, 0x00, 0x00, 0x08, 0x00, 0x00, 0x00,
  0x60, 0x00, 0x00, 0x00, 0x47, 0x00, 0x00, 0x00, 0x74, 0x69, 0x6e, 0x79,
  0x5f, 0x6e, 0x69, 0x64, 0x73, 0x5f, 0x74, 0x72, 0x61, 0x6e, 0x73, 0x66,
  0x6f, 0x72, 0x6d, 0x65, 0x72, 0x5f, 0x31, 0x2f, 0x65, 0x6e, 0x63, 0x6f,
  0x64, 0x65, 0x72, 0x5f, 0x62, 0x6c, 0x6f, 0x63, 0x6b, 0x5f, 0x30, 0x5f,
  0x31, 0x2f, 0x6c, 0x61, 0x79, 0x65, 0x72, 0x5f, 0x6e, 0x6f, 0x72, 0x6d,
  0x61, 0x6c, 0x69, 0x7a, 0x61, 0x74, 0x69, 0x6f, 0x6e, 0x5f, 0x34, 0x5f,
  0x31, 0x2f, 0x61, 0x64, 0x64, 0x5f, 0x31, 0x00, 0x03, 0x00, 0x00, 0x00,
  0x01, 0x00, 0x00, 0x00, 0x14, 0x00, 0x00, 0x00, 0x40, 0x00, 0x00, 0x00,
  0xcc, 0x69, 0xfe, 0xff, 0x18, 0x00, 0x00, 0x00, 0x04, 0x00, 0x00, 0x00,
  0x01, 0x00, 0x00, 0x00, 0x7f, 0x00, 0x00, 0x00, 0x00, 0x00, 0x00, 0x00,
  0x00, 0x00, 0x00, 0x00, 0x01, 0x00, 0x00, 0x00, 0xad, 0xee, 0xa3, 0x3b,
  0x8a, 0xf8, 0xff, 0xff, 0x00, 0x00, 0x00, 0x15, 0x08, 0x00, 0x00, 0x00,
  0x18, 0x00, 0x00, 0x00, 0x0c, 0x00, 0x00, 0x00, 0x04, 0x00, 0x00, 0x00,
  0x14, 0x66, 0xfe, 0xff, 0x01, 0x00, 0x00, 0x00, 0x40, 0x00, 0x00, 0x00,
  0x02, 0x00, 0x00, 0x00, 0x3a, 0x00, 0x00, 0x00, 0x3f, 0x00, 0x00, 0x00,
  0x06, 0x67, 0xfe, 0xff, 0x00, 0x00, 0x09, 0x01, 0x5c, 0x00, 0x00, 0x00,
  0x41, 0x00, 0x00, 0x00, 0x08, 0x00, 0x00, 0x00, 0x60, 0x00, 0x00, 0x00,
  0x47, 0x00, 0x00, 0x00, 0x74, 0x69, 0x6e, 0x79, 0x5f, 0x6e, 0x69, 0x64,
  0x73, 0x5f, 0x74, 0x72, 0x61, 0x6e, 0x73, 0x66, 0x6f, 0x72, 0x6d, 0x65,
  0x72, 0x5f, 0x31, 0x2f, 0x65, 0x6e, 0x63, 0x6f, 0x64, 0x65, 0x72, 0x5f,
  0x62, 0x6c, 0x6f, 0x63, 0x6b, 0x5f, 0x30, 0x5f, 0x31, 0x2f, 0x6c, 0x61,
  0x79, 0x65, 0x72, 0x5f, 0x6e, 0x6f, 0x72, 0x6d, 0x61, 0x6c, 0x69, 0x7a,
  0x61, 0x74, 0x69, 0x6f, 0x6e, 0x5f, 0x34, 0x5f, 0x31, 0x2f, 0x6d, 0x75,
  0x6c, 0x5f, 0x31, 0x00, 0x03, 0x00, 0x00, 0x00, 0x01, 0x00, 0x00, 0x00,
  0x14, 0x00, 0x00, 0x00, 0x40, 0x00, 0x00, 0x00, 0x94, 0x6a, 0xfe, 0xff,
  0x18, 0x00, 0x00, 0x00, 0x04, 0x00, 0x00, 0x00, 0x01, 0x00, 0x00, 0x00,
  0x7f, 0x00, 0x00, 0x00, 0x00, 0x00, 0x00, 0x00, 0x00, 0x00, 0x00, 0x00,
  0x01, 0x00, 0x00, 0x00, 0xad, 0xee, 0xa3, 0x3b, 0x52, 0xf9, 0xff, 0xff,
  0x00, 0x00, 0x00, 0x15, 0x08, 0x00, 0x00, 0x00, 0x18, 0x00, 0x00, 0x00,
  0x0c, 0x00, 0x00, 0x00, 0x04, 0x00, 0x00, 0x00, 0xdc, 0x66, 0xfe, 0xff,
  0x01, 0x00, 0x00, 0x00, 0x3f, 0x00, 0x00, 0x00, 0x02, 0x00, 0x00, 0x00,
  0x3e, 0x00, 0x00, 0x00, 0x30, 0x00, 0x00, 0x00, 0x54, 0xf7, 0xff, 0xff,
  0x12, 0x00, 0x00, 0x00, 0x00, 0x00, 0x00, 0x12, 0x02, 0x00, 0x00, 0x00,
  0xde, 0x67, 0xfe, 0xff, 0x00, 0x00, 0x09, 0x01, 0x5c, 0x00, 0x00, 0x00,
  0x40, 0x00, 0x00, 0x00, 0x08, 0x00, 0x00, 0x00, 0x60, 0x00, 0x00, 0x00,
  0x45, 0x00, 0x00, 0x00, 0x74, 0x69, 0x6e, 0x79, 0x5f, 0x6e, 0x69, 0x64,
  0x73, 0x5f, 0x74, 0x72, 0x61, 0x6e, 0x73, 0x66, 0x6f, 0x72, 0x6d, 0x65,
  0x72, 0x5f, 0x31, 0x2f, 0x65, 0x6e, 0x63, 0x6f, 0x64, 0x65, 0x72, 0x5f,
  0x62, 0x6c, 0x6f, 0x63, 0x6b, 0x5f, 0x30, 0x5f, 0x31, 0x2f, 0x6c, 0x61,
  0x79, 0x65, 0x72, 0x5f, 0x6e, 0x6f, 0x72, 0x6d, 0x61, 0x6c, 0x69, 0x7a,
  0x61, 0x74, 0x69, 0x6f, 0x6e, 0x5f, 0x34, 0x5f, 0x31, 0x2f, 0x6d, 0x75,
  0x6c, 0x00, 0x00, 0x00, 0x03, 0x00, 0x00, 0x00, 0x01, 0x00, 0x00, 0x00,
  0x14, 0x00, 0x00, 0x00, 0x40, 0x00, 0x00, 0x00, 0x6c, 0x6b, 0xfe, 0xff,
  0x18, 0x00, 0x00, 0x00, 0x04, 0x00, 0x00, 0x00, 0x01, 0x00, 0x00, 0x00,
  0x80, 0xff, 0xff, 0xff, 0xff, 0xff, 0xff, 0xff, 0x00, 0x00, 0x00, 0x00,
  0x01, 0x00, 0x00, 0x00, 0xb5, 0x1d, 0x23, 0x3c, 0x8e, 0xfb, 0xff, 0xff,
  0x07, 0x00, 0x00, 0x00, 0x10, 0x00, 0x00, 0x00, 0x04, 0x00, 0x00, 0x00,
  0x01, 0x00, 0x00, 0x00, 0x3e, 0x00, 0x00, 0x00, 0x01, 0x00, 0x00, 0x00,
  0x3d, 0x00, 0x00, 0x00, 0x1c, 0xf8, 0xff, 0xff, 0x4c, 0x00, 0x00, 0x00,
  0x00, 0x00, 0x00, 0x4c, 0x02, 0x00, 0x00, 0x00, 0xa6, 0x68, 0xfe, 0xff,
  0x00, 0x00, 0x09, 0x01, 0x5c, 0x00, 0x00, 0x00, 0x3f, 0x00, 0x00, 0x00,
  0x08, 0x00, 0x00, 0x00, 0x60, 0x00, 0x00, 0x00, 0x47, 0x00, 0x00, 0x00,
  0x74, 0x69, 0x6e, 0x79, 0x5f, 0x6e, 0x69, 0x64, 0x73, 0x5f, 0x74, 0x72,
  0x61, 0x6e, 0x73, 0x66, 0x6f, 0x72, 0x6d, 0x65, 0x72, 0x5f, 0x31, 0x2f,
  0x65, 0x6e, 0x63, 0x6f, 0x64, 0x65, 0x72, 0x5f, 0x62, 0x6c, 0x6f, 0x63,
  0x6b, 0x5f, 0x30, 0x5f, 0x31, 0x2f, 0x6c, 0x61, 0x79, 0x65, 0x72, 0x5f,
  0x6e, 0x6f, 0x72, 0x6d, 0x61, 0x6c, 0x69, 0x7a, 0x61, 0x74, 0x69, 0x6f,
  0x6e, 0x5f, 0x34, 0x5f, 0x31, 0x2f, 0x52, 0x73, 0x71, 0x72, 0x74, 0x00,
  0x03, 0x00, 0x00, 0x00, 0x01, 0x00, 0x00, 0x00, 0x14, 0x00, 0x00, 0x00,
  0x01, 0x00, 0x00, 0x00, 0x34, 0x6c, 0xfe, 0xff, 0x18, 0x00, 0x00, 0x00,
  0x04, 0x00, 0x00, 0x00, 0x01, 0x00, 0x00, 0x00, 0x80, 0xff, 0xff, 0xff,
  0xff, 0xff, 0xff, 0xff, 0x00, 0x00, 0x00, 0x00, 0x01, 0x00, 0x00, 0x00,
  0xfb, 0x98, 0x12, 0x3c, 0xf2, 0xfa, 0xff, 0xff, 0x00, 0x00, 0x00, 0x0b,
  0x02, 0x00, 0x00, 0x00, 0x18, 0x00, 0x00, 0x00, 0x0c, 0x00, 0x00, 0x00,
  0x04, 0x00, 0x00, 0x00, 0x7c, 0x68, 0xfe, 0xff, 0x01, 0x00, 0x00, 0x00,
  0x3d, 0x00, 0x00, 0x00, 0x02, 0x00, 0x00, 0x00, 0x3c, 0x00, 0x00, 0x00,
  0x31, 0x00, 0x00, 0x00, 0x6e, 0x69, 0xfe, 0xff, 0x00, 0x00, 0x09, 0x01,
  0x5c, 0x00, 0x00, 0x00, 0x3e, 0x00, 0x00, 0x00, 0x08, 0x00, 0x00, 0x00,
  0x60, 0x00, 0x00, 0x00, 0x45, 0x00, 0x00, 0x00, 0x74, 0x69, 0x6e, 0x79,
  0x5f, 0x6e, 0x69, 0x64, 0x73, 0x5f, 0x74, 0x72, 0x61, 0x6e, 0x73, 0x66,
  0x6f, 0x72, 0x6d, 0x65, 0x72, 0x5f, 0x31, 0x2f, 0x65, 0x6e, 0x63, 0x6f,
  0x64, 0x65, 0x72, 0x5f, 0x62, 0x6c, 0x6f, 0x63, 0x6b, 0x5f, 0x30, 0x5f,
  0x31, 0x2f, 0x6c, 0x61, 0x79, 0x65, 0x72, 0x5f, 0x6e, 0x6f, 0x72, 0x6d,
  0x61, 0x6c, 0x69, 0x7a, 0x61, 0x74, 0x69, 0x6f, 0x6e, 0x5f, 0x34, 0x5f,
  0x31, 0x2f, 0x61, 0x64, 0x64, 0x00, 0x00, 0x00, 0x03, 0x00, 0x00, 0x00,
  0x01, 0x00, 0x00, 0x00, 0x14, 0x00, 0x00, 0x00, 0x01, 0x00, 0x00, 0x00,
  0xfc, 0x6c, 0xfe, 0xff, 0x18, 0x00, 0x00, 0x00, 0x04, 0x00, 0x00, 0x00,
  0x01, 0x00, 0x00, 0x00, 0x80, 0xff, 0xff, 0xff, 0xff, 0xff, 0xff, 0xff,
  0x00, 0x00, 0x00, 0x00, 0x01, 0x00, 0x00, 0x00, 0x61, 0x06, 0x10, 0x3b,
  0xba, 0xfb, 0xff, 0xff, 0x00, 0x00, 0x00, 0x1b, 0x03, 0x00, 0x00, 0x00,
  0x1c, 0x00, 0x00, 0x00, 0x10, 0x00, 0x00, 0x00, 0x04, 0x00, 0x00, 0x00,
  0xa2, 0xfc, 0xff, 0xff, 0x00, 0x00, 0x00, 0x01, 0x01, 0x00, 0x00, 0x00,
  0x3c, 0x00, 0x00, 0x00, 0x02, 0x00, 0x00, 0x00, 0x3b, 0x00, 0x00, 0x00,
  0x01, 0x00, 0x00, 0x00, 0x3a, 0x6a, 0xfe, 0xff, 0x00, 0x00, 0x09, 0x01,
  0x68, 0x00, 0x00, 0x00, 0x3d, 0x00, 0x00, 0x00, 0x08, 0x00, 0x00, 0x00,
  0x6c, 0x00, 0x00, 0x00, 0x52, 0x00, 0x00, 0x00, 0x74, 0x69, 0x6e, 0x79,
  0x5f, 0x6e, 0x69, 0x64, 0x73, 0x5f, 0x74, 0x72, 0x61, 0x6e, 0x73, 0x66,
  0x6f, 0x72, 0x6d, 0x65, 0x72, 0x5f, 0x31, 0x2f, 0x65, 0x6e, 0x63, 0x6f,
  0x64, 0x65, 0x72, 0x5f, 0x62, 0x6c, 0x6f, 0x63, 0x6b, 0x5f, 0x30, 0x5f,
  0x31, 0x2f, 0x6c, 0x61, 0x79, 0x65, 0x72, 0x5f, 0x6e, 0x6f, 0x72, 0x6d,
  0x61, 0x6c, 0x69, 0x7a, 0x61, 0x74, 0x69, 0x6f, 0x6e, 0x5f, 0x34, 0x5f,
  0x31, 0x2f, 0x6d, 0x6f, 0x6d, 0x65, 0x6e, 0x74, 0x73, 0x2f, 0x76, 0x61,
  0x72, 0x69, 0x61, 0x6e, 0x63, 0x65, 0x00, 0x00, 0x03, 0x00, 0x00, 0x00,
  0x01, 0x00, 0x00, 0x00, 0x14, 0x00, 0x00, 0x00, 0x01, 0x00, 0x00, 0x00,
  0xd4, 0x6d, 0xfe, 0xff, 0x18, 0x00, 0x00, 0x00, 0x04, 0x00, 0x00, 0x00,
  0x01, 0x00, 0x00, 0x00, 0x80, 0xff, 0xff, 0xff, 0xff, 0xff, 0xff, 0xff,
  0x00, 0x00, 0x00, 0x00, 0x01, 0x00, 0x00, 0x00, 0x61, 0x06, 0x10, 0x3b,
  0xf6, 0xfd, 0xff, 0xff, 0x06, 0x00, 0x00, 0x00, 0x10, 0x00, 0x00, 0x00,
  0x04, 0x00, 0x00, 0x00, 0x01, 0x00, 0x00, 0x00, 0x3b, 0x00, 0x00, 0x00,
  0x02, 0x00, 0x00, 0x00, 0x36, 0x00, 0x00, 0x00, 0x37, 0x00, 0x00, 0x00,
  0x88, 0xfa, 0xff, 0xff, 0x63, 0x00, 0x00, 0x00, 0x00, 0x00, 0x00, 0x63,
  0x02, 0x00, 0x00, 0x00, 0x12, 0x6b, 0xfe, 0xff, 0x00, 0x00, 0x09, 0x01,
  0x70, 0x00, 0x00, 0x00, 0x3c, 0x00, 0x00, 0x00, 0x08, 0x00, 0x00, 0x00,
  0x74, 0x00, 0x00, 0x00, 0x5b, 0x00, 0x00, 0x00, 0x74, 0x69, 0x6e, 0x79,
  0x5f, 0x6e, 0x69, 0x64, 0x73, 0x5f, 0x74, 0x72, 0x61, 0x6e, 0x73, 0x66,
  0x6f, 0x72, 0x6d, 0x65, 0x72, 0x5f, 0x31, 0x2f, 0x65, 0x6e, 0x63, 0x6f,
  0x64, 0x65, 0x72, 0x5f, 0x62, 0x6c, 0x6f, 0x63, 0x6b, 0x5f, 0x30, 0x5f,
  0x31, 0x2f, 0x6c, 0x61, 0x79, 0x65, 0x72, 0x5f, 0x6e, 0x6f, 0x72, 0x6d,
  0x61, 0x6c, 0x69, 0x7a, 0x61, 0x74, 0x69, 0x6f, 0x6e, 0x5f, 0x34, 0x5f,
  0x31, 0x2f, 0x6d, 0x6f, 0x6d, 0x65, 0x6e, 0x74, 0x73, 0x2f, 0x53, 0x71,
  0x75, 0x61, 0x72, 0x65, 0x64, 0x44, 0x69, 0x66, 0x66, 0x65, 0x72, 0x65,
  0x6e, 0x63, 0x65, 0x00, 0x03, 0x00, 0x00, 0x00, 0x01, 0x00, 0x00, 0x00,
  0x14, 0x00, 0x00, 0x00, 0x40, 0x00, 0x00, 0x00, 0xb4, 0x6e, 0xfe, 0xff,
  0x14, 0x00, 0x00, 0x00, 0x04, 0x00, 0x00, 0x00, 0x01, 0x00, 0x00, 0x00,
  0x80, 0xff, 0xff, 0xff, 0xff, 0xff, 0xff, 0xff, 0x01, 0x00, 0x00, 0x00,
  0x5d, 0xf1, 0x90, 0x3c, 0x66, 0xfb, 0xff, 0xff, 0x10, 0x00, 0x00, 0x00,
  0x04, 0x00, 0x00, 0x00, 0x01, 0x00, 0x00, 0x00, 0x3a, 0x00, 0x00, 0x00,
  0x01, 0x00, 0x00, 0x00, 0x39, 0x00, 0x00, 0x00, 0xd6, 0x6b, 0xfe, 0xff,
  0x00, 0x00, 0x09, 0x01, 0x24, 0x00, 0x00, 0x00, 0x3b, 0x00, 0x00, 0x00,
  0x08, 0x00, 0x00, 0x00, 0x28, 0x00, 0x00, 0x00, 0x0d, 0x00, 0x00, 0x00,
  0x74, 0x66, 0x6c, 0x2e, 0x71, 0x75, 0x61, 0x6e, 0x74, 0x69, 0x7a, 0x65,
  0x31, 0x00, 0x00, 0x00, 0x03, 0x00, 0x00, 0x00, 0x01, 0x00, 0x00, 0x00,
  0x14, 0x00, 0x00, 0x00, 0x01, 0x00, 0x00, 0x00, 0x2c, 0x6f, 0xfe, 0xff,
  0x14, 0x00, 0x00, 0x00, 0x04, 0x00, 0x00, 0x00, 0x01, 0x00, 0x00, 0x00,
  0x7f, 0x00, 0x00, 0x00, 0x00, 0x00, 0x00, 0x00, 0x01, 0x00, 0x00, 0x00,
  0x4d, 0x6e, 0x17, 0x3b, 0xe6, 0xfd, 0xff, 0xff, 0x00, 0x00, 0x00, 0x2a,
  0x05, 0x00, 0x00, 0x00, 0x18, 0x00, 0x00, 0x00, 0x0c, 0x00, 0x00, 0x00,
  0x04, 0x00, 0x00, 0x00, 0x70, 0x6b, 0xfe, 0xff, 0x01, 0x00, 0x00, 0x00,
  0x39, 0x00, 0x00, 0x00, 0x01, 0x00, 0x00, 0x00, 0x38, 0x00, 0x00, 0x00,
  0xe4, 0xfb, 0xff, 0xff, 0x3b, 0x00, 0x00, 0x00, 0x00, 0x00, 0x00, 0x3b,
  0x01, 0x00, 0x00, 0x00, 0xfe, 0x6b, 0xfe, 0xff, 0x00, 0x00, 0x00, 0x01,
  0x5c, 0x00, 0x00, 0x00, 0x3a, 0x00, 0x00, 0x00, 0x08, 0x00, 0x00, 0x00,
  0x60, 0x00, 0x00, 0x00, 0x45, 0x00, 0x00, 0x00, 0x74, 0x69, 0x6e, 0x79,
  0x5f, 0x6e, 0x69, 0x64, 0x73, 0x5f, 0x74, 0x72, 0x61, 0x6e, 0x73, 0x66,
  0x6f, 0x72, 0x6d, 0x65, 0x72, 0x5f, 0x31, 0x2f, 0x65, 0x6e, 0x63, 0x6f,
  0x64, 0x65, 0x72, 0x5f, 0x62, 0x6c, 0x6f, 0x63, 0x6b, 0x5f, 0x30, 0x5f,
  0x31, 0x2f, 0x6c, 0x61, 0x79, 0x65, 0x72, 0x5f, 0x6e, 0x6f, 0x72, 0x6d,
  0x61, 0x6c, 0x69, 0x7a, 0x61, 0x74, 0x69, 0x6f, 0x6e, 0x5f, 0x34, 0x5f,
  0x31, 0x2f, 0x4e, 0x65, 0x67, 0x00, 0x00, 0x00, 0x03, 0x00, 0x00, 0x00,
  0x01, 0x00, 0x00, 0x00, 0x14, 0x00, 0x00, 0x00, 0x01, 0x00, 0x00, 0x00,
  0x94, 0x6c, 0xfe, 0xff, 0x00, 0x00, 0x0a, 0x00, 0x10, 0x00, 0x04, 0x00,
  0x08, 0x00, 0x0c, 0x00, 0x0a, 0x00, 0x00, 0x00, 0x04, 0x00, 0x00, 0x00,
  0x10, 0x00, 0x00, 0x00, 0x04, 0x00, 0x00, 0x00, 0x01, 0x00, 0x00, 0x00,
  0x38, 0x00, 0x00, 0x00, 0x01, 0x00, 0x00, 0x00, 0x37, 0x00, 0x00, 0x00,
  0x98, 0xfc, 0xff, 0xff, 0x06, 0x00, 0x00, 0x00, 0x00, 0x00, 0x00, 0x06,
  0x02, 0x00, 0x00, 0x00, 0xb2, 0x6c, 0xfe, 0xff, 0x00, 0x00, 0x00, 0x01,
  0x24, 0x00, 0x00, 0x00, 0x39, 0x00, 0x00, 0x00, 0x08, 0x00, 0x00, 0x00,
  0x28, 0x00, 0x00, 0x00, 0x0e, 0x00, 0x00, 0x00, 0x74, 0x66, 0x6c, 0x2e,
  0x64, 0x65, 0x71, 0x75, 0x61, 0x6e, 0x74, 0x69, 0x7a, 0x65, 0x00, 0x00,
  0x03, 0x00, 0x00, 0x00, 0x01, 0x00, 0x00, 0x00, 0x14, 0x00, 0x00, 0x00,
  0x01, 0x00, 0x00, 0x00, 0x84, 0x6c, 0xfe, 0xff, 0xee, 0xfd, 0xff, 0xff,
  0x00, 0x00, 0x00, 0x1b, 0x03, 0x00, 0x00, 0x00, 0x24, 0x00, 0x00, 0x00,
  0x18, 0x00, 0x00, 0x00, 0x0c, 0x00, 0x00, 0x00, 0x00, 0x00, 0x06, 0x00,
  0x08, 0x00, 0x07, 0x00, 0x06, 0x00, 0x00, 0x00, 0x00, 0x00, 0x00, 0x01,
  0x01, 0x00, 0x00, 0x00, 0x37, 0x00, 0x00, 0x00, 0x02, 0x00, 0x00, 0x00,
  0x36, 0x00, 0x00, 0x00, 0x01, 0x00, 0x00, 0x00, 0x24, 0xfd, 0xff, 0xff,
  0x28, 0x00, 0x00, 0x00, 0x00, 0x00, 0x00, 0x28, 0x02, 0x00, 0x00, 0x00,
  0xae, 0x6d, 0xfe, 0xff, 0x00, 0x00, 0x09, 0x01, 0x64, 0x00, 0x00, 0x00,
  0x38, 0x00, 0x00, 0x00, 0x08, 0x00, 0x00, 0x00, 0x68, 0x00, 0x00, 0x00,
  0x4e, 0x00, 0x00, 0x00, 0x74, 0x69, 0x6e, 0x79, 0x5f, 0x6e, 0x69, 0x64,
  0x73, 0x5f, 0x74, 0x72, 0x61, 0x6e, 0x73, 0x66, 0x6f, 0x72, 0x6d, 0x65,
  0x72, 0x5f, 0x31, 0x2f, 0x65, 0x6e, 0x63, 0x6f, 0x64, 0x65, 0x72, 0x5f,
  0x62, 0x6c, 0x6f, 0x63, 0x6b, 0x5f, 0x30, 0x5f, 0x31, 0x2f, 0x6c, 0x61,
  0x79, 0x65, 0x72, 0x5f, 0x6e, 0x6f, 0x72, 0x6d, 0x61, 0x6c, 0x69, 0x7a,
  0x61, 0x74, 0x69, 0x6f, 0x6e, 0x5f, 0x34, 0x5f, 0x31, 0x2f, 0x6d, 0x6f,
  0x6d, 0x65, 0x6e, 0x74, 0x73, 0x2f, 0x6d, 0x65, 0x61, 0x6e, 0x00, 0x00,
  0x03, 0x00, 0x00, 0x00, 0x01, 0x00, 0x00, 0x00, 0x14, 0x00, 0x00, 0x00,
  0x01, 0x00, 0x00, 0x00, 0x44, 0x71, 0xfe, 0xff, 0x14, 0x00, 0x00, 0x00,
  0x04, 0x00, 0x00, 0x00, 0x01, 0x00, 0x00, 0x00, 0x80, 0xff, 0xff, 0xff,
  0xff, 0xff, 0xff, 0xff, 0x01, 0x00, 0x00, 0x00, 0x4d, 0x6e, 0x17, 0x3b,
  0x00, 0x00, 0x0e, 0x00, 0x18, 0x00, 0x08, 0x00, 0x0c, 0x00, 0x10, 0x00,
  0x07, 0x00, 0x14, 0x00, 0x0e, 0x00, 0x00, 0x00, 0x00, 0x00, 0x00, 0x0b,
  0x02, 0x00, 0x00, 0x00, 0x18, 0x00, 0x00, 0x00, 0x0c, 0x00, 0x00, 0x00,
  0x04, 0x00, 0x00, 0x00, 0x98, 0x6d, 0xfe, 0xff, 0x01, 0x00, 0x00, 0x00,
  0x36, 0x00, 0x00, 0x00, 0x02, 0x00, 0x00, 0x00, 0x35, 0x00, 0x00, 0x00,
  0x32, 0x00, 0x00, 0x00, 0x00, 0x00, 0x0a, 0x00, 0x08, 0x00, 0x00, 0x00,
  0x00, 0x00, 0x04, 0x00, 0x0a, 0x00, 0x00, 0x00, 0x02, 0x00, 0x00, 0x00,
  0x9e, 0x6e, 0xfe, 0xff, 0x00, 0x00, 0x09, 0x01, 0x9c, 0x00, 0x00, 0x00,
  0x37, 0x00, 0x00, 0x00, 0x08, 0x00, 0x00, 0x00, 0xa0, 0x00, 0x00, 0x00,
  0x87, 0x00, 0x00, 0x00, 0x74, 0x69, 0x6e, 0x79, 0x5f, 0x6e, 0x69, 0x64,
  0x73, 0x5f, 0x74, 0x72, 0x61, 0x6e, 0x73, 0x66, 0x6f, 0x72, 0x6d, 0x65,
  0x72, 0x5f, 0x31, 0x2f, 0x41, 0x64, 0x64, 0x3b, 0x74, 0x69, 0x6e, 0x79,
  0x5f, 0x6e, 0x69, 0x64, 0x73, 0x5f, 0x74, 0x72, 0x61, 0x6e, 0x73, 0x66,
  0x6f, 0x72, 0x6d, 0x65, 0x72, 0x5f, 0x31, 0x2f, 0x64, 0x65, 0x6e, 0x73,
  0x65, 0x5f, 0x31, 0x32, 0x5f, 0x31, 0x2f, 0x42, 0x69, 0x61, 0x73, 0x41,
  0x64, 0x64, 0x2f, 0x52, 0x65, 0x61, 0x64, 0x56, 0x61, 0x72, 0x69, 0x61,
  0x62, 0x6c, 0x65, 0x4f, 0x70, 0x3b, 0x74, 0x69, 0x6e, 0x79, 0x5f, 0x6e,
  0x69, 0x64, 0x73, 0x5f, 0x74, 0x72, 0x61, 0x6e, 0x73, 0x66, 0x6f, 0x72,
  0x6d, 0x65, 0x72, 0x5f, 0x31, 0x2f, 0x64, 0x65, 0x6e, 0x73, 0x65, 0x5f,
  0x31, 0x32, 0x5f, 0x31, 0x2f, 0x42, 0x69, 0x61, 0x73, 0x41, 0x64, 0x64,
  0x3b, 0x43, 0x6f, 0x6e, 0x73, 0x74, 0x31, 0x00, 0x03, 0x00, 0x00, 0x00,
  0x01, 0x00, 0x00, 0x00, 0x14, 0x00, 0x00, 0x00, 0x40, 0x00, 0x00, 0x00,
  0x6c, 0x72, 0xfe, 0xff, 0x14, 0x00, 0x00, 0x00, 0x04, 0x00, 0x00, 0x00,
  0x01, 0x00, 0x00, 0x00, 0xf1, 0xff, 0xff, 0xff, 0xff, 0xff, 0xff, 0xff,
  0x01, 0x00, 0x00, 0x00, 0x3a, 0xce, 0x72, 0x3c, 0x00, 0x00, 0x0e, 0x00,
  0x1a, 0x00, 0x08, 0x00, 0x0c, 0x00, 0x10, 0x00, 0x07, 0x00, 0x14, 0x00,
  0x0e, 0x00, 0x00, 0x00, 0x00, 0x00, 0x00, 0x08, 0x01, 0x00, 0x00, 0x00,
  0x28, 0x00, 0x00, 0x00, 0x1c, 0x00, 0x00, 0x00, 0x10, 0x00, 0x00, 0x00,
  0x00, 0x00, 0x0a, 0x00, 0x08, 0x00, 0x00, 0x00, 0x00, 0x00, 0x07, 0x00,
  0x0a, 0x00, 0x00, 0x00, 0x00, 0x00, 0x00, 0x01, 0x01, 0x00, 0x00, 0x00,
  0x35, 0x00, 0x00, 0x00, 0x03, 0x00, 0x00, 0x00, 0x34, 0x00, 0x00, 0x00,
  0x33, 0x00, 0x00, 0x00, 0xff, 0xff, 0xff, 0xff, 0x4c, 0xff, 0xff, 0xff,
  0x09, 0x00, 0x00, 0x00, 0x00, 0x00, 0x00, 0x09, 0x05, 0x00, 0x00, 0x00,
  0xd6, 0x6f, 0xfe, 0xff, 0x00, 0x00, 0x09, 0x01, 0x44, 0x00, 0x00, 0x00,
  0x36, 0x00, 0x00, 0x00, 0x08, 0x00, 0x00, 0x00, 0x48, 0x00, 0x00, 0x00,
  0x2c, 0x00, 0x00, 0x00, 0x74, 0x69, 0x6e, 0x79, 0x5f, 0x6e, 0x69, 0x64,
  0x73, 0x5f, 0x74, 0x72, 0x61, 0x6e, 0x73, 0x66, 0x6f, 0x72, 0x6d, 0x65,
  0x72, 0x5f, 0x31, 0x2f, 0x64, 0x65, 0x6e, 0x73, 0x65, 0x5f, 0x31, 0x32,
  0x5f, 0x31, 0x2f, 0x54, 0x65, 0x6e, 0x73, 0x6f, 0x72, 0x64, 0x6f, 0x74,
  0x00, 0x00, 0x00, 0x00, 0x03, 0x00, 0x00, 0x00, 0x01, 0x00, 0x00, 0x00,
  0x14, 0x00, 0x00, 0x00, 0x40, 0x00, 0x00, 0x00, 0x4c, 0x73, 0xfe, 0xff,
  0x14, 0x00, 0x00, 0x00, 0x04, 0x00, 0x00, 0x00, 0x01, 0x00, 0x00, 0x00,
  0xf1, 0xff, 0xff, 0xff, 0xff, 0xff, 0xff, 0xff, 0x01, 0x00, 0x00, 0x00,
  0x3a, 0xce, 0x72, 0x3c, 0x00, 0x00, 0x0a, 0x00, 0x0c, 0x00, 0x00, 0x00,
  0x04, 0x00, 0x08, 0x00, 0x0a, 0x00, 0x00, 0x00, 0x10, 0x00, 0x00, 0x00,
  0x04, 0x00, 0x00, 0x00, 0x01, 0x00, 0x00, 0x00, 0x34, 0x00, 0x00, 0x00,
  0x01, 0x00, 0x00, 0x00, 0x00, 0x00, 0x00, 0x00, 0x0c, 0x00, 0x10, 0x00,
  0x0b, 0x00, 0x00, 0x00, 0x0c, 0x00, 0x04, 0x00, 0x0c, 0x00, 0x00, 0x00,
  0x72, 0x00, 0x00, 0x00, 0x00, 0x00, 0x00, 0x72, 0x01, 0x00, 0x00, 0x00,
  0x96, 0x70, 0xfe, 0xff, 0x00, 0x00, 0x09, 0x01, 0x24, 0x00, 0x00, 0x00,
  0x35, 0x00, 0x00, 0x00, 0x08, 0x00, 0x00, 0x00, 0x28, 0x00, 0x00, 0x00,
  0x0c, 0x00, 0x00, 0x00, 0x74, 0x66, 0x6c, 0x2e, 0x71, 0x75, 0x61, 0x6e,
  0x74, 0x69, 0x7a, 0x65, 0x00, 0x00, 0x00, 0x00, 0x03, 0x00, 0x00, 0x00,
  0x01, 0x00, 0x00, 0x00, 0x14, 0x00, 0x00, 0x00, 0x10, 0x00, 0x00, 0x00,
  0xec, 0x73, 0xfe, 0xff, 0x18, 0x00, 0x00, 0x00, 0x04, 0x00, 0x00, 0x00,
  0x01, 0x00, 0x00, 0x00, 0x80, 0xff, 0xff, 0xff, 0xff, 0xff, 0xff, 0xff,
  0x00, 0x00, 0x00, 0x00, 0x01, 0x00, 0x00, 0x00, 0x81, 0x80, 0x80, 0x3b,
  0xf6, 0x70, 0xfe, 0xff, 0x00, 0x00, 0x09, 0x01, 0x48, 0x00, 0x00, 0x00,
  0x34, 0x00, 0x00, 0x00, 0x08, 0x00, 0x00, 0x00, 0x48, 0x00, 0x00, 0x00,
  0x33, 0x00, 0x00, 0x00, 0x74, 0x69, 0x6e, 0x79, 0x5f, 0x6e, 0x69, 0x64,
  0x73, 0x5f, 0x74, 0x72, 0x61, 0x6e, 0x73, 0x66, 0x6f, 0x72, 0x6d, 0x65,
  0x72, 0x5f, 0x31, 0x2f, 0x64, 0x65, 0x6e, 0x73, 0x65, 0x5f, 0x31, 0x32,
  0x5f, 0x31, 0x2f, 0x54, 0x65, 0x6e, 0x73, 0x6f, 0x72, 0x64, 0x6f, 0x74,
  0x2f, 0x4d, 0x61, 0x74, 0x4d, 0x75, 0x6c, 0x00, 0x02, 0x00, 0x00, 0x00,
  0x40, 0x00, 0x00, 0x00, 0x10, 0x00, 0x00, 0x00, 0x6c, 0x74, 0xfe, 0xff,
  0x0c, 0x02, 0x00, 0x00, 0x04, 0x00, 0x00, 0x00, 0x40, 0x00, 0x00, 0x00,
  0x00, 0x00, 0x00, 0x00, 0x00, 0x00, 0x00, 0x00, 0x00, 0x00, 0x00, 0x00,
  0x00, 0x00, 0x00, 0x00, 0x00, 0x00, 0x00, 0x00, 0x00, 0x00, 0x00, 0x00,
  0x00, 0x00, 0x00, 0x00, 0x00, 0x00, 0x00, 0x00, 0x00, 0x00, 0x00, 0x00,
  0x00, 0x00, 0x00, 0x00, 0x00, 0x00, 0x00, 0x00, 0x00, 0x00, 0x00, 0x00,
  0x00, 0x00, 0x00, 0x00, 0x00, 0x00, 0x00, 0x00, 0x00, 0x00, 0x00, 0x00,
  0x00, 0x00, 0x00, 0x00, 0x00, 0x00, 0x00, 0x00, 0x00, 0x00, 0x00, 0x00,
  0x00, 0x00, 0x00, 0x00, 0x00, 0x00, 0x00, 0x00, 0x00, 0x00, 0x00, 0x00,
  0x00, 0x00, 0x00, 0x00, 0x00, 0x00, 0x00, 0x00, 0x00, 0x00, 0x00, 0x00,
  0x00, 0x00, 0x00, 0x00, 0x00, 0x00, 0x00, 0x00, 0x00, 0x00, 0x00, 0x00,
  0x00, 0x00, 0x00, 0x00, 0x00, 0x00, 0x00, 0x00, 0x00, 0x00, 0x00, 0x00,
  0x00, 0x00, 0x00, 0x00, 0x00, 0x00, 0x00, 0x00, 0x00, 0x00, 0x00, 0x00,
  0x00, 0x00, 0x00, 0x00, 0x00, 0x00, 0x00, 0x00, 0x00, 0x00, 0x00, 0x00,
  0x00, 0x00, 0x00, 0x00, 0x00, 0x00, 0x00, 0x00, 0x00, 0x00, 0x00, 0x00,
  0x00, 0x00, 0x00, 0x00, 0x00, 0x00, 0x00, 0x00, 0x00, 0x00, 0x00, 0x00,
  0x00, 0x00, 0x00, 0x00, 0x00, 0x00, 0x00, 0x00, 0x00, 0x00, 0x00, 0x00,
  0x00, 0x00, 0x00, 0x00, 0x00, 0x00, 0x00, 0x00, 0x00, 0x00, 0x00, 0x00,
  0x00, 0x00, 0x00, 0x00, 0x00, 0x00, 0x00, 0x00, 0x00, 0x00, 0x00, 0x00,
  0x00, 0x00, 0x00, 0x00, 0x00, 0x00, 0x00, 0x00, 0x00, 0x00, 0x00, 0x00,
  0x00, 0x00, 0x00, 0x00, 0x00, 0x00, 0x00, 0x00, 0x00, 0x00, 0x00, 0x00,
  0x00, 0x00, 0x00, 0x00, 0x00, 0x00, 0x00, 0x00, 0x00, 0x00, 0x00, 0x00,
  0x00, 0x00, 0x00, 0x00, 0x00, 0x00, 0x00, 0x00, 0x00, 0x00, 0x00, 0x00,
  0x00, 0x00, 0x00, 0x00, 0x00, 0x00, 0x00, 0x00, 0x00, 0x00, 0x00, 0x00,
  0x00, 0x00, 0x00, 0x00, 0x00, 0x00, 0x00, 0x00, 0x00, 0x00, 0x00, 0x00,
  0x00, 0x00, 0x00, 0x00, 0x00, 0x00, 0x00, 0x00, 0x00, 0x00, 0x00, 0x00,
  0x00, 0x00, 0x00, 0x00, 0x00, 0x00, 0x00, 0x00, 0x00, 0x00, 0x00, 0x00,
  0x00, 0x00, 0x00, 0x00, 0x00, 0x00, 0x00, 0x00, 0x00, 0x00, 0x00, 0x00,
  0x00, 0x00, 0x00, 0x00, 0x00, 0x00, 0x00, 0x00, 0x00, 0x00, 0x00, 0x00,
  0x00, 0x00, 0x00, 0x00, 0x00, 0x00, 0x00, 0x00, 0x00, 0x00, 0x00, 0x00,
  0x00, 0x00, 0x00, 0x00, 0x00, 0x00, 0x00, 0x00, 0x00, 0x00, 0x00, 0x00,
  0x00, 0x00, 0x00, 0x00, 0x00, 0x00, 0x00, 0x00, 0x00, 0x00, 0x00, 0x00,
  0x00, 0x00, 0x00, 0x00, 0x00, 0x00, 0x00, 0x00, 0x00, 0x00, 0x00, 0x00,
  0x00, 0x00, 0x00, 0x00, 0x00, 0x00, 0x00, 0x00, 0x00, 0x00, 0x00, 0x00,
  0x00, 0x00, 0x00, 0x00, 0x00, 0x00, 0x00, 0x00, 0x00, 0x00, 0x00, 0x00,
  0x00, 0x00, 0x00, 0x00, 0x00, 0x00, 0x00, 0x00, 0x00, 0x00, 0x00, 0x00,
  0x00, 0x00, 0x00, 0x00, 0x00, 0x00, 0x00, 0x00, 0x00, 0x00, 0x00, 0x00,
  0x00, 0x00, 0x00, 0x00, 0x00, 0x00, 0x00, 0x00, 0x00, 0x00, 0x00, 0x00,
  0x00, 0x00, 0x00, 0x00, 0x00, 0x00, 0x00, 0x00, 0x00, 0x00, 0x00, 0x00,
  0x00, 0x00, 0x00, 0x00, 0x00, 0x00, 0x00, 0x00, 0x00, 0x00, 0x00, 0x00,
  0x00, 0x00, 0x00, 0x00, 0x00, 0x00, 0x00, 0x00, 0x00, 0x00, 0x00, 0x00,
  0x00, 0x00, 0x00, 0x00, 0x00, 0x00, 0x00, 0x00, 0x00, 0x00, 0x00, 0x00,
  0x00, 0x00, 0x00, 0x00, 0x00, 0x00, 0x00, 0x00, 0x00, 0x00, 0x00, 0x00,
  0x00, 0x00, 0x00, 0x00, 0x00, 0x00, 0x00, 0x00, 0x00, 0x00, 0x00, 0x00,
  0x00, 0x00, 0x00, 0x00, 0x00, 0x00, 0x00, 0x00, 0x40, 0x00, 0x00, 0x00,
  0xd4, 0xf1, 0x2b, 0x3b, 0x44, 0x3e, 0x09, 0x3b, 0xc3, 0x0f, 0x2b, 0x3b,
  0x9a, 0x80, 0x37, 0x3b, 0x4a, 0x78, 0x23, 0x3b, 0xb4, 0x40, 0x16, 0x3b,
  0xad, 0xbd, 0x01, 0x3b, 0x57, 0xaa, 0x19, 0x3b, 0xe8, 0x75, 0x1e, 0x3b,
  0xa3, 0x22, 0xf1, 0x3a, 0xf0, 0x0c, 0x2a, 0x3b, 0x48, 0x8d, 0x14, 0x3b,
  0xc5, 0x19, 0x30, 0x3b, 0x31, 0x01, 0x00, 0x3b, 0x85, 0x0c, 0x0a, 0x3b,
  0x1d, 0xf7, 0x1d, 0x3b, 0xbd, 0xd6, 0x24, 0x3b, 0x07, 0x8e, 0x11, 0x3b,
  0x90, 0x1d, 0x09, 0x3b, 0xf4, 0x34, 0x25, 0x3b, 0x1e, 0x12, 0x04, 0x3b,
  0x7f, 0x60, 0x15, 0x3b, 0x80, 0xc3, 0x07, 0x3b, 0x18, 0xdd, 0x3d, 0x3b,
  0x91, 0x80, 0x25, 0x3b, 0x2e, 0x7e, 0x1b, 0x3b, 0x9f, 0x0b, 0x01, 0x3b,
  0x2b, 0x9e, 0x19, 0x3b, 0x79, 0xfc, 0x14, 0x3b, 0xeb, 0x6c, 0x16, 0x3b,
  0xbc, 0xa5, 0xf0, 0x3a, 0x97, 0x82, 0x0a, 0x3b, 0x0f, 0xe3, 0x2e, 0x3b,
  0x75, 0xb8, 0x05, 0x3b, 0xd6, 0x92, 0x09, 0x3b, 0x45, 0x2c, 0x00, 0x3b,
  0xd4, 0x7f, 0x12, 0x3b, 0x41, 0xe6, 0x1a, 0x3b, 0xc5, 0xfd, 0x08, 0x3b,
  0x15, 0x65, 0x02, 0x3b, 0x5b, 0xbb, 0x16, 0x3b, 0xdc, 0xc6, 0x07, 0x3b,
  0x2a, 0x69, 0x13, 0x3b, 0x0c, 0x59, 0x0d, 0x3b, 0xa5, 0x01, 0x02, 0x3b,
  0xb5, 0xc0, 0x07, 0x3b, 0x02, 0x2c, 0x0a, 0x3b, 0xc8, 0xa9, 0xeb, 0x3a,
  0x9f, 0x01, 0x08, 0x3b, 0xec, 0x2d, 0x0d, 0x3b, 0x48, 0x1c, 0x26, 0x3b,
  0xda, 0xb7, 0x03, 0x3b, 0x22, 0xde, 0x1c, 0x3b, 0xf8, 0xdf, 0x14, 0x3b,
  0xfd, 0x5f, 0x33, 0x3b, 0xfa, 0x12, 0x12, 0x3b, 0x33, 0xea, 0x1e, 0x3b,
  0x12, 0x96, 0xee, 0x3a, 0x60, 0x08, 0x13, 0x3b, 0xf1, 0xd5, 0x0c, 0x3b,
  0x74, 0xd0, 0x09, 0x3b, 0xdd, 0x26, 0x06, 0x3b, 0x4d, 0x46, 0x07, 0x3b,
  0x82, 0xa4, 0x17, 0x3b, 0x0e, 0x74, 0xfe, 0xff, 0x04, 0x00, 0x00, 0x00,
  0x00, 0x04, 0x00, 0x00, 0x0d, 0xc7, 0x33, 0xcc, 0xb6, 0xa1, 0x5c, 0xdb,
  0xce, 0xa8, 0x12, 0x62, 0xce, 0x04, 0x7f, 0xd3, 0x58, 0x8b, 0x60, 0x81,
  0x77, 0x3a, 0x18, 0xe0, 0x1f, 0xf0, 0x1f, 0xae, 0x30, 0xeb, 0x39, 0xb1,
  0xb4, 0x2d, 0x31, 0x1e, 0x28, 0xdc, 0xfc, 0x7f, 0x66, 0xfa, 0x28, 0xc7,
  0x25, 0xd3, 0x52, 0x42, 0x5a, 0x45, 0x53, 0x05, 0x47, 0x48, 0x5a, 0x7f,
  0x32, 0xb5, 0xf3, 0xc7, 0x27, 0x26, 0x5b, 0xcb, 0xa3, 0xb4, 0xc7, 0x70,
  0xec, 0x1f, 0x4a, 0xb8, 0xf1, 0x59, 0xfb, 0x81, 0x48, 0x72, 0xc3, 0x05,
  0xd8, 0xe6, 0x56, 0xd9, 0xd7, 0x46, 0x25, 0x7d, 0xe9, 0x4c, 0x1e, 0x1f,
  0x6c, 0x4a, 0xc3, 0x7f, 0xb0, 0x23, 0x2b, 0x5d, 0xca, 0xc1, 0xf5, 0x66,
  0x62, 0x75, 0x48, 0x40, 0x21, 0x7f, 0xe0, 0x91, 0x09, 0x98, 0x67, 0x0c,
  0x61, 0xdd, 0x63, 0x7f, 0x04, 0x44, 0x0b, 0x46, 0x69, 0x85, 0x17, 0x6c,
  0xc7, 0xe2, 0x9e, 0xa6, 0xdc, 0x52, 0x9b, 0x88, 0x81, 0x37, 0xdb, 0xd7,
  0xb5, 0xca, 0x05, 0x18, 0x51, 0xe2, 0x11, 0x7e, 0x9e, 0xcf, 0x42, 0xf0,
  0x2d, 0x49, 0x81, 0x33, 0xa4, 0x71, 0x9a, 0xf2, 0xaa, 0x3e, 0x9f, 0x45,
  0x92, 0x9e, 0x72, 0xfb, 0x6e, 0xe1, 0xaa, 0x7f, 0xd4, 0xb0, 0x63, 0xf0,
  0xeb, 0xae, 0xf5, 0x42, 0xde, 0x5b, 0xdd, 0xd6, 0xb1, 0x13, 0xdd, 0x81,
  0xa3, 0xaa, 0x32, 0x49, 0xaa, 0x00, 0xac, 0xb9, 0x13, 0xa1, 0x02, 0x64,
  0x55, 0x47, 0x0a, 0xf0, 0x6c, 0x52, 0x7f, 0xf1, 0x05, 0xeb, 0xcf, 0x81,
  0x8b, 0xf4, 0x0b, 0x5f, 0x3e, 0x58, 0xf5, 0x47, 0xa2, 0xce, 0x16, 0xfc,
  0x20, 0x02, 0xf1, 0xae, 0x34, 0x4e, 0xbb, 0x70, 0x1e, 0xbb, 0x13, 0xfa,
  0x7f, 0xae, 0x47, 0x51, 0x68, 0xec, 0xd0, 0xce, 0xf1, 0x7f, 0xa8, 0xb7,
  0x9e, 0x45, 0xca, 0x40, 0xb7, 0x10, 0xdd, 0xd3, 0x1d, 0x66, 0x39, 0xc6,
  0x8f, 0xa9, 0x04, 0x00, 0x16, 0x16, 0x92, 0x7f, 0x42, 0xbe, 0x26, 0x72,
  0x6a, 0x8a, 0xc3, 0x0e, 0x40, 0xbe, 0x88, 0x31, 0x81, 0x1b, 0xd0, 0xc3,
  0xcb, 0x16, 0xc6, 0x5b, 0x5d, 0xcf, 0x44, 0x04, 0x4c, 0x8f, 0x2e, 0x98,
  0xad, 0x0c, 0x45, 0xbb, 0x2e, 0xc7, 0x81, 0x82, 0xa9, 0x65, 0x9b, 0x53,
  0x0b, 0xaf, 0x70, 0x18, 0x27, 0x3e, 0xc6, 0x7f, 0x2c, 0xe7, 0x53, 0xc0,
  0xad, 0x1c, 0x23, 0x05, 0x72, 0xd5, 0x26, 0x3a, 0x9b, 0x7f, 0x6a, 0x98,
  0xf3, 0x42, 0xc7, 0x46, 0xff, 0x92, 0x6f, 0xcb, 0x17, 0x81, 0x1a, 0x61,
  0x8c, 0x30, 0x85, 0x70, 0xd3, 0xec, 0x56, 0xa5, 0x4d, 0xfc, 0x82, 0x81,
  0x99, 0xa0, 0xc7, 0x58, 0x40, 0xf5, 0x32, 0x25, 0xf8, 0xa4, 0xf8, 0xeb,
  0x38, 0x02, 0xb0, 0xda, 0xb4, 0xde, 0x7f, 0xf2, 0xdd, 0xaa, 0x24, 0xff,
  0x0b, 0x4d, 0x59, 0x06, 0x65, 0xae, 0x94, 0xc7, 0xad, 0x34, 0xf6, 0xb8,
  0xe0, 0x43, 0x07, 0x81, 0x4f, 0x71, 0x07, 0x54, 0x2e, 0x04, 0xbf, 0xfe,
  0xf5, 0x4b, 0xa9, 0x3e, 0xd0, 0x03, 0x81, 0x12, 0x58, 0xb4, 0xed, 0x17,
  0x29, 0x9b, 0x3e, 0xdc, 0xab, 0xff, 0xd4, 0x53, 0x83, 0x81, 0xda, 0x6a,
  0x4c, 0x00, 0x39, 0x8f, 0xde, 0x5f, 0x90, 0x15, 0x3c, 0xed, 0x54, 0x2e,
  0x38, 0x6f, 0x36, 0x41, 0xf4, 0xe7, 0x7f, 0x2d, 0xe7, 0x36, 0x14, 0xa3,
  0xa2, 0x7f, 0xbb, 0x1b, 0x9e, 0xf4, 0x94, 0x88, 0x11, 0x9d, 0x10, 0xb8,
  0x96, 0x9b, 0xf5, 0xbf, 0x49, 0xbb, 0xe6, 0xab, 0x7f, 0x60, 0x27, 0xc4,
  0x97, 0xa1, 0x34, 0xab, 0x19, 0xe5, 0xab, 0x08, 0x8c, 0xdf, 0xfb, 0xe1,
  0x58, 0xe9, 0xee, 0x7f, 0x6e, 0x39, 0x27, 0xc7, 0x81, 0x97, 0x99, 0x48,
  0xa6, 0x3c, 0xb1, 0x85, 0xc0, 0x1d, 0x16, 0xcb, 0x42, 0xca, 0x2b, 0x5a,
  0x31, 0x9e, 0x0c, 0x2a, 0xec, 0x07, 0xb2, 0x81, 0x42, 0x0b, 0x5a, 0xce,
  0xb4, 0x0d, 0xb2, 0x5d, 0x49, 0x22, 0xb9, 0xcf, 0xca, 0x81, 0xa6, 0xdd,
  0xba, 0xf8, 0x5b, 0xc2, 0x5d, 0x9f, 0xb0, 0xab, 0xee, 0x5f, 0xc3, 0x8a,
  0x7f, 0x44, 0x9f, 0x39, 0xea, 0x26, 0xcf, 0x3d, 0xe3, 0x74, 0xe5, 0x83,
  0xb9, 0x82, 0x7f, 0x51, 0xcf, 0x52, 0x13, 0xea, 0x46, 0x98, 0x36, 0x7a,
  0x24, 0xb4, 0xfd, 0x29, 0x2f, 0x7e, 0x0b, 0xc5, 0xb5, 0x39, 0xf3, 0xf4,
  0xda, 0x7e, 0xdb, 0x62, 0xfc, 0x81, 0xae, 0xe6, 0x81, 0x09, 0xf6, 0x39,
  0x33, 0xbf, 0x4b, 0xd9, 0xce, 0x9a, 0x0b, 0xe0, 0x85, 0x3d, 0xf7, 0xba,
  0xa5, 0x8f, 0xc8, 0xe8, 0xff, 0x21, 0x81, 0xa9, 0x2f, 0xa9, 0xcb, 0x57,
  0xb1, 0xa5, 0x59, 0x40, 0x5f, 0x50, 0x6c, 0xa1, 0x27, 0x59, 0x13, 0x2c,
  0xc9, 0x81, 0x18, 0xfb, 0xd0, 0x23, 0x26, 0xe2, 0x1b, 0x9d, 0xd8, 0x4e,
  0x62, 0x4b, 0x8f, 0xa3, 0x49, 0x10, 0x4d, 0x81, 0xc7, 0xc5, 0xa8, 0x87,
  0xb8, 0x6b, 0x81, 0x73, 0x1b, 0xd3, 0x09, 0x65, 0xdc, 0xd3, 0x6a, 0xe6,
  0xf3, 0x53, 0x5d, 0x69, 0x1c, 0xe7, 0xfa, 0x70, 0x5b, 0x4e, 0xf7, 0x28,
  0x81, 0x84, 0x18, 0xee, 0xa2, 0x3e, 0x27, 0xbc, 0xc1, 0x30, 0x8b, 0xc5,
  0x81, 0xb6, 0x1b, 0x48, 0x1c, 0xdc, 0x35, 0x6f, 0xa1, 0xd2, 0x5b, 0x0f,
  0x57, 0xad, 0xb9, 0x70, 0xcd, 0x1e, 0x81, 0xe7, 0x4f, 0xd5, 0xd4, 0xfa,
  0x4d, 0xbd, 0x2d, 0x56, 0x62, 0x31, 0x41, 0xcb, 0xb2, 0x51, 0xe0, 0x81,
  0x5b, 0xdc, 0x99, 0x4e, 0xaf, 0x01, 0x47, 0xed, 0xb7, 0xfc, 0xe9, 0xcc,
  0xa2, 0x6e, 0x06, 0x7e, 0x07, 0xe1, 0x1a, 0x7f, 0x92, 0x73, 0xe1, 0xd3,
  0x23, 0x12, 0x4e, 0xbc, 0x47, 0xb0, 0x24, 0x51, 0x51, 0x7f, 0x76, 0xc3,
  0x3a, 0xe8, 0x1a, 0xfb, 0xf9, 0xe4, 0x7f, 0x1d, 0xfc, 0x36, 0x14, 0x9d,
  0x17, 0xf7, 0x98, 0x49, 0x1b, 0xa2, 0xa2, 0x69, 0x2c, 0x81, 0x0d, 0xdc,
  0xb3, 0x64, 0x95, 0x88, 0x92, 0xd1, 0x7f, 0xc7, 0x30, 0xba, 0x2c, 0xd5,
  0x23, 0x2c, 0x11, 0xc1, 0x2b, 0x7d, 0x85, 0xbd, 0xa9, 0xfa, 0xe0, 0x97,
  0xdc, 0x43, 0x81, 0x04, 0x7f, 0xd9, 0x66, 0xbe, 0xdb, 0x45, 0xea, 0xd0,
  0xe7, 0x07, 0xe4, 0x0b, 0xb7, 0x32, 0xfc, 0x98, 0x35, 0x3c, 0x96, 0xd6,
  0xc5, 0xca, 0x55, 0x4c, 0x0d, 0x9a, 0x95, 0x7f, 0xc6, 0x27, 0x37, 0x53,
  0x62, 0x60, 0x19, 0xab, 0xe4, 0x81, 0xab, 0x43, 0xd8, 0x64, 0xfe, 0xca,
  0xad, 0xe2, 0x05, 0xec, 0xa2, 0xcf, 0x47, 0xc3, 0xcf, 0x01, 0x0f, 0x7f,
  0x4e, 0xce, 0x1f, 0x2c, 0xe3, 0xbf, 0x25, 0xac, 0xaa, 0x90, 0x67, 0x15,
  0x0e, 0xf0, 0x82, 0x81, 0xe8, 0x73, 0x30, 0x3a, 0x37, 0x6d, 0x49, 0xef,
  0xe0, 0xf3, 0xe5, 0xbf, 0x3f, 0x9e, 0x5b, 0x10, 0x68, 0x11, 0xe7, 0x7f,
  0xae, 0xc1, 0x48, 0xce, 0xca, 0xd3, 0x7c, 0x5b, 0x5e, 0x7f, 0x01, 0xba,
  0xad, 0x51, 0x48, 0x24, 0x9c, 0x1f, 0x0a, 0xab, 0x74, 0x4f, 0x2f, 0xa9,
  0x00, 0xc2, 0x52, 0xea, 0x44, 0xf7, 0xbc, 0x7f, 0x9b, 0x94, 0x26, 0xd3,
  0x9b, 0x3e, 0x52, 0x3d, 0x46, 0x81, 0x49, 0x4c, 0x04, 0xce, 0xbf, 0xc0,
  0xc7, 0xd0, 0x4b, 0xc2, 0xfb, 0x4d, 0xe8, 0x49, 0x49, 0x22, 0x97, 0x78,
  0x53, 0xda, 0x4c, 0x39, 0x99, 0xd3, 0x37, 0x7f, 0xfd, 0x45, 0xcd, 0x3e,
  0x36, 0x86, 0x45, 0xfe, 0x0a, 0x7f, 0x41, 0x39, 0x3e, 0x71, 0x49, 0x9a,
  0xb8, 0x4f, 0x34, 0x6c, 0x9b, 0x49, 0xac, 0x89, 0x3f, 0x81, 0x59, 0x90,
  0xf3, 0x51, 0xa2, 0x0e, 0xcd, 0x8b, 0xcf, 0x65, 0x9e, 0x5b, 0x7f, 0xfd,
  0xb8, 0x6c, 0x35, 0x58, 0xaf, 0xbd, 0x62, 0x6e, 0x72, 0x78, 0xfe, 0xff,
  0x00, 0x00, 0x09, 0x01, 0x9c, 0x00, 0x00, 0x00, 0x33, 0x00, 0x00, 0x00,
  0x08, 0x00, 0x00, 0x00, 0x9c, 0x00, 0x00, 0x00, 0x86, 0x00, 0x00, 0x00,
  0x74, 0x69, 0x6e, 0x79, 0x5f, 0x6e, 0x69, 0x64, 0x73, 0x5f, 0x74, 0x72,
  0x61, 0x6e, 0x73, 0x66, 0x6f, 0x72, 0x6d, 0x65, 0x72, 0x5f, 0x31, 0x2f,
  0x41, 0x64, 0x64, 0x3b, 0x74, 0x69, 0x6e, 0x79, 0x5f, 0x6e, 0x69, 0x64,
  0x73, 0x5f, 0x74, 0x72, 0x61, 0x6e, 0x73, 0x66, 0x6f, 0x72, 0x6d, 0x65,
  0x72, 0x5f, 0x31, 0x2f, 0x64, 0x65, 0x6e, 0x73, 0x65, 0x5f, 0x31, 0x32,
  0x5f, 0x31, 0x2f, 0x42, 0x69, 0x61, 0x73, 0x41, 0x64, 0x64, 0x2f, 0x52,
  0x65, 0x61, 0x64, 0x56, 0x61, 0x72, 0x69, 0x61, 0x62, 0x6c, 0x65, 0x4f,
  0x70, 0x3b, 0x74, 0x69, 0x6e, 0x79, 0x5f, 0x6e, 0x69, 0x64, 0x73, 0x5f,
  0x74, 0x72, 0x61, 0x6e, 0x73, 0x66, 0x6f, 0x72, 0x6d, 0x65, 0x72, 0x5f,
  0x31, 0x2f, 0x64, 0x65, 0x6e, 0x73, 0x65, 0x5f, 0x31, 0x32, 0x5f, 0x31,
  0x2f, 0x42, 0x69, 0x61, 0x73, 0x41, 0x64, 0x64, 0x3b, 0x43, 0x6f, 0x6e,
  0x73, 0x74, 0x00, 0x00, 0x02, 0x00, 0x00, 0x00, 0x14, 0x00, 0x00, 0x00,
  0x40, 0x00, 0x00, 0x00, 0x3c, 0x7c, 0xfe, 0xff, 0x14, 0x00, 0x00, 0x00,
  0x04, 0x00, 0x00, 0x00, 0x01, 0x00, 0x00, 0x00, 0xff, 0xff, 0xff, 0xff,
  0xff, 0xff, 0xff, 0xff, 0x01, 0x00, 0x00, 0x00, 0xb0, 0x29, 0x02, 0x3c,
  0xea, 0x78, 0xfe, 0xff, 0x04, 0x00, 0x00, 0x00, 0x00, 0x05, 0x00, 0x00,
  0x01, 0x7e, 0xfe, 0x7e, 0x00, 0x7d, 0xfe, 0x7d, 0x02, 0x7f, 0xff, 0x7f,
  0xfe, 0x7f, 0xfc, 0x7e, 0xfe, 0x7a, 0xfd, 0x7c, 0xfe, 0x7c, 0xff, 0x79,
  0xfe, 0x7b, 0x01, 0x7c, 0x01, 0x7b, 0xfe, 0x7c, 0x00, 0x7a, 0xff, 0x7c,
  0x00, 0x79, 0x03, 0x7b, 0x00, 0x78, 0xff, 0x7a, 0x00, 0x7d, 0x01, 0x78,
  0x00, 0x7d, 0x01, 0x7c, 0x00, 0x7b, 0x00, 0x7c, 0x01, 0x7d, 0xff, 0x78,
  0xfe, 0x77, 0xff, 0x7d, 0x6b, 0x44, 0x54, 0x5c, 0x44, 0x6a, 0x32, 0x72,
  0x29, 0x79, 0x1d, 0x7b, 0x14, 0x7d, 0x0d, 0x7d, 0x0b, 0x7a, 0x07, 0x7c,
  0x05, 0x7c, 0x05, 0x79, 0x02, 0x7b, 0x04, 0x7c, 0x03, 0x7b, 0x00, 0x7c,
  0x01, 0x7a, 0x00, 0x7c, 0x01, 0x79, 0x03, 0x7b, 0x01, 0x78, 0xff, 0x7a,
  0x00, 0x7d, 0x02, 0x78, 0x00, 0x7d, 0x01, 0x7c, 0x00, 0x7b, 0x00, 0x7c,
  0x01, 0x7d, 0xff, 0x78, 0xfe, 0x77, 0xff, 0x7d, 0x74, 0xcb, 0x7c, 0x09,
  0x72, 0x36, 0x5c, 0x53, 0x4c, 0x66, 0x39, 0x71, 0x2a, 0x77, 0x1e, 0x7a,
  0x17, 0x78, 0x10, 0x7a, 0x0c, 0x7b, 0x0a, 0x78, 0x06, 0x7b, 0x06, 0x7c,
  0x05, 0x7b, 0x02, 0x7c, 0x03, 0x7a, 0x01, 0x7c, 0x02, 0x79, 0x04, 0x7b,
  0x01, 0x78, 0x00, 0x7a, 0x01, 0x7d, 0x02, 0x78, 0x00, 0x7d, 0x01, 0x7c,
  0x00, 0x7b, 0x00, 0x7c, 0x01, 0x7d, 0xff, 0x78, 0xfe, 0x77, 0xff, 0x7d,
  0x13, 0x83, 0x60, 0xb1, 0x7d, 0xf1, 0x76, 0x25, 0x68, 0x4a, 0x51, 0x60,
  0x3e, 0x6d, 0x2d, 0x74, 0x23, 0x75, 0x19, 0x79, 0x13, 0x7a, 0x0f, 0x78,
  0x0a, 0x7b, 0x09, 0x7c, 0x07, 0x7b, 0x03, 0x7c, 0x04, 0x7a, 0x02, 0x7c,
  0x03, 0x79, 0x04, 0x7b, 0x02, 0x78, 0x00, 0x7a, 0x01, 0x7d, 0x02, 0x78,
  0x00, 0x7d, 0x01, 0x7c, 0x00, 0x7b, 0x00, 0x7c, 0x01, 0x7d, 0xff, 0x78,
  0xff, 0x77, 0xff, 0x7d, 0xa2, 0xad, 0x10, 0x83, 0x62, 0xb1, 0x7b, 0xf1,
  0x7a, 0x27, 0x65, 0x4b, 0x50, 0x60, 0x3c, 0x6c, 0x2f, 0x71, 0x22, 0x76,
  0x1a, 0x79, 0x14, 0x77, 0x0e, 0x7a, 0x0c, 0x7c, 0x09, 0x7b, 0x05, 0x7b,
  0x05, 0x7a, 0x03, 0x7b, 0x03, 0x79, 0x05, 0x7b, 0x02, 0x78, 0x00, 0x7a,
  0x01, 0x7d, 0x02, 0x78, 0x00, 0x7d, 0x01, 0x7c, 0x00, 0x7b, 0x00, 0x7c,
  0x01, 0x7d, 0xff, 0x78, 0xff, 0x77, 0xff, 0x7d, 0x88, 0x23, 0xb6, 0x98,
  0x29, 0x88, 0x6a, 0xbf, 0x7f, 0x00, 0x74, 0x30, 0x60, 0x50, 0x4a, 0x63,
  0x3a, 0x6b, 0x2b, 0x73, 0x21, 0x77, 0x1a, 0x76, 0x12, 0x7a, 0x0f, 0x7b,
  0x0c, 0x7a, 0x07, 0x7b, 0x06, 0x7a, 0x04, 0x7b, 0x04, 0x79, 0x05, 0x7b,
  0x02, 0x78, 0x00, 0x7a, 0x01, 0x7d, 0x02, 0x78, 0x00, 0x7d, 0x01, 0x7c,
  0x00, 0x7b, 0x00, 0x7c, 0x01, 0x7d, 0xff, 0x78, 0xff, 0x77, 0xff, 0x7d,
  0xde, 0x79, 0x83, 0xe5, 0xe3, 0x85, 0x46, 0x99, 0x79, 0xd9, 0x7c, 0x14,
  0x6c, 0x3e, 0x57, 0x58, 0x45, 0x64, 0x34, 0x6f, 0x28, 0x75, 0x1f, 0x75,
  0x16, 0x79, 0x12, 0x7b, 0x0e, 0x7a, 0x08, 0x7b, 0x08, 0x7a, 0x05, 0x7b,
  0x05, 0x79, 0x06, 0x7b, 0x03, 0x78, 0x01, 0x7a, 0x02, 0x7d, 0x02, 0x78,
  0x00, 0x7d, 0x01, 0x7c, 0x00, 0x7b, 0x00, 0x7c, 0x01, 0x7d, 0xff, 0x78,
  0xff, 0x77, 0xff, 0x7d, 0x54, 0x5f, 0x92, 0x40, 0xa7, 0xa7, 0x16, 0x84,
  0x66, 0xb6, 0x7c, 0xf6, 0x75, 0x29, 0x62, 0x4b, 0x4f, 0x5d, 0x3c, 0x6b,
  0x2f, 0x72, 0x24, 0x73, 0x1a, 0x78, 0x15, 0x7b, 0x10, 0x7a, 0x0a, 0x7b,
  0x09, 0x7a, 0x06, 0x7b, 0x05, 0x79, 0x07, 0x7b, 0x03, 0x78, 0x01, 0x7a,
  0x02, 0x7d, 0x03, 0x78, 0x00, 0x7d, 0x01, 0x7c, 0x01, 0x7b, 0x00, 0x7c,
  0x01, 0x7d, 0xff, 0x78, 0xff, 0x77, 0xff, 0x7d, 0x7e, 0xed, 0xdb, 0x79,
  0x85, 0xe5, 0xe1, 0x85, 0x4a, 0x9a, 0x76, 0xd9, 0x7b, 0x14, 0x6b, 0x3d,
  0x58, 0x54, 0x44, 0x66, 0x35, 0x6f, 0x29, 0x72, 0x1e, 0x77, 0x18, 0x7a,
  0x12, 0x7a, 0x0c, 0x7b, 0x0a, 0x7a, 0x07, 0x7b, 0x06, 0x79, 0x07, 0x7b,
  0x04, 0x78, 0x01, 0x7a, 0x02, 0x7d, 0x03, 0x78, 0x01, 0x7d, 0x01, 0x7c,
  0x01, 0x7b, 0x00, 0x7c, 0x01, 0x7d, 0xff, 0x78, 0xff, 0x77, 0xff, 0x7d,
  0x35, 0x8d, 0x37, 0x70, 0x8a, 0x2b, 0xb1, 0x9c, 0x26, 0x89, 0x6a, 0xbe,
  0x7c, 0xfd, 0x72, 0x2e, 0x61, 0x4b, 0x4c, 0x60, 0x3b, 0x6c, 0x2e, 0x70,
  0x22, 0x76, 0x1b, 0x7a, 0x15, 0x79, 0x0d, 0x7b, 0x0b, 0x7a, 0x08, 0x7b,
  0x07, 0x79, 0x08, 0x7b, 0x04, 0x78, 0x02, 0x7a, 0x02, 0x7d, 0x03, 0x78,
  0x01, 0x7d, 0x02, 0x7c, 0x01, 0x7b, 0x00, 0x7c, 0x01, 0x7d, 0x00, 0x78,
  0xff, 0x77, 0xff, 0x7d, 0xbd, 0x96, 0x74, 0x2b, 0xb3, 0x63, 0x8f, 0xc4,
  0xff, 0x83, 0x57, 0xa7, 0x79, 0xe7, 0x77, 0x1e, 0x68, 0x41, 0x53, 0x5a,
  0x41, 0x69, 0x33, 0x6e, 0x26, 0x75, 0x1e, 0x79, 0x17, 0x79, 0x0f, 0x7b,
  0x0d, 0x79, 0x09, 0x7b, 0x07, 0x79, 0x08, 0x7b, 0x04, 0x78, 0x02, 0x7a,
  0x02, 0x7d, 0x03, 0x78, 0x01, 0x7d, 0x02, 0x7c, 0x01, 0x7b, 0x00, 0x7c,
  0x01, 0x7d, 0x00, 0x78, 0xff, 0x77, 0xff, 0x7d, 0x83, 0x00, 0x72, 0xcf,
  0xf4, 0x7d, 0x80, 0xf6, 0xd8, 0x8a, 0x3f, 0x95, 0x73, 0xd2, 0x7a, 0x0d,
  0x6e, 0x36, 0x5a, 0x53, 0x47, 0x65, 0x38, 0x6b, 0x29, 0x74, 0x21, 0x78,
  0x19, 0x79, 0x11, 0x7a, 0x0e, 0x79, 0x0a, 0x7b, 0x08, 0x79, 0x09, 0x7b,
  0x05, 0x78, 0x02, 0x7a, 0x03, 0x7d, 0x03, 0x78, 0x01, 0x7d, 0x02, 0x7c,
  0x01, 0x7b, 0x00, 0x7c, 0x01, 0x7d, 0x00, 0x78, 0xff, 0x77, 0xff, 0x7d,
  0xbe, 0x6a, 0x32, 0x8d, 0x39, 0x70, 0x88, 0x2b, 0xb5, 0x9d, 0x24, 0x89,
  0x69, 0xbe, 0x7a, 0xfc, 0x73, 0x2a, 0x60, 0x4c, 0x4d, 0x60, 0x3c, 0x69,
  0x2d, 0x72, 0x24, 0x77, 0x1b, 0x78, 0x12, 0x7a, 0x0f, 0x79, 0x0b, 0x7b,
  0x09, 0x79, 0x09, 0x7b, 0x05, 0x78, 0x03, 0x7a, 0x03, 0x7d, 0x03, 0x78,
  0x01, 0x7d, 0x02, 0x7c, 0x01, 0x7b, 0x00, 0x7c, 0x01, 0x7d, 0x00, 0x78,
  0xff, 0x77, 0xff, 0x7d, 0x36, 0x72, 0xd6, 0x88, 0x6c, 0x41, 0xa4, 0x57,
  0x9a, 0xba, 0x07, 0x83, 0x5b, 0xac, 0x79, 0xec, 0x77, 0x1e, 0x65, 0x45,
  0x52, 0x5c, 0x41, 0x66, 0x31, 0x71, 0x27, 0x76, 0x1d, 0x78, 0x14, 0x7a,
  0x10, 0x79, 0x0c, 0x7b, 0x0a, 0x79, 0x0a, 0x7b, 0x06, 0x78, 0x03, 0x7a,
  0x03, 0x7d, 0x04, 0x78, 0x01, 0x7d, 0x02, 0x7c, 0x01, 0x7b, 0x01, 0x7c,
  0x01, 0x7d, 0x00, 0x78, 0xff, 0x77, 0xff, 0x7d, 0x7e, 0x11, 0x8f, 0xc4,
  0x7e, 0xfd, 0xcf, 0x75, 0x89, 0xde, 0xe9, 0x85, 0x4b, 0x9d, 0x75, 0xdb,
  0x7a, 0x12, 0x6a, 0x3d, 0x57, 0x57, 0x45, 0x63, 0x34, 0x6f, 0x2a, 0x75,
  0x20, 0x77, 0x16, 0x79, 0x12, 0x79, 0x0d, 0x7b, 0x0a, 0x79, 0x0a, 0x7b,
  0x06, 0x78, 0x03, 0x7a, 0x03, 0x7d, 0x04, 0x78, 0x01, 0x7d, 0x02, 0x7c,
  0x01, 0x7b, 0x01, 0x7c, 0x01, 0x7d, 0x00, 0x78, 0xff, 0x77, 0xff, 0x7d,
  0x53, 0xa0, 0x84, 0x1f, 0x6a, 0xba, 0x03, 0x7d, 0x84, 0x05, 0xcc, 0x8e,
  0x38, 0x91, 0x6f, 0xcc, 0x7c, 0x06, 0x6f, 0x34, 0x5c, 0x52, 0x4a, 0x60,
  0x38, 0x6d, 0x2c, 0x74, 0x22, 0x76, 0x17, 0x79, 0x13, 0x79, 0x0e, 0x7b,
  0x0b, 0x79, 0x0b, 0x7b, 0x06, 0x78, 0x03, 0x7a, 0x04, 0x7d, 0x04, 0x78,
  0x01, 0x7d, 0x02, 0x7c, 0x01, 0x7b, 0x01, 0x7c, 0x01, 0x7d, 0x00, 0x78,
  0xff, 0x77, 0xff, 0x7d, 0xdd, 0x87, 0xba, 0x6a, 0x35, 0x8d, 0x36, 0x70,
  0x8b, 0x2c, 0xb3, 0x9d, 0x23, 0x89, 0x67, 0xbd, 0x7c, 0xf9, 0x72, 0x2c,
  0x61, 0x4c, 0x4e, 0x5d, 0x3b, 0x6c, 0x2f, 0x73, 0x24, 0x76, 0x19, 0x79,
  0x14, 0x78, 0x0f, 0x7b, 0x0c, 0x79, 0x0b, 0x7b, 0x07, 0x78, 0x04, 0x7a,
  0x04, 0x7d, 0x04, 0x78, 0x02, 0x7d, 0x02, 0x7c, 0x01, 0x7b, 0x01, 0x7c,
  0x01, 0x7d, 0x00, 0x78, 0xff, 0x77, 0xff, 0x7d, 0x88, 0xdd, 0x15, 0x7b,
  0xef, 0x83, 0x5f, 0x4f, 0x9e, 0x4e, 0x9d, 0xb2, 0x0d, 0x84, 0x5d, 0xaf,
  0x7b, 0xec, 0x75, 0x23, 0x65, 0x47, 0x52, 0x5a, 0x3f, 0x6a, 0x32, 0x72,
  0x26, 0x75, 0x1b, 0x78, 0x15, 0x78, 0x0f, 0x7b, 0x0c, 0x79, 0x0c, 0x7b,
  0x07, 0x78, 0x04, 0x7a, 0x04, 0x7c, 0x04, 0x78, 0x02, 0x7d, 0x02, 0x7c,
  0x01, 0x7b, 0x01, 0x7c, 0x01, 0x7d, 0x00, 0x78, 0xff, 0x77, 0xff, 0x7d,
  0xa3, 0x53, 0x63, 0x4b, 0xb0, 0x9f, 0x78, 0x20, 0xbb, 0x69, 0x8d, 0xcb,
  0xf7, 0x83, 0x51, 0xa3, 0x79, 0xe0, 0x78, 0x1a, 0x69, 0x41, 0x56, 0x56,
  0x42, 0x67, 0x35, 0x71, 0x28, 0x75, 0x1c, 0x78, 0x17, 0x78, 0x10, 0x7a,
  0x0d, 0x79, 0x0c, 0x7b, 0x08, 0x78, 0x04, 0x7a, 0x04, 0x7c, 0x04, 0x78,
  0x02, 0x7d, 0x02, 0x7c, 0x01, 0x7b, 0x01, 0x7c, 0x01, 0x7d, 0x00, 0x78,
  0xff, 0x77, 0xff, 0x7d, 0x14, 0x7c, 0x7b, 0xf2, 0x89, 0xd9, 0x7a, 0xec,
  0xdf, 0x7a, 0x84, 0xe7, 0xe1, 0x87, 0x44, 0x99, 0x75, 0xd4, 0x7a, 0x10,
  0x6d, 0x3b, 0x5a, 0x52, 0x46, 0x65, 0x37, 0x70, 0x2a, 0x74, 0x1e, 0x78,
  0x18, 0x78, 0x11, 0x7a, 0x0e, 0x79, 0x0d, 0x7b, 0x08, 0x78, 0x05, 0x7a,
  0x04, 0x7c, 0x05, 0x78, 0x02, 0x7d, 0x03, 0x7c, 0x01, 0x7b, 0x01, 0x7c,
  0x01, 0x7d, 0x00, 0x78, 0xff, 0x77, 0xff, 0x7d, 0x4e, 0x7e, 0xfe, 0xff,
  0x00, 0x00, 0x09, 0x01, 0x28, 0x00, 0x00, 0x00, 0x2a, 0x00, 0x00, 0x00,
  0x08, 0x00, 0x00, 0x00, 0x20, 0x00, 0x00, 0x00, 0x10, 0x00, 0x00, 0x00,
  0x61, 0x72, 0x69, 0x74, 0x68, 0x2e, 0x63, 0x6f, 0x6e, 0x73, 0x74, 0x61,
  0x6e, 0x74, 0x31, 0x32, 0x00, 0x00, 0x00, 0x00, 0x00, 0x00, 0x00, 0x00,
  0x9c, 0x81, 0xfe, 0xff, 0x14, 0x00, 0x00, 0x00, 0x04, 0x00, 0x00, 0x00,
  0x01, 0x00, 0x00, 0x00, 0x80, 0xff, 0xff, 0xff, 0xff, 0xff, 0xff, 0xff,
  0x01, 0x00, 0x00, 0x00, 0x05, 0x96, 0x83, 0x36, 0xa2, 0x7e, 0xfe, 0xff,
  0x00, 0x00, 0x09, 0x01, 0x60, 0x00, 0x00, 0x00, 0x31, 0x00, 0x00, 0x00,
  0x08, 0x00, 0x00, 0x00, 0x64, 0x00, 0x00, 0x00, 0x49, 0x00, 0x00, 0x00,
  0x74, 0x69, 0x6e, 0x79, 0x5f, 0x6e, 0x69, 0x64, 0x73, 0x5f, 0x74, 0x72,
  0x61, 0x6e, 0x73, 0x66, 0x6f, 0x72, 0x6d, 0x65, 0x72, 0x5f, 0x31, 0x2f,
  0x65, 0x6e, 0x63, 0x6f, 0x64, 0x65, 0x72, 0x5f, 0x62, 0x6c, 0x6f, 0x63,
  0x6b, 0x5f, 0x30, 0x5f, 0x31, 0x2f, 0x6c, 0x61, 0x79, 0x65, 0x72, 0x5f,
  0x6e, 0x6f, 0x72, 0x6d, 0x61, 0x6c, 0x69, 0x7a, 0x61, 0x74, 0x69, 0x6f,
  0x6e, 0x5f, 0x34, 0x5f, 0x31, 0x2f, 0x52, 0x65, 0x73, 0x68, 0x61, 0x70,
  0x65, 0x00, 0x00, 0x00, 0x03, 0x00, 0x00, 0x00, 0x01, 0x00, 0x00, 0x00,
  0x01, 0x00, 0x00, 0x00, 0x40, 0x00, 0x00, 0x00, 0x34, 0x82, 0xfe, 0xff,
  0x18, 0x00, 0x00, 0x00, 0x04, 0x00, 0x00, 0x00, 0x01, 0x00, 0x00, 0x00,
  0x80, 0xff, 0xff, 0xff, 0xff, 0xff, 0xff, 0xff, 0x00, 0x00, 0x00, 0x00,
  0x01, 0x00, 0x00, 0x00, 0x3e, 0xfb, 0x8e, 0x3b, 0xe6, 0x7e, 0xfe, 0xff,
  0x04, 0x00, 0x00, 0x00, 0x40, 0x00, 0x00, 0x00, 0x5f, 0x62, 0x6e, 0x67,
  0x64, 0x67, 0x60, 0x65, 0x63, 0x5e, 0x6c, 0x61, 0x6f, 0x66, 0x64, 0x7d,
  0x7f, 0x67, 0x63, 0x74, 0x65, 0x78, 0x6d, 0x63, 0x6b, 0x64, 0x5f, 0x65,
  0x62, 0x5f, 0x67, 0x63, 0x69, 0x5e, 0x6b, 0x62, 0x64, 0x63, 0x5f, 0x63,
  0x72, 0x5d, 0x6d, 0x64, 0x62, 0x67, 0x5b, 0x5e, 0x65, 0x69, 0x71, 0x62,
  0x6a, 0x62, 0x67, 0x6e, 0x66, 0x6a, 0x68, 0x63, 0x5f, 0x5e, 0x68, 0x67,
  0x8a, 0x7f, 0xfe, 0xff, 0x00, 0x00, 0x09, 0x01, 0x60, 0x00, 0x00, 0x00,
  0x30, 0x00, 0x00, 0x00, 0x08, 0x00, 0x00, 0x00, 0x64, 0x00, 0x00, 0x00,
  0x4b, 0x00, 0x00, 0x00, 0x74, 0x69, 0x6e, 0x79, 0x5f, 0x6e, 0x69, 0x64,
  0x73, 0x5f, 0x74, 0x72, 0x61, 0x6e, 0x73, 0x66, 0x6f, 0x72, 0x6d, 0x65,
  0x72, 0x5f, 0x31, 0x2f, 0x65, 0x6e, 0x63, 0x6f, 0x64, 0x65, 0x72, 0x5f,
  0x62, 0x6c, 0x6f, 0x63, 0x6b, 0x5f, 0x30, 0x5f, 0x31, 0x2f, 0x6c, 0x61,
  0x79, 0x65, 0x72, 0x5f, 0x6e, 0x6f, 0x72, 0x6d, 0x61, 0x6c, 0x69, 0x7a,
  0x61, 0x74, 0x69, 0x6f, 0x6e, 0x5f, 0x34, 0x5f, 0x31, 0x2f, 0x52, 0x65,
  0x73, 0x68, 0x61, 0x70, 0x65, 0x5f, 0x31, 0x00, 0x03, 0x00, 0x00, 0x00,
  0x01, 0x00, 0x00, 0x00, 0x01, 0x00, 0x00, 0x00, 0x40, 0x00, 0x00, 0x00,
  0x1c, 0x83, 0xfe, 0xff, 0x18, 0x00, 0x00, 0x00, 0x04, 0x00, 0x00, 0x00,
  0x01, 0x00, 0x00, 0x00, 0xf8, 0xff, 0xff, 0xff, 0xff, 0xff, 0xff, 0xff,
  0x00, 0x00, 0x00, 0x00, 0x01, 0x00, 0x00, 0x00, 0xbb, 0xdc, 0x95, 0x39,
  0xce, 0x7f, 0xfe, 0xff, 0x04, 0x00, 0x00, 0x00, 0x40, 0x00, 0x00, 0x00,
  0x6f, 0x1e, 0xf1, 0x14, 0x1b, 0xea, 0x14, 0x24, 0x40, 0x2c, 0xf8, 0x3c,
  0xf7, 0x0c, 0xe8, 0x02, 0xe6, 0xd0, 0xc7, 0xe8, 0xc2, 0xc4, 0xfa, 0xbe,
  0xdf, 0xe3, 0x44, 0xf3, 0x2e, 0xc9, 0xe9, 0xd3, 0x12, 0xa5, 0x12, 0xd3,
  0x1e, 0xbd, 0x51, 0xc9, 0x12, 0x80, 0xfa, 0xb1, 0x1e, 0x0a, 0x7f, 0x98,
  0x00, 0xf5, 0x29, 0xaf, 0x04, 0xcb, 0xfb, 0x06, 0x17, 0x06, 0x01, 0xc1,
  0xeb, 0x85, 0x0f, 0xfa, 0x72, 0x80, 0xfe, 0xff, 0x00, 0x00, 0x09, 0x01,
  0x7c, 0x00, 0x00, 0x00, 0x2f, 0x00, 0x00, 0x00, 0x08, 0x00, 0x00, 0x00,
  0x7c, 0x00, 0x00, 0x00, 0x65, 0x00, 0x00, 0x00, 0x74, 0x69, 0x6e, 0x79,
  0x5f, 0x6e, 0x69, 0x64, 0x73, 0x5f, 0x74, 0x72, 0x61, 0x6e, 0x73, 0x66,
  0x6f, 0x72, 0x6d, 0x65, 0x72, 0x5f, 0x31, 0x2f, 0x65, 0x6e, 0x63, 0x6f,
  0x64, 0x65, 0x72, 0x5f, 0x62, 0x6c, 0x6f, 0x63, 0x6b, 0x5f, 0x30, 0x5f,
  0x31, 0x2f, 0x6d, 0x75, 0x6c, 0x74, 0x69, 0x5f, 0x68, 0x65, 0x61, 0x64,
  0x5f, 0x6c, 0x69, 0x6e, 0x65, 0x61, 0x72, 0x5f, 0x61, 0x74, 0x74, 0x65,
  0x6e, 0x74, 0x69, 0x6f, 0x6e, 0x5f, 0x32, 0x5f, 0x31, 0x2f, 0x64, 0x65,
  0x6e, 0x73, 0x65, 0x5f, 0x31, 0x33, 0x5f, 0x31, 0x2f, 0x54, 0x65, 0x6e,
  0x73, 0x6f, 0x72, 0x64, 0x6f, 0x74, 0x2f, 0x4d, 0x61, 0x74, 0x4d, 0x75,
  0x6c, 0x00, 0x00, 0x00, 0x02, 0x00, 0x00, 0x00, 0x40, 0x00, 0x00, 0x00,
  0x40, 0x00, 0x00, 0x00, 0x1c, 0x84, 0xfe, 0xff, 0x10, 0x02, 0x00, 0x00,
  0x04, 0x00, 0x00, 0x00, 0x40, 0x00, 0x00, 0x00, 0x00, 0x00, 0x00, 0x00,
  0x00, 0x00, 0x00, 0x00, 0x00, 0x00, 0x00, 0x00, 0x00, 0x00, 0x00, 0x00,
  0x00, 0x00, 0x00, 0x00, 0x00, 0x00, 0x00, 0x00, 0x00, 0x00, 0x00, 0x00,
  0x00, 0x00, 0x00, 0x00, 0x00, 0x00, 0x00, 0x00, 0x00, 0x00, 0x00, 0x00,
  0x00, 0x00, 0x00, 0x00, 0x00, 0x00, 0x00, 0x00, 0x00, 0x00, 0x00, 0x00,
  0x00, 0x00, 0x00, 0x00, 0x00, 0x00, 0x00, 0x00, 0x00, 0x00, 0x00, 0x00,
  0x00, 0x00, 0x00, 0x00, 0x00, 0x00, 0x00, 0x00, 0x00, 0x00, 0x00, 0x00,
  0x00, 0x00, 0x00, 0x00, 0x00, 0x00, 0x00, 0x00, 0x00, 0x00, 0x00, 0x00,
  0x00, 0x00, 0x00, 0x00, 0x00, 0x00, 0x00, 0x00, 0x00, 0x00, 0x00, 0x00,
  0x00, 0x00, 0x00, 0x00, 0x00, 0x00, 0x00, 0x00, 0x00, 0x00, 0x00, 0x00,
  0x00, 0x00, 0x00, 0x00, 0x00, 0x00, 0x00, 0x00, 0x00, 0x00, 0x00, 0x00,
  0x00, 0x00, 0x00, 0x00, 0x00, 0x00, 0x00, 0x00, 0x00, 0x00, 0x00, 0x00,
  0x00, 0x00, 0x00, 0x00, 0x00, 0x00, 0x00, 0x00, 0x00, 0x00, 0x00, 0x00,
  0x00, 0x00, 0x00, 0x00, 0x00, 0x00, 0x00, 0x00, 0x00, 0x00, 0x00, 0x00,
  0x00, 0x00, 0x00, 0x00, 0x00, 0x00, 0x00, 0x00, 0x00, 0x00, 0x00, 0x00,
  0x00, 0x00, 0x00, 0x00, 0x00, 0x00, 0x00, 0x00, 0x00, 0x00, 0x00, 0x00,
  0x00, 0x00, 0x00, 0x00, 0x00, 0x00, 0x00, 0x00, 0x00, 0x00, 0x00, 0x00,
  0x00, 0x00, 0x00, 0x00, 0x00, 0x00, 0x00, 0x00, 0x00, 0x00, 0x00, 0x00,
  0x00, 0x00, 0x00, 0x00, 0x00, 0x00, 0x00, 0x00, 0x00, 0x00, 0x00, 0x00,
  0x00, 0x00, 0x00, 0x00, 0x00, 0x00, 0x00, 0x00, 0x00, 0x00, 0x00, 0x00,
  0x00, 0x00, 0x00, 0x00, 0x00, 0x00, 0x00, 0x00, 0x00, 0x00, 0x00, 0x00,
  0x00, 0x00, 0x00, 0x00, 0x00, 0x00, 0x00, 0x00, 0x00, 0x00, 0x00, 0x00,
  0x00, 0x00, 0x00, 0x00, 0x00, 0x00, 0x00, 0x00, 0x00, 0x00, 0x00, 0x00,
  0x00, 0x00, 0x00, 0x00, 0x00, 0x00, 0x00, 0x00, 0x00, 0x00, 0x00, 0x00,
  0x00, 0x00, 0x00, 0x00, 0x00, 0x00, 0x00, 0x00, 0x00, 0x00, 0x00, 0x00,
  0x00, 0x00, 0x00, 0x00, 0x00, 0x00, 0x00, 0x00, 0x00, 0x00, 0x00, 0x00,
  0x00, 0x00, 0x00, 0x00, 0x00, 0x00, 0x00, 0x00, 0x00, 0x00, 0x00, 0x00,
  0x00, 0x00, 0x00, 0x00, 0x00, 0x00, 0x00, 0x00, 0x00, 0x00, 0x00, 0x00,
  0x00, 0x00, 0x00, 0x00, 0x00, 0x00, 0x00, 0x00, 0x00, 0x00, 0x00, 0x00,
  0x00, 0x00, 0x00, 0x00, 0x00, 0x00, 0x00, 0x00, 0x00, 0x00, 0x00, 0x00,
  0x00, 0x00, 0x00, 0x00, 0x00, 0x00, 0x00, 0x00, 0x00, 0x00, 0x00, 0x00,
  0x00, 0x00, 0x00, 0x00, 0x00, 0x00, 0x00, 0x00, 0x00, 0x00, 0x00, 0x00,
  0x00, 0x00, 0x00, 0x00, 0x00, 0x00, 0x00, 0x00, 0x00, 0x00, 0x00, 0x00,
  0x00, 0x00, 0x00, 0x00, 0x00, 0x00, 0x00, 0x00, 0x00, 0x00, 0x00, 0x00,
  0x00, 0x00, 0x00, 0x00, 0x00, 0x00, 0x00, 0x00, 0x00, 0x00, 0x00, 0x00,
  0x00, 0x00, 0x00, 0x00, 0x00, 0x00, 0x00, 0x00, 0x00, 0x00, 0x00, 0x00,
  0x00, 0x00, 0x00, 0x00, 0x00, 0x00, 0x00, 0x00, 0x00, 0x00, 0x00, 0x00,
  0x00, 0x00, 0x00, 0x00, 0x00, 0x00, 0x00, 0x00, 0x00, 0x00, 0x00, 0x00,
  0x00, 0x00, 0x00, 0x00, 0x00, 0x00, 0x00, 0x00, 0x00, 0x00, 0x00, 0x00,
  0x00, 0x00, 0x00, 0x00, 0x00, 0x00, 0x00, 0x00, 0x00, 0x00, 0x00, 0x00,
  0x00, 0x00, 0x00, 0x00, 0x00, 0x00, 0x00, 0x00, 0x00, 0x00, 0x00, 0x00,
  0x00, 0x00, 0x00, 0x00, 0x00, 0x00, 0x00, 0x00, 0x00, 0x00, 0x00, 0x00,
  0x00, 0x00, 0x00, 0x00, 0x00, 0x00, 0x00, 0x00, 0x00, 0x00, 0x00, 0x00,
  0x00, 0x00, 0x00, 0x00, 0x00, 0x00, 0x00, 0x00, 0x40, 0x00, 0x00, 0x00,
  0xd0, 0x58, 0xe2, 0x3a, 0x0f, 0x56, 0xfd, 0x3a, 0xba, 0x7a, 0xf0, 0x3a,
  0xd0, 0x58, 0xe2, 0x3a, 0x0f, 0x56, 0xfd, 0x3a, 0x0f, 0x56, 0xfd, 0x3a,
  0x0f, 0x56, 0xfd, 0x3a, 0x0f, 0x56, 0xfd, 0x3a, 0xac, 0x98, 0xd7, 0x3a,
  0xac, 0x98, 0xd7, 0x3a, 0xac, 0x98, 0xd7, 0x3a, 0xba, 0x7a, 0xf0, 0x3a,
  0xd0, 0x58, 0xe2, 0x3a, 0x0f, 0x56, 0xfd, 0x3a, 0xd0, 0x58, 0xe2, 0x3a,
  0x65, 0x31, 0xcd, 0x3a, 0xd0, 0x58, 0xe2, 0x3a, 0xba, 0x7a, 0xf0, 0x3a,
  0xba, 0x7a, 0xf0, 0x3a, 0x0f, 0x56, 0xfd, 0x3a, 0x0f, 0x56, 0xfd, 0x3a,
  0x0f, 0x56, 0xfd, 0x3a, 0xd0, 0x58, 0xe2, 0x3a, 0xba, 0x7a, 0xf0, 0x3a,
  0xba, 0x7a, 0xf0, 0x3a, 0xd0, 0x58, 0xe2, 0x3a, 0x0f, 0x56, 0xfd, 0x3a,
  0xba, 0x7a, 0xf0, 0x3a, 0xd0, 0x58, 0xe2, 0x3a, 0x0f, 0x56, 0xfd, 0x3a,
  0xba, 0x7a, 0xf0, 0x3a, 0xba, 0x7a, 0xf0, 0x3a, 0xd0, 0x58, 0xe2, 0x3a,
  0xac, 0x98, 0xd7, 0x3a, 0x0f, 0x56, 0xfd, 0x3a, 0xba, 0x7a, 0xf0, 0x3a,
  0xba, 0x7a, 0xf0, 0x3a, 0x0f, 0x56, 0xfd, 0x3a, 0x0f, 0x56, 0xfd, 0x3a,
  0xd0, 0x58, 0xe2, 0x3a, 0x0f, 0x56, 0xfd, 0x3a, 0x0f, 0x56, 0xfd, 0x3a,
  0x0f, 0x56, 0xfd, 0x3a, 0xd0, 0x58, 0xe2, 0x3a, 0xba, 0x7a, 0xf0, 0x3a,
  0xba, 0x7a, 0xf0, 0x3a, 0x0f, 0x56, 0xfd, 0x3a, 0xac, 0x98, 0xd7, 0x3a,
  0xd0, 0x58, 0xe2, 0x3a, 0x0f, 0x56, 0xfd, 0x3a, 0xba, 0x7a, 0xf0, 0x3a,
  0xba, 0x7a, 0xf0, 0x3a, 0x0f, 0x56, 0xfd, 0x3a, 0x0f, 0x56, 0xfd, 0x3a,
  0xba, 0x7a, 0xf0, 0x3a, 0xac, 0x98, 0xd7, 0x3a, 0x0f, 0x56, 0xfd, 0x3a,
  0xac, 0x98, 0xd7, 0x3a, 0x0f, 0x56, 0xfd, 0x3a, 0x0f, 0x56, 0xfd, 0x3a,
  0xd0, 0x58, 0xe2, 0x3a, 0xba, 0x7a, 0xf0, 0x3a, 0xd0, 0x58, 0xe2, 0x3a,
  0x0f, 0x56, 0xfd, 0x3a, 0xc2, 0x83, 0xfe, 0xff, 0x04, 0x00, 0x00, 0x00,
  0x00, 0x10, 0x00, 0x00, 0x57, 0x57, 0x00, 0x73, 0xae, 0x73, 0x00, 0xae,
  0xae, 0x00, 0x00, 0xb6, 0xbe, 0x60, 0x93, 0x00, 0x00, 0x9d, 0x69, 0x00,
  0x00, 0x60, 0x00, 0x00, 0x60, 0x00, 0x00, 0x00, 0xa6, 0xae, 0xae, 0x93,
  0x00, 0xae, 0x00, 0x87, 0xa6, 0x87, 0x7f, 0x43, 0x00, 0x00, 0x00, 0x00,
  0x00, 0x87, 0x00, 0x00, 0x00, 0x4d, 0x7f, 0x57, 0x7f, 0x00, 0xbe, 0x00,
  0x69, 0x9d, 0x00, 0x00, 0x00, 0x4d, 0x43, 0x00, 0x87, 0x00, 0x00, 0x3c,
  0x00, 0x00, 0x00, 0x00, 0xaf, 0x3c, 0x00, 0xbd, 0x3c, 0x87, 0x9e, 0x00,
  0x45, 0x00, 0x71, 0x5e, 0x00, 0xaf, 0x00, 0x4e, 0x67, 0x00, 0xa8, 0xbd,
  0x00, 0x00, 0xaf, 0x67, 0x71, 0x3c, 0x7f, 0x00, 0x00, 0x9e, 0x4e, 0x00,
  0x00, 0x00, 0x71, 0xa8, 0x00, 0x5e, 0x00, 0x00, 0xa8, 0x00, 0x71, 0x00,
  0x00, 0x00, 0x00, 0x00, 0x67, 0x00, 0x00, 0x00, 0x3c, 0x00, 0x00, 0x00,
  0x99, 0x00, 0x78, 0x00, 0x99, 0x3f, 0x99, 0x99, 0x81, 0x99, 0x8e, 0x48,
  0x00, 0x00, 0xa3, 0x00, 0x00, 0x00, 0x81, 0xba, 0x81, 0x48, 0xab, 0x6c,
  0x48, 0x00, 0x3f, 0x99, 0x00, 0x00, 0x6c, 0x00, 0xb3, 0x00, 0x81, 0x00,
  0x6c, 0x00, 0x52, 0x6c, 0x81, 0x00, 0x00, 0x00, 0x00, 0x6c, 0x00, 0xb3,
  0x5b, 0xba, 0x00, 0x00, 0x48, 0x00, 0x63, 0x5b, 0x78, 0xb3, 0x00, 0x52,
  0xb3, 0x00, 0x00, 0x00, 0x4d, 0x69, 0x00, 0x00, 0x00, 0xbe, 0x00, 0x00,
  0x00, 0xae, 0x93, 0x69, 0x00, 0x9d, 0xae, 0x9d, 0x93, 0x43, 0x7f, 0x73,
  0xb6, 0x00, 0x00, 0x00, 0x00, 0x7f, 0x60, 0x00, 0x60, 0x00, 0x69, 0x00,
  0x00, 0x00, 0x00, 0x43, 0xb6, 0x00, 0x9d, 0x00, 0x00, 0x00, 0x00, 0x87,
  0xbe, 0x00, 0x00, 0xa6, 0x00, 0x60, 0x00, 0x9d, 0x00, 0x00, 0x57, 0x00,
  0xb6, 0x00, 0x87, 0x00, 0xbe, 0x00, 0x00, 0x73, 0x67, 0x67, 0x71, 0x9e,
  0x4e, 0x00, 0xc5, 0x7f, 0x00, 0x3c, 0x00, 0xb6, 0x00, 0x00, 0x00, 0x00,
  0x00, 0x00, 0x00, 0x71, 0x00, 0x00, 0x45, 0x00, 0x4e, 0x3c, 0x00, 0x00,
  0xc5, 0x00, 0x67, 0x94, 0x00, 0x45, 0x9e, 0xaf, 0x00, 0x00, 0x00, 0x67,
  0x4e, 0xc5, 0xbd, 0x4e, 0xa8, 0x00, 0x00, 0xbd, 0x00, 0xa8, 0x00, 0x00,
  0x00, 0x9e, 0xc5, 0x3c, 0x4e, 0x9e, 0x00, 0xaf, 0x3c, 0x4e, 0x3c, 0x00,
  0x00, 0x00, 0x3c, 0x00, 0x00, 0x00, 0x00, 0x87, 0x00, 0x00, 0xbd, 0xb6,
  0x00, 0x4e, 0xbd, 0x7f, 0x00, 0xaf, 0x00, 0xc5, 0xa8, 0x00, 0x9e, 0x00,
  0x9e, 0x00, 0x3c, 0x4e, 0x00, 0x00, 0x00, 0x00, 0x00, 0x45, 0x00, 0x00,
  0x4e, 0x00, 0x4e, 0x4e, 0x00, 0x00, 0x00, 0xbd, 0x00, 0x00, 0x45, 0x3c,
  0x00, 0x00, 0x00, 0x3c, 0x87, 0x7f, 0x56, 0x00, 0x00, 0x00, 0x00, 0x00,
  0x00, 0x00, 0x87, 0x4e, 0x00, 0x00, 0x00, 0x00, 0x9e, 0xaf, 0x4e, 0x00,
  0x00, 0x00, 0x00, 0x00, 0x00, 0x56, 0x00, 0x00, 0xc5, 0x9e, 0x00, 0x00,
  0x3c, 0x00, 0x00, 0x87, 0xbd, 0xc5, 0x7f, 0x00, 0x3c, 0x00, 0x00, 0x00,
  0x00, 0x00, 0x00, 0x00, 0x00, 0xc5, 0x00, 0x87, 0x4e, 0x3c, 0x5e, 0xaf,
  0x00, 0x00, 0x71, 0x00, 0x4e, 0x00, 0x45, 0x4e, 0x00, 0x00, 0x67, 0x00,
  0x71, 0xb6, 0xbd, 0x5e, 0x3c, 0x00, 0x00, 0x5e, 0x67, 0x67, 0x00, 0x00,
  0x71, 0x67, 0x00, 0x00, 0xb6, 0x00, 0x71, 0x9e, 0x00, 0x00, 0x56, 0x3c,
  0x71, 0xbd, 0x00, 0x00, 0x00, 0x7f, 0x9e, 0x67, 0x00, 0x4e, 0x00, 0x56,
  0x00, 0xaf, 0xbd, 0xaf, 0x00, 0x00, 0x00, 0x45, 0x00, 0x00, 0x56, 0xbd,
  0x00, 0x4e, 0x94, 0x56, 0x00, 0x9e, 0xc5, 0x5e, 0xa8, 0xa8, 0x00, 0x3c,
  0x56, 0x00, 0x56, 0x94, 0x4e, 0x94, 0x00, 0x67, 0x00, 0x9e, 0x00, 0x45,
  0x65, 0x00, 0x00, 0x00, 0x00, 0x00, 0x00, 0x98, 0xa1, 0x00, 0xa1, 0xba,
  0x00, 0x00, 0x65, 0x00, 0x00, 0xaa, 0x65, 0x6f, 0x51, 0x00, 0x6f, 0x00,
  0x00, 0x00, 0x6f, 0x79, 0x00, 0xb2, 0x00, 0x00, 0x00, 0xaa, 0x51, 0x00,
  0x5b, 0x51, 0x00, 0x51, 0xa1, 0x00, 0x00, 0x65, 0x5b, 0x47, 0x00, 0x81,
  0x00, 0x00, 0xa1, 0x00, 0x00, 0x00, 0x00, 0xb2, 0x8d, 0x5b, 0x00, 0x00,
  0x00, 0xa1, 0xba, 0xba, 0x00, 0x8d, 0x00, 0x00, 0x00, 0xb2, 0x00, 0x98,
  0x00, 0x8d, 0x51, 0x00, 0x00, 0x00, 0x00, 0x00, 0x98, 0x00, 0x5b, 0x00,
  0x00, 0x79, 0x00, 0x00, 0x00, 0x00, 0x00, 0x00, 0x00, 0x00, 0x81, 0x47,
  0x5b, 0xa1, 0x5b, 0x5b, 0x00, 0x00, 0xba, 0x00, 0x00, 0xba, 0x5b, 0x00,
  0x00, 0xaa, 0x00, 0x00, 0x00, 0xaa, 0x81, 0x00, 0x8d, 0x00, 0x00, 0x00,
  0x00, 0x5b, 0x00, 0x65, 0x81, 0x51, 0x47, 0x00, 0x00, 0x00, 0xa1, 0x00,
  0xa1, 0x81, 0x00, 0x00, 0x65, 0x00, 0x81, 0x00, 0x81, 0x65, 0x00, 0x65,
  0x47, 0x5b, 0x00, 0x8d, 0x00, 0x00, 0x00, 0x00, 0x47, 0x00, 0xaa, 0x00,
  0xba, 0x00, 0x6f, 0x47, 0x51, 0x8d, 0x00, 0x00, 0x00, 0x51, 0xba, 0x5b,
  0x8d, 0xb2, 0x51, 0x00, 0x8d, 0x98, 0x98, 0x00, 0x00, 0xaa, 0x00, 0x00,
  0x00, 0x00, 0x00, 0xb2, 0x5b, 0x81, 0x98, 0x00, 0x81, 0x8d, 0x98, 0x47,
  0x8e, 0x00, 0xb3, 0x00, 0x00, 0x00, 0xab, 0x00, 0x52, 0x00, 0x00, 0x3f,
  0x00, 0x00, 0x3f, 0x00, 0x00, 0x5b, 0x8e, 0xb3, 0x48, 0x8e, 0x8e, 0x00,
  0x00, 0x52, 0x00, 0x78, 0x81, 0x00, 0x00, 0x48, 0x00, 0x00, 0x3f, 0x00,
  0x00, 0x00, 0xba, 0x00, 0x00, 0x00, 0x00, 0x00, 0x00, 0x00, 0x00, 0x00,
  0x00, 0xc2, 0x99, 0x00, 0xc2, 0x6c, 0x52, 0x00, 0x00, 0x48, 0xc2, 0x63,
  0x00, 0x00, 0x3f, 0x00, 0xae, 0x73, 0x7f, 0x00, 0x73, 0x00, 0x00, 0x00,
  0x00, 0x00, 0x00, 0x9d, 0x00, 0x43, 0x4d, 0x00, 0x73, 0x87, 0x00, 0x00,
  0x00, 0x43, 0xa6, 0xa6, 0x00, 0x73, 0xa6, 0x00, 0x4d, 0x4d, 0x00, 0x00,
  0x00, 0x9d, 0x57, 0x4d, 0x00, 0x87, 0x60, 0x57, 0x4d, 0x69, 0x00, 0x00,
  0x00, 0x00, 0x00, 0x00, 0x00, 0x9d, 0x93, 0x00, 0x93, 0x73, 0x00, 0xbe,
  0x57, 0x00, 0x00, 0x7f, 0xb6, 0x00, 0x00, 0x93, 0xc5, 0x00, 0x9e, 0x00,
  0x00, 0x00, 0x00, 0x3c, 0x00, 0x00, 0x00, 0xa8, 0x00, 0x00, 0x3c, 0xbd,
  0x00, 0x9e, 0x00, 0x94, 0x00, 0xbd, 0x3c, 0x3c, 0x00, 0x00, 0x00, 0x00,
  0x00, 0x00, 0xaf, 0x00, 0x00, 0x5e, 0xaf, 0x67, 0x5e, 0x00, 0x9e, 0x5e,
  0x00, 0xc5, 0x00, 0x00, 0x4e, 0x00, 0x00, 0x00, 0xaf, 0x00, 0x7f, 0x00,
  0x00, 0x4e, 0xaf, 0x00, 0xb6, 0x00, 0xb6, 0x45, 0x9e, 0x00, 0x00, 0x3c,
  0x00, 0xbe, 0x00, 0x00, 0x00, 0x93, 0x73, 0x00, 0x00, 0x00, 0x00, 0x00,
  0x00, 0x00, 0x00, 0xa6, 0x69, 0xb6, 0x00, 0xae, 0x7f, 0xae, 0x00, 0x73,
  0x43, 0x93, 0x00, 0x7f, 0x60, 0x00, 0x00, 0x7f, 0xbe, 0x9d, 0x00, 0x7f,
  0x69, 0x57, 0x00, 0x93, 0x57, 0x87, 0x73, 0x00, 0x00, 0x00, 0x00, 0xa6,
  0x73, 0x00, 0xae, 0x00, 0x60, 0x00, 0x00, 0xae, 0x00, 0x43, 0x69, 0x00,
  0x00, 0x57, 0x69, 0x69, 0x00, 0x88, 0x6a, 0x00, 0x00, 0xa5, 0x00, 0x00,
  0x9c, 0x00, 0x55, 0xa5, 0x00, 0x00, 0x00, 0x55, 0x4a, 0xb7, 0x00, 0x00,
  0x55, 0x00, 0xb7, 0x00, 0x00, 0xb7, 0x00, 0x00, 0x60, 0x00, 0x00, 0x4a,
  0x00, 0x00, 0x00, 0x00, 0x7f, 0x00, 0x00, 0x60, 0xb7, 0x55, 0x00, 0x00,
  0x88, 0x00, 0x00, 0x55, 0x00, 0x00, 0x7f, 0x00, 0x00, 0x00, 0x00, 0x00,
  0x9c, 0x00, 0x74, 0xb7, 0xae, 0x74, 0xae, 0xb7, 0x00, 0x00, 0x9d, 0x00,
  0x4d, 0x00, 0x57, 0x7f, 0x00, 0x00, 0x00, 0x93, 0x00, 0x00, 0x4d, 0x00,
  0x00, 0x73, 0x00, 0x00, 0x69, 0x7f, 0x00, 0xbe, 0xb6, 0x69, 0x60, 0x9d,
  0x4d, 0x00, 0x00, 0x00, 0x00, 0x93, 0x60, 0x00, 0x00, 0x69, 0x00, 0x00,
  0xbe, 0xae, 0x00, 0x00, 0x00, 0x00, 0xae, 0x00, 0x00, 0x87, 0x00, 0x00,
  0x00, 0x60, 0x00, 0x9d, 0x00, 0x00, 0x00, 0x00, 0xbe, 0x00, 0x60, 0x69,
  0x00, 0x00, 0x00, 0xba, 0x63, 0x00, 0xba, 0x00, 0x00, 0xab, 0x6c, 0xba,
  0xa3, 0x00, 0x6c, 0xc2, 0x78, 0xb3, 0x00, 0x00, 0x81, 0x00, 0x00, 0x00,
  0x00, 0x00, 0x48, 0x00, 0xa3, 0xb3, 0xa3, 0x00, 0x00, 0x99, 0x00, 0x63,
  0x6c, 0x52, 0x99, 0x00, 0x8e, 0x00, 0xa3, 0x00, 0x00, 0xc2, 0x99, 0x00,
  0x00, 0x00, 0x00, 0x00, 0x00, 0xab, 0xab, 0x99, 0x00, 0xc2, 0x00, 0x00,
  0x00, 0x00, 0xb3, 0x00, 0x99, 0x00, 0x00, 0x00, 0x00, 0x3f, 0x00, 0xb3,
  0x3f, 0x00, 0x00, 0x63, 0x00, 0x99, 0xc2, 0x00, 0xb3, 0x99, 0xc2, 0x00,
  0x3f, 0x5b, 0xc2, 0xa3, 0x00, 0x99, 0x00, 0x00, 0x00, 0x5b, 0x00, 0x00,
  0x00, 0x00, 0x48, 0x8e, 0x00, 0x00, 0x00, 0x00, 0x3f, 0x3f, 0x00, 0x52,
  0x00, 0x6c, 0x3f, 0x6c, 0x00, 0x00, 0x3f, 0x00, 0x81, 0x99, 0xa3, 0x00,
  0xb3, 0x00, 0x48, 0x3f, 0x48, 0x63, 0x00, 0x8e, 0xa8, 0x00, 0x45, 0x00,
  0x94, 0x45, 0x3c, 0x00, 0x00, 0x00, 0x00, 0x00, 0x00, 0x00, 0x00, 0x00,
  0x00, 0x00, 0x00, 0xb6, 0x00, 0xc5, 0x94, 0x00, 0x00, 0x56, 0xbd, 0x9e,
  0x00, 0xbd, 0x00, 0x00, 0x00, 0xbd, 0x67, 0x94, 0x9e, 0xaf, 0x00, 0x00,
  0x00, 0x00, 0x00, 0x94, 0x00, 0x00, 0x00, 0xa8, 0x00, 0x45, 0x7f, 0x00,
  0x00, 0x00, 0x4e, 0x00, 0x00, 0x00, 0x00, 0x71, 0x94, 0xc5, 0x67, 0x00,
  0x56, 0x00, 0x4e, 0xbd, 0x00, 0x00, 0x56, 0x00, 0x00, 0x00, 0x3c, 0xa8,
  0xbd, 0x3c, 0x00, 0xc5, 0xbd, 0x00, 0x56, 0x9e, 0x00, 0x5e, 0x00, 0x5e,
  0x00, 0x00, 0x71, 0x5e, 0x9e, 0xb6, 0x00, 0x00, 0x00, 0x3c, 0x00, 0xa8,
  0x00, 0x00, 0x00, 0x00, 0x00, 0x45, 0x00, 0x00, 0x00, 0x00, 0xaf, 0xb6,
  0x00, 0x00, 0x7f, 0x00, 0xbd, 0xa8, 0x4e, 0x00, 0x00, 0x00, 0x67, 0x4e,
  0x4e, 0xb6, 0x00, 0x00, 0x00, 0x00, 0x00, 0xb6, 0x00, 0x9e, 0xaf, 0x00,
  0x00, 0x00, 0x00, 0x5e, 0x3c, 0x4e, 0x00, 0x9e, 0x4e, 0xa8, 0x00, 0x00,
  0x56, 0xc5, 0xbd, 0x71, 0x00, 0x00, 0x00, 0x71, 0xaf, 0x00, 0x87, 0xb6,
  0x00, 0x4e, 0x00, 0x00, 0x3c, 0x5e, 0x45, 0xaf, 0x71, 0x5e, 0xbd, 0x3c,
  0x4e, 0x4e, 0x00, 0x00, 0x4e, 0x56, 0x00, 0x00, 0x00, 0x00, 0x00, 0x7f,
  0x56, 0x56, 0x00, 0x00, 0x00, 0x00, 0x4e, 0xbd, 0x00, 0x00, 0x00, 0x69,
  0x00, 0x69, 0x00, 0xa6, 0x00, 0x87, 0x00, 0x57, 0x43, 0x00, 0x69, 0x00,
  0xb6, 0x69, 0xb6, 0x00, 0x60, 0xb6, 0xb6, 0x43, 0x60, 0x00, 0x00, 0x00,
  0x60, 0x7f, 0x60, 0x00, 0x43, 0x00, 0x00, 0xae, 0x87, 0x73, 0x00, 0x00,
  0x00, 0x00, 0x93, 0x00, 0x9d, 0x00, 0x60, 0x00, 0x69, 0x00, 0x00, 0x00,
  0x43, 0x00, 0x00, 0x87, 0x00, 0x00, 0xbe, 0x00, 0x93, 0x93, 0x00, 0x00,
  0xa3, 0x00, 0x52, 0x00, 0x00, 0x63, 0x00, 0x00, 0x00, 0x52, 0x00, 0x00,
  0x00, 0x00, 0x52, 0x00, 0xb3, 0x8e, 0x63, 0x00, 0x78, 0x00, 0x00, 0x52,
  0x00, 0x00, 0x99, 0xa3, 0x81, 0xa3, 0x99, 0x48, 0x00, 0x63, 0x52, 0xb3,
  0x8e, 0x00, 0x52, 0x00, 0xc2, 0x5b, 0x00, 0x00, 0x00, 0x00, 0x8e, 0x00,
  0xba, 0xab, 0x00, 0x00, 0x3f, 0x00, 0x8e, 0x78, 0x00, 0x63, 0x5b, 0x00,
  0x99, 0x00, 0x99, 0x00, 0x00, 0x00, 0x00, 0xba, 0x00, 0x00, 0x63, 0x00,
  0x00, 0x00, 0x00, 0x6c, 0xba, 0x99, 0x63, 0x00, 0xba, 0xab, 0x00, 0x3f,
  0x48, 0x00, 0x63, 0x00, 0xb3, 0x00, 0x00, 0x00, 0x00, 0x78, 0x81, 0x78,
  0xab, 0x00, 0x00, 0xab, 0x3f, 0xab, 0x00, 0x78, 0xa3, 0x00, 0x00, 0x78,
  0x52, 0x5b, 0xc2, 0x00, 0x48, 0xa3, 0x00, 0x00, 0x00, 0xba, 0x00, 0x00,
  0xab, 0x5b, 0xba, 0x00, 0x48, 0x00, 0x81, 0x3f, 0xb6, 0x87, 0x4d, 0xae,
  0x87, 0x00, 0x69, 0x00, 0x73, 0x00, 0x00, 0x43, 0x00, 0x00, 0x7f, 0x00,
  0x00, 0x00, 0x87, 0x00, 0x00, 0x43, 0x87, 0xa6, 0xae, 0x00, 0xbe, 0x00,
  0x00, 0x7f, 0x69, 0x69, 0xb6, 0xae, 0x00, 0x73, 0xae, 0x00, 0xbe, 0x69,
  0x00, 0x00, 0x60, 0x00, 0x00, 0x60, 0x00, 0x00, 0xbe, 0x87, 0x00, 0x00,
  0x57, 0x00, 0x00, 0x00, 0x4d, 0x00, 0x00, 0x00, 0x00, 0x00, 0x60, 0x69,
  0xbd, 0x00, 0x00, 0x00, 0x45, 0x00, 0x00, 0x00, 0xaf, 0x00, 0x00, 0x00,
  0x5e, 0x00, 0x5e, 0x00, 0xb6, 0x4e, 0x00, 0x00, 0x00, 0x00, 0x4e, 0x4e,
  0x7f, 0x71, 0x00, 0x00, 0xaf, 0x4e, 0x00, 0x00, 0x00, 0x7f, 0x00, 0x45,
  0xaf, 0x00, 0xc5, 0xb6, 0x45, 0x67, 0x00, 0x9e, 0xbd, 0x00, 0x56, 0x9e,
  0x00, 0x00, 0xb6, 0x00, 0xbd, 0xc5, 0x00, 0x00, 0xa8, 0x5e, 0x00, 0xb6,
  0x00, 0x3c, 0xa8, 0xbd, 0x8e, 0x00, 0x00, 0x00, 0x5b, 0x63, 0x00, 0x00,
  0x00, 0x00, 0xb3, 0x78, 0x00, 0x5b, 0x00, 0x00, 0x00, 0x6c, 0xa3, 0x00,
  0x00, 0x00, 0x3f, 0x00, 0x3f, 0x00, 0x78, 0x63, 0x3f, 0x00, 0x78, 0x00,
  0xa3, 0x81, 0x00, 0x00, 0xba, 0x3f, 0x48, 0x99, 0x00, 0x00, 0x78, 0xb3,
  0x6c, 0x6c, 0xa3, 0x00, 0xab, 0xba, 0x00, 0x00, 0x00, 0x00, 0x00, 0x00,
  0x6c, 0x00, 0x00, 0x00, 0x00, 0x00, 0x6c, 0x00, 0x57, 0x00, 0x4d, 0xae,
  0xa6, 0x00, 0x00, 0x73, 0x00, 0x00, 0x00, 0x00, 0x43, 0x69, 0xbe, 0x00,
  0x4d, 0x00, 0x9d, 0x9d, 0x00, 0xbe, 0xae, 0x87, 0x00, 0xbe, 0x69, 0x7f,
  0x00, 0x00, 0x73, 0xb6, 0x60, 0x00, 0x00, 0x73, 0x00, 0x00, 0x73, 0x00,
  0x00, 0x00, 0x00, 0x00, 0x00, 0x73, 0x00, 0x00, 0x9d, 0x00, 0x00, 0x87,
  0x4d, 0x00, 0x60, 0x9d, 0x00, 0x00, 0x57, 0x00, 0x00, 0xae, 0x9d, 0x4d,
  0x00, 0x00, 0x45, 0x00, 0x00, 0xc5, 0x00, 0x00, 0x7f, 0xaf, 0x00, 0x3c,
  0x00, 0x00, 0x00, 0x00, 0x00, 0xc5, 0xbd, 0x94, 0x9e, 0x00, 0x00, 0x00,
  0x67, 0x00, 0x3c, 0x00, 0x00, 0x00, 0x00, 0x00, 0x4e, 0x00, 0x45, 0xa8,
  0xa8, 0x00, 0x67, 0x3c, 0x00, 0x00, 0x00, 0x56, 0x3c, 0xb6, 0x00, 0x00,
  0x7f, 0x00, 0x00, 0x00, 0x00, 0x94, 0x00, 0x45, 0x56, 0x00, 0x00, 0x00,
  0x94, 0xc5, 0x00, 0xa8, 0x00, 0x00, 0x99, 0x48, 0x8e, 0xba, 0x6c, 0xb3,
  0x00, 0x00, 0x00, 0x00, 0x00, 0x00, 0x00, 0x00, 0x63, 0x78, 0xa3, 0x52,
  0xc2, 0x00, 0x63, 0xab, 0x6c, 0x99, 0x81, 0xb3, 0x00, 0x00, 0xab, 0x00,
  0x3f, 0x00, 0x00, 0x00, 0x6c, 0x3f, 0x00, 0xab, 0x00, 0x63, 0x00, 0x00,
  0x52, 0x00, 0x00, 0x48, 0x00, 0xba, 0x99, 0x00, 0x3f, 0x00, 0x00, 0x00,
  0x00, 0x99, 0x5b, 0x00, 0x63, 0x99, 0x8e, 0x00, 0x6c, 0x00, 0x48, 0x00,
  0x99, 0x00, 0x00, 0x00, 0x00, 0x00, 0x3f, 0xab, 0xa3, 0x00, 0x3f, 0xba,
  0x00, 0x5b, 0xab, 0x63, 0x99, 0x00, 0x63, 0x78, 0x81, 0x63, 0xa3, 0x6c,
  0xa3, 0xa3, 0x81, 0x00, 0x3f, 0x00, 0xab, 0x52, 0x00, 0x99, 0x81, 0x78,
  0x00, 0xa3, 0x00, 0xa3, 0x00, 0x00, 0x5b, 0x00, 0x00, 0x8e, 0x00, 0x78,
  0x00, 0x00, 0x00, 0x6c, 0x00, 0x78, 0x5b, 0x48, 0x78, 0x52, 0x00, 0x00,
  0x00, 0x00, 0x73, 0x69, 0x9d, 0x00, 0x4d, 0x00, 0x00, 0x69, 0x00, 0x60,
  0x00, 0x87, 0x69, 0x4d, 0xae, 0x00, 0xbe, 0x00, 0x00, 0x57, 0x00, 0x00,
  0x00, 0x57, 0x00, 0x73, 0x57, 0x00, 0x60, 0x4d, 0x57, 0x00, 0xae, 0x00,
  0x00, 0x7f, 0x57, 0x00, 0x00, 0x7f, 0x00, 0x00, 0x87, 0xbe, 0x60, 0x00,
  0x87, 0x43, 0x00, 0x00, 0x00, 0xa6, 0x4d, 0x00, 0x87, 0x00, 0x4d, 0x60,
  0x00, 0x57, 0x4d, 0x00, 0x8d, 0x98, 0x00, 0xa1, 0x6f, 0x00, 0x00, 0x00,
  0x00, 0x47, 0x00, 0x79, 0x79, 0x00, 0x47, 0x00, 0x00, 0x79, 0x6f, 0x00,
  0x00, 0x51, 0x00, 0x00, 0x79, 0x00, 0xaa, 0x00, 0x00, 0x81, 0x00, 0x6f,
  0x00, 0x5b, 0xb2, 0x47, 0x00, 0x00, 0x00, 0x00, 0x00, 0x00, 0x00, 0x00,
  0x00, 0x00, 0x8d, 0x00, 0x00, 0x8d, 0x00, 0x00, 0x00, 0x5b, 0x00, 0x00,
  0x00, 0x00, 0xaa, 0x00, 0x5b, 0x00, 0x00, 0x00, 0x56, 0x00, 0x5e, 0x94,
  0x4e, 0x00, 0xbd, 0x00, 0x71, 0x5e, 0x3c, 0x56, 0x00, 0x00, 0xa8, 0x56,
  0x00, 0x00, 0x00, 0xb6, 0xa8, 0x00, 0x00, 0x00, 0x7f, 0xa8, 0x00, 0xbd,
  0x00, 0xaf, 0x4e, 0x00, 0x71, 0x00, 0x4e, 0x00, 0x67, 0xaf, 0x00, 0x00,
  0x00, 0x94, 0x94, 0xc5, 0xbd, 0xa8, 0x00, 0x67, 0x00, 0x00, 0x00, 0x00,
  0x67, 0x00, 0x5e, 0x00, 0xa8, 0x00, 0x00, 0x5e, 0x00, 0x3c, 0xa8, 0x87,
  0xba, 0x00, 0x5b, 0xba, 0x00, 0x00, 0x00, 0x48, 0x00, 0x5b, 0x48, 0x78,
  0x00, 0x78, 0xb3, 0x99, 0xb3, 0x52, 0x52, 0xba, 0x6c, 0x78, 0x00, 0x6c,
  0x00, 0x8e, 0x00, 0x5b, 0xab, 0x00, 0x63, 0x00, 0x8e, 0xa3, 0x48, 0xb3,
  0x5b, 0x8e, 0x99, 0xb3, 0x00, 0x48, 0x00, 0x00, 0x3f, 0x99, 0x52, 0x00,
  0x63, 0x00, 0xa3, 0x81, 0x00, 0x63, 0x48, 0x99, 0x99, 0x00, 0x3f, 0x00,
  0x6c, 0x8e, 0xb3, 0x00, 0x00, 0x48, 0x00, 0x00, 0x00, 0x00, 0x81, 0xa3,
  0x00, 0x00, 0x00, 0x5b, 0x00, 0x8e, 0x00, 0x6c, 0x00, 0x00, 0x6c, 0xab,
  0x00, 0x00, 0x00, 0x5b, 0x00, 0x00, 0xc2, 0x00, 0x48, 0x00, 0x99, 0x63,
  0x3f, 0x00, 0x81, 0xba, 0xb3, 0x52, 0xba, 0x00, 0x00, 0x48, 0x00, 0x00,
  0x00, 0x00, 0x00, 0x52, 0xa3, 0x00, 0x00, 0xb3, 0x52, 0x00, 0x00, 0x99,
  0x00, 0x78, 0x00, 0x5b, 0x00, 0x99, 0x81, 0x52, 0x45, 0x9e, 0x9e, 0x00,
  0x4e, 0x00, 0x56, 0x00, 0x3c, 0x00, 0x9e, 0x87, 0x00, 0x00, 0xa8, 0x94,
  0x00, 0x4e, 0x00, 0x00, 0x00, 0x9e, 0x00, 0x5e, 0x3c, 0x00, 0x00, 0x00,
  0x3c, 0x5e, 0x00, 0x00, 0x3c, 0x00, 0xc5, 0x00, 0x56, 0x71, 0xbd, 0x3c,
  0x87, 0x71, 0xa8, 0x00, 0x00, 0x67, 0xb6, 0x7f, 0x94, 0x45, 0x00, 0xbd,
  0x00, 0x67, 0x00, 0x56, 0x00, 0x00, 0x4e, 0x56, 0x71, 0x00, 0x87, 0x00,
  0xaf, 0x00, 0x5e, 0x00, 0x00, 0x00, 0x71, 0x00, 0x00, 0x3c, 0x45, 0x00,
  0x00, 0x00, 0x00, 0x00, 0x00, 0x00, 0x00, 0x67, 0x00, 0x67, 0x71, 0x00,
  0x00, 0x45, 0xbd, 0x87, 0x45, 0x3c, 0x00, 0x87, 0x9e, 0x9e, 0x00, 0x00,
  0xc5, 0x00, 0x00, 0x45, 0x45, 0x00, 0x00, 0x94, 0xa8, 0x00, 0x9e, 0x00,
  0x00, 0x00, 0x94, 0x00, 0x71, 0x3c, 0x7f, 0xc5, 0x45, 0x00, 0x00, 0xa8,
  0x45, 0xb6, 0x00, 0xaf, 0x00, 0x00, 0x73, 0x00, 0xa6, 0x69, 0x93, 0x43,
  0x57, 0x7f, 0x00, 0x00, 0x00, 0x00, 0x00, 0x00, 0x43, 0x69, 0x00, 0x57,
  0x57, 0x00, 0x69, 0x00, 0x93, 0x00, 0x9d, 0xbe, 0x00, 0x57, 0x00, 0x00,
  0x00, 0x93, 0x43, 0x57, 0xa6, 0x4d, 0x73, 0x87, 0x00, 0x00, 0x87, 0x00,
  0x93, 0x93, 0x4d, 0x00, 0x00, 0x00, 0x57, 0xb6, 0x00, 0x00, 0x7f, 0x43,
  0x00, 0x69, 0xa6, 0x60, 0x73, 0x00, 0x00, 0x00, 0x67, 0x00, 0x00, 0x94,
  0x45, 0xaf, 0xb6, 0xb6, 0x9e, 0x45, 0x00, 0x4e, 0x00, 0xa8, 0x00, 0xc5,
  0xaf, 0x00, 0x00, 0x00, 0x9e, 0x00, 0xbd, 0x45, 0x3c, 0xbd, 0x00, 0x00,
  0x71, 0xa8, 0x00, 0xb6, 0x00, 0x9e, 0x3c, 0x45, 0x00, 0xc5, 0x00, 0x00,
  0x45, 0x00, 0x00, 0x00, 0xaf, 0x00, 0x00, 0x94, 0x9e, 0x9e, 0xa8, 0x00,
  0x67, 0x94, 0x5e, 0x9e, 0x00, 0x9e, 0x7f, 0x00, 0x5e, 0x4e, 0x00, 0x00,
  0xa8, 0x45, 0x00, 0x00, 0x5e, 0x4e, 0x00, 0xaf, 0x56, 0x00, 0x7f, 0x00,
  0x00, 0x00, 0x56, 0x00, 0x00, 0x00, 0x00, 0x00, 0x9e, 0x00, 0x00, 0x00,
  0x00, 0x00, 0x00, 0x00, 0x67, 0x00, 0x00, 0xa8, 0x4e, 0xbd, 0x45, 0x00,
  0x00, 0x00, 0x00, 0x00, 0x9e, 0xa8, 0x00, 0x00, 0x00, 0x9e, 0x00, 0x00,
  0x00, 0xa8, 0x00, 0x87, 0x00, 0x5e, 0x00, 0x45, 0x00, 0x87, 0xa8, 0x00,
  0x9e, 0x00, 0x3c, 0x00, 0x00, 0xc5, 0x4e, 0x45, 0x00, 0xaf, 0x00, 0x56,
  0xaf, 0x00, 0x3c, 0x9e, 0xbd, 0x00, 0x94, 0x67, 0x00, 0x00, 0x00, 0x00,
  0xbd, 0x00, 0x00, 0x00, 0x00, 0x00, 0xbd, 0x94, 0x00, 0x00, 0x45, 0x00,
  0x4e, 0x00, 0x3c, 0x00, 0x56, 0x00, 0x5e, 0x00, 0x00, 0x00, 0x00, 0x87,
  0x9e, 0x00, 0x00, 0x5e, 0x71, 0xa8, 0x7f, 0xa8, 0xc5, 0xa8, 0x45, 0x9e,
  0x67, 0xa8, 0x45, 0x00, 0x00, 0x94, 0x00, 0x00, 0x00, 0x00, 0x00, 0x00,
  0x00, 0x69, 0xae, 0x00, 0x9d, 0x00, 0x00, 0x00, 0x93, 0x00, 0x69, 0x60,
  0x00, 0x00, 0xbe, 0x00, 0x00, 0x60, 0x69, 0x7f, 0x00, 0x00, 0xae, 0x00,
  0x00, 0x00, 0x00, 0x00, 0x00, 0x00, 0x00, 0x00, 0x87, 0x43, 0x00, 0x00,
  0x60, 0x73, 0x00, 0xa6, 0x93, 0x4d, 0xae, 0x60, 0x00, 0x00, 0x9d, 0x57,
  0x69, 0x00, 0x00, 0x93, 0x00, 0xa6, 0xa6, 0xb6, 0x00, 0x00, 0x00, 0x00,
  0x81, 0x3f, 0x00, 0xc2, 0xba, 0x81, 0x00, 0x00, 0x52, 0xb3, 0x00, 0x00,
  0xba, 0x00, 0x63, 0x5b, 0x3f, 0x00, 0x78, 0xa3, 0x00, 0x00, 0xb3, 0x6c,
  0x3f, 0x00, 0x00, 0xa3, 0x00, 0x6c, 0x99, 0x63, 0x00, 0x63, 0x00, 0x5b,
  0x00, 0x00, 0x00, 0x00, 0x52, 0x48, 0x00, 0x00, 0xc2, 0xb3, 0x6c, 0x78,
  0x00, 0x00, 0xc2, 0x99, 0xa3, 0x00, 0x00, 0x00, 0xab, 0x00, 0x63, 0x00,
  0xc2, 0x99, 0x00, 0x00, 0x00, 0x6c, 0x00, 0x00, 0x00, 0x78, 0x00, 0x5b,
  0x52, 0x00, 0x00, 0x52, 0x00, 0x00, 0x48, 0x00, 0x00, 0xc2, 0x00, 0x00,
  0x00, 0x00, 0xb3, 0xa3, 0x00, 0x00, 0x00, 0x00, 0x5b, 0x00, 0x52, 0x81,
  0x00, 0x00, 0x00, 0x00, 0xab, 0x00, 0xab, 0x00, 0x63, 0x00, 0x3f, 0x00,
  0x6c, 0x3f, 0x3f, 0x5b, 0x00, 0x81, 0xba, 0x00, 0x00, 0x00, 0xab, 0x00,
  0x5b, 0xa3, 0x00, 0x00, 0x00, 0xba, 0x00, 0x00, 0x00, 0xb6, 0x00, 0x00,
  0x00, 0x00, 0x00, 0x4e, 0x00, 0x00, 0xa8, 0x00, 0x00, 0x00, 0xb6, 0x9e,
  0xb6, 0x00, 0x67, 0x94, 0x00, 0x00, 0xb6, 0xc5, 0x00, 0x00, 0x45, 0x3c,
  0x00, 0xbd, 0x00, 0xb6, 0x67, 0x00, 0x9e, 0xbd, 0xbd, 0x71, 0x00, 0x5e,
  0x5e, 0x67, 0x7f, 0x00, 0x00, 0xc5, 0x00, 0x00, 0x45, 0x00, 0x00, 0x3c,
  0x00, 0x3c, 0x00, 0x00, 0xb6, 0xc5, 0x87, 0x56, 0x00, 0x00, 0x56, 0x56,
  0x00, 0x79, 0x00, 0x65, 0x5b, 0x51, 0x6f, 0x51, 0x00, 0x65, 0x8d, 0x6f,
  0x6f, 0x00, 0x00, 0x65, 0x5b, 0x00, 0x00, 0x5b, 0x5b, 0x65, 0x65, 0x00,
  0x00, 0x5b, 0x00, 0x00, 0x6f, 0x47, 0xba, 0x00, 0x65, 0x00, 0xaa, 0x00,
  0x00, 0x00, 0x00, 0x00, 0x79, 0x81, 0x51, 0x8d, 0x00, 0x00, 0x00, 0x00,
  0x00, 0x00, 0x00, 0x81, 0x00, 0x51, 0x00, 0x00, 0x8d, 0x00, 0x00, 0x79,
  0x00, 0x00, 0x6f, 0x6f, 0x9d, 0x00, 0x93, 0x60, 0x9d, 0x93, 0x00, 0x00,
  0x69, 0x00, 0x00, 0x4d, 0x00, 0x00, 0x00, 0x00, 0x87, 0x93, 0x69, 0x00,
  0x00, 0x00, 0x00, 0x93, 0x4d, 0x69, 0x4d, 0x7f, 0xb6, 0x57, 0x60, 0x00,
  0x00, 0x57, 0x57, 0x87, 0x4d, 0x00, 0x00, 0x7f, 0x00, 0x7f, 0x69, 0x43,
  0x00, 0x00, 0x57, 0x00, 0xb6, 0x73, 0x00, 0xa6, 0x9d, 0x60, 0x00, 0x00,
  0x00, 0x00, 0x9d, 0x00, 0x00, 0x00, 0x87, 0x73, 0x00, 0x00, 0x00, 0x45,
  0x00, 0x56, 0x00, 0x00, 0x7f, 0x7f, 0xbd, 0xa8, 0x71, 0x00, 0x00, 0x00,
  0x56, 0xa8, 0xbd, 0x67, 0x56, 0x00, 0xc5, 0x00, 0xaf, 0x00, 0x45, 0x00,
  0xb6, 0x00, 0x45, 0x00, 0x00, 0xb6, 0x5e, 0x4e, 0xbd, 0xb6, 0x00, 0x00,
  0x4e, 0xc5, 0x00, 0xbd, 0x00, 0xa8, 0x45, 0x3c, 0x00, 0x94, 0x00, 0x00,
  0x00, 0xb6, 0x00, 0x87, 0x7f, 0x00, 0x00, 0x00, 0xbd, 0x87, 0x00, 0x9e,
  0x00, 0x00, 0x8e, 0x8e, 0xba, 0x00, 0xba, 0xa3, 0x6c, 0x00, 0x00, 0x81,
  0x00, 0xa3, 0x99, 0x00, 0x52, 0x00, 0x52, 0x00, 0x3f, 0x63, 0x8e, 0x00,
  0xb3, 0x48, 0x00, 0x00, 0x00, 0x6c, 0xa3, 0x5b, 0xb3, 0x00, 0xab, 0x00,
  0x00, 0xb3, 0x00, 0x00, 0x5b, 0x3f, 0x8e, 0x00, 0x99, 0x78, 0x00, 0x00,
  0x81, 0xab, 0x00, 0x6c, 0x81, 0xa3, 0x00, 0xab, 0x99, 0xab, 0x00, 0x5b,
  0x00, 0xc2, 0x00, 0x00, 0x00, 0x78, 0x00, 0x00, 0x00, 0x00, 0x63, 0x00,
  0x48, 0x00, 0x63, 0x00, 0x99, 0x00, 0xc2, 0x6c, 0x00, 0x00, 0x52, 0x81,
  0x48, 0x81, 0x00, 0x00, 0x00, 0x00, 0x00, 0xab, 0x00, 0x6c, 0xa3, 0x99,
  0xba, 0x48, 0xba, 0x5b, 0x00, 0x00, 0x00, 0x48, 0x6c, 0x00, 0x00, 0x99,
  0x00, 0xab, 0x00, 0xb3, 0x3f, 0x00, 0x00, 0x00, 0x00, 0x00, 0x3f, 0x78,
  0x00, 0x00, 0x3f, 0x00, 0x00, 0x8e, 0x52, 0x00, 0x00, 0x3c, 0x9e, 0x5e,
  0x00, 0x87, 0x5e, 0xaf, 0x87, 0x00, 0x00, 0xbd, 0xbd, 0x00, 0xc5, 0x94,
  0x67, 0x00, 0x4e, 0x67, 0x9e, 0x94, 0x00, 0x56, 0x00, 0x67, 0x87, 0xb6,
  0xb6, 0x00, 0xc5, 0x00, 0x00, 0x00, 0x00, 0x7f, 0xa8, 0x71, 0x87, 0x7f,
  0x4e, 0x00, 0xbd, 0x00, 0xa8, 0x00, 0x9e, 0x45, 0xaf, 0x5e, 0x00, 0xa8,
  0x00, 0x00, 0x00, 0xc5, 0xc5, 0x00, 0x00, 0x56, 0x56, 0x00, 0x00, 0x00,
  0x00, 0x4e, 0xaf, 0xc5, 0x4e, 0x00, 0x00, 0x3c, 0x00, 0x4e, 0x94, 0x9e,
  0xc5, 0x00, 0x94, 0x56, 0x67, 0x9e, 0x00, 0x00, 0xa8, 0x00, 0x00, 0x00,
  0x00, 0x87, 0x00, 0x00, 0x00, 0xa8, 0x00, 0x00, 0x00, 0xc5, 0x7f, 0x00,
  0x4e, 0x56, 0x56, 0x3c, 0x00, 0x00, 0x00, 0x00, 0x00, 0x00, 0x00, 0x00,
  0x00, 0x00, 0x00, 0x45, 0x45, 0x00, 0x00, 0x94, 0x67, 0x87, 0x00, 0x00,
  0x00, 0x87, 0x3c, 0x94, 0x00, 0x00, 0x63, 0xba, 0x48, 0x99, 0x8e, 0x52,
  0xab, 0x3f, 0x00, 0x3f, 0x5b, 0x00, 0x6c, 0x00, 0x8e, 0x63, 0x00, 0xa3,
  0x00, 0x00, 0x00, 0x3f, 0x00, 0xab, 0xb3, 0x00, 0x00, 0x00, 0x00, 0xa3,
  0x00, 0x00, 0x52, 0xba, 0x00, 0x3f, 0x00, 0x00, 0x00, 0x00, 0x00, 0x8e,
  0x6c, 0x00, 0xc2, 0x81, 0x00, 0x6c, 0x00, 0xb3, 0x00, 0x00, 0xa3, 0x00,
  0x00, 0x48, 0x00, 0x00, 0x6c, 0x99, 0x5b, 0x48, 0x65, 0x51, 0x00, 0xa1,
  0x00, 0x6f, 0x5b, 0x81, 0x00, 0xa1, 0x00, 0x6f, 0x00, 0xba, 0x00, 0x00,
  0x79, 0xaa, 0x00, 0x00, 0x00, 0x00, 0x00, 0x00, 0x6f, 0x00, 0x00, 0x00,
  0x6f, 0x00, 0x00, 0x6f, 0x81, 0x00, 0x00, 0x81, 0x5b, 0xb2, 0x00, 0x8d,
  0x00, 0x00, 0x51, 0x00, 0x65, 0x79, 0x47, 0x98, 0x00, 0x51, 0x00, 0x00,
  0x98, 0x00, 0x00, 0x65, 0x00, 0x65, 0x6f, 0x6f, 0x51, 0x00, 0x79, 0x00,
  0x00, 0x00, 0x00, 0xbd, 0x45, 0x7f, 0x00, 0x3c, 0x00, 0x56, 0x00, 0xbd,
  0x71, 0x00, 0x00, 0x87, 0x00, 0x87, 0x4e, 0x5e, 0x00, 0x00, 0xaf, 0x00,
  0x94, 0x56, 0x00, 0x00, 0x00, 0xb6, 0xbd, 0x00, 0x87, 0x00, 0xaf, 0x00,
  0x00, 0xaf, 0x56, 0xbd, 0x56, 0x00, 0x00, 0xb6, 0x3c, 0x00, 0x3c, 0x00,
  0x67, 0x00, 0x00, 0xa8, 0x5e, 0x00, 0xa8, 0x00, 0x00, 0x4e, 0x00, 0x9e,
  0x00, 0x00, 0x00, 0x00, 0x00, 0x00, 0x00, 0x98, 0x98, 0x00, 0xa1, 0x00,
  0x00, 0xb2, 0x47, 0xba, 0x00, 0xa1, 0x00, 0x00, 0xb2, 0x00, 0x98, 0xb2,
  0x5b, 0x00, 0x6f, 0x00, 0x00, 0x8d, 0x00, 0x00, 0x81, 0x00, 0x47, 0x00,
  0x00, 0x00, 0x47, 0x00, 0x00, 0x00, 0x00, 0x00, 0x81, 0x47, 0x00, 0x00,
  0x00, 0x00, 0x65, 0x79, 0xba, 0x00, 0x5b, 0x00, 0x00, 0xb2, 0x00, 0x00,
  0x00, 0x00, 0x00, 0x00, 0x00, 0x5b, 0x8d, 0xba, 0x00, 0x00, 0x00, 0x00,
  0x3c, 0x3c, 0x00, 0x9e, 0x3c, 0x00, 0x7f, 0x45, 0x00, 0x4e, 0x4e, 0x00,
  0x00, 0x5e, 0x00, 0x00, 0x94, 0x00, 0x00, 0x9e, 0xbd, 0xa8, 0x7f, 0x45,
  0x00, 0x00, 0x00, 0x00, 0xbd, 0xb6, 0x94, 0x56, 0x71, 0x00, 0x00, 0x00,
  0x45, 0x5e, 0x00, 0x3c, 0x9e, 0xb6, 0x00, 0x00, 0x00, 0xc5, 0x00, 0x00,
  0x00, 0x00, 0x9e, 0x45, 0x00, 0x00, 0x00, 0xb6, 0x00, 0x94, 0x00, 0xa8,
  0x5e, 0x4e, 0x9e, 0x00, 0xa8, 0x67, 0x00, 0x94, 0x00, 0xa8, 0x00, 0x00,
  0xaf, 0x00, 0x00, 0x00, 0x00, 0x00, 0x00, 0x7f, 0x00, 0x00, 0xbd, 0xbd,
  0x00, 0x71, 0x9e, 0x00, 0x56, 0x00, 0x94, 0xa8, 0x00, 0x7f, 0x00, 0x00,
  0x00, 0x00, 0x56, 0x00, 0x94, 0x45, 0x00, 0xc5, 0x00, 0x00, 0x00, 0x71,
  0x00, 0x00, 0x00, 0x4e, 0xb6, 0x00, 0x4e, 0x4e, 0x00, 0x00, 0x00, 0x00,
  0x00, 0x00, 0x56, 0x00, 0xb6, 0xb6, 0x00, 0x87, 0x7f, 0x00, 0x69, 0x00,
  0x7f, 0x00, 0x73, 0x00, 0x7f, 0x00, 0x00, 0x00, 0x00, 0x7f, 0x00, 0x57,
  0x00, 0x87, 0x00, 0x00, 0x73, 0xb6, 0x00, 0x00, 0x7f, 0x87, 0x00, 0x00,
  0x43, 0x9d, 0x93, 0x00, 0x00, 0x00, 0xb6, 0x00, 0x9d, 0x00, 0x00, 0x00,
  0xbe, 0xb6, 0x00, 0x60, 0x00, 0x60, 0x00, 0x00, 0x00, 0x57, 0x69, 0x73,
  0x00, 0x00, 0x00, 0x9d, 0x93, 0x00, 0x00, 0x69, 0x48, 0x8e, 0x52, 0x6c,
  0x63, 0x00, 0xa3, 0x00, 0x00, 0xc2, 0xc2, 0x00, 0x00, 0x8e, 0x52, 0xc2,
  0x81, 0x00, 0xb3, 0x8e, 0x00, 0x00, 0x00, 0x48, 0x6c, 0x52, 0x5b, 0x00,
  0x00, 0x00, 0x00, 0x63, 0x48, 0x00, 0x52, 0x00, 0x00, 0x00, 0x00, 0xb3,
  0x6c, 0x00, 0xa3, 0x00, 0x48, 0x00, 0xab, 0x63, 0x00, 0x00, 0x00, 0x00,
  0x00, 0x8e, 0x00, 0x6c, 0x00, 0xc2, 0xb3, 0x00, 0x78, 0x00, 0x00, 0x00,
  0x00, 0x00, 0x00, 0x60, 0x00, 0xb6, 0x60, 0x93, 0x00, 0x00, 0x4d, 0x69,
  0x00, 0x00, 0x43, 0x00, 0x00, 0x00, 0xa6, 0x93, 0x00, 0x87, 0x00, 0x93,
  0x4d, 0x00, 0x00, 0xbe, 0x00, 0xb6, 0xbe, 0x00, 0x00, 0x69, 0x7f, 0x00,
  0x93, 0x00, 0x00, 0x73, 0x73, 0x00, 0x4d, 0x00, 0x57, 0x00, 0x00, 0x00,
  0x4d, 0x4d, 0x60, 0x00, 0x00, 0x00, 0xbe, 0xbe, 0x00, 0xb6, 0xbe, 0x00,
  0xbe, 0x00, 0x60, 0x00, 0x4e, 0x00, 0xc5, 0x00, 0x00, 0x00, 0x7f, 0xbd,
  0x67, 0x56, 0x94, 0x94, 0x00, 0x00, 0x00, 0xaf, 0xaf, 0x00, 0x00, 0x00,
  0xb6, 0x45, 0x00, 0x5e, 0xa8, 0xa8, 0x00, 0x00, 0x4e, 0x00, 0x71, 0xc5,
  0x45, 0x94, 0xaf, 0x87, 0x00, 0x00, 0x00, 0x5e, 0x00, 0x00, 0x00, 0xaf,
  0x67, 0x9e, 0x00, 0x00, 0xb6, 0x00, 0xb6, 0x67, 0x00, 0x00, 0x00, 0xbd,
  0xa8, 0x3c, 0x00, 0x3c, 0x00, 0x5e, 0xa8, 0x00, 0x26, 0x94, 0xfe, 0xff,
  0x00, 0x00, 0x02, 0x01, 0x74, 0x00, 0x00, 0x00, 0x2e, 0x00, 0x00, 0x00,
  0x08, 0x00, 0x00, 0x00, 0x70, 0x00, 0x00, 0x00, 0x5c, 0x00, 0x00, 0x00,
  0x74, 0x69, 0x6e, 0x79, 0x5f, 0x6e, 0x69, 0x64, 0x73, 0x5f, 0x74, 0x72,
  0x61, 0x6e, 0x73, 0x66, 0x6f, 0x72, 0x6d, 0x65, 0x72, 0x5f, 0x31, 0x2f,
  0x65, 0x6e, 0x63, 0x6f, 0x64, 0x65, 0x72, 0x5f, 0x62, 0x6c, 0x6f, 0x63,
  0x6b, 0x5f, 0x30, 0x5f, 0x31, 0x2f, 0x6d, 0x75, 0x6c, 0x74, 0x69, 0x5f,
  0x68, 0x65, 0x61, 0x64, 0x5f, 0x6c, 0x69, 0x6e, 0x65, 0x61, 0x72, 0x5f,
  0x61, 0x74, 0x74, 0x65, 0x6e, 0x74, 0x69, 0x6f, 0x6e, 0x5f, 0x32, 0x5f,
  0x31, 0x2f, 0x64, 0x65, 0x6e, 0x73, 0x65, 0x5f, 0x31, 0x33, 0x5f, 0x31,
  0x2f, 0x42, 0x69, 0x61, 0x73, 0x41, 0x64, 0x64, 0x00, 0x00, 0x00, 0x00,
  0x01, 0x00, 0x00, 0x00, 0x40, 0x00, 0x00, 0x00, 0xc4, 0x97, 0xfe, 0xff,
  0x0c, 0x02, 0x00, 0x00, 0x04, 0x00, 0x00, 0x00, 0x40, 0x00, 0x00, 0x00,
  0x00, 0x00, 0x00, 0x00, 0x00, 0x00, 0x00, 0x00, 0x00, 0x00, 0x00, 0x00,
  0x00, 0x00, 0x00, 0x00, 0x00, 0x00, 0x00, 0x00, 0x00, 0x00, 0x00, 0x00,
  0x00, 0x00, 0x00, 0x00, 0x00, 0x00, 0x00, 0x00, 0x00, 0x00, 0x00, 0x00,
  0x00, 0x00, 0x00, 0x00, 0x00, 0x00, 0x00, 0x00, 0x00, 0x00, 0x00, 0x00,
  0x00, 0x00, 0x00, 0x00, 0x00, 0x00, 0x00, 0x00, 0x00, 0x00, 0x00, 0x00,
  0x00, 0x00, 0x00, 0x00, 0x00, 0x00, 0x00, 0x00, 0x00, 0x00, 0x00, 0x00,
  0x00, 0x00, 0x00, 0x00, 0x00, 0x00, 0x00, 0x00, 0x00, 0x00, 0x00, 0x00,
  0x00, 0x00, 0x00, 0x00, 0x00, 0x00, 0x00, 0x00, 0x00, 0x00, 0x00, 0x00,
  0x00, 0x00, 0x00, 0x00, 0x00, 0x00, 0x00, 0x00, 0x00, 0x00, 0x00, 0x00,
  0x00, 0x00, 0x00, 0x00, 0x00, 0x00, 0x00, 0x00, 0x00, 0x00, 0x00, 0x00,
  0x00, 0x00, 0x00, 0x00, 0x00, 0x00, 0x00, 0x00, 0x00, 0x00, 0x00, 0x00,
  0x00, 0x00, 0x00, 0x00, 0x00, 0x00, 0x00, 0x00, 0x00, 0x00, 0x00, 0x00,
  0x00, 0x00, 0x00, 0x00, 0x00, 0x00, 0x00, 0x00, 0x00, 0x00, 0x00, 0x00,
  0x00, 0x00, 0x00, 0x00, 0x00, 0x00, 0x00, 0x00, 0x00, 0x00, 0x00, 0x00,
  0x00, 0x00, 0x00, 0x00, 0x00, 0x00, 0x00, 0x00, 0x00, 0x00, 0x00, 0x00,
  0x00, 0x00, 0x00, 0x00, 0x00, 0x00, 0x00, 0x00, 0x00, 0x00, 0x00, 0x00,
  0x00, 0x00, 0x00, 0x00, 0x00, 0x00, 0x00, 0x00, 0x00, 0x00, 0x00, 0x00,
  0x00, 0x00, 0x00, 0x00, 0x00, 0x00, 0x00, 0x00, 0x00, 0x00, 0x00, 0x00,
  0x00, 0x00, 0x00, 0x00, 0x00, 0x00, 0x00, 0x00, 0x00, 0x00, 0x00, 0x00,
  0x00, 0x00, 0x00, 0x00, 0x00, 0x00, 0x00, 0x00, 0x00, 0x00, 0x00, 0x00,
  0x00, 0x00, 0x00, 0x00, 0x00, 0x00, 0x00, 0x00, 0x00, 0x00, 0x00, 0x00,
  0x00, 0x00, 0x00, 0x00, 0x00, 0x00, 0x00, 0x00, 0x00, 0x00, 0x00, 0x00,
  0x00, 0x00, 0x00, 0x00, 0x00, 0x00, 0x00, 0x00, 0x00, 0x00, 0x00, 0x00,
  0x00, 0x00, 0x00, 0x00, 0x00, 0x00, 0x00, 0x00, 0x00, 0x00, 0x00, 0x00,
  0x00, 0x00, 0x00, 0x00, 0x00, 0x00, 0x00, 0x00, 0x00, 0x00, 0x00, 0x00,
  0x00, 0x00, 0x00, 0x00, 0x00, 0x00, 0x00, 0x00, 0x00, 0x00, 0x00, 0x00,
  0x00, 0x00, 0x00, 0x00, 0x00, 0x00, 0x00, 0x00, 0x00, 0x00, 0x00, 0x00,
  0x00, 0x00, 0x00, 0x00, 0x00, 0x00, 0x00, 0x00, 0x00, 0x00, 0x00, 0x00,
  0x00, 0x00, 0x00, 0x00, 0x00, 0x00, 0x00, 0x00, 0x00, 0x00, 0x00, 0x00,
  0x00, 0x00, 0x00, 0x00, 0x00, 0x00, 0x00, 0x00, 0x00, 0x00, 0x00, 0x00,
  0x00, 0x00, 0x00, 0x00, 0x00, 0x00, 0x00, 0x00, 0x00, 0x00, 0x00, 0x00,
  0x00, 0x00, 0x00, 0x00, 0x00, 0x00, 0x00, 0x00, 0x00, 0x00, 0x00, 0x00,
  0x00, 0x00, 0x00, 0x00, 0x00, 0x00, 0x00, 0x00, 0x00, 0x00, 0x00, 0x00,
  0x00, 0x00, 0x00, 0x00, 0x00, 0x00, 0x00, 0x00, 0x00, 0x00, 0x00, 0x00,
  0x00, 0x00, 0x00, 0x00, 0x00, 0x00, 0x00, 0x00, 0x00, 0x00, 0x00, 0x00,
  0x00, 0x00, 0x00, 0x00, 0x00, 0x00, 0x00, 0x00, 0x00, 0x00, 0x00, 0x00,
  0x00, 0x00, 0x00, 0x00, 0x00, 0x00, 0x00, 0x00, 0x00, 0x00, 0x00, 0x00,
  0x00, 0x00, 0x00, 0x00, 0x00, 0x00, 0x00, 0x00, 0x00, 0x00, 0x00, 0x00,
  0x00, 0x00, 0x00, 0x00, 0x00, 0x00, 0x00, 0x00, 0x00, 0x00, 0x00, 0x00,
  0x00, 0x00, 0x00, 0x00, 0x00, 0x00, 0x00, 0x00, 0x00, 0x00, 0x00, 0x00,
  0x00, 0x00, 0x00, 0x00, 0x00, 0x00, 0x00, 0x00, 0x00, 0x00, 0x00, 0x00,
  0x00, 0x00, 0x00, 0x00, 0x00, 0x00, 0x00, 0x00, 0x00, 0x00, 0x00, 0x00,
  0x00, 0x00, 0x00, 0x00, 0x00, 0x00, 0x00, 0x00, 0x40, 0x00, 0x00, 0x00,
  0xcc, 0x43, 0x2b, 0x38, 0xa9, 0xaf, 0x3f, 0x38, 0x48, 0xf5, 0x35, 0x38,
  0xcc, 0x43, 0x2b, 0x38, 0xa9, 0xaf, 0x3f, 0x38, 0xa9, 0xaf, 0x3f, 0x38,
  0xa9, 0xaf, 0x3f, 0x38, 0xa9, 0xaf, 0x3f, 0x38, 0x65, 0x21, 0x23, 0x38,
  0x65, 0x21, 0x23, 0x38, 0x65, 0x21, 0x23, 0x38, 0x48, 0xf5, 0x35, 0x38,
  0xcc, 0x43, 0x2b, 0x38, 0xa9, 0xaf, 0x3f, 0x38, 0xcc, 0x43, 0x2b, 0x38,
  0x3c, 0x42, 0x1b, 0x38, 0xcc, 0x43, 0x2b, 0x38, 0x48, 0xf5, 0x35, 0x38,
  0x48, 0xf5, 0x35, 0x38, 0xa9, 0xaf, 0x3f, 0x38, 0xa9, 0xaf, 0x3f, 0x38,
  0xa9, 0xaf, 0x3f, 0x38, 0xcc, 0x43, 0x2b, 0x38, 0x48, 0xf5, 0x35, 0x38,
  0x48, 0xf5, 0x35, 0x38, 0xcc, 0x43, 0x2b, 0x38, 0xa9, 0xaf, 0x3f, 0x38,
  0x48, 0xf5, 0x35, 0x38, 0xcc, 0x43, 0x2b, 0x38, 0xa9, 0xaf, 0x3f, 0x38,
  0x48, 0xf5, 0x35, 0x38, 0x48, 0xf5, 0x35, 0x38, 0xcc, 0x43, 0x2b, 0x38,
  0x65, 0x21, 0x23, 0x38, 0xa9, 0xaf, 0x3f, 0x38, 0x48, 0xf5, 0x35, 0x38,
  0x48, 0xf5, 0x35, 0x38, 0xa9, 0xaf, 0x3f, 0x38, 0xa9, 0xaf, 0x3f, 0x38,
  0xcc, 0x43, 0x2b, 0x38, 0xa9, 0xaf, 0x3f, 0x38, 0xa9, 0xaf, 0x3f, 0x38,
  0xa9, 0xaf, 0x3f, 0x38, 0xcc, 0x43, 0x2b, 0x38, 0x48, 0xf5, 0x35, 0x38,
  0x48, 0xf5, 0x35, 0x38, 0xa9, 0xaf, 0x3f, 0x38, 0x65, 0x21, 0x23, 0x38,
  0xcc, 0x43, 0x2b, 0x38, 0xa9, 0xaf, 0x3f, 0x38, 0x48, 0xf5, 0x35, 0x38,
  0x48, 0xf5, 0x35, 0x38, 0xa9, 0xaf, 0x3f, 0x38, 0xa9, 0xaf, 0x3f, 0x38,
  0x48, 0xf5, 0x35, 0x38, 0x65, 0x21, 0x23, 0x38, 0xa9, 0xaf, 0x3f, 0x38,
  0x65, 0x21, 0x23, 0x38, 0xa9, 0xaf, 0x3f, 0x38, 0xa9, 0xaf, 0x3f, 0x38,
  0xcc, 0x43, 0x2b, 0x38, 0x48, 0xf5, 0x35, 0x38, 0xcc, 0x43, 0x2b, 0x38,
  0xa9, 0xaf, 0x3f, 0x38, 0x66, 0x97, 0xfe, 0xff, 0x04, 0x00, 0x00, 0x00,
  0x00, 0x01, 0x00, 0x00, 0x55, 0xff, 0xff, 0xff, 0x2b, 0x00, 0x00, 0x00,
  0xee, 0x00, 0x00, 0x00, 0x5c, 0x00, 0x00, 0x00, 0x06, 0x00, 0x00, 0x00,
  0x3a, 0x04, 0x00, 0x00, 0x1f, 0xfe, 0xff, 0xff, 0x5e, 0xfe, 0xff, 0xff,
  0x67, 0xff, 0xff, 0xff, 0x25, 0x00, 0x00, 0x00, 0xea, 0x00, 0x00, 0x00,
  0xc3, 0x03, 0x00, 0x00, 0xde, 0xff, 0xff, 0xff, 0xb1, 0x00, 0x00, 0x00,
  0xb5, 0x00, 0x00, 0x00, 0xf1, 0xfe, 0xff, 0xff, 0xf8, 0xfe, 0xff, 0xff,
  0x56, 0x00, 0x00, 0x00, 0xf9, 0xff, 0xff, 0xff, 0x8f, 0x00, 0x00, 0x00,
  0xdb, 0xfe, 0xff, 0xff, 0x92, 0x01, 0x00, 0x00, 0x0a, 0x00, 0x00, 0x00,
  0xdd, 0x03, 0x00, 0x00, 0x30, 0x01, 0x00, 0x00, 0x7e, 0xff, 0xff, 0xff,
  0xb4, 0x01, 0x00, 0x00, 0x33, 0xfe, 0xff, 0xff, 0xa0, 0xff, 0xff, 0xff,
  0x2d, 0xfb, 0xff, 0xff, 0x0b, 0x01, 0x00, 0x00, 0x45, 0x01, 0x00, 0x00,
  0x45, 0x01, 0x00, 0x00, 0xde, 0xfe, 0xff, 0xff, 0x32, 0xfe, 0xff, 0xff,
  0x7e, 0xfe, 0xff, 0xff, 0xc8, 0x01, 0x00, 0x00, 0xad, 0x03, 0x00, 0x00,
  0x13, 0xfd, 0xff, 0xff, 0xdd, 0xfe, 0xff, 0xff, 0x78, 0xff, 0xff, 0xff,
  0x2a, 0xfe, 0xff, 0xff, 0xdd, 0xfd, 0xff, 0xff, 0xef, 0xff, 0xff, 0xff,
  0xff, 0x01, 0x00, 0x00, 0x0d, 0xfd, 0xff, 0xff, 0x88, 0x01, 0x00, 0x00,
  0x45, 0xff, 0xff, 0xff, 0x56, 0x00, 0x00, 0x00, 0x7d, 0xfa, 0xff, 0xff,
  0xfb, 0x02, 0x00, 0x00, 0x4a, 0xff, 0xff, 0xff, 0x7d, 0x03, 0x00, 0x00,
  0x12, 0xfe, 0xff, 0xff, 0x2f, 0xfe, 0xff, 0xff, 0x6f, 0x02, 0x00, 0x00,
  0x17, 0xff, 0xff, 0xff, 0x5b, 0x00, 0x00, 0x00, 0xd6, 0xfd, 0xff, 0xff,
  0x8f, 0x02, 0x00, 0x00, 0x62, 0xfe, 0xff, 0xff, 0xeb, 0x00, 0x00, 0x00,
  0x9c, 0x00, 0x00, 0x00, 0xd0, 0xfe, 0xff, 0xff, 0xca, 0x98, 0xfe, 0xff,
  0x00, 0x00, 0x09, 0x01, 0x24, 0x00, 0x00, 0x00, 0x2a, 0x00, 0x00, 0x00,
  0x08, 0x00, 0x00, 0x00, 0x1c, 0x00, 0x00, 0x00, 0x0f, 0x00, 0x00, 0x00,
  0x61, 0x72, 0x69, 0x74, 0x68, 0x2e, 0x63, 0x6f, 0x6e, 0x73, 0x74, 0x61,
  0x6e, 0x74, 0x38, 0x00, 0x00, 0x00, 0x00, 0x00, 0x14, 0x9c, 0xfe, 0xff,
  0x14, 0x00, 0x00, 0x00, 0x04, 0x00, 0x00, 0x00, 0x01, 0x00, 0x00, 0x00,
  0x80, 0xff, 0xff, 0xff, 0xff, 0xff, 0xff, 0xff, 0x01, 0x00, 0x00, 0x00,
  0x81, 0x80, 0x80, 0x3b, 0x1a, 0x99, 0xfe, 0xff, 0x00, 0x00, 0x09, 0x01,
  0x7c, 0x00, 0x00, 0x00, 0x2c, 0x00, 0x00, 0x00, 0x08, 0x00, 0x00, 0x00,
  0x7c, 0x00, 0x00, 0x00, 0x65, 0x00, 0x00, 0x00, 0x74, 0x69, 0x6e, 0x79,
  0x5f, 0x6e, 0x69, 0x64, 0x73, 0x5f, 0x74, 0x72, 0x61, 0x6e, 0x73, 0x66,
  0x6f, 0x72, 0x6d, 0x65, 0x72, 0x5f, 0x31, 0x2f, 0x65, 0x6e, 0x63, 0x6f,
  0x64, 0x65, 0x72, 0x5f, 0x62, 0x6c, 0x6f, 0x63, 0x6b, 0x5f, 0x30, 0x5f,
  0x31, 0x2f, 0x6d, 0x75, 0x6c, 0x74, 0x69, 0x5f, 0x68, 0x65, 0x61, 0x64,
  0x5f, 0x6c, 0x69, 0x6e, 0x65, 0x61, 0x72, 0x5f, 0x61, 0x74, 0x74, 0x65,
  0x6e, 0x74, 0x69, 0x6f, 0x6e, 0x5f, 0x32, 0x5f, 0x31, 0x2f, 0x64, 0x65,
  0x6e, 0x73, 0x65, 0x5f, 0x31, 0x34, 0x5f, 0x31, 0x2f, 0x54, 0x65, 0x6e,
  0x73, 0x6f, 0x72, 0x64, 0x6f, 0x74, 0x2f, 0x4d, 0x61, 0x74, 0x4d, 0x75,
  0x6c, 0x00, 0x00, 0x00, 0x02, 0x00, 0x00, 0x00, 0x40, 0x00, 0x00, 0x00,
  0x40, 0x00, 0x00, 0x00, 0xc4, 0x9c, 0xfe, 0xff, 0x10, 0x02, 0x00, 0x00,
  0x04, 0x00, 0x00, 0x00, 0x40, 0x00, 0x00, 0x00, 0x00, 0x00, 0x00, 0x00,
  0x00, 0x00, 0x00, 0x00, 0x00, 0x00, 0x00, 0x00, 0x00, 0x00, 0x00, 0x00,
  0x00, 0x00, 0x00, 0x00, 0x00, 0x00, 0x00, 0x00, 0x00, 0x00, 0x00, 0x00,
  0x00, 0x00, 0x00, 0x00, 0x00, 0x00, 0x00, 0x00, 0x00, 0x00, 0x00, 0x00,
  0x00, 0x00, 0x00, 0x00, 0x00, 0x00, 0x00, 0x00, 0x00, 0x00, 0x00, 0x00,
  0x00, 0x00, 0x00, 0x00, 0x00, 0x00, 0x00, 0x00, 0x00, 0x00, 0x00, 0x00,
  0x00, 0x00, 0x00, 0x00, 0x00, 0x00, 0x00, 0x00, 0x00, 0x00, 0x00, 0x00,
  0x00, 0x00, 0x00, 0x00, 0x00, 0x00, 0x00, 0x00, 0x00, 0x00, 0x00, 0x00,
  0x00, 0x00, 0x00, 0x00, 0x00, 0x00, 0x00, 0x00, 0x00, 0x00, 0x00, 0x00,
  0x00, 0x00, 0x00, 0x00, 0x00, 0x00, 0x00, 0x00, 0x00, 0x00, 0x00, 0x00,
  0x00, 0x00, 0x00, 0x00, 0x00, 0x00, 0x00, 0x00, 0x00, 0x00, 0x00, 0x00,
  0x00, 0x00, 0x00, 0x00, 0x00, 0x00, 0x00, 0x00, 0x00, 0x00, 0x00, 0x00,
  0x00, 0x00, 0x00, 0x00, 0x00, 0x00, 0x00, 0x00, 0x00, 0x00, 0x00, 0x00,
  0x00, 0x00, 0x00, 0x00, 0x00, 0x00, 0x00, 0x00, 0x00, 0x00, 0x00, 0x00,
  0x00, 0x00, 0x00, 0x00, 0x00, 0x00, 0x00, 0x00, 0x00, 0x00, 0x00, 0x00,
  0x00, 0x00, 0x00, 0x00, 0x00, 0x00, 0x00, 0x00, 0x00, 0x00, 0x00, 0x00,
  0x00, 0x00, 0x00, 0x00, 0x00, 0x00, 0x00, 0x00, 0x00, 0x00, 0x00, 0x00,
  0x00, 0x00, 0x00, 0x00, 0x00, 0x00, 0x00, 0x00, 0x00, 0x00, 0x00, 0x00,
  0x00, 0x00, 0x00, 0x00, 0x00, 0x00, 0x00, 0x00, 0x00, 0x00, 0x00, 0x00,
  0x00, 0x00, 0x00, 0x00, 0x00, 0x00, 0x00, 0x00, 0x00, 0x00, 0x00, 0x00,
  0x00, 0x00, 0x00, 0x00, 0x00, 0x00, 0x00, 0x00, 0x00, 0x00, 0x00, 0x00,
  0x00, 0x00, 0x00, 0x00, 0x00, 0x00, 0x00, 0x00, 0x00, 0x00, 0x00, 0x00,
  0x00, 0x00, 0x00, 0x00, 0x00, 0x00, 0x00, 0x00, 0x00, 0x00, 0x00, 0x00,
  0x00, 0x00, 0x00, 0x00, 0x00, 0x00, 0x00, 0x00, 0x00, 0x00, 0x00, 0x00,
  0x00, 0x00, 0x00, 0x00, 0x00, 0x00, 0x00, 0x00, 0x00, 0x00, 0x00, 0x00,
  0x00, 0x00, 0x00, 0x00, 0x00, 0x00, 0x00, 0x00, 0x00, 0x00, 0x00, 0x00,
  0x00, 0x00, 0x00, 0x00, 0x00, 0x00, 0x00, 0x00, 0x00, 0x00, 0x00, 0x00,
  0x00, 0x00, 0x00, 0x00, 0x00, 0x00, 0x00, 0x00, 0x00, 0x00, 0x00, 0x00,
  0x00, 0x00, 0x00, 0x00, 0x00, 0x00, 0x00, 0x00, 0x00, 0x00, 0x00, 0x00,
  0x00, 0x00, 0x00, 0x00, 0x00, 0x00, 0x00, 0x00, 0x00, 0x00, 0x00, 0x00,
  0x00, 0x00, 0x00, 0x00, 0x00, 0x00, 0x00, 0x00, 0x00, 0x00, 0x00, 0x00,
  0x00, 0x00, 0x00, 0x00, 0x00, 0x00, 0x00, 0x00, 0x00, 0x00, 0x00, 0x00,
  0x00, 0x00, 0x00, 0x00, 0x00, 0x00, 0x00, 0x00, 0x00, 0x00, 0x00, 0x00,
  0x00, 0x00, 0x00, 0x00, 0x00, 0x00, 0x00, 0x00, 0x00, 0x00, 0x00, 0x00,
  0x00, 0x00, 0x00, 0x00, 0x00, 0x00, 0x00, 0x00, 0x00, 0x00, 0x00, 0x00,
  0x00, 0x00, 0x00, 0x00, 0x00, 0x00, 0x00, 0x00, 0x00, 0x00, 0x00, 0x00,
  0x00, 0x00, 0x00, 0x00, 0x00, 0x00, 0x00, 0x00, 0x00, 0x00, 0x00, 0x00,
  0x00, 0x00, 0x00, 0x00, 0x00, 0x00, 0x00, 0x00, 0x00, 0x00, 0x00, 0x00,
  0x00, 0x00, 0x00, 0x00, 0x00, 0x00, 0x00, 0x00, 0x00, 0x00, 0x00, 0x00,
  0x00, 0x00, 0x00, 0x00, 0x00, 0x00, 0x00, 0x00, 0x00, 0x00, 0x00, 0x00,
  0x00, 0x00, 0x00, 0x00, 0x00, 0x00, 0x00, 0x00, 0x00, 0x00, 0x00, 0x00,
  0x00, 0x00, 0x00, 0x00, 0x00, 0x00, 0x00, 0x00, 0x00, 0x00, 0x00, 0x00,
  0x00, 0x00, 0x00, 0x00, 0x00, 0x00, 0x00, 0x00, 0x00, 0x00, 0x00, 0x00,
  0x00, 0x00, 0x00, 0x00, 0x00, 0x00, 0x00, 0x00, 0x40, 0x00, 0x00, 0x00,
  0x63, 0xa4, 0xdf, 0x3a, 0x63, 0xa4, 0xdf, 0x3a, 0x02, 0xf2, 0xe5, 0x3a,
  0x63, 0xa4, 0xdf, 0x3a, 0x02, 0xf2, 0xe5, 0x3a, 0x7f, 0x1a, 0xff, 0x3a,
  0x02, 0xf2, 0xe5, 0x3a, 0x02, 0xf2, 0xe5, 0x3a, 0x7f, 0x1a, 0xff, 0x3a,
  0x0a, 0x06, 0x02, 0x3b, 0x0a, 0x06, 0x02, 0x3b, 0x0a, 0x06, 0x02, 0x3b,
  0x0a, 0x06, 0x02, 0x3b, 0x02, 0xf2, 0xe5, 0x3a, 0x02, 0xf2, 0xe5, 0x3a,
  0x02, 0xf2, 0xe5, 0x3a, 0x02, 0xf2, 0xe5, 0x3a, 0x0a, 0x06, 0x02, 0x3b,
  0x0a, 0x06, 0x02, 0x3b, 0x02, 0xf2, 0xe5, 0x3a, 0x0a, 0x06, 0x02, 0x3b,
  0x0a, 0x06, 0x02, 0x3b, 0x02, 0xf2, 0xe5, 0x3a, 0x02, 0xf2, 0xe5, 0x3a,
  0x02, 0xf2, 0xe5, 0x3a, 0x02, 0xf2, 0xe5, 0x3a, 0x7f, 0x1a, 0xff, 0x3a,
  0x02, 0xf2, 0xe5, 0x3a, 0x0a, 0x06, 0x02, 0x3b, 0xaf, 0x6a, 0xd0, 0x3a,
  0x02, 0xf2, 0xe5, 0x3a, 0x7f, 0x1a, 0xff, 0x3a, 0x0a, 0x06, 0x02, 0x3b,
  0x0a, 0x06, 0x02, 0x3b, 0x7f, 0x1a, 0xff, 0x3a, 0x7f, 0x1a, 0xff, 0x3a,
  0x7f, 0x1a, 0xff, 0x3a, 0x0a, 0x06, 0x02, 0x3b, 0x02, 0xf2, 0xe5, 0x3a,
  0x0a, 0x06, 0x02, 0x3b, 0x0a, 0x06, 0x02, 0x3b, 0x7f, 0x1a, 0xff, 0x3a,
  0x0a, 0x06, 0x02, 0x3b, 0x7f, 0x1a, 0xff, 0x3a, 0x7f, 0x1a, 0xff, 0x3a,
  0x0a, 0x06, 0x02, 0x3b, 0x0a, 0x06, 0x02, 0x3b, 0x02, 0xf2, 0xe5, 0x3a,
  0x0a, 0x06, 0x02, 0x3b, 0xaf, 0x6a, 0xd0, 0x3a, 0x0a, 0x06, 0x02, 0x3b,
  0x7f, 0x1a, 0xff, 0x3a, 0x0a, 0x06, 0x02, 0x3b, 0x63, 0xa4, 0xdf, 0x3a,
  0x7f, 0x1a, 0xff, 0x3a, 0x7f, 0x1a, 0xff, 0x3a, 0x7f, 0x1a, 0xff, 0x3a,
  0x02, 0xf2, 0xe5, 0x3a, 0x0a, 0x06, 0x02, 0x3b, 0x0a, 0x06, 0x02, 0x3b,
  0x0a, 0x06, 0x02, 0x3b, 0x0a, 0x06, 0x02, 0x3b, 0x7f, 0x1a, 0xff, 0x3a,
  0x02, 0xf2, 0xe5, 0x3a, 0x6a, 0x9c, 0xfe, 0xff, 0x04, 0x00, 0x00, 0x00,
  0x00, 0x10, 0x00, 0x00, 0x00, 0x54, 0x00, 0x00, 0x00, 0x4b, 0xa8, 0x4b,
  0x4b, 0x68, 0x4b, 0x00, 0xbc, 0x00, 0xbc, 0x72, 0x00, 0x54, 0xbc, 0x00,
  0x00, 0x7f, 0x00, 0x00, 0xa8, 0x43, 0x00, 0x00, 0x7f, 0x8a, 0x72, 0x8a,
  0x5e, 0xbc, 0x00, 0x00, 0x00, 0x00, 0x4b, 0x72, 0xb3, 0x00, 0x68, 0x00,
  0x00, 0x72, 0x94, 0x5e, 0x00, 0x54, 0x00, 0x4b, 0xa8, 0x00, 0x00, 0x68,
  0x43, 0x68, 0x00, 0x00, 0x00, 0x00, 0x72, 0x00, 0x94, 0x8a, 0xbc, 0x9e,
  0x54, 0x94, 0x54, 0x72, 0x72, 0x00, 0x00, 0x43, 0x00, 0x68, 0x00, 0x4b,
  0x4b, 0x8a, 0x00, 0x94, 0x7f, 0x4b, 0x00, 0x8a, 0x00, 0x94, 0x00, 0x00,
  0x7f, 0xbc, 0x00, 0x9e, 0x9e, 0x4b, 0x54, 0x94, 0x54, 0xa8, 0x00, 0x00,
  0x00, 0x00, 0x68, 0x94, 0x00, 0xa8, 0x00, 0x00, 0x00, 0x54, 0x4b, 0x00,
  0x00, 0x4b, 0x00, 0xb3, 0x00, 0x54, 0x00, 0x00, 0xb3, 0x7f, 0x00, 0x5e,
  0x00, 0x6f, 0x00, 0x5c, 0xb5, 0x00, 0x00, 0x00, 0x8d, 0x49, 0x97, 0x65,
  0x81, 0x00, 0x6f, 0xbe, 0x00, 0x00, 0x00, 0x00, 0x00, 0x00, 0x65, 0x00,
  0xaa, 0x00, 0x8d, 0x97, 0x6f, 0x81, 0x00, 0x8d, 0x65, 0x00, 0xaa, 0x00,
  0x5c, 0x00, 0x00, 0x00, 0x00, 0x6f, 0x00, 0x00, 0x00, 0x00, 0x52, 0x00,
  0x00, 0x52, 0x00, 0x00, 0x41, 0x49, 0x00, 0x00, 0x00, 0x65, 0xaa, 0x00,
  0x7c, 0x00, 0x52, 0x00, 0x00, 0x43, 0x00, 0x00, 0x00, 0x00, 0x54, 0x72,
  0x5e, 0x00, 0x00, 0x00, 0x9e, 0x68, 0x00, 0xbc, 0x43, 0x9e, 0x00, 0x00,
  0x9e, 0x5e, 0x00, 0x8a, 0xb3, 0x00, 0x00, 0x00, 0xb3, 0x94, 0x9e, 0x00,
  0x00, 0x54, 0x00, 0x00, 0xb3, 0x94, 0x4b, 0x00, 0x00, 0x54, 0x68, 0x00,
  0x00, 0xa8, 0x00, 0x00, 0x00, 0x00, 0x00, 0x00, 0x00, 0x00, 0x4b, 0x7f,
  0x00, 0xa8, 0x00, 0xbc, 0x00, 0x00, 0x00, 0xa8, 0x00, 0x65, 0x97, 0x97,
  0xbe, 0x65, 0x00, 0x00, 0xa0, 0x00, 0x00, 0xaa, 0x00, 0x41, 0x00, 0xbe,
  0x00, 0x65, 0x00, 0xbe, 0x00, 0x8d, 0x00, 0x00, 0x8d, 0x00, 0x00, 0x00,
  0x97, 0x00, 0x00, 0x00, 0xa0, 0x00, 0xa0, 0x00, 0x7c, 0x00, 0x00, 0x00,
  0x00, 0x52, 0x00, 0x5c, 0x00, 0x00, 0x00, 0xbe, 0x00, 0xbe, 0x81, 0x00,
  0x00, 0x5c, 0x00, 0x52, 0x00, 0xa0, 0x7c, 0xb5, 0x00, 0x97, 0x00, 0x00,
  0x00, 0x4a, 0x00, 0x98, 0xbd, 0xa1, 0x00, 0xaa, 0x00, 0x7f, 0xbd, 0x00,
  0xaa, 0xbd, 0xbd, 0xa1, 0x00, 0x98, 0xb3, 0xbd, 0x00, 0x64, 0x5b, 0x00,
  0x98, 0xbd, 0xb3, 0x53, 0x4a, 0x00, 0xc5, 0x3a, 0x42, 0x00, 0x00, 0x00,
  0x53, 0x00, 0xb3, 0x00, 0x64, 0x00, 0x00, 0x4a, 0x00, 0x00, 0x00, 0x00,
  0x00, 0x00, 0xaa, 0x98, 0x64, 0xaa, 0x00, 0x00, 0x00, 0x00, 0xa1, 0x53,
  0x00, 0x53, 0x00, 0x00, 0x65, 0x8d, 0x00, 0x00, 0x00, 0x00, 0x7c, 0x00,
  0x00, 0xaa, 0x00, 0x00, 0x49, 0x00, 0x49, 0x00, 0x97, 0x00, 0x8d, 0x00,
  0x6f, 0x5c, 0x6f, 0x00, 0x00, 0x00, 0x00, 0x00, 0x00, 0x00, 0x00, 0x00,
  0x5c, 0x41, 0x7c, 0x00, 0x00, 0x00, 0x65, 0xb5, 0x00, 0x00, 0x7c, 0x81,
  0xbe, 0xa0, 0x00, 0x52, 0x41, 0xbe, 0x00, 0xbe, 0x00, 0x00, 0x6f, 0x81,
  0x41, 0x81, 0x00, 0x00, 0xbe, 0x81, 0x52, 0x00, 0x00, 0x6f, 0xbe, 0x00,
  0x5c, 0x5c, 0x00, 0x8d, 0x00, 0xaa, 0x00, 0xa0, 0x00, 0x00, 0x8d, 0xbe,
  0xaa, 0x97, 0x5c, 0x52, 0x6f, 0x00, 0x65, 0x00, 0x00, 0x00, 0x6f, 0x00,
  0xa0, 0x00, 0x00, 0xbe, 0x41, 0x65, 0x00, 0x52, 0x00, 0x00, 0x5c, 0xb5,
  0x5c, 0x65, 0x00, 0x00, 0xaa, 0x00, 0x97, 0x00, 0x00, 0xbe, 0x81, 0x00,
  0x00, 0x7c, 0x81, 0x00, 0x97, 0x52, 0x97, 0x97, 0xa0, 0x00, 0x00, 0x00,
  0xb3, 0x64, 0xb3, 0x00, 0xa1, 0x00, 0x00, 0x42, 0x3a, 0x00, 0xbd, 0x00,
  0x5b, 0x64, 0x8e, 0x00, 0x00, 0x53, 0x5b, 0x00, 0x5b, 0xaa, 0x00, 0x8e,
  0x5b, 0x53, 0x00, 0x00, 0x00, 0x53, 0x00, 0xc5, 0x00, 0x8e, 0x00, 0x6f,
  0x00, 0x00, 0xaa, 0xa1, 0x00, 0x00, 0x00, 0x7f, 0x00, 0x00, 0x5b, 0x00,
  0x00, 0x00, 0x00, 0x00, 0x7f, 0x5b, 0x00, 0x00, 0x00, 0x00, 0xc5, 0x42,
  0x7f, 0x98, 0x98, 0x00, 0x00, 0x00, 0x7d, 0x00, 0x00, 0x00, 0xa3, 0x51,
  0x00, 0x00, 0x00, 0x00, 0x00, 0x00, 0x90, 0x00, 0x00, 0x00, 0x00, 0x9a,
  0x00, 0x00, 0x00, 0x6d, 0xac, 0xac, 0x00, 0x00, 0x00, 0xbe, 0x90, 0x51,
  0x62, 0x39, 0x9a, 0xbe, 0x90, 0x00, 0x40, 0x39, 0x00, 0x00, 0x00, 0x6d,
  0x00, 0x00, 0xac, 0x48, 0xc6, 0x48, 0x81, 0x00, 0xb4, 0x62, 0x00, 0x6d,
  0x00, 0x00, 0x00, 0x62, 0x40, 0xb4, 0x90, 0x00, 0x62, 0x00, 0x00, 0x00,
  0x00, 0x00, 0xbe, 0xa3, 0x00, 0x59, 0x00, 0x00, 0x00, 0x00, 0xc6, 0x00,
  0x00, 0x9a, 0x51, 0x00, 0x00, 0xc6, 0xac, 0x00, 0x00, 0x59, 0x00, 0xbe,
  0xac, 0x00, 0x40, 0x00, 0xac, 0x00, 0xa3, 0xc6, 0xc6, 0xbe, 0x40, 0x00,
  0x00, 0x00, 0x00, 0x51, 0xb4, 0x40, 0x00, 0x51, 0x59, 0x00, 0x81, 0xa3,
  0x00, 0x00, 0x48, 0x6d, 0x00, 0x00, 0x00, 0x00, 0x62, 0x40, 0x9a, 0x00,
  0x00, 0x00, 0x62, 0x6d, 0x00, 0x40, 0x48, 0x00, 0x00, 0x00, 0x90, 0x00,
  0x00, 0x00, 0x00, 0x59, 0xa3, 0xc6, 0x59, 0x39, 0xbe, 0x00, 0x00, 0x40,
  0x00, 0xbe, 0xac, 0x00, 0x81, 0xbe, 0xb4, 0x6d, 0x00, 0x00, 0xac, 0x00,
  0xa3, 0xc6, 0x00, 0x00, 0x00, 0x00, 0x00, 0x48, 0xb4, 0x6d, 0x00, 0xb4,
  0x48, 0x00, 0x00, 0x00, 0xac, 0xa3, 0xbe, 0x40, 0xac, 0x00, 0x00, 0x00,
  0x00, 0x00, 0xb4, 0x00, 0x00, 0x40, 0xb4, 0xac, 0xb4, 0x48, 0xb4, 0x51,
  0x00, 0x00, 0x00, 0x00, 0x59, 0x00, 0x00, 0x00, 0x51, 0x00, 0xb4, 0x00,
  0x00, 0x00, 0xa3, 0x00, 0x62, 0xbe, 0x00, 0x00, 0x00, 0x00, 0xac, 0x00,
  0x00, 0x00, 0x81, 0x00, 0x9a, 0xc6, 0x00, 0x59, 0x39, 0x00, 0x81, 0xc6,
  0x00, 0xac, 0x9a, 0x00, 0x39, 0x00, 0x81, 0xb4, 0x6d, 0x39, 0x90, 0x00,
  0xa3, 0x00, 0x00, 0x00, 0x59, 0x39, 0x00, 0x00, 0x8d, 0x7c, 0x49, 0x00,
  0x5c, 0x41, 0x00, 0x7c, 0x7c, 0x97, 0x81, 0x49, 0x81, 0x65, 0x49, 0x65,
  0x00, 0x52, 0x97, 0x00, 0xb5, 0xa0, 0x97, 0x8d, 0xa0, 0x52, 0xaa, 0x81,
  0x7c, 0x00, 0x00, 0x00, 0x7c, 0x52, 0x97, 0x00, 0x00, 0x00, 0x00, 0x97,
  0x65, 0x00, 0x00, 0x00, 0x00, 0x41, 0x97, 0x81, 0x00, 0x52, 0x7c, 0x41,
  0xb5, 0x8d, 0x00, 0x00, 0x00, 0x5c, 0x00, 0x00, 0x00, 0x41, 0x97, 0x8d,
  0x6f, 0x00, 0x49, 0x81, 0x5c, 0x00, 0x65, 0x52, 0x00, 0x00, 0x00, 0x00,
  0x00, 0x97, 0xbe, 0x49, 0x52, 0x8d, 0x00, 0x00, 0x00, 0x00, 0x00, 0x00,
  0x49, 0x00, 0x5c, 0x7c, 0xbe, 0x00, 0x00, 0x00, 0x6f, 0xb5, 0x00, 0x00,
  0x00, 0x8d, 0x5c, 0x00, 0x81, 0x00, 0x00, 0x7c, 0x97, 0x97, 0x00, 0xaa,
  0x00, 0x00, 0x00, 0x00, 0x00, 0x00, 0xb5, 0xbe, 0x6f, 0x00, 0x00, 0x00,
  0x7c, 0xa0, 0x00, 0xaa, 0x65, 0x00, 0x00, 0x00, 0x6f, 0x7c, 0x00, 0x00,
  0x00, 0x7c, 0xb5, 0xaa, 0x00, 0x00, 0x6f, 0x00, 0x00, 0x00, 0x52, 0x49,
  0x6f, 0x00, 0x7c, 0x65, 0x00, 0xa0, 0x5c, 0xbe, 0x97, 0x00, 0xaa, 0x00,
  0x00, 0x00, 0x00, 0x00, 0x97, 0x5c, 0xaa, 0x00, 0x00, 0x00, 0x41, 0x00,
  0x5c, 0x00, 0x81, 0x00, 0xbe, 0x00, 0x00, 0x00, 0xbe, 0x00, 0x00, 0xaa,
  0x00, 0x00, 0x97, 0x41, 0x00, 0x00, 0x00, 0x00, 0x00, 0xbe, 0x7c, 0xaa,
  0xa0, 0x97, 0x00, 0x00, 0x97, 0x8d, 0x00, 0x6f, 0x52, 0x00, 0x65, 0x65,
  0x97, 0xa0, 0x00, 0x65, 0x00, 0x00, 0x6f, 0x5c, 0x00, 0x00, 0xb5, 0xaa,
  0x6f, 0x00, 0x00, 0x00, 0x6f, 0x00, 0x81, 0x00, 0x00, 0x00, 0x41, 0x00,
  0xbe, 0xbe, 0x00, 0x00, 0x00, 0x00, 0x00, 0x52, 0x00, 0x00, 0x00, 0x00,
  0x00, 0x00, 0x8d, 0x00, 0xb5, 0x00, 0x00, 0xaa, 0xaa, 0x52, 0xaa, 0x52,
  0x00, 0x9a, 0x00, 0xa3, 0x00, 0x00, 0xc6, 0x00, 0x00, 0xb4, 0x00, 0x00,
  0x39, 0x7d, 0x00, 0x00, 0x00, 0x51, 0x00, 0x00, 0x81, 0x6d, 0x51, 0x00,
  0x00, 0x00, 0x62, 0x62, 0x00, 0xbe, 0x00, 0x00, 0x59, 0xc6, 0x59, 0x00,
  0x00, 0x00, 0x00, 0x48, 0x00, 0x00, 0xc6, 0x00, 0x00, 0x00, 0x48, 0x00,
  0x00, 0x00, 0xa3, 0x00, 0x00, 0x00, 0x00, 0x00, 0x51, 0x00, 0x00, 0x9a,
  0x00, 0xa3, 0x39, 0x00, 0xbe, 0x51, 0x00, 0xc6, 0x00, 0x00, 0xa3, 0x00,
  0xa3, 0x6d, 0x00, 0xc6, 0x00, 0x00, 0x00, 0xac, 0x48, 0xbe, 0x59, 0x00,
  0x00, 0x48, 0xa3, 0x90, 0xbe, 0x00, 0x00, 0xa3, 0x81, 0x90, 0x00, 0x9a,
  0xbe, 0xbe, 0x00, 0x40, 0x00, 0x00, 0x39, 0x00, 0xac, 0xac, 0x81, 0xb4,
  0x9a, 0x00, 0xb4, 0x59, 0x00, 0x00, 0x00, 0x00, 0x59, 0x00, 0x00, 0x00,
  0x00, 0x00, 0x00, 0x00, 0x51, 0x51, 0x00, 0x40, 0x8d, 0xbe, 0x00, 0x00,
  0x52, 0x00, 0x7c, 0x00, 0x00, 0x00, 0x00, 0x00, 0x81, 0xb5, 0x81, 0x00,
  0xaa, 0x00, 0xa0, 0x97, 0x00, 0x00, 0x00, 0x8d, 0x00, 0x00, 0xb5, 0x00,
  0x41, 0x00, 0x52, 0x00, 0x00, 0x00, 0x00, 0x00, 0x5c, 0x00, 0xa0, 0x97,
  0x81, 0x97, 0x97, 0x00, 0x00, 0x00, 0x41, 0x7c, 0x5c, 0x00, 0x52, 0x7c,
  0x5c, 0x41, 0x00, 0x00, 0x00, 0x49, 0x00, 0x00, 0x00, 0x6f, 0x00, 0x00,
  0x00, 0xa3, 0x00, 0xc6, 0x6d, 0x9a, 0xbe, 0x00, 0xa3, 0x00, 0xbe, 0x39,
  0xc6, 0x00, 0xb4, 0x48, 0x00, 0xc6, 0x59, 0xc6, 0x40, 0x00, 0x00, 0x81,
  0x00, 0x90, 0x00, 0x00, 0x00, 0x39, 0xa3, 0xbe, 0x59, 0x48, 0x00, 0x00,
  0x00, 0xa3, 0x48, 0x00, 0xbe, 0xa3, 0x40, 0x00, 0x00, 0x51, 0x00, 0x00,
  0x00, 0x9a, 0x6d, 0x51, 0xb4, 0xbe, 0x00, 0x81, 0x00, 0x00, 0x59, 0x00,
  0x00, 0x00, 0x00, 0xb4, 0x00, 0x39, 0x39, 0x62, 0x00, 0x00, 0x39, 0x00,
  0x7d, 0x39, 0x00, 0x00, 0x00, 0x00, 0xa3, 0x48, 0x00, 0x00, 0x00, 0x00,
  0x00, 0x00, 0x39, 0xbe, 0xb4, 0x00, 0x40, 0x40, 0xc6, 0x00, 0x59, 0x00,
  0x9a, 0x00, 0x00, 0xbe, 0x51, 0x51, 0x9a, 0x00, 0x81, 0x00, 0x90, 0x6d,
  0x59, 0x62, 0xc6, 0xb4, 0x00, 0x40, 0x00, 0x00, 0xa3, 0xc6, 0x40, 0x00,
  0x00, 0x00, 0x00, 0x9a, 0x00, 0x00, 0x90, 0x6d, 0xaa, 0x00, 0x00, 0x00,
  0x00, 0xb5, 0x00, 0x8d, 0xb5, 0x00, 0x00, 0x65, 0x00, 0x00, 0x8d, 0x6f,
  0xbe, 0x00, 0x65, 0x6f, 0x81, 0x6f, 0xb5, 0x00, 0x00, 0x6f, 0x49, 0x7c,
  0x6f, 0x00, 0x00, 0x00, 0x8d, 0xbe, 0x00, 0x49, 0xb5, 0x00, 0x00, 0x6f,
  0x00, 0x8d, 0x41, 0x5c, 0x00, 0x00, 0x65, 0x6f, 0x00, 0x00, 0x41, 0x00,
  0x00, 0x7c, 0x00, 0x00, 0x00, 0x00, 0x6f, 0x00, 0x00, 0xb5, 0x00, 0x8d,
  0x81, 0x5c, 0x00, 0x49, 0x8d, 0x00, 0x00, 0x49, 0x6f, 0x00, 0x00, 0x52,
  0x97, 0x7c, 0x52, 0x00, 0xaa, 0x5c, 0x97, 0x00, 0x00, 0x00, 0x5c, 0xb5,
  0x8d, 0x00, 0x8d, 0x00, 0x00, 0x00, 0xb5, 0xa0, 0x00, 0x52, 0x00, 0x41,
  0x00, 0xb5, 0x00, 0x00, 0x00, 0x00, 0xaa, 0x00, 0x00, 0x5c, 0x00, 0x00,
  0x00, 0x00, 0x00, 0x00, 0x00, 0x00, 0x00, 0x65, 0x00, 0xb5, 0x7c, 0x5c,
  0x00, 0x52, 0x81, 0x00, 0xb5, 0x52, 0xbe, 0xb5, 0x00, 0x00, 0x97, 0x00,
  0x00, 0x49, 0x8d, 0x00, 0x8d, 0x52, 0x00, 0x00, 0x52, 0xbe, 0x00, 0x00,
  0x00, 0x7c, 0x97, 0x81, 0x00, 0x6f, 0x00, 0x00, 0x00, 0x5c, 0x00, 0x00,
  0x81, 0x00, 0x97, 0x00, 0x00, 0x00, 0x97, 0xb5, 0x00, 0x97, 0x00, 0x6f,
  0x00, 0x00, 0x00, 0x5c, 0x00, 0x00, 0x00, 0x81, 0x7c, 0x00, 0x00, 0x00,
  0xb5, 0x00, 0x00, 0x00, 0xb5, 0x00, 0x00, 0x00, 0x00, 0x00, 0x7c, 0x65,
  0x00, 0x00, 0x00, 0x00, 0x00, 0x00, 0xa0, 0x6f, 0x00, 0xaa, 0x00, 0x49,
  0x00, 0xa0, 0x65, 0x5c, 0x6f, 0x7c, 0xa0, 0x00, 0x52, 0x00, 0x5c, 0xa0,
  0x00, 0x00, 0x7c, 0x00, 0x00, 0x00, 0x49, 0x7c, 0x5c, 0x00, 0x97, 0x81,
  0x5c, 0x00, 0xaa, 0x65, 0x8d, 0x00, 0x00, 0x00, 0x7c, 0x00, 0x97, 0x00,
  0x5c, 0x00, 0xa0, 0x41, 0xb5, 0xaa, 0xb5, 0x00, 0x00, 0x00, 0x52, 0x00,
  0xc5, 0x00, 0x00, 0x00, 0x6f, 0x00, 0x00, 0x00, 0x00, 0x7f, 0x8e, 0x4a,
  0xbd, 0x00, 0x00, 0x00, 0xaa, 0x3a, 0x00, 0x00, 0x98, 0x64, 0xb3, 0x00,
  0x00, 0x00, 0x00, 0x5b, 0x00, 0x00, 0x00, 0x00, 0x64, 0x98, 0x00, 0x42,
  0x00, 0x00, 0x00, 0xc5, 0x00, 0x98, 0x00, 0x98, 0x64, 0x00, 0x42, 0x42,
  0x00, 0x42, 0x6f, 0x00, 0x00, 0x00, 0x00, 0x7f, 0x98, 0x00, 0x3a, 0x00,
  0x00, 0x00, 0x00, 0xbd, 0x00, 0x41, 0x00, 0x00, 0x97, 0x49, 0x00, 0x00,
  0x00, 0x00, 0x8d, 0x00, 0x00, 0xb5, 0xb5, 0x5c, 0x00, 0x00, 0x00, 0x00,
  0x00, 0x00, 0xa0, 0x5c, 0x97, 0xb5, 0x00, 0x8d, 0xa0, 0x97, 0xb5, 0xaa,
  0x00, 0x00, 0xa0, 0xaa, 0xa0, 0xbe, 0xa0, 0x52, 0x97, 0x81, 0x00, 0x49,
  0x00, 0x00, 0x00, 0x00, 0x00, 0xb5, 0x5c, 0x49, 0x00, 0x8d, 0x7c, 0x7c,
  0x00, 0x81, 0xb5, 0x00, 0x00, 0x00, 0x65, 0x52, 0x6d, 0x48, 0xac, 0x00,
  0x00, 0x00, 0x40, 0xac, 0x00, 0x62, 0x00, 0xb4, 0xac, 0x00, 0x00, 0x00,
  0xc6, 0x40, 0x62, 0xb4, 0xb4, 0x00, 0x00, 0x00, 0x59, 0x00, 0x00, 0x00,
  0x40, 0x00, 0x59, 0x00, 0x39, 0x00, 0x00, 0x39, 0x00, 0x00, 0x00, 0xc6,
  0x00, 0x00, 0x00, 0x51, 0x00, 0x51, 0x7d, 0x00, 0x00, 0x00, 0x00, 0xa3,
  0x00, 0x00, 0xa3, 0x6d, 0x00, 0x00, 0x00, 0xb4, 0x81, 0xc6, 0x81, 0x00,
  0x00, 0x00, 0x00, 0x50, 0x00, 0xb7, 0xae, 0x00, 0x6f, 0x00, 0x5a, 0xb7,
  0x00, 0x47, 0x65, 0x00, 0x6f, 0x00, 0x00, 0x97, 0x00, 0x97, 0x00, 0x50,
  0x00, 0x00, 0x00, 0x00, 0x00, 0x47, 0x00, 0x00, 0x00, 0xae, 0x00, 0x8c,
  0xae, 0x00, 0x97, 0xae, 0x6f, 0x81, 0xb7, 0x6f, 0x6f, 0x47, 0x6f, 0x00,
  0xae, 0x00, 0x00, 0x47, 0xa2, 0x00, 0x8c, 0x7b, 0x00, 0xa2, 0x00, 0x00,
  0xb7, 0xa2, 0x5a, 0x8c, 0xa0, 0x00, 0xb5, 0x00, 0xaa, 0x52, 0x00, 0x52,
  0xaa, 0x5c, 0x00, 0x00, 0x00, 0x00, 0x8d, 0x00, 0x00, 0x00, 0xaa, 0x00,
  0x00, 0x00, 0x41, 0x00, 0x41, 0x00, 0x6f, 0xaa, 0x00, 0x00, 0x6f, 0x00,
  0x00, 0xbe, 0x00, 0x00, 0x00, 0x00, 0xaa, 0x5c, 0x81, 0x00, 0x00, 0x52,
  0xaa, 0xbe, 0xbe, 0x00, 0x00, 0x00, 0x00, 0xa0, 0x7c, 0xb5, 0x00, 0x00,
  0x00, 0x00, 0x49, 0x00, 0x00, 0xa0, 0x00, 0x00, 0x53, 0xaa, 0x00, 0x00,
  0xb3, 0xa1, 0xa1, 0x00, 0x00, 0x00, 0x00, 0x00, 0xbd, 0x5b, 0x4a, 0x98,
  0x64, 0x8e, 0x00, 0x00, 0x98, 0x00, 0xaa, 0x4a, 0x00, 0x64, 0x6f, 0x00,
  0x98, 0x00, 0x00, 0x98, 0xc5, 0x00, 0x53, 0xbd, 0x64, 0x00, 0x7f, 0xbd,
  0xc5, 0xbd, 0xa1, 0x3a, 0x00, 0x00, 0x64, 0x00, 0x42, 0x4a, 0x42, 0x53,
  0x7f, 0x00, 0x5b, 0x5b, 0x00, 0x8e, 0x00, 0x4a, 0x4a, 0xb3, 0x00, 0x00,
  0x6d, 0x6d, 0x00, 0x48, 0x00, 0x00, 0x00, 0x00, 0xc6, 0x62, 0xbe, 0x00,
  0xbe, 0x59, 0x51, 0x00, 0xb4, 0x40, 0x00, 0x00, 0xc6, 0x51, 0x00, 0x00,
  0x59, 0x00, 0x00, 0x00, 0xac, 0x00, 0x00, 0x9a, 0x39, 0x9a, 0xc6, 0x00,
  0x00, 0x00, 0x00, 0x00, 0x81, 0x48, 0x00, 0x00, 0x6d, 0x6d, 0x00, 0x00,
  0xbe, 0x00, 0x81, 0x00, 0x48, 0x00, 0x51, 0x00, 0x62, 0x00, 0xbe, 0x9a,
  0xa3, 0x40, 0x00, 0x39, 0x00, 0x00, 0x00, 0x59, 0x00, 0x00, 0x48, 0x6d,
  0x00, 0x00, 0x00, 0x6d, 0x39, 0x00, 0x00, 0x00, 0xc6, 0x00, 0x00, 0x00,
  0x48, 0x62, 0x00, 0x00, 0x00, 0x00, 0x00, 0x00, 0x62, 0xbe, 0xa3, 0x00,
  0x00, 0xc6, 0x59, 0x39, 0x00, 0x00, 0x00, 0x00, 0xbe, 0x62, 0x00, 0xc6,
  0x6d, 0x40, 0x00, 0x00, 0x00, 0x00, 0x00, 0x00, 0xc6, 0xa3, 0x51, 0x00,
  0x00, 0xac, 0x00, 0x00, 0x62, 0x00, 0x81, 0x00, 0x00, 0x00, 0x4a, 0x5b,
  0x4a, 0x00, 0xb3, 0x00, 0x4a, 0x00, 0x6f, 0x00, 0x00, 0x00, 0xaa, 0x53,
  0x00, 0x6f, 0xb3, 0x00, 0x8e, 0x00, 0x00, 0x00, 0x00, 0x98, 0x42, 0x00,
  0x00, 0x42, 0x00, 0x98, 0x42, 0x42, 0x00, 0x42, 0xaa, 0x00, 0xc5, 0x00,
  0xb3, 0x3a, 0x00, 0xc5, 0x00, 0x5b, 0x64, 0x4a, 0x53, 0x00, 0x53, 0xa1,
  0xbd, 0x53, 0xa1, 0x00, 0x7f, 0xc5, 0x00, 0xbd, 0x53, 0xbd, 0x00, 0x4a,
  0x6f, 0x00, 0x00, 0x00, 0xbd, 0x00, 0x98, 0x00, 0xbd, 0xbd, 0x53, 0x6f,
  0x53, 0x00, 0xbd, 0xa1, 0x98, 0xa1, 0xa1, 0x00, 0x00, 0xaa, 0xbd, 0xaa,
  0x00, 0x64, 0x00, 0xaa, 0x00, 0x00, 0xaa, 0x8e, 0x98, 0x00, 0x00, 0x8e,
  0x7f, 0x00, 0x00, 0x42, 0x00, 0x00, 0x00, 0x00, 0x00, 0x00, 0x64, 0xa1,
  0x00, 0xc5, 0x3a, 0xc5, 0x00, 0x00, 0x53, 0xa1, 0x00, 0x00, 0x6f, 0x00,
  0xc5, 0x00, 0x00, 0x00, 0x00, 0x3a, 0x00, 0xaa, 0x00, 0x00, 0x00, 0x00,
  0x00, 0x7f, 0x00, 0x00, 0x53, 0xc5, 0x00, 0x00, 0x5b, 0x00, 0x5b, 0x00,
  0x00, 0x7f, 0x00, 0x3a, 0x00, 0x00, 0x00, 0x5b, 0x00, 0x4a, 0x00, 0xc5,
  0x98, 0x00, 0x00, 0x00, 0x00, 0x00, 0x7f, 0x53, 0xaa, 0x8e, 0x00, 0xaa,
  0x00, 0x3a, 0x64, 0x00, 0x00, 0xa1, 0x00, 0xaa, 0x5b, 0x98, 0x5b, 0x00,
  0x00, 0x3a, 0x64, 0x00, 0x00, 0x00, 0x00, 0x00, 0x00, 0x00, 0x00, 0x00,
  0x90, 0xac, 0x00, 0x00, 0x00, 0x6d, 0xa3, 0x51, 0x81, 0x00, 0x40, 0x00,
  0x00, 0x00, 0xbe, 0xac, 0x00, 0x00, 0x00, 0xa3, 0x00, 0x00, 0x00, 0x00,
  0x00, 0x00, 0x59, 0x00, 0x81, 0x00, 0xbe, 0x00, 0x00, 0xb4, 0x00, 0x51,
  0xac, 0xac, 0xc6, 0xbe, 0x00, 0x00, 0x00, 0xac, 0x00, 0x00, 0x48, 0xac,
  0x00, 0x00, 0xb4, 0x00, 0x9a, 0x00, 0x6d, 0x00, 0x00, 0x00, 0x00, 0xac,
  0x00, 0x00, 0xaa, 0x5c, 0xbe, 0x00, 0x00, 0x00, 0x00, 0x8d, 0x65, 0x5c,
  0x5c, 0x8d, 0x49, 0x00, 0xb5, 0x8d, 0x97, 0x00, 0x00, 0x00, 0x00, 0x00,
  0x81, 0x00, 0x52, 0x00, 0x7c, 0xbe, 0x5c, 0x00, 0x00, 0x00, 0x5c, 0x00,
  0x7c, 0x49, 0x52, 0x00, 0x49, 0x00, 0x41, 0x00, 0x00, 0xa0, 0x00, 0x00,
  0x00, 0x00, 0xaa, 0x5c, 0xb5, 0x52, 0xaa, 0x00, 0x5c, 0x00, 0x52, 0x00,
  0x00, 0x65, 0x00, 0x49, 0xa3, 0xbe, 0xac, 0x00, 0x9a, 0x00, 0x6d, 0x00,
  0x51, 0xac, 0x00, 0xa3, 0x90, 0xc6, 0x00, 0x00, 0x00, 0xc6, 0x00, 0x00,
  0x00, 0xac, 0x40, 0xb4, 0xb4, 0x90, 0x00, 0x51, 0x6d, 0x00, 0x62, 0x9a,
  0x00, 0x00, 0x51, 0xc6, 0x7d, 0x90, 0x40, 0x00, 0xa3, 0x39, 0x39, 0x00,
  0x51, 0x00, 0x00, 0xc6, 0x00, 0x81, 0xb4, 0x9a, 0x00, 0xa3, 0x00, 0xc6,
  0xb4, 0x00, 0x00, 0x62, 0xbe, 0xa3, 0x00, 0xb4, 0x00, 0x00, 0xac, 0x00,
  0x00, 0x00, 0xb4, 0x62, 0x00, 0xac, 0x62, 0xb4, 0x40, 0x00, 0xb4, 0x00,
  0x00, 0x6d, 0xac, 0x40, 0x39, 0xbe, 0x48, 0x00, 0x00, 0x39, 0xac, 0x00,
  0x00, 0x00, 0xb4, 0x00, 0xb4, 0xa3, 0x90, 0x90, 0x48, 0x00, 0x62, 0x48,
  0x00, 0x59, 0xb4, 0x39, 0x6d, 0x00, 0x00, 0x00, 0x00, 0x00, 0x00, 0x81,
  0x51, 0xbe, 0x00, 0x00, 0x39, 0x39, 0x7d, 0x00, 0xa3, 0x00, 0x00, 0x9a,
  0x00, 0xbd, 0x5b, 0x53, 0x00, 0x00, 0x00, 0x00, 0x00, 0xaa, 0x00, 0x00,
  0x5b, 0x00, 0xa1, 0xc5, 0x00, 0x8e, 0x00, 0x00, 0x8e, 0x00, 0x00, 0xa1,
  0xb3, 0x42, 0x5b, 0xaa, 0x4a, 0x00, 0x00, 0x3a, 0x00, 0x00, 0x5b, 0x4a,
  0xaa, 0x00, 0x00, 0x00, 0x00, 0x00, 0x00, 0x00, 0x4a, 0x3a, 0x00, 0x00,
  0x64, 0x00, 0x00, 0xbd, 0x7f, 0x00, 0x00, 0x00, 0xc5, 0x00, 0x7f, 0x00,
  0x00, 0xbd, 0x4a, 0x00, 0x00, 0x00, 0x48, 0x9a, 0x51, 0xc6, 0xac, 0x00,
  0x00, 0x39, 0xa3, 0x00, 0x00, 0x00, 0xa3, 0x00, 0xbe, 0x00, 0x00, 0x00,
  0xc6, 0x00, 0x00, 0x00, 0x40, 0xac, 0x48, 0x59, 0x39, 0x00, 0x00, 0x00,
  0xc6, 0x00, 0xb4, 0x9a, 0xa3, 0x00, 0x00, 0x00, 0x00, 0x00, 0x00, 0x51,
  0x00, 0x6d, 0x40, 0x00, 0x00, 0x81, 0x90, 0x40, 0xbe, 0xbe, 0x51, 0x00,
  0xb4, 0x00, 0x00, 0xa3, 0x00, 0x00, 0x00, 0x90, 0x64, 0x00, 0xc5, 0x00,
  0x00, 0x5b, 0x00, 0x00, 0x00, 0x6f, 0xa1, 0xbd, 0x00, 0x7f, 0xa1, 0xbd,
  0x6f, 0x98, 0x00, 0xa1, 0xa1, 0x00, 0x5b, 0x00, 0x00, 0x42, 0xbd, 0x5b,
  0x53, 0x00, 0x00, 0x00, 0xc5, 0x00, 0xbd, 0x64, 0x00, 0x00, 0x00, 0x00,
  0x00, 0x4a, 0x8e, 0x00, 0x4a, 0x64, 0x00, 0xa1, 0xa1, 0x00, 0x00, 0x00,
  0x7f, 0x00, 0xb3, 0xbd, 0x64, 0x00, 0x00, 0x42, 0xb3, 0x00, 0x00, 0xbd,
  0xaa, 0x53, 0x5b, 0x00, 0x00, 0x53, 0x00, 0x5b, 0x00, 0x7f, 0xaa, 0x5b,
  0x00, 0x98, 0x00, 0x64, 0x53, 0x00, 0xaa, 0x00, 0xa1, 0x00, 0x00, 0x5b,
  0x00, 0x5b, 0xbd, 0x00, 0x00, 0x00, 0x00, 0x00, 0x00, 0x53, 0x42, 0x00,
  0x5b, 0x8e, 0x00, 0x00, 0x00, 0xc5, 0x00, 0x00, 0x53, 0x00, 0x8e, 0x00,
  0xc5, 0x00, 0x4a, 0x00, 0x00, 0x00, 0x8e, 0x4a, 0x53, 0xc5, 0x00, 0xbd,
  0xb3, 0x00, 0x00, 0x64, 0x00, 0x00, 0x00, 0x00, 0x00, 0xac, 0x00, 0x48,
  0xc6, 0xa3, 0x51, 0xb4, 0x48, 0x00, 0x39, 0x59, 0xc6, 0x00, 0x40, 0x00,
  0x00, 0xbe, 0x00, 0x9a, 0x59, 0x00, 0xa3, 0x62, 0x00, 0x81, 0x00, 0x00,
  0xc6, 0x9a, 0x62, 0x00, 0x48, 0x00, 0x62, 0xa3, 0xb4, 0x00, 0x00, 0x00,
  0x62, 0x00, 0x00, 0x00, 0x00, 0x00, 0x48, 0xc6, 0x40, 0x00, 0x00, 0xac,
  0x00, 0x00, 0x00, 0x00, 0x00, 0x00, 0x00, 0x00, 0x00, 0x00, 0x00, 0xbe,
  0x00, 0x90, 0x40, 0x62, 0x00, 0x00, 0x00, 0x00, 0x81, 0xbe, 0x9a, 0xc6,
  0x00, 0x39, 0x00, 0xac, 0x00, 0x6d, 0x00, 0x59, 0x59, 0x00, 0x00, 0x00,
  0xa3, 0x81, 0x00, 0xbe, 0x51, 0xc6, 0x00, 0x9a, 0x00, 0x39, 0xb4, 0x00,
  0x00, 0x81, 0x00, 0x62, 0xc6, 0x7d, 0xbe, 0x00, 0x00, 0x40, 0xb4, 0xbe,
  0x39, 0x00, 0x00, 0x00, 0x62, 0x00, 0x00, 0x81, 0x39, 0x51, 0x90, 0x00,
  0x6f, 0xaa, 0x00, 0xaa, 0x00, 0x00, 0x6f, 0x00, 0x6f, 0x00, 0x00, 0x52,
  0x00, 0x00, 0x00, 0x8d, 0x49, 0x8d, 0x00, 0x65, 0x49, 0xaa, 0x00, 0x41,
  0x00, 0xbe, 0xa0, 0x49, 0xaa, 0x81, 0x41, 0xaa, 0x00, 0x00, 0x81, 0x00,
  0x6f, 0x00, 0x97, 0x00, 0x00, 0x00, 0x00, 0x00, 0x00, 0xb5, 0x00, 0x00,
  0xaa, 0x00, 0x00, 0x00, 0x00, 0x8d, 0x5c, 0x00, 0x97, 0x97, 0x00, 0x00,
  0xaa, 0xa0, 0x8d, 0x00, 0x00, 0x00, 0x00, 0x00, 0x90, 0x00, 0x00, 0xb4,
  0x00, 0x00, 0xc6, 0xbe, 0x00, 0x00, 0x00, 0x40, 0x39, 0x00, 0x00, 0x00,
  0x00, 0x7d, 0x00, 0x00, 0xbe, 0x39, 0x7d, 0x40, 0x00, 0x00, 0x00, 0x00,
  0x00, 0xbe, 0x00, 0x9a, 0x00, 0x81, 0x00, 0x00, 0xa3, 0x00, 0x81, 0xac,
  0x00, 0xac, 0x48, 0xbe, 0x00, 0x81, 0x00, 0x48, 0x00, 0x40, 0x39, 0x00,
  0x59, 0x90, 0x00, 0x00, 0xac, 0x90, 0x00, 0x59, 0x8c, 0x97, 0x7b, 0xae,
  0x00, 0x65, 0x00, 0x50, 0x97, 0x00, 0x7b, 0x7b, 0x00, 0x00, 0x6f, 0x47,
  0x00, 0x65, 0x5a, 0x81, 0x6f, 0x65, 0x00, 0x00, 0x00, 0x00, 0x00, 0x65,
  0x00, 0x00, 0xa2, 0x00, 0x65, 0x00, 0x00, 0x7b, 0xa2, 0x7b, 0x00, 0x00,
  0xb7, 0xb7, 0x00, 0x00, 0xa2, 0x00, 0x50, 0x00, 0x00, 0x00, 0x00, 0x81,
  0x7b, 0x00, 0x00, 0x97, 0x00, 0x65, 0x50, 0x00, 0x00, 0x00, 0x00, 0x00,
  0x00, 0x00, 0x48, 0xbe, 0x00, 0x48, 0x00, 0xac, 0xc6, 0x00, 0x00, 0x00,
  0x00, 0x59, 0x59, 0x00, 0x7d, 0x00, 0x00, 0x00, 0xb4, 0x48, 0x62, 0x00,
  0x48, 0x00, 0x00, 0x00, 0x40, 0xa3, 0x00, 0x51, 0x51, 0x00, 0x62, 0x00,
  0x00, 0x48, 0x62, 0x9a, 0x81, 0xac, 0x48, 0x00, 0x6d, 0x39, 0x39, 0xb4,
  0x00, 0x90, 0x00, 0x00, 0x62, 0x00, 0x39, 0x00, 0x51, 0xa3, 0x00, 0x00,
  0xc6, 0x59, 0x39, 0x51, 0x00, 0x00, 0x00, 0x00, 0x4a, 0xc5, 0xc5, 0x5b,
  0x00, 0x00, 0x3a, 0x00, 0x4a, 0xaa, 0x53, 0xbd, 0x5b, 0x64, 0x00, 0x42,
  0x00, 0x3a, 0x00, 0x00, 0x00, 0x64, 0x00, 0xa1, 0x00, 0x5b, 0x00, 0x00,
  0x00, 0x00, 0x00, 0x00, 0x42, 0x00, 0x00, 0x00, 0x3a, 0x8e, 0x00, 0xc5,
  0x4a, 0x00, 0x64, 0xaa, 0x00, 0x00, 0x7f, 0x00, 0x8e, 0x3a, 0x00, 0x00,
  0x00, 0xaa, 0x6f, 0x00, 0x00, 0x00, 0x53, 0xc5, 0x00, 0x40, 0x00, 0x00,
  0x9a, 0xac, 0xc6, 0x00, 0x00, 0x00, 0x48, 0x00, 0xb4, 0x48, 0xc6, 0x59,
  0x7d, 0x81, 0xb4, 0x00, 0x9a, 0x00, 0x00, 0x81, 0x00, 0x00, 0x00, 0x00,
  0x00, 0x00, 0x59, 0x00, 0x59, 0xbe, 0xa3, 0x00, 0xbe, 0x00, 0x00, 0x00,
  0x90, 0xa3, 0x00, 0x51, 0x00, 0x6d, 0x39, 0x00, 0x00, 0x81, 0x51, 0x00,
  0x7d, 0x51, 0xac, 0x48, 0x00, 0x00, 0x00, 0x00, 0xbe, 0x81, 0x00, 0xa3,
  0x00, 0x00, 0x00, 0x9e, 0x43, 0x00, 0x7f, 0x00, 0x54, 0x54, 0xbc, 0xa8,
  0x00, 0x94, 0x00, 0x94, 0x00, 0x00, 0x00, 0x00, 0x00, 0x00, 0x00, 0x8a,
  0x00, 0x54, 0x4b, 0x00, 0x5e, 0x00, 0xbc, 0xa8, 0x00, 0x9e, 0x72, 0x00,
  0x00, 0x94, 0xa8, 0x54, 0x72, 0x00, 0x00, 0x00, 0xb3, 0x9e, 0xa8, 0xb3,
  0x00, 0x00, 0x00, 0x00, 0x00, 0x5e, 0x54, 0x00, 0x68, 0xbc, 0x00, 0x4b,
  0x00, 0x00, 0x72, 0x5e, 0x64, 0x00, 0x00, 0x64, 0x00, 0x00, 0x4a, 0x00,
  0x00, 0xb3, 0x98, 0x00, 0x00, 0x00, 0x00, 0x4a, 0x42, 0xb3, 0x00, 0x42,
  0x64, 0xbd, 0x4a, 0xbd, 0x98, 0xaa, 0x00, 0x00, 0x6f, 0x98, 0x00, 0x64,
  0x00, 0x5b, 0x00, 0xa1, 0xc5, 0x8e, 0x42, 0x00, 0x00, 0x00, 0x00, 0x8e,
  0x7f, 0x00, 0x00, 0xbd, 0xaa, 0x00, 0x4a, 0x00, 0x64, 0x00, 0xaa, 0xc5,
  0x00, 0x42, 0x00, 0x00, 0x00, 0x00, 0x5b, 0x00, 0x53, 0x00, 0x00, 0xc5,
  0xb3, 0xb3, 0x00, 0x4a, 0xbd, 0x7f, 0x00, 0x00, 0x00, 0x5b, 0x8e, 0x00,
  0x53, 0x00, 0xa1, 0x00, 0x00, 0x00, 0x7f, 0x00, 0x00, 0xa1, 0x42, 0x00,
  0x42, 0xaa, 0x6f, 0x64, 0xc5, 0xaa, 0x7f, 0x3a, 0x5b, 0x00, 0x00, 0x00,
  0x98, 0x00, 0xbd, 0x00, 0x64, 0x00, 0x00, 0x3a, 0x00, 0xb3, 0x5b, 0x00,
  0x64, 0x00, 0x4a, 0x00, 0xb3, 0x00, 0x00, 0x00, 0x00, 0x00, 0x00, 0x3a,
  0x00, 0x3a, 0x00, 0xb3, 0x00, 0x53, 0x00, 0xbd, 0x4a, 0x00, 0x42, 0xbd,
  0x00, 0xaa, 0x53, 0x8e, 0x00, 0x00, 0x00, 0x00, 0x00, 0xb3, 0x00, 0x00,
  0x64, 0x00, 0x7f, 0x00, 0x00, 0xc5, 0x00, 0x00, 0x00, 0x5b, 0x00, 0xc5,
  0x00, 0x53, 0x00, 0x00, 0x4a, 0xaa, 0x5b, 0xbd, 0x42, 0x00, 0x00, 0xc5,
  0x5b, 0x8e, 0x00, 0x3a, 0x00, 0x6f, 0x00, 0x00, 0x64, 0x00, 0x00, 0x00,
  0x00, 0x00, 0x00, 0x00, 0x00, 0x00, 0x00, 0x00, 0x81, 0x52, 0x7c, 0x00,
  0x00, 0x00, 0x00, 0x00, 0x8d, 0x41, 0x81, 0x00, 0x00, 0x52, 0x8d, 0x00,
  0x6f, 0x49, 0xa0, 0x00, 0x65, 0x00, 0xa0, 0x52, 0x00, 0x49, 0x5c, 0xaa,
  0x00, 0x00, 0x52, 0x8d, 0x00, 0x81, 0x00, 0x00, 0x00, 0x6f, 0x00, 0xbe,
  0x49, 0x8d, 0x00, 0x00, 0x8d, 0x41, 0x00, 0xaa, 0x7c, 0x41, 0x00, 0x97,
  0xaa, 0x52, 0x00, 0xa0, 0x65, 0x00, 0xaa, 0x41, 0xac, 0x00, 0xb4, 0x62,
  0x00, 0x00, 0x00, 0x00, 0x00, 0x00, 0x00, 0xbe, 0xa3, 0x00, 0x90, 0xbe,
  0x39, 0x00, 0x00, 0xa3, 0xac, 0x00, 0x00, 0x00, 0xa3, 0xa3, 0xc6, 0x62,
  0x48, 0x00, 0x00, 0x00, 0x00, 0x81, 0x00, 0x00, 0xac, 0x48, 0xac, 0x00,
  0xa3, 0x9a, 0x00, 0x51, 0x00, 0xa3, 0x00, 0xbe, 0x39, 0x00, 0x00, 0xc6,
  0x00, 0xbe, 0x00, 0x48, 0xc6, 0x00, 0x00, 0xb4, 0x00, 0x00, 0x90, 0x00,
  0x48, 0xb4, 0x40, 0x00, 0x9a, 0xb4, 0x00, 0x00, 0x00, 0x40, 0xb4, 0x62,
  0x40, 0xa3, 0x00, 0xb4, 0x00, 0x00, 0x59, 0x00, 0xac, 0x39, 0x39, 0x9a,
  0x59, 0x00, 0x59, 0x00, 0x39, 0x90, 0x40, 0x81, 0x81, 0x00, 0x51, 0x62,
  0x00, 0xa3, 0x40, 0x00, 0xc6, 0x00, 0x00, 0x00, 0x00, 0x00, 0x48, 0x40,
  0xbe, 0x00, 0x90, 0x00, 0x00, 0x51, 0x00, 0x00, 0x00, 0x00, 0x39, 0x00,
  0xac, 0x59, 0x00, 0x51, 0x00, 0xc6, 0x62, 0x00, 0x00, 0xbe, 0x00, 0x00,
  0x00, 0xb4, 0xc6, 0x00, 0x81, 0x00, 0x40, 0x90, 0x00, 0x90, 0xa3, 0xa3,
  0x00, 0x00, 0x00, 0x00, 0x00, 0xac, 0x00, 0xac, 0x00, 0xac, 0x00, 0x00,
  0x00, 0x00, 0xc6, 0x00, 0x00, 0x48, 0x62, 0x90, 0x00, 0x00, 0x00, 0x00,
  0xbe, 0xb4, 0x00, 0x00, 0x00, 0xac, 0x00, 0x51, 0xac, 0x00, 0x00, 0x00,
  0xb4, 0xa3, 0x00, 0xc6, 0xc6, 0x62, 0x39, 0x00, 0x6d, 0x9a, 0x6d, 0x62,
  0x00, 0xb4, 0x62, 0x00, 0x00, 0x00, 0x90, 0xac, 0x00, 0x00, 0x90, 0x48,
  0x00, 0x39, 0x40, 0xac, 0x48, 0x00, 0x00, 0xbe, 0x00, 0xa3, 0x00, 0x00,
  0x48, 0xbe, 0x00, 0x39, 0x90, 0x00, 0x00, 0x00, 0x48, 0x51, 0x6d, 0x00,
  0x48, 0x48, 0x00, 0x00, 0xa3, 0x6d, 0xc6, 0x00, 0x00, 0x00, 0x81, 0x00,
  0x7d, 0xc6, 0xac, 0x00, 0x00, 0x51, 0x00, 0x00, 0x00, 0xc6, 0x00, 0x59,
  0x64, 0x53, 0xb3, 0x53, 0x00, 0x98, 0x00, 0x00, 0x00, 0x7f, 0x8e, 0x00,
  0x00, 0x00, 0x00, 0x00, 0x00, 0x64, 0x5b, 0xbd, 0xbd, 0x00, 0x98, 0x00,
  0x00, 0x5b, 0x98, 0x6f, 0x00, 0x00, 0x00, 0x00, 0x00, 0xc5, 0x00, 0x6f,
  0x00, 0x00, 0x00, 0x00, 0x00, 0x98, 0x4a, 0xc5, 0x00, 0xc5, 0x00, 0x00,
  0x00, 0x98, 0x42, 0x5b, 0x00, 0x00, 0x00, 0x00, 0x53, 0x00, 0x00, 0x00,
  0x00, 0xb3, 0xaa, 0x00, 0x7c, 0x52, 0x00, 0xbe, 0x00, 0x8d, 0x00, 0x49,
  0x52, 0x00, 0x00, 0xa0, 0xaa, 0x65, 0x00, 0x00, 0x97, 0x00, 0x00, 0x49,
  0x00, 0x52, 0x41, 0x8d, 0x00, 0x5c, 0x00, 0xbe, 0x00, 0x00, 0xbe, 0xaa,
  0x81, 0x00, 0x00, 0x81, 0x00, 0x00, 0x65, 0xbe, 0x00, 0x00, 0x97, 0x00,
  0x97, 0x00, 0x00, 0xaa, 0x00, 0x00, 0x00, 0x00, 0xaa, 0x00, 0x8d, 0x00,
  0x00, 0x5c, 0x00, 0x49, 0x52, 0x5c, 0x00, 0x81, 0xce, 0xac, 0xfe, 0xff,
  0x00, 0x00, 0x02, 0x01, 0x74, 0x00, 0x00, 0x00, 0x2b, 0x00, 0x00, 0x00,
  0x08, 0x00, 0x00, 0x00, 0x70, 0x00, 0x00, 0x00, 0x5c, 0x00, 0x00, 0x00,
  0x74, 0x69, 0x6e, 0x79, 0x5f, 0x6e, 0x69, 0x64, 0x73, 0x5f, 0x74, 0x72,
  0x61, 0x6e, 0x73, 0x66, 0x6f, 0x72, 0x6d, 0x65, 0x72, 0x5f, 0x31, 0x2f,
  0x65, 0x6e, 0x63, 0x6f, 0x64, 0x65, 0x72, 0x5f, 0x62, 0x6c, 0x6f, 0x63,
  0x6b, 0x5f, 0x30, 0x5f, 0x31, 0x2f, 0x6d, 0x75, 0x6c, 0x74, 0x69, 0x5f,
  0x68, 0x65, 0x61, 0x64, 0x5f, 0x6c, 0x69, 0x6e, 0x65, 0x61, 0x72, 0x5f,
  0x61, 0x74, 0x74, 0x65, 0x6e, 0x74, 0x69, 0x6f, 0x6e, 0x5f, 0x32, 0x5f,
  0x31, 0x2f, 0x64, 0x65, 0x6e, 0x73, 0x65, 0x5f, 0x31, 0x34, 0x5f, 0x31,
  0x2f, 0x42, 0x69, 0x61, 0x73, 0x41, 0x64, 0x64, 0x00, 0x00, 0x00, 0x00,
  0x01, 0x00, 0x00, 0x00, 0x40, 0x00, 0x00, 0x00, 0x6c, 0xb0, 0xfe, 0xff,
  0x0c, 0x02, 0x00, 0x00, 0x04, 0x00, 0x00, 0x00, 0x40, 0x00, 0x00, 0x00,
  0x00, 0x00, 0x00, 0x00, 0x00, 0x00, 0x00, 0x00, 0x00, 0x00, 0x00, 0x00,
  0x00, 0x00, 0x00, 0x00, 0x00, 0x00, 0x00, 0x00, 0x00, 0x00, 0x00, 0x00,
  0x00, 0x00, 0x00, 0x00, 0x00, 0x00, 0x00, 0x00, 0x00, 0x00, 0x00, 0x00,
  0x00, 0x00, 0x00, 0x00, 0x00, 0x00, 0x00, 0x00, 0x00, 0x00, 0x00, 0x00,
  0x00, 0x00, 0x00, 0x00, 0x00, 0x00, 0x00, 0x00, 0x00, 0x00, 0x00, 0x00,
  0x00, 0x00, 0x00, 0x00, 0x00, 0x00, 0x00, 0x00, 0x00, 0x00, 0x00, 0x00,
  0x00, 0x00, 0x00, 0x00, 0x00, 0x00, 0x00, 0x00, 0x00, 0x00, 0x00, 0x00,
  0x00, 0x00, 0x00, 0x00, 0x00, 0x00, 0x00, 0x00, 0x00, 0x00, 0x00, 0x00,
  0x00, 0x00, 0x00, 0x00, 0x00, 0x00, 0x00, 0x00, 0x00, 0x00, 0x00, 0x00,
  0x00, 0x00, 0x00, 0x00, 0x00, 0x00, 0x00, 0x00, 0x00, 0x00, 0x00, 0x00,
  0x00, 0x00, 0x00, 0x00, 0x00, 0x00, 0x00, 0x00, 0x00, 0x00, 0x00, 0x00,
  0x00, 0x00, 0x00, 0x00, 0x00, 0x00, 0x00, 0x00, 0x00, 0x00, 0x00, 0x00,
  0x00, 0x00, 0x00, 0x00, 0x00, 0x00, 0x00, 0x00, 0x00, 0x00, 0x00, 0x00,
  0x00, 0x00, 0x00, 0x00, 0x00, 0x00, 0x00, 0x00, 0x00, 0x00, 0x00, 0x00,
  0x00, 0x00, 0x00, 0x00, 0x00, 0x00, 0x00, 0x00, 0x00, 0x00, 0x00, 0x00,
  0x00, 0x00, 0x00, 0x00, 0x00, 0x00, 0x00, 0x00, 0x00, 0x00, 0x00, 0x00,
  0x00, 0x00, 0x00, 0x00, 0x00, 0x00, 0x00, 0x00, 0x00, 0x00, 0x00, 0x00,
  0x00, 0x00, 0x00, 0x00, 0x00, 0x00, 0x00, 0x00, 0x00, 0x00, 0x00, 0x00,
  0x00, 0x00, 0x00, 0x00, 0x00, 0x00, 0x00, 0x00, 0x00, 0x00, 0x00, 0x00,
  0x00, 0x00, 0x00, 0x00, 0x00, 0x00, 0x00, 0x00, 0x00, 0x00, 0x00, 0x00,
  0x00, 0x00, 0x00, 0x00, 0x00, 0x00, 0x00, 0x00, 0x00, 0x00, 0x00, 0x00,
  0x00, 0x00, 0x00, 0x00, 0x00, 0x00, 0x00, 0x00, 0x00, 0x00, 0x00, 0x00,
  0x00, 0x00, 0x00, 0x00, 0x00, 0x00, 0x00, 0x00, 0x00, 0x00, 0x00, 0x00,
  0x00, 0x00, 0x00, 0x00, 0x00, 0x00, 0x00, 0x00, 0x00, 0x00, 0x00, 0x00,
  0x00, 0x00, 0x00, 0x00, 0x00, 0x00, 0x00, 0x00, 0x00, 0x00, 0x00, 0x00,
  0x00, 0x00, 0x00, 0x00, 0x00, 0x00, 0x00, 0x00, 0x00, 0x00, 0x00, 0x00,
  0x00, 0x00, 0x00, 0x00, 0x00, 0x00, 0x00, 0x00, 0x00, 0x00, 0x00, 0x00,
  0x00, 0x00, 0x00, 0x00, 0x00, 0x00, 0x00, 0x00, 0x00, 0x00, 0x00, 0x00,
  0x00, 0x00, 0x00, 0x00, 0x00, 0x00, 0x00, 0x00, 0x00, 0x00, 0x00, 0x00,
  0x00, 0x00, 0x00, 0x00, 0x00, 0x00, 0x00, 0x00, 0x00, 0x00, 0x00, 0x00,
  0x00, 0x00, 0x00, 0x00, 0x00, 0x00, 0x00, 0x00, 0x00, 0x00, 0x00, 0x00,
  0x00, 0x00, 0x00, 0x00, 0x00, 0x00, 0x00, 0x00, 0x00, 0x00, 0x00, 0x00,
  0x00, 0x00, 0x00, 0x00, 0x00, 0x00, 0x00, 0x00, 0x00, 0x00, 0x00, 0x00,
  0x00, 0x00, 0x00, 0x00, 0x00, 0x00, 0x00, 0x00, 0x00, 0x00, 0x00, 0x00,
  0x00, 0x00, 0x00, 0x00, 0x00, 0x00, 0x00, 0x00, 0x00, 0x00, 0x00, 0x00,
  0x00, 0x00, 0x00, 0x00, 0x00, 0x00, 0x00, 0x00, 0x00, 0x00, 0x00, 0x00,
  0x00, 0x00, 0x00, 0x00, 0x00, 0x00, 0x00, 0x00, 0x00, 0x00, 0x00, 0x00,
  0x00, 0x00, 0x00, 0x00, 0x00, 0x00, 0x00, 0x00, 0x00, 0x00, 0x00, 0x00,
  0x00, 0x00, 0x00, 0x00, 0x00, 0x00, 0x00, 0x00, 0x00, 0x00, 0x00, 0x00,
  0x00, 0x00, 0x00, 0x00, 0x00, 0x00, 0x00, 0x00, 0x00, 0x00, 0x00, 0x00,
  0x00, 0x00, 0x00, 0x00, 0x00, 0x00, 0x00, 0x00, 0x00, 0x00, 0x00, 0x00,
  0x00, 0x00, 0x00, 0x00, 0x00, 0x00, 0x00, 0x00, 0x00, 0x00, 0x00, 0x00,
  0x00, 0x00, 0x00, 0x00, 0x00, 0x00, 0x00, 0x00, 0x40, 0x00, 0x00, 0x00,
  0xe0, 0x37, 0x29, 0x38, 0xe0, 0x37, 0x29, 0x38, 0xd1, 0xfc, 0x2d, 0x38,
  0xe0, 0x37, 0x29, 0x38, 0xd1, 0xfc, 0x2d, 0x38, 0xff, 0x05, 0x41, 0x38,
  0xd1, 0xfc, 0x2d, 0x38, 0xd1, 0xfc, 0x2d, 0x38, 0xff, 0x05, 0x41, 0x38,
  0x98, 0xc3, 0x44, 0x38, 0x98, 0xc3, 0x44, 0x38, 0x98, 0xc3, 0x44, 0x38,
  0x98, 0xc3, 0x44, 0x38, 0xd1, 0xfc, 0x2d, 0x38, 0xd1, 0xfc, 0x2d, 0x38,
  0xd1, 0xfc, 0x2d, 0x38, 0xd1, 0xfc, 0x2d, 0x38, 0x98, 0xc3, 0x44, 0x38,
  0x98, 0xc3, 0x44, 0x38, 0xd1, 0xfc, 0x2d, 0x38, 0x98, 0xc3, 0x44, 0x38,
  0x98, 0xc3, 0x44, 0x38, 0xd1, 0xfc, 0x2d, 0x38, 0xd1, 0xfc, 0x2d, 0x38,
  0xd1, 0xfc, 0x2d, 0x38, 0xd1, 0xfc, 0x2d, 0x38, 0xff, 0x05, 0x41, 0x38,
  0xd1, 0xfc, 0x2d, 0x38, 0x98, 0xc3, 0x44, 0x38, 0xb0, 0xb2, 0x1d, 0x38,
  0xd1, 0xfc, 0x2d, 0x38, 0xff, 0x05, 0x41, 0x38, 0x98, 0xc3, 0x44, 0x38,
  0x98, 0xc3, 0x44, 0x38, 0xff, 0x05, 0x41, 0x38, 0xff, 0x05, 0x41, 0x38,
  0xff, 0x05, 0x41, 0x38, 0x98, 0xc3, 0x44, 0x38, 0xd1, 0xfc, 0x2d, 0x38,
  0x98, 0xc3, 0x44, 0x38, 0x98, 0xc3, 0x44, 0x38, 0xff, 0x05, 0x41, 0x38,
  0x98, 0xc3, 0x44, 0x38, 0xff, 0x05, 0x41, 0x38, 0xff, 0x05, 0x41, 0x38,
  0x98, 0xc3, 0x44, 0x38, 0x98, 0xc3, 0x44, 0x38, 0xd1, 0xfc, 0x2d, 0x38,
  0x98, 0xc3, 0x44, 0x38, 0xb0, 0xb2, 0x1d, 0x38, 0x98, 0xc3, 0x44, 0x38,
  0xff, 0x05, 0x41, 0x38, 0x98, 0xc3, 0x44, 0x38, 0xe0, 0x37, 0x29, 0x38,
  0xff, 0x05, 0x41, 0x38, 0xff, 0x05, 0x41, 0x38, 0xff, 0x05, 0x41, 0x38,
  0xd1, 0xfc, 0x2d, 0x38, 0x98, 0xc3, 0x44, 0x38, 0x98, 0xc3, 0x44, 0x38,
  0x98, 0xc3, 0x44, 0x38, 0x98, 0xc3, 0x44, 0x38, 0xff, 0x05, 0x41, 0x38,
  0xd1, 0xfc, 0x2d, 0x38, 0x0e, 0xb0, 0xfe, 0xff, 0x04, 0x00, 0x00, 0x00,
  0x00, 0x01, 0x00, 0x00, 0xbe, 0xff, 0xff, 0xff, 0x26, 0x00, 0x00, 0x00,
  0x90, 0x00, 0x00, 0x00, 0x6e, 0x00, 0x00, 0x00, 0xf1, 0xff, 0xff, 0xff,
  0x67, 0xfd, 0xff, 0xff, 0xbb, 0xfd, 0xff, 0xff, 0xbf, 0x01, 0x00, 0x00,
  0x95, 0x01, 0x00, 0x00, 0xf2, 0x00, 0x00, 0x00, 0xad, 0x00, 0x00, 0x00,
  0x8f, 0x01, 0x00, 0x00, 0xa3, 0x01, 0x00, 0x00, 0x42, 0xfc, 0xff, 0xff,
  0x4a, 0x00, 0x00, 0x00, 0x87, 0x00, 0x00, 0x00, 0x0f, 0x00, 0x00, 0x00,
  0x75, 0xff, 0xff, 0xff, 0x98, 0x00, 0x00, 0x00, 0x40, 0x01, 0x00, 0x00,
  0xe4, 0xfb, 0xff, 0xff, 0x86, 0x01, 0x00, 0x00, 0xff, 0x00, 0x00, 0x00,
  0x37, 0x04, 0x00, 0x00, 0xd1, 0xfd, 0xff, 0xff, 0x9b, 0xff, 0xff, 0xff,
  0xa3, 0x00, 0x00, 0x00, 0x66, 0xfd, 0xff, 0xff, 0xe7, 0xfc, 0xff, 0xff,
  0xec, 0xfd, 0xff, 0xff, 0x92, 0x00, 0x00, 0x00, 0x5c, 0xfe, 0xff, 0xff,
  0x4f, 0xfd, 0xff, 0xff, 0xe3, 0xfe, 0xff, 0xff, 0x5e, 0xfd, 0xff, 0xff,
  0x04, 0xfe, 0xff, 0xff, 0x3f, 0xfe, 0xff, 0xff, 0x83, 0x01, 0x00, 0x00,
  0x9f, 0xfe, 0xff, 0xff, 0x70, 0xfe, 0xff, 0xff, 0xf8, 0xfd, 0xff, 0xff,
  0xba, 0xfd, 0xff, 0xff, 0x75, 0xfc, 0xff, 0xff, 0x78, 0xfe, 0xff, 0xff,
  0x11, 0x01, 0x00, 0x00, 0xbb, 0xfc, 0xff, 0xff, 0x2b, 0xfe, 0xff, 0xff,
  0x87, 0xfb, 0xff, 0xff, 0xb5, 0xfc, 0xff, 0xff, 0x03, 0xfe, 0xff, 0xff,
  0x28, 0x02, 0x00, 0x00, 0x74, 0xff, 0xff, 0xff, 0xcc, 0xfd, 0xff, 0xff,
  0xb1, 0xfd, 0xff, 0xff, 0xdb, 0xfd, 0xff, 0xff, 0x5d, 0x00, 0x00, 0x00,
  0x44, 0x00, 0x00, 0x00, 0xd2, 0xff, 0xff, 0xff, 0xa2, 0xff, 0xff, 0xff,
  0x34, 0xff, 0xff, 0xff, 0xad, 0xff, 0xff, 0xff, 0x19, 0xff, 0xff, 0xff,
  0x58, 0x01, 0x00, 0x00, 0x9d, 0xfe, 0xff, 0xff, 0x72, 0xb1, 0xfe, 0xff,
  0x00, 0x00, 0x09, 0x01, 0x24, 0x00, 0x00, 0x00, 0x2a, 0x00, 0x00, 0x00,
  0x08, 0x00, 0x00, 0x00, 0x1c, 0x00, 0x00, 0x00, 0x0f, 0x00, 0x00, 0x00,
  0x61, 0x72, 0x69, 0x74, 0x68, 0x2e, 0x63, 0x6f, 0x6e, 0x73, 0x74, 0x61,
  0x6e, 0x74, 0x37, 0x00, 0x00, 0x00, 0x00, 0x00, 0xbc, 0xb4, 0xfe, 0xff,
  0x14, 0x00, 0x00, 0x00, 0x04, 0x00, 0x00, 0x00, 0x01, 0x00, 0x00, 0x00,
  0xd5, 0xff, 0xff, 0xff, 0xff, 0xff, 0xff, 0xff, 0x01, 0x00, 0x00, 0x00,
  0xba, 0x1d, 0xca, 0x31, 0x6a, 0xb1, 0xfe, 0xff, 0x04, 0x00, 0x00, 0x00,
  0x01, 0x00, 0x00, 0x00, 0x7f, 0x00, 0x00, 0x00, 0xd2, 0xb1, 0xfe, 0xff,
  0x00, 0x00, 0x09, 0x01, 0x7c, 0x00, 0x00, 0x00, 0x29, 0x00, 0x00, 0x00,
  0x08, 0x00, 0x00, 0x00, 0x7c, 0x00, 0x00, 0x00, 0x65, 0x00, 0x00, 0x00,
  0x74, 0x69, 0x6e, 0x79, 0x5f, 0x6e, 0x69, 0x64, 0x73, 0x5f, 0x74, 0x72,
  0x61, 0x6e, 0x73, 0x66, 0x6f, 0x72, 0x6d, 0x65, 0x72, 0x5f, 0x31, 0x2f,
  0x65, 0x6e, 0x63, 0x6f, 0x64, 0x65, 0x72, 0x5f, 0x62, 0x6c, 0x6f, 0x63,
  0x6b, 0x5f, 0x30, 0x5f, 0x31, 0x2f, 0x6d, 0x75, 0x6c, 0x74, 0x69, 0x5f,
  0x68, 0x65, 0x61, 0x64, 0x5f, 0x6c, 0x69, 0x6e, 0x65, 0x61, 0x72, 0x5f,
  0x61, 0x74, 0x74, 0x65, 0x6e, 0x74, 0x69, 0x6f, 0x6e, 0x5f, 0x32, 0x5f,
  0x31, 0x2f, 0x64, 0x65, 0x6e, 0x73, 0x65, 0x5f, 0x31, 0x35, 0x5f, 0x31,
  0x2f, 0x54, 0x65, 0x6e, 0x73, 0x6f, 0x72, 0x64, 0x6f, 0x74, 0x2f, 0x4d,
  0x61, 0x74, 0x4d, 0x75, 0x6c, 0x00, 0x00, 0x00, 0x02, 0x00, 0x00, 0x00,
  0x40, 0x00, 0x00, 0x00, 0x40, 0x00, 0x00, 0x00, 0x7c, 0xb5, 0xfe, 0xff,
  0x10, 0x02, 0x00, 0x00, 0x04, 0x00, 0x00, 0x00, 0x40, 0x00, 0x00, 0x00,
  0x00, 0x00, 0x00, 0x00, 0x00, 0x00, 0x00, 0x00, 0x00, 0x00, 0x00, 0x00,
  0x00, 0x00, 0x00, 0x00, 0x00, 0x00, 0x00, 0x00, 0x00, 0x00, 0x00, 0x00,
  0x00, 0x00, 0x00, 0x00, 0x00, 0x00, 0x00, 0x00, 0x00, 0x00, 0x00, 0x00,
  0x00, 0x00, 0x00, 0x00, 0x00, 0x00, 0x00, 0x00, 0x00, 0x00, 0x00, 0x00,
  0x00, 0x00, 0x00, 0x00, 0x00, 0x00, 0x00, 0x00, 0x00, 0x00, 0x00, 0x00,
  0x00, 0x00, 0x00, 0x00, 0x00, 0x00, 0x00, 0x00, 0x00, 0x00, 0x00, 0x00,
  0x00, 0x00, 0x00, 0x00, 0x00, 0x00, 0x00, 0x00, 0x00, 0x00, 0x00, 0x00,
  0x00, 0x00, 0x00, 0x00, 0x00, 0x00, 0x00, 0x00, 0x00, 0x00, 0x00, 0x00,
  0x00, 0x00, 0x00, 0x00, 0x00, 0x00, 0x00, 0x00, 0x00, 0x00, 0x00, 0x00,
  0x00, 0x00, 0x00, 0x00, 0x00, 0x00, 0x00, 0x00, 0x00, 0x00, 0x00, 0x00,
  0x00, 0x00, 0x00, 0x00, 0x00, 0x00, 0x00, 0x00, 0x00, 0x00, 0x00, 0x00,
  0x00, 0x00, 0x00, 0x00, 0x00, 0x00, 0x00, 0x00, 0x00, 0x00, 0x00, 0x00,
  0x00, 0x00, 0x00, 0x00, 0x00, 0x00, 0x00, 0x00, 0x00, 0x00, 0x00, 0x00,
  0x00, 0x00, 0x00, 0x00, 0x00, 0x00, 0x00, 0x00, 0x00, 0x00, 0x00, 0x00,
  0x00, 0x00, 0x00, 0x00, 0x00, 0x00, 0x00, 0x00, 0x00, 0x00, 0x00, 0x00,
  0x00, 0x00, 0x00, 0x00, 0x00, 0x00, 0x00, 0x00, 0x00, 0x00, 0x00, 0x00,
  0x00, 0x00, 0x00, 0x00, 0x00, 0x00, 0x00, 0x00, 0x00, 0x00, 0x00, 0x00,
  0x00, 0x00, 0x00, 0x00, 0x00, 0x00, 0x00, 0x00, 0x00, 0x00, 0x00, 0x00,
  0x00, 0x00, 0x00, 0x00, 0x00, 0x00, 0x00, 0x00, 0x00, 0x00, 0x00, 0x00,
  0x00, 0x00, 0x00, 0x00, 0x00, 0x00, 0x00, 0x00, 0x00, 0x00, 0x00, 0x00,
  0x00, 0x00, 0x00, 0x00, 0x00, 0x00, 0x00, 0x00, 0x00, 0x00, 0x00, 0x00,
  0x00, 0x00, 0x00, 0x00, 0x00, 0x00, 0x00, 0x00, 0x00, 0x00, 0x00, 0x00,
  0x00, 0x00, 0x00, 0x00, 0x00, 0x00, 0x00, 0x00, 0x00, 0x00, 0x00, 0x00,
  0x00, 0x00, 0x00, 0x00, 0x00, 0x00, 0x00, 0x00, 0x00, 0x00, 0x00, 0x00,
  0x00, 0x00, 0x00, 0x00, 0x00, 0x00, 0x00, 0x00, 0x00, 0x00, 0x00, 0x00,
  0x00, 0x00, 0x00, 0x00, 0x00, 0x00, 0x00, 0x00, 0x00, 0x00, 0x00, 0x00,
  0x00, 0x00, 0x00, 0x00, 0x00, 0x00, 0x00, 0x00, 0x00, 0x00, 0x00, 0x00,
  0x00, 0x00, 0x00, 0x00, 0x00, 0x00, 0x00, 0x00, 0x00, 0x00, 0x00, 0x00,
  0x00, 0x00, 0x00, 0x00, 0x00, 0x00, 0x00, 0x00, 0x00, 0x00, 0x00, 0x00,
  0x00, 0x00, 0x00, 0x00, 0x00, 0x00, 0x00, 0x00, 0x00, 0x00, 0x00, 0x00,
  0x00, 0x00, 0x00, 0x00, 0x00, 0x00, 0x00, 0x00, 0x00, 0x00, 0x00, 0x00,
  0x00, 0x00, 0x00, 0x00, 0x00, 0x00, 0x00, 0x00, 0x00, 0x00, 0x00, 0x00,
  0x00, 0x00, 0x00, 0x00, 0x00, 0x00, 0x00, 0x00, 0x00, 0x00, 0x00, 0x00,
  0x00, 0x00, 0x00, 0x00, 0x00, 0x00, 0x00, 0x00, 0x00, 0x00, 0x00, 0x00,
  0x00, 0x00, 0x00, 0x00, 0x00, 0x00, 0x00, 0x00, 0x00, 0x00, 0x00, 0x00,
  0x00, 0x00, 0x00, 0x00, 0x00, 0x00, 0x00, 0x00, 0x00, 0x00, 0x00, 0x00,
  0x00, 0x00, 0x00, 0x00, 0x00, 0x00, 0x00, 0x00, 0x00, 0x00, 0x00, 0x00,
  0x00, 0x00, 0x00, 0x00, 0x00, 0x00, 0x00, 0x00, 0x00, 0x00, 0x00, 0x00,
  0x00, 0x00, 0x00, 0x00, 0x00, 0x00, 0x00, 0x00, 0x00, 0x00, 0x00, 0x00,
  0x00, 0x00, 0x00, 0x00, 0x00, 0x00, 0x00, 0x00, 0x00, 0x00, 0x00, 0x00,
  0x00, 0x00, 0x00, 0x00, 0x00, 0x00, 0x00, 0x00, 0x00, 0x00, 0x00, 0x00,
  0x00, 0x00, 0x00, 0x00, 0x00, 0x00, 0x00, 0x00, 0x00, 0x00, 0x00, 0x00,
  0x00, 0x00, 0x00, 0x00, 0x00, 0x00, 0x00, 0x00, 0x00, 0x00, 0x00, 0x00,
  0x40, 0x00, 0x00, 0x00, 0x11, 0x6c, 0xe5, 0x3a, 0x11, 0x6c, 0xe5, 0x3a,
  0x6e, 0x2b, 0x02, 0x3b, 0x11, 0x6c, 0xe5, 0x3a, 0x11, 0x6c, 0xe5, 0x3a,
  0xd6, 0x87, 0xce, 0x3a, 0xb1, 0xbb, 0x03, 0x3b, 0x11, 0x6c, 0xe5, 0x3a,
  0xb1, 0xbb, 0x03, 0x3b, 0xb1, 0xbb, 0x03, 0x3b, 0xb1, 0xbb, 0x03, 0x3b,
  0x11, 0x6c, 0xe5, 0x3a, 0x11, 0x6c, 0xe5, 0x3a, 0x11, 0x6c, 0xe5, 0x3a,
  0xb1, 0xbb, 0x03, 0x3b, 0x6e, 0x2b, 0x02, 0x3b, 0x11, 0x6c, 0xe5, 0x3a,
  0xb1, 0xbb, 0x03, 0x3b, 0x11, 0x6c, 0xe5, 0x3a, 0x11, 0x6c, 0xe5, 0x3a,
  0xb1, 0xbb, 0x03, 0x3b, 0xb1, 0xbb, 0x03, 0x3b, 0x11, 0x6c, 0xe5, 0x3a,
  0x6e, 0x2b, 0x02, 0x3b, 0x11, 0x6c, 0xe5, 0x3a, 0x11, 0x6c, 0xe5, 0x3a,
  0x20, 0x2d, 0xe2, 0x3a, 0x6e, 0x2b, 0x02, 0x3b, 0xb1, 0xbb, 0x03, 0x3b,
  0xd6, 0x87, 0xce, 0x3a, 0x11, 0x6c, 0xe5, 0x3a, 0x11, 0x6c, 0xe5, 0x3a,
  0x6e, 0x2b, 0x02, 0x3b, 0xb1, 0xbb, 0x03, 0x3b, 0x11, 0x6c, 0xe5, 0x3a,
  0x20, 0x2d, 0xe2, 0x3a, 0xb1, 0xbb, 0x03, 0x3b, 0x11, 0x6c, 0xe5, 0x3a,
  0xb1, 0xbb, 0x03, 0x3b, 0xb1, 0xbb, 0x03, 0x3b, 0xb1, 0xbb, 0x03, 0x3b,
  0x11, 0x6c, 0xe5, 0x3a, 0xb1, 0xbb, 0x03, 0x3b, 0xb1, 0xbb, 0x03, 0x3b,
  0x11, 0x6c, 0xe5, 0x3a, 0x11, 0x6c, 0xe5, 0x3a, 0x11, 0x6c, 0xe5, 0x3a,
  0xb1, 0xbb, 0x03, 0x3b, 0x20, 0x2d, 0xe2, 0x3a, 0x20, 0x2d, 0xe2, 0x3a,
  0x6e, 0x2b, 0x02, 0x3b, 0x11, 0x6c, 0xe5, 0x3a, 0x11, 0x6c, 0xe5, 0x3a,
  0x6e, 0x2b, 0x02, 0x3b, 0x11, 0x6c, 0xe5, 0x3a, 0xb1, 0xbb, 0x03, 0x3b,
  0x6e, 0x2b, 0x02, 0x3b, 0x11, 0x6c, 0xe5, 0x3a, 0xb1, 0xbb, 0x03, 0x3b,
  0x11, 0x6c, 0xe5, 0x3a, 0x6e, 0x2b, 0x02, 0x3b, 0x6e, 0x2b, 0x02, 0x3b,
  0x11, 0x6c, 0xe5, 0x3a, 0xb1, 0xbb, 0x03, 0x3b, 0x22, 0xb5, 0xfe, 0xff,
  0x04, 0x00, 0x00, 0x00, 0x00, 0x10, 0x00, 0x00, 0x8f, 0x56, 0x56, 0x56,
  0x5f, 0x68, 0x00, 0x00, 0x44, 0x00, 0x00, 0xab, 0x00, 0x44, 0x7f, 0x4d,
  0x00, 0xab, 0x00, 0x00, 0x00, 0xab, 0x00, 0x00, 0x99, 0x00, 0x00, 0xab,
  0x99, 0xa2, 0x00, 0x5f, 0xab, 0x00, 0x4d, 0xab, 0x83, 0x00, 0x44, 0x00,
  0x00, 0x00, 0x00, 0x00, 0xb5, 0x00, 0x00, 0x00, 0x56, 0x00, 0x00, 0xb5,
  0x56, 0x00, 0x00, 0x99, 0x4d, 0x00, 0x44, 0x00, 0xa2, 0xb5, 0x72, 0x7f,
  0x00, 0x68, 0x56, 0x00, 0x00, 0x00, 0xab, 0x00, 0x83, 0x00, 0x00, 0x00,
  0x00, 0x68, 0x00, 0x99, 0xbc, 0xab, 0x00, 0xb5, 0x99, 0x00, 0x00, 0x00,
  0x8f, 0x68, 0x68, 0x5f, 0x00, 0x56, 0x7f, 0x00, 0xa2, 0x00, 0xa2, 0x5f,
  0x00, 0x99, 0x00, 0x00, 0xb5, 0x00, 0xbc, 0x00, 0x00, 0x00, 0x00, 0x00,
  0x00, 0x83, 0x4d, 0x00, 0x72, 0x00, 0x00, 0x99, 0x4d, 0x8f, 0x7f, 0x00,
  0x00, 0x00, 0x00, 0x7f, 0x00, 0x3c, 0xa5, 0x4c, 0xa5, 0x00, 0xa5, 0x65,
  0x4c, 0xbe, 0x00, 0x00, 0x43, 0x70, 0x00, 0x00, 0x53, 0xb5, 0x00, 0x00,
  0x00, 0x00, 0x00, 0x65, 0x4c, 0xbe, 0x00, 0x5b, 0xa5, 0xad, 0x00, 0x00,
  0xbe, 0xa5, 0xad, 0x53, 0x53, 0x65, 0xa5, 0x00, 0x00, 0x00, 0x00, 0x3c,
  0x00, 0x00, 0x00, 0x00, 0x00, 0x00, 0x92, 0xc4, 0x65, 0x00, 0x00, 0x81,
  0xad, 0x00, 0x00, 0x00, 0xbe, 0x4c, 0x00, 0x65, 0x56, 0x00, 0x7f, 0x8f,
  0x68, 0x8f, 0x00, 0x00, 0x00, 0x99, 0x00, 0x00, 0x00, 0x00, 0x8f, 0x00,
  0x00, 0x83, 0x00, 0x00, 0x00, 0x00, 0x00, 0xbc, 0x83, 0x00, 0x4d, 0x00,
  0x8f, 0xb5, 0x00, 0x00, 0x00, 0x44, 0x5f, 0x00, 0xab, 0x00, 0x00, 0x00,
  0x00, 0x00, 0x00, 0x00, 0x00, 0x56, 0x4d, 0x00, 0xbc, 0x00, 0x00, 0x00,
  0xa2, 0x5f, 0x5f, 0xa2, 0x00, 0x00, 0x00, 0x4d, 0x00, 0x00, 0x00, 0x00,
  0x72, 0x00, 0x00, 0xab, 0x72, 0x00, 0x00, 0xb5, 0x8f, 0x00, 0x8f, 0xab,
  0x00, 0x8f, 0x72, 0x00, 0x44, 0x00, 0x00, 0x72, 0x00, 0x5f, 0x00, 0x00,
  0x4d, 0x00, 0x4d, 0x8f, 0x00, 0x00, 0x68, 0xa2, 0xbc, 0x4d, 0xbc, 0x00,
  0x00, 0x83, 0xb5, 0x00, 0x00, 0x83, 0x68, 0xab, 0x00, 0xab, 0x44, 0x83,
  0x00, 0x00, 0xab, 0x72, 0xa2, 0xb5, 0x00, 0x00, 0x7f, 0x72, 0x56, 0x8f,
  0x00, 0x00, 0x44, 0x00, 0x00, 0x00, 0x00, 0x00, 0x00, 0x00, 0x00, 0x55,
  0x00, 0x00, 0x00, 0x8d, 0x7f, 0x00, 0x00, 0x5f, 0x00, 0x00, 0x83, 0x00,
  0xa2, 0x97, 0x8d, 0x00, 0x00, 0x4c, 0x00, 0x00, 0x00, 0x00, 0x00, 0x00,
  0x00, 0xac, 0x00, 0x00, 0x00, 0x55, 0x00, 0x00, 0x00, 0x00, 0x5f, 0x00,
  0x00, 0x55, 0x55, 0x8d, 0xa2, 0x00, 0x00, 0x8d, 0x00, 0x00, 0x69, 0x7f,
  0x5f, 0x00, 0x69, 0x00, 0x69, 0x69, 0x00, 0xa2, 0x00, 0x00, 0x4b, 0x00,
  0x64, 0x00, 0x9e, 0xae, 0x5a, 0x00, 0x00, 0xae, 0x00, 0x00, 0x64, 0x7f,
  0xc5, 0xae, 0x4b, 0x83, 0x00, 0x00, 0x00, 0x52, 0x00, 0xa6, 0x00, 0x00,
  0x00, 0x00, 0x00, 0x00, 0x5a, 0x00, 0xb6, 0x00, 0x6f, 0x00, 0x00, 0x5a,
  0x5a, 0x00, 0x43, 0x00, 0x52, 0x00, 0xbe, 0x93, 0x43, 0xae, 0xc5, 0x00,
  0x00, 0x00, 0xb6, 0x64, 0x00, 0x00, 0xa6, 0x00, 0x9e, 0x00, 0x7f, 0x00,
  0x00, 0x00, 0x00, 0x00, 0x00, 0x7f, 0x00, 0x8f, 0x00, 0x00, 0xab, 0x00,
  0x00, 0x00, 0x83, 0x00, 0x00, 0x7f, 0xa2, 0x44, 0x00, 0x44, 0x00, 0x4d,
  0x00, 0x83, 0x00, 0xbc, 0x44, 0xbc, 0x00, 0x00, 0x7f, 0x00, 0xa2, 0x00,
  0x99, 0x44, 0x8f, 0x00, 0x56, 0x68, 0x44, 0x00, 0x44, 0x00, 0x00, 0x00,
  0x56, 0xbc, 0xbc, 0x00, 0x44, 0x00, 0x00, 0x00, 0x00, 0x5f, 0x8f, 0x56,
  0x00, 0xab, 0x4d, 0x5f, 0x00, 0x00, 0x00, 0x93, 0x00, 0x00, 0xb6, 0x5a,
  0x00, 0x43, 0x00, 0x6f, 0x9e, 0xa6, 0x00, 0x00, 0x9e, 0x00, 0x00, 0xb6,
  0x00, 0x00, 0xbe, 0x00, 0x43, 0x00, 0x00, 0x00, 0x4b, 0x00, 0xc5, 0x00,
  0x00, 0x9e, 0x7f, 0x93, 0x00, 0x00, 0xa6, 0x4b, 0x5a, 0x93, 0x7f, 0xa6,
  0x00, 0x64, 0x43, 0x00, 0x43, 0x00, 0x7f, 0x00, 0x00, 0x00, 0x9e, 0x64,
  0x00, 0x00, 0xa6, 0x00, 0x00, 0x9e, 0xae, 0xc5, 0xa6, 0x00, 0x00, 0x9e,
  0x00, 0x00, 0x00, 0x00, 0xbe, 0x4b, 0x9e, 0x00, 0xb6, 0xa6, 0x00, 0x00,
  0x00, 0x00, 0x43, 0xae, 0x00, 0x00, 0xae, 0x00, 0x00, 0x00, 0xae, 0xc5,
  0x00, 0x00, 0x00, 0x00, 0xae, 0x93, 0x5a, 0x43, 0xbe, 0x9e, 0x6f, 0x00,
  0x7f, 0x64, 0x3b, 0x00, 0xbe, 0x00, 0x9e, 0x4b, 0x00, 0x00, 0x3b, 0x00,
  0x52, 0x00, 0xa6, 0x00, 0x5a, 0x64, 0x3b, 0x00, 0x43, 0x64, 0x00, 0xc5,
  0xb6, 0x00, 0x00, 0x9e, 0x00, 0x00, 0x00, 0x00, 0x64, 0x00, 0xb6, 0x00,
  0xb6, 0x00, 0x00, 0x7f, 0x83, 0x00, 0x00, 0x00, 0x00, 0x00, 0x00, 0x00,
  0x9e, 0xbe, 0xc5, 0x00, 0x00, 0xc5, 0x00, 0xa6, 0x43, 0x9e, 0x00, 0x4b,
  0x00, 0x00, 0xb6, 0x00, 0x00, 0x3b, 0x00, 0x9e, 0x00, 0xbe, 0x00, 0xae,
  0x00, 0x00, 0x00, 0x64, 0xc5, 0x52, 0xb6, 0x3b, 0x5a, 0x43, 0x00, 0x52,
  0xc5, 0xbe, 0xa6, 0xc5, 0x56, 0x99, 0x00, 0x00, 0x00, 0x00, 0x00, 0x8f,
  0x72, 0x56, 0x56, 0xab, 0xbc, 0x00, 0x00, 0x00, 0x56, 0x00, 0x00, 0x00,
  0x4d, 0xa2, 0xa2, 0x44, 0xa2, 0x00, 0x68, 0x56, 0x00, 0x99, 0xa2, 0x00,
  0x5f, 0x00, 0x00, 0x00, 0x00, 0xb5, 0x72, 0x00, 0x00, 0x44, 0x7f, 0x00,
  0x00, 0x00, 0x00, 0x00, 0x68, 0x00, 0x00, 0x8f, 0x00, 0x00, 0x00, 0x99,
  0x8f, 0x00, 0x00, 0xa2, 0x00, 0x4d, 0x00, 0x00, 0x00, 0x72, 0x8f, 0x68,
  0x44, 0x00, 0x00, 0x00, 0x68, 0x99, 0x83, 0xa2, 0x00, 0x83, 0x99, 0x00,
  0x00, 0x00, 0x00, 0x00, 0x00, 0x44, 0xab, 0x00, 0x00, 0x7f, 0x00, 0x00,
  0x00, 0x00, 0x00, 0x00, 0x00, 0x99, 0x8f, 0x00, 0x00, 0x99, 0x72, 0x7f,
  0x4d, 0x8f, 0x83, 0xb5, 0x56, 0xb5, 0x00, 0x68, 0x72, 0xa2, 0x00, 0x72,
  0x68, 0x00, 0x72, 0xbc, 0x68, 0x72, 0xab, 0x68, 0x68, 0x00, 0x00, 0x00,
  0x00, 0x99, 0x44, 0x8f, 0x00, 0x00, 0x00, 0x00, 0x4d, 0x00, 0x99, 0x68,
  0x72, 0x99, 0x4d, 0x00, 0x00, 0x5f, 0x00, 0x00, 0x68, 0xb5, 0xbc, 0x5f,
  0x00, 0x5f, 0xb5, 0x8f, 0xa2, 0x72, 0x00, 0x8f, 0x00, 0x72, 0x00, 0x00,
  0x00, 0x00, 0x00, 0x00, 0x00, 0x00, 0x00, 0x00, 0x72, 0x00, 0x8f, 0x00,
  0x00, 0x83, 0xbc, 0x83, 0xab, 0x00, 0xab, 0x00, 0x7f, 0x00, 0xb5, 0xab,
  0x83, 0x5f, 0x00, 0x00, 0x00, 0x00, 0x00, 0xc5, 0xbe, 0x4b, 0x00, 0x7f,
  0x52, 0x00, 0x00, 0x52, 0x00, 0x00, 0x9e, 0x93, 0x43, 0x43, 0x4b, 0x43,
  0x64, 0x7f, 0xb6, 0x5a, 0x43, 0x00, 0x00, 0x00, 0x9e, 0x52, 0x64, 0x3b,
  0x93, 0x00, 0x9e, 0x52, 0xb6, 0x00, 0x00, 0x64, 0x00, 0x00, 0x93, 0x52,
  0x00, 0xa6, 0x00, 0x00, 0x64, 0x93, 0x83, 0x00, 0x00, 0x00, 0x9e, 0x00,
  0x00, 0x5a, 0x00, 0x00, 0x00, 0x00, 0x00, 0x00, 0x3c, 0x00, 0x00, 0xad,
  0x00, 0x00, 0x00, 0x00, 0x00, 0xc4, 0x65, 0x00, 0x00, 0x9d, 0x00, 0x00,
  0x00, 0x5b, 0x00, 0x70, 0x53, 0x70, 0x00, 0x00, 0x00, 0x00, 0x00, 0x00,
  0xad, 0x00, 0x43, 0x00, 0x53, 0x00, 0x9d, 0x00, 0x9d, 0x00, 0x9d, 0x92,
  0x81, 0x00, 0x00, 0x3c, 0x00, 0x00, 0x53, 0x65, 0x00, 0x00, 0x00, 0x00,
  0x00, 0x00, 0x00, 0xb5, 0x00, 0xad, 0x4c, 0x00, 0x65, 0x9d, 0x00, 0xad,
  0x00, 0x00, 0x5f, 0x00, 0xab, 0x68, 0x99, 0x44, 0x4d, 0x99, 0x4d, 0x00,
  0x00, 0xb5, 0x7f, 0x5f, 0x00, 0x00, 0x00, 0xb5, 0x00, 0x00, 0x00, 0x00,
  0x00, 0x8f, 0x00, 0x00, 0x5f, 0xab, 0x00, 0xb5, 0x00, 0x00, 0xa2, 0x00,
  0x00, 0x00, 0x00, 0x7f, 0x00, 0x00, 0x00, 0x00, 0x72, 0xb5, 0x44, 0x5f,
  0x00, 0x99, 0x00, 0x5f, 0x00, 0x00, 0x00, 0x68, 0x4d, 0x56, 0x00, 0x00,
  0x68, 0x00, 0x00, 0x8f, 0x9e, 0x64, 0x52, 0x93, 0x00, 0x00, 0x43, 0x00,
  0x9e, 0xb6, 0x00, 0x9e, 0x52, 0x43, 0x3b, 0x52, 0x00, 0x00, 0x3b, 0x7f,
  0xb6, 0x00, 0xbe, 0x00, 0xb6, 0x43, 0xa6, 0x93, 0x00, 0x52, 0xae, 0x00,
  0xae, 0x52, 0x9e, 0x00, 0x5a, 0x4b, 0x00, 0x00, 0xb6, 0x00, 0x00, 0x3b,
  0x00, 0x00, 0x00, 0x00, 0x00, 0x00, 0x52, 0x00, 0x00, 0xb6, 0x43, 0xb6,
  0x00, 0xbe, 0x00, 0x64, 0x00, 0x52, 0xa6, 0x52, 0xb5, 0xa2, 0x00, 0x00,
  0x00, 0x00, 0x68, 0x00, 0x8f, 0x00, 0xa2, 0x00, 0xa2, 0xa2, 0xab, 0x00,
  0x00, 0x99, 0x5f, 0x00, 0x68, 0x56, 0x00, 0x4d, 0x4d, 0x00, 0x7f, 0xa2,
  0x00, 0x00, 0x00, 0x00, 0x00, 0xb5, 0x00, 0x00, 0x00, 0xb5, 0x00, 0x00,
  0xab, 0x00, 0x68, 0x00, 0x00, 0x00, 0xb5, 0x00, 0x00, 0x00, 0x00, 0x00,
  0x00, 0x00, 0x00, 0x00, 0x5f, 0x00, 0x00, 0x56, 0x00, 0x00, 0x00, 0x00,
  0x00, 0x00, 0x56, 0x00, 0x00, 0x56, 0x00, 0x00, 0x00, 0xab, 0x00, 0x00,
  0x7f, 0x00, 0x68, 0x00, 0x00, 0x00, 0x4d, 0x5f, 0x00, 0x5f, 0x72, 0x00,
  0x83, 0xab, 0x00, 0x68, 0x99, 0x68, 0x7f, 0x00, 0x56, 0x56, 0x5f, 0x00,
  0x00, 0xab, 0x00, 0xa2, 0x4d, 0xb5, 0xab, 0x00, 0x99, 0x8f, 0x00, 0x00,
  0x00, 0x4d, 0x00, 0x72, 0x00, 0x00, 0x5f, 0x83, 0x00, 0x83, 0x00, 0x44,
  0x4d, 0x68, 0x83, 0x00, 0xb6, 0xa6, 0x7f, 0xc5, 0x00, 0x00, 0x9e, 0x00,
  0x5a, 0x00, 0x43, 0x00, 0x00, 0x00, 0x00, 0xc5, 0x00, 0x00, 0x00, 0x52,
  0x93, 0x00, 0x00, 0x00, 0x00, 0x00, 0x00, 0x00, 0x43, 0x00, 0x00, 0x52,
  0x3b, 0x00, 0x00, 0x6f, 0x64, 0x00, 0x5a, 0x00, 0xb6, 0x00, 0x00, 0x00,
  0x00, 0x9e, 0x4b, 0x00, 0x4b, 0x00, 0x00, 0x00, 0xa6, 0x43, 0xbe, 0x00,
  0x00, 0xb6, 0xc5, 0x00, 0xbe, 0x00, 0x00, 0x00, 0x00, 0x00, 0x00, 0xae,
  0xbe, 0x00, 0xae, 0x00, 0x00, 0x4b, 0x00, 0x3b, 0x7f, 0xae, 0x00, 0x00,
  0x00, 0x00, 0x00, 0x00, 0x00, 0x52, 0x93, 0x00, 0x6f, 0x00, 0x00, 0x00,
  0xae, 0x00, 0x00, 0x9e, 0x3b, 0x00, 0xae, 0x9e, 0x00, 0xc5, 0x00, 0x00,
  0x00, 0x00, 0x5a, 0x00, 0xae, 0x9e, 0x52, 0x43, 0xc5, 0xc5, 0x5a, 0x43,
  0x5a, 0x64, 0x00, 0x00, 0x52, 0x3b, 0x00, 0x00, 0x00, 0x00, 0xc5, 0x00,
  0x00, 0x7f, 0x00, 0x8f, 0x7f, 0x99, 0x68, 0xa2, 0x00, 0x4d, 0x8f, 0x72,
  0x00, 0x00, 0x44, 0x00, 0x83, 0x00, 0x00, 0x4d, 0xab, 0x00, 0xa2, 0xa2,
  0x00, 0x00, 0x72, 0x44, 0x00, 0x00, 0x00, 0x7f, 0xb5, 0x00, 0xbc, 0x99,
  0x00, 0x00, 0x00, 0x00, 0x68, 0x00, 0x7f, 0x00, 0x68, 0xbc, 0x00, 0x00,
  0xab, 0x00, 0x00, 0x00, 0x00, 0x00, 0x00, 0x68, 0x00, 0x5f, 0x99, 0xb5,
  0x5f, 0x5f, 0x00, 0x00, 0xa5, 0x00, 0x00, 0x00, 0x70, 0x5b, 0x00, 0x00,
  0xbe, 0x00, 0x00, 0xad, 0x9d, 0xb5, 0xb5, 0x00, 0x00, 0x00, 0x4c, 0x81,
  0x00, 0xc4, 0x00, 0xb5, 0x43, 0xa5, 0x65, 0x00, 0x00, 0x9d, 0x00, 0x5b,
  0x65, 0x53, 0x00, 0x00, 0x9d, 0x00, 0xad, 0x00, 0x00, 0x43, 0xb5, 0x53,
  0x00, 0x00, 0xb5, 0x81, 0xbe, 0x5b, 0x00, 0x00, 0x9d, 0x00, 0x00, 0x00,
  0x5b, 0x4c, 0x00, 0x00, 0x9d, 0x43, 0x70, 0x00, 0x00, 0x00, 0x00, 0x00,
  0x00, 0xb5, 0x00, 0x56, 0x00, 0x5f, 0x00, 0x68, 0xa2, 0x00, 0x56, 0x00,
  0x00, 0x00, 0x56, 0x44, 0x44, 0x44, 0x00, 0x00, 0x56, 0x00, 0x99, 0x00,
  0x00, 0x44, 0x00, 0x4d, 0x7f, 0xab, 0x5f, 0x00, 0x8f, 0x8f, 0x00, 0x56,
  0x44, 0x00, 0x7f, 0x00, 0x00, 0x44, 0xb5, 0xbc, 0xbc, 0x00, 0x5f, 0x00,
  0x4d, 0x5f, 0x00, 0xbc, 0x00, 0x00, 0x00, 0x99, 0xa2, 0xab, 0x5f, 0x00,
  0x5f, 0x83, 0x7f, 0x00, 0x00, 0x68, 0x99, 0x00, 0x44, 0x00, 0xa2, 0x00,
  0x00, 0x7f, 0x00, 0x99, 0x56, 0xab, 0x4d, 0x72, 0x00, 0x68, 0x5f, 0x44,
  0x00, 0x00, 0x00, 0x00, 0x00, 0x00, 0x72, 0x00, 0x5f, 0x8f, 0xab, 0x72,
  0x72, 0xa2, 0x00, 0xab, 0x00, 0x00, 0x00, 0x7f, 0x5f, 0x00, 0x00, 0x00,
  0xab, 0x00, 0x83, 0x00, 0xbc, 0x00, 0xb5, 0x00, 0x00, 0x56, 0xbc, 0x00,
  0x5f, 0x5f, 0x00, 0x00, 0x57, 0x00, 0x00, 0x00, 0x60, 0xa0, 0x00, 0x00,
  0x00, 0x00, 0x00, 0x69, 0x00, 0xbb, 0x00, 0xa0, 0x00, 0x00, 0xbb, 0x4e,
  0x00, 0x97, 0x00, 0x00, 0x00, 0x00, 0x69, 0x57, 0x00, 0x00, 0x00, 0x4e,
  0x00, 0x00, 0x00, 0x00, 0x00, 0x81, 0x8e, 0x00, 0x57, 0x00, 0x00, 0xbb,
  0x00, 0x69, 0x00, 0xaa, 0xbb, 0x00, 0x00, 0x69, 0x00, 0xb4, 0x00, 0x97,
  0x00, 0x00, 0x00, 0x00, 0x60, 0x00, 0xa0, 0x4e, 0x92, 0xad, 0xc4, 0x00,
  0x3c, 0x00, 0x00, 0x00, 0xad, 0x3c, 0x00, 0x00, 0x00, 0xb5, 0x5b, 0x3c,
  0x81, 0x43, 0x65, 0x9d, 0x5b, 0x00, 0x00, 0x92, 0x00, 0x00, 0x00, 0x4c,
  0x70, 0xa5, 0xad, 0xb5, 0x43, 0xad, 0x00, 0x00, 0x65, 0x00, 0x43, 0x00,
  0x43, 0x00, 0x00, 0x00, 0x00, 0xa5, 0x53, 0xc4, 0x00, 0x00, 0x00, 0x00,
  0x81, 0xbe, 0x00, 0x53, 0x00, 0x00, 0xad, 0x00, 0x43, 0x00, 0xad, 0xb5,
  0x00, 0xb6, 0x00, 0x00, 0x00, 0x00, 0x3b, 0x4b, 0xc5, 0xb6, 0x00, 0xa6,
  0x7f, 0x00, 0x43, 0x00, 0x6f, 0x00, 0x00, 0x3b, 0xbe, 0x52, 0x52, 0xae,
  0x43, 0x00, 0x64, 0x9e, 0xae, 0x00, 0x00, 0x00, 0x00, 0xbe, 0x3b, 0x00,
  0xc5, 0x00, 0x00, 0x4b, 0x5a, 0x00, 0xbe, 0xa6, 0x3b, 0xc5, 0xbe, 0x52,
  0x3b, 0x3b, 0x00, 0x00, 0x64, 0x4b, 0xc5, 0xb6, 0x00, 0xae, 0x6f, 0x00,
  0x43, 0x3b, 0x00, 0xb6, 0x7f, 0x00, 0x55, 0x00, 0x00, 0x00, 0x69, 0xac,
  0x83, 0x8d, 0x00, 0x00, 0x00, 0x00, 0x00, 0x5f, 0x00, 0x00, 0x00, 0x00,
  0x4c, 0x00, 0x00, 0x00, 0x00, 0x73, 0x55, 0x00, 0x00, 0xac, 0x97, 0x69,
  0x00, 0x97, 0xb5, 0x00, 0x73, 0x83, 0x73, 0x00, 0xac, 0x00, 0x55, 0x97,
  0x00, 0x00, 0x97, 0x00, 0x7f, 0x00, 0x00, 0x00, 0x00, 0x00, 0x00, 0xb5,
  0x00, 0x00, 0xb5, 0x97, 0x00, 0x7f, 0x5f, 0xb5, 0x00, 0x00, 0x00, 0x00,
  0x00, 0x99, 0x4d, 0x68, 0x00, 0x83, 0x56, 0x00, 0x00, 0x00, 0x5f, 0x00,
  0xab, 0x7f, 0x00, 0x83, 0x7f, 0x4d, 0x00, 0x00, 0x00, 0xb5, 0x83, 0xa2,
  0x00, 0x5f, 0x00, 0x00, 0x00, 0x00, 0xbc, 0x00, 0x68, 0x00, 0x00, 0x00,
  0x00, 0x5f, 0x00, 0xab, 0x00, 0x00, 0x00, 0x00, 0x83, 0x00, 0x00, 0x00,
  0x8f, 0x00, 0xb5, 0x00, 0x83, 0x99, 0x00, 0x8f, 0x68, 0x00, 0x00, 0x00,
  0x00, 0x00, 0xbc, 0x00, 0x00, 0x5f, 0x00, 0x5f, 0x00, 0x00, 0x00, 0x00,
  0x72, 0xb5, 0x00, 0x00, 0x68, 0xa2, 0x00, 0x8f, 0x00, 0x00, 0x7f, 0xb5,
  0x99, 0xa2, 0x00, 0x56, 0x00, 0x00, 0x68, 0x72, 0xb5, 0xab, 0x68, 0x00,
  0x4d, 0xb5, 0x00, 0x00, 0x00, 0x5f, 0x56, 0xb5, 0xbc, 0x00, 0x5f, 0x4d,
  0xbc, 0x00, 0x99, 0x5f, 0x00, 0x8f, 0x4d, 0xbc, 0xab, 0x00, 0x00, 0x00,
  0x44, 0x00, 0x00, 0x8f, 0x00, 0x43, 0x00, 0x00, 0x00, 0x65, 0x53, 0x00,
  0x00, 0xb5, 0x53, 0xad, 0xad, 0x4c, 0xbe, 0x43, 0x4c, 0x5b, 0xa5, 0x00,
  0x81, 0x3c, 0xa5, 0x4c, 0x9d, 0xc4, 0xb5, 0x00, 0xbe, 0x00, 0x00, 0xad,
  0x00, 0x00, 0x53, 0x00, 0xad, 0xad, 0x00, 0x3c, 0xc4, 0xbe, 0xa5, 0x9d,
  0x00, 0x00, 0x43, 0x4c, 0x00, 0xc4, 0x00, 0x00, 0x00, 0xc4, 0x00, 0x4c,
  0x00, 0x00, 0xc4, 0x00, 0x00, 0xbe, 0xbe, 0x3c, 0x00, 0xa6, 0x93, 0x00,
  0x00, 0x00, 0x00, 0x00, 0x00, 0x00, 0xb6, 0xa6, 0xa6, 0x52, 0xa6, 0x00,
  0x00, 0x64, 0x00, 0x3b, 0x6f, 0x00, 0x00, 0x00, 0x64, 0xae, 0x00, 0x00,
  0x00, 0x9e, 0x00, 0x64, 0x7f, 0x43, 0x52, 0x00, 0x9e, 0x00, 0x9e, 0x00,
  0xbe, 0xc5, 0x00, 0x3b, 0xae, 0x3b, 0x00, 0x4b, 0x9e, 0x64, 0x6f, 0x00,
  0xbe, 0x00, 0x3b, 0x00, 0xae, 0x00, 0x00, 0xc5, 0x9e, 0x93, 0x4b, 0x00,
  0x00, 0x8f, 0x00, 0x00, 0x00, 0x00, 0x00, 0x56, 0xbc, 0xa2, 0x00, 0x00,
  0x00, 0x00, 0x68, 0x00, 0x5f, 0x00, 0x00, 0x00, 0x99, 0x00, 0x00, 0x00,
  0x44, 0x7f, 0x00, 0x44, 0x00, 0xb5, 0x4d, 0x83, 0x00, 0x68, 0x00, 0x00,
  0x00, 0x00, 0x00, 0x8f, 0x68, 0x68, 0x00, 0x5f, 0x00, 0x00, 0xbc, 0xab,
  0x00, 0x00, 0xbc, 0x00, 0x00, 0x99, 0x00, 0xbc, 0x00, 0x00, 0x56, 0x83,
  0xb5, 0x56, 0xa2, 0x56, 0x00, 0x00, 0x00, 0x00, 0x00, 0x00, 0x00, 0x00,
  0x00, 0x45, 0x97, 0x8e, 0xa0, 0x00, 0x00, 0x00, 0xbb, 0x81, 0x00, 0x00,
  0x00, 0x8e, 0x74, 0x00, 0x00, 0x69, 0x00, 0x00, 0x60, 0x00, 0x57, 0x4e,
  0x00, 0x00, 0x00, 0x00, 0x00, 0x00, 0x57, 0x00, 0x69, 0xaa, 0x60, 0x4e,
  0x57, 0xaa, 0xb4, 0x00, 0x74, 0x00, 0x45, 0x00, 0x00, 0xaa, 0x00, 0x00,
  0x45, 0x74, 0xaa, 0x45, 0xaa, 0x00, 0x00, 0x00, 0x00, 0x00, 0x00, 0x00,
  0x00, 0x00, 0x00, 0x00, 0x00, 0x00, 0x00, 0x00, 0xc5, 0x00, 0xbe, 0x7f,
  0x3b, 0x00, 0x00, 0x00, 0x52, 0xb6, 0x00, 0x00, 0x3b, 0x6f, 0x5a, 0x9e,
  0x43, 0x00, 0x93, 0x00, 0x43, 0x00, 0x00, 0xa6, 0x9e, 0x00, 0x64, 0xc5,
  0x00, 0x00, 0x3b, 0x00, 0x00, 0x00, 0x00, 0x43, 0x00, 0x4b, 0x00, 0x00,
  0x00, 0xa6, 0x3b, 0x5a, 0xbe, 0x6f, 0x00, 0x00, 0x00, 0x00, 0x9e, 0x00,
  0x00, 0x00, 0x68, 0x00, 0xb5, 0x00, 0x72, 0x00, 0x00, 0x00, 0x72, 0x00,
  0xab, 0xbc, 0x00, 0x00, 0xa2, 0x99, 0x00, 0x00, 0x56, 0x00, 0xbc, 0x00,
  0x56, 0x4d, 0x00, 0x00, 0x00, 0x00, 0xab, 0x4d, 0x8f, 0x00, 0x83, 0x44,
  0xa2, 0x00, 0x7f, 0x72, 0x00, 0x00, 0x83, 0x44, 0x7f, 0x8f, 0x44, 0x72,
  0x00, 0x83, 0xab, 0x00, 0xa2, 0x00, 0x7f, 0x56, 0xa2, 0x83, 0x00, 0x83,
  0x00, 0x68, 0xb5, 0x00, 0x00, 0x00, 0xc5, 0xa6, 0x00, 0x00, 0x3b, 0xa6,
  0x00, 0x00, 0x00, 0x43, 0xae, 0x9e, 0x5a, 0x7f, 0x83, 0x00, 0x00, 0xa6,
  0x64, 0x83, 0x00, 0x00, 0xc5, 0x4b, 0x00, 0x00, 0x00, 0xbe, 0x6f, 0x00,
  0x00, 0x00, 0x3b, 0x3b, 0xa6, 0x00, 0xae, 0x00, 0x00, 0x93, 0xc5, 0x00,
  0x00, 0x9e, 0xb6, 0x00, 0x4b, 0x5a, 0x00, 0x00, 0x00, 0x00, 0xae, 0x4b,
  0x00, 0x00, 0x00, 0xc5, 0x00, 0x93, 0x00, 0x93, 0x00, 0x52, 0x00, 0x9e,
  0x3b, 0x00, 0x00, 0x00, 0x00, 0x00, 0x83, 0xbe, 0x43, 0x00, 0xb6, 0x7f,
  0x4b, 0x00, 0x43, 0x00, 0x00, 0x83, 0x00, 0x64, 0x00, 0x00, 0x00, 0x00,
  0xb6, 0x00, 0xb6, 0xb6, 0x00, 0x43, 0x00, 0x00, 0x5a, 0x00, 0xa6, 0x00,
  0x7f, 0x9e, 0x00, 0xa6, 0xae, 0x00, 0x5a, 0x00, 0x00, 0x00, 0x7f, 0xa6,
  0x00, 0x00, 0x9e, 0x3b, 0x00, 0x00, 0x93, 0xc5, 0x00, 0xa6, 0x00, 0x00,
  0x00, 0x5a, 0x00, 0xae, 0x43, 0xc5, 0x00, 0x3b, 0x00, 0xc5, 0x43, 0x00,
  0xc5, 0x00, 0x00, 0x00, 0xbe, 0xb6, 0xb6, 0x52, 0x00, 0xa6, 0x93, 0x5a,
  0x43, 0x00, 0x64, 0x00, 0x43, 0x93, 0x6f, 0x00, 0x00, 0x00, 0x00, 0x00,
  0x64, 0x52, 0xae, 0x00, 0xbe, 0xbe, 0x00, 0x4b, 0x00, 0x00, 0x00, 0x43,
  0x52, 0x00, 0x7f, 0x9e, 0xb6, 0x64, 0xae, 0xb6, 0x00, 0x3b, 0x43, 0x52,
  0x00, 0x4b, 0x3b, 0x00, 0x00, 0x4d, 0x00, 0x72, 0x00, 0x72, 0x68, 0x00,
  0x00, 0x4d, 0x00, 0x44, 0x00, 0x00, 0x8f, 0x00, 0x99, 0xab, 0x00, 0x00,
  0x4d, 0x00, 0x00, 0x00, 0x7f, 0x00, 0xb5, 0xbc, 0x00, 0x00, 0x00, 0x00,
  0x00, 0x00, 0x72, 0x00, 0x72, 0x00, 0x00, 0x00, 0x72, 0x72, 0x00, 0xa2,
  0x00, 0xab, 0x5f, 0x8f, 0x00, 0x00, 0x00, 0x00, 0x99, 0x99, 0x00, 0x00,
  0x00, 0x5f, 0x00, 0x83, 0x72, 0x72, 0x00, 0x00, 0xae, 0x00, 0x52, 0x00,
  0x9e, 0xb6, 0x00, 0x00, 0x5a, 0xbe, 0xa6, 0x00, 0x93, 0xc5, 0x00, 0x7f,
  0x00, 0x00, 0x00, 0xa6, 0xae, 0xae, 0x9e, 0x93, 0x4b, 0x00, 0x00, 0x00,
  0xa6, 0x64, 0xb6, 0x00, 0x00, 0x00, 0x00, 0x43, 0x00, 0xbe, 0x00, 0x00,
  0x64, 0x00, 0x00, 0x00, 0xb6, 0x93, 0xbe, 0x5a, 0x00, 0x00, 0x43, 0xa6,
  0x3b, 0x00, 0x00, 0x00, 0xc5, 0xa6, 0x00, 0x43, 0x43, 0x93, 0x00, 0x00,
  0x3b, 0x43, 0x00, 0x00, 0x00, 0x5a, 0xa6, 0x83, 0x00, 0x00, 0x00, 0x00,
  0x00, 0x00, 0x00, 0x7f, 0x00, 0x00, 0x00, 0x83, 0x00, 0x00, 0x43, 0x00,
  0x3b, 0x00, 0x4b, 0x9e, 0x3b, 0xc5, 0x00, 0x00, 0x00, 0x3b, 0x00, 0x00,
  0xbe, 0x00, 0x00, 0x52, 0x00, 0x00, 0xbe, 0x00, 0x3b, 0x00, 0x4b, 0x52,
  0x5a, 0x00, 0x43, 0x43, 0xa6, 0x00, 0x93, 0xa6, 0xa6, 0x00, 0x00, 0x00,
  0x52, 0x00, 0x3b, 0x00, 0x00, 0x00, 0x00, 0x00, 0x00, 0x00, 0x00, 0xbc,
  0x00, 0x5f, 0x00, 0x44, 0x00, 0xa2, 0x72, 0x83, 0x00, 0xab, 0x00, 0x00,
  0xbc, 0x00, 0x00, 0x56, 0x00, 0x00, 0x00, 0x00, 0x00, 0xb5, 0x56, 0x00,
  0x44, 0x00, 0xab, 0xab, 0x00, 0x99, 0xa2, 0x00, 0xb5, 0xb5, 0x83, 0x56,
  0xb5, 0x00, 0x00, 0x00, 0x00, 0x00, 0x00, 0x44, 0x00, 0x00, 0x00, 0x83,
  0x00, 0xab, 0x00, 0x5f, 0x00, 0x00, 0x00, 0x7f, 0x00, 0x00, 0x4d, 0x00,
  0xb5, 0x00, 0x44, 0x00, 0x00, 0x00, 0x7f, 0xab, 0xbc, 0xab, 0x00, 0x8f,
  0x00, 0x83, 0x8f, 0x4d, 0x5f, 0x7f, 0x7f, 0x00, 0x4d, 0x44, 0x00, 0x83,
  0x00, 0x4d, 0x00, 0x00, 0x7f, 0x56, 0xb5, 0x83, 0x00, 0x44, 0x99, 0x00,
  0x00, 0xa2, 0x00, 0x83, 0x00, 0xab, 0xb5, 0x00, 0xb5, 0xab, 0xa2, 0x56,
  0xab, 0xab, 0x72, 0x00, 0x99, 0x00, 0x00, 0x4d, 0xbc, 0x00, 0x72, 0x00,
  0x56, 0xbc, 0xb5, 0x00, 0x7f, 0x99, 0x4d, 0x00, 0x00, 0x00, 0x00, 0x44,
  0x44, 0x00, 0xb5, 0x56, 0xb5, 0x00, 0xb5, 0x00, 0x00, 0x00, 0x00, 0x00,
  0x99, 0x00, 0x00, 0x00, 0x5f, 0xab, 0x00, 0x00, 0x68, 0xbc, 0x7f, 0x8f,
  0x00, 0x68, 0x68, 0x00, 0x5f, 0xab, 0x68, 0x83, 0x00, 0xab, 0x00, 0xbc,
  0x00, 0x00, 0x00, 0x00, 0x00, 0x00, 0xb5, 0x00, 0x00, 0x68, 0x00, 0xbc,
  0x00, 0x99, 0x00, 0x56, 0x93, 0x00, 0x00, 0x9e, 0x43, 0xb6, 0x00, 0x00,
  0x5a, 0x00, 0xae, 0x00, 0x00, 0x00, 0x9e, 0x7f, 0x00, 0x00, 0x00, 0xc5,
  0x00, 0x00, 0x00, 0xa6, 0x4b, 0x43, 0x4b, 0xa6, 0x00, 0xc5, 0x52, 0x00,
  0x00, 0x52, 0x5a, 0x9e, 0xc5, 0xa6, 0x3b, 0x00, 0x6f, 0x00, 0x6f, 0x00,
  0x00, 0x00, 0x64, 0xb6, 0x00, 0x00, 0x4b, 0x00, 0x00, 0x00, 0x00, 0x3b,
  0x00, 0x00, 0x00, 0x00, 0x00, 0x00, 0x64, 0x00, 0x00, 0xbb, 0xb4, 0x97,
  0xb4, 0x8e, 0x00, 0x60, 0x00, 0x74, 0xbb, 0xbb, 0x81, 0x00, 0x60, 0x00,
  0x69, 0x00, 0x00, 0x00, 0x60, 0x00, 0xbb, 0x00, 0x00, 0x00, 0x60, 0x00,
  0x45, 0x4e, 0x8e, 0x00, 0xa0, 0x00, 0x45, 0x00, 0xbb, 0xbb, 0x00, 0x00,
  0x00, 0x00, 0x69, 0x00, 0x45, 0xa0, 0x00, 0x4e, 0xb4, 0x00, 0x60, 0x00,
  0x8e, 0x00, 0x00, 0x00, 0x45, 0x00, 0xa0, 0xaa, 0x60, 0xb4, 0x69, 0x00,
  0x69, 0x00, 0xa0, 0x60, 0xb4, 0x00, 0xaa, 0x00, 0xaa, 0x00, 0x69, 0x45,
  0x00, 0x00, 0x00, 0x00, 0x00, 0xa0, 0x74, 0x00, 0x00, 0x8e, 0x69, 0xb4,
  0x00, 0xaa, 0x00, 0xa0, 0x00, 0x00, 0x4e, 0x8e, 0x00, 0xbb, 0x00, 0x57,
  0x81, 0x4e, 0x00, 0x97, 0x45, 0x8e, 0x60, 0x60, 0x00, 0x4e, 0x00, 0x00,
  0xaa, 0x00, 0x60, 0x00, 0x69, 0x74, 0x00, 0x00, 0x57, 0x00, 0x45, 0x45,
  0xb4, 0xa0, 0x74, 0x60, 0x53, 0x9d, 0x00, 0x92, 0xa5, 0xa5, 0xa5, 0x00,
  0x53, 0x00, 0x00, 0x00, 0x00, 0x00, 0x00, 0x43, 0x00, 0x65, 0x00, 0x92,
  0x00, 0x81, 0x53, 0x00, 0x5b, 0x00, 0xbe, 0x4c, 0x00, 0xad, 0x00, 0x9d,
  0x00, 0x00, 0x00, 0x92, 0xad, 0xa5, 0x53, 0x00, 0x53, 0x4c, 0x00, 0x4c,
  0xbe, 0x00, 0x00, 0x00, 0x00, 0x00, 0xad, 0x43, 0x43, 0x9d, 0x00, 0xc4,
  0x00, 0x9d, 0x65, 0x00, 0x9d, 0x00, 0x00, 0x92, 0x00, 0x7f, 0x00, 0x44,
  0x72, 0xbc, 0x99, 0xa2, 0xab, 0x8f, 0x00, 0x00, 0xab, 0x68, 0x00, 0x8f,
  0x00, 0x00, 0x00, 0x00, 0x00, 0x4d, 0x00, 0x00, 0x72, 0x00, 0x00, 0x00,
  0x00, 0x5f, 0x00, 0x00, 0x68, 0x00, 0x00, 0xb5, 0x8f, 0x00, 0x72, 0xa2,
  0x00, 0x00, 0x00, 0x00, 0xb5, 0x00, 0x4d, 0x00, 0x00, 0xb5, 0x00, 0x00,
  0x00, 0x00, 0xb5, 0x4d, 0x00, 0x00, 0xb5, 0x72, 0x00, 0x4d, 0xab, 0x00,
  0x5f, 0x00, 0x00, 0x00, 0x00, 0x00, 0x00, 0xab, 0x7f, 0x8f, 0x8f, 0x4d,
  0x00, 0x00, 0x00, 0x44, 0x00, 0x00, 0x00, 0xa2, 0x99, 0x00, 0x00, 0x00,
  0x56, 0x00, 0x72, 0x00, 0x5f, 0x00, 0x99, 0x72, 0x00, 0xab, 0x00, 0x00,
  0xa2, 0xa2, 0x8f, 0x00, 0x00, 0x00, 0x00, 0x56, 0x72, 0xbc, 0x00, 0x00,
  0x4d, 0x00, 0x00, 0x00, 0x99, 0x5f, 0x5f, 0x56, 0x00, 0x00, 0x00, 0x4d,
  0x00, 0x68, 0x00, 0x44, 0x00, 0xad, 0x00, 0x00, 0x53, 0x53, 0x00, 0x00,
  0xa5, 0x00, 0xad, 0x5b, 0xbe, 0x9d, 0x00, 0x3c, 0x00, 0x65, 0x00, 0x00,
  0x5b, 0x81, 0x00, 0x00, 0x00, 0xc4, 0x00, 0x92, 0x00, 0x00, 0x00, 0x00,
  0xa5, 0x00, 0x70, 0x00, 0xbe, 0x00, 0xa5, 0x43, 0x00, 0x00, 0x5b, 0x00,
  0x00, 0x00, 0x53, 0x00, 0x00, 0x00, 0x00, 0xa5, 0xa5, 0x00, 0x65, 0x00,
  0xa5, 0x53, 0x00, 0x00, 0x4c, 0x00, 0x00, 0x00, 0x00, 0xa2, 0x72, 0x00,
  0xbc, 0x00, 0x7f, 0xa2, 0x00, 0x00, 0x00, 0xb5, 0x7f, 0x72, 0xbc, 0x00,
  0x7f, 0x44, 0xb5, 0x00, 0xb5, 0x00, 0x44, 0x7f, 0x00, 0x00, 0x00, 0xb5,
  0x72, 0x00, 0x83, 0x00, 0x4d, 0x99, 0xab, 0x5f, 0x8f, 0x00, 0xb5, 0x00,
  0x00, 0x4d, 0x99, 0x00, 0x00, 0x72, 0x8f, 0xbc, 0x00, 0x72, 0xb5, 0x99,
  0xb5, 0x00, 0x00, 0x00, 0x7f, 0x00, 0xbc, 0x00, 0x68, 0x00, 0x44, 0x4d,
  0x52, 0x3b, 0x00, 0x00, 0xbe, 0x00, 0xae, 0x00, 0x6f, 0x00, 0x00, 0x00,
  0x83, 0x93, 0x5a, 0x4b, 0xae, 0xae, 0x6f, 0xae, 0xae, 0x00, 0xbe, 0xc5,
  0x00, 0x00, 0x00, 0xae, 0x93, 0x00, 0x00, 0x00, 0x3b, 0x00, 0x00, 0xa6,
  0xb6, 0x00, 0x00, 0x00, 0x52, 0x5a, 0x64, 0x00, 0x3b, 0x00, 0x00, 0x00,
  0x5a, 0x6f, 0x00, 0x00, 0xbe, 0xa6, 0x4b, 0x00, 0x00, 0x6f, 0xc5, 0xb6,
  0x7f, 0x00, 0xbe, 0x00, 0xc4, 0x53, 0x00, 0x00, 0x00, 0x53, 0x00, 0xbe,
  0xa5, 0x00, 0x00, 0xbe, 0x00, 0x00, 0xa5, 0xad, 0x00, 0x00, 0x00, 0x5b,
  0x00, 0x00, 0x70, 0x00, 0xa5, 0x00, 0x00, 0x43, 0x00, 0x00, 0x00, 0x00,
  0x53, 0x00, 0x92, 0xbe, 0x00, 0x00, 0xa5, 0xbe, 0xad, 0x00, 0x00, 0x5b,
  0xbe, 0x00, 0x00, 0x00, 0x00, 0x43, 0x9d, 0x00, 0xc4, 0x00, 0x00, 0x81,
  0x70, 0x00, 0x00, 0x00, 0x43, 0x00, 0x81, 0x65, 0x00, 0x00, 0xa2, 0x00,
  0x72, 0xab, 0x00, 0x44, 0x00, 0xa2, 0x99, 0x00, 0x00, 0x83, 0x00, 0xbc,
  0x00, 0xab, 0x00, 0xb5, 0x00, 0x72, 0x4d, 0x56, 0x7f, 0x5f, 0x68, 0x4d,
  0x00, 0x00, 0x00, 0x56, 0x99, 0x00, 0x00, 0x7f, 0x56, 0x00, 0x00, 0x00,
  0x00, 0x00, 0x68, 0x00, 0x5f, 0x00, 0x00, 0x7f, 0x8f, 0x00, 0x83, 0x99,
  0x00, 0x99, 0x5f, 0xab, 0x56, 0xab, 0x00, 0x00, 0x00, 0xbc, 0x00, 0x56,
  0xa6, 0x00, 0x7f, 0x00, 0xb6, 0x00, 0x00, 0x52, 0x00, 0x9e, 0x00, 0x00,
  0x6f, 0x00, 0x00, 0x00, 0x00, 0x93, 0xbe, 0x00, 0x00, 0x00, 0x6f, 0x43,
  0xae, 0x00, 0x00, 0xbe, 0x52, 0x00, 0x00, 0x00, 0x83, 0xae, 0x93, 0x00,
  0x52, 0x93, 0x00, 0x64, 0xae, 0x00, 0x83, 0xb6, 0xa6, 0xbe, 0x52, 0x3b,
  0x00, 0xbe, 0x93, 0x00, 0x00, 0x43, 0x4b, 0x93, 0xbe, 0x43, 0x6f, 0x5a,
  0x43, 0x00, 0x83, 0xa6, 0x00, 0x00, 0x44, 0x99, 0x8f, 0x7f, 0x99, 0x00,
  0x00, 0x00, 0x44, 0xab, 0xa2, 0x4d, 0x00, 0x7f, 0x83, 0x00, 0x00, 0xa2,
  0xab, 0x68, 0x5f, 0x00, 0xa2, 0x7f, 0x00, 0x00, 0x8f, 0x00, 0x83, 0x68,
  0x56, 0x00, 0x00, 0xb5, 0xbc, 0x00, 0x00, 0x72, 0x99, 0x99, 0x00, 0x00,
  0xbc, 0xbc, 0x00, 0x00, 0x5f, 0x00, 0xa2, 0x00, 0x00, 0x00, 0x00, 0xb5,
  0x00, 0x00, 0x83, 0x00, 0x00, 0x00, 0x8f, 0xa2, 0x9d, 0x9d, 0x00, 0x00,
  0x00, 0xb5, 0x9d, 0x00, 0xc4, 0x4c, 0x00, 0x00, 0x00, 0x4c, 0x00, 0x81,
  0x65, 0x9d, 0x00, 0xc4, 0x00, 0xad, 0x00, 0x00, 0x92, 0x00, 0xb5, 0x00,
  0xbe, 0xad, 0x00, 0x5b, 0x00, 0x00, 0x4c, 0x00, 0xbe, 0xa5, 0x00, 0x00,
  0xa5, 0x00, 0x53, 0x00, 0x53, 0x9d, 0x4c, 0xa5, 0x00, 0x92, 0x81, 0x00,
  0x65, 0x53, 0x70, 0x00, 0xad, 0x00, 0xa5, 0xad, 0x43, 0x00, 0xbe, 0x43,
  0xbe, 0xc4, 0x00, 0x00, 0x53, 0x00, 0x00, 0x4c, 0xc4, 0x53, 0x00, 0xbe,
  0x00, 0x9d, 0x00, 0x00, 0x00, 0xad, 0x00, 0x81, 0x00, 0xa5, 0x00, 0x00,
  0x00, 0x00, 0x9d, 0x00, 0x00, 0x00, 0x4c, 0x00, 0x00, 0xb5, 0x43, 0x00,
  0x00, 0x65, 0x9d, 0x3c, 0x53, 0x00, 0x43, 0x9d, 0x5b, 0x00, 0x00, 0xc4,
  0x00, 0x00, 0x65, 0x4c, 0x92, 0xad, 0x9d, 0xa5, 0x00, 0x00, 0xbe, 0x00,
  0xb5, 0x00, 0x43, 0x00, 0x00, 0xa2, 0xb5, 0x00, 0x00, 0x68, 0x00, 0x56,
  0x00, 0x44, 0xab, 0x00, 0x99, 0x72, 0x68, 0x56, 0x00, 0x00, 0x00, 0x00,
  0x5f, 0x8f, 0x5f, 0x00, 0x00, 0x72, 0x00, 0xb5, 0x72, 0x00, 0x00, 0x5f,
  0x00, 0x00, 0x5f, 0x00, 0xa2, 0x00, 0x72, 0x8f, 0x00, 0x00, 0x99, 0xbc,
  0x00, 0x68, 0x00, 0xb5, 0x00, 0x7f, 0x44, 0x4d, 0x44, 0x00, 0x00, 0x00,
  0x8f, 0x00, 0x00, 0x00, 0x44, 0x00, 0xbc, 0x00, 0x00, 0xb6, 0xae, 0x00,
  0x64, 0x00, 0x00, 0xc5, 0x52, 0x00, 0x00, 0xb6, 0x00, 0x00, 0x52, 0x7f,
  0x00, 0xa6, 0xc5, 0x83, 0x9e, 0x00, 0x93, 0xae, 0x00, 0x00, 0x00, 0x64,
  0x00, 0x00, 0xb6, 0x00, 0x4b, 0x00, 0x4b, 0x3b, 0xb6, 0x00, 0x5a, 0x00,
  0x4b, 0x00, 0x00, 0x93, 0xb6, 0x3b, 0x00, 0x5a, 0x00, 0x00, 0x00, 0x00,
  0x5a, 0x00, 0x00, 0x6f, 0xc5, 0xb6, 0x93, 0x43, 0x00, 0x00, 0x00, 0x93,
  0x86, 0xc5, 0xfe, 0xff, 0x00, 0x00, 0x02, 0x01, 0x74, 0x00, 0x00, 0x00,
  0x28, 0x00, 0x00, 0x00, 0x08, 0x00, 0x00, 0x00, 0x70, 0x00, 0x00, 0x00,
  0x5c, 0x00, 0x00, 0x00, 0x74, 0x69, 0x6e, 0x79, 0x5f, 0x6e, 0x69, 0x64,
  0x73, 0x5f, 0x74, 0x72, 0x61, 0x6e, 0x73, 0x66, 0x6f, 0x72, 0x6d, 0x65,
  0x72, 0x5f, 0x31, 0x2f, 0x65, 0x6e, 0x63, 0x6f, 0x64, 0x65, 0x72, 0x5f,
  0x62, 0x6c, 0x6f, 0x63, 0x6b, 0x5f, 0x30, 0x5f, 0x31, 0x2f, 0x6d, 0x75,
  0x6c, 0x74, 0x69, 0x5f, 0x68, 0x65, 0x61, 0x64, 0x5f, 0x6c, 0x69, 0x6e,
  0x65, 0x61, 0x72, 0x5f, 0x61, 0x74, 0x74, 0x65, 0x6e, 0x74, 0x69, 0x6f,
  0x6e, 0x5f, 0x32, 0x5f, 0x31, 0x2f, 0x64, 0x65, 0x6e, 0x73, 0x65, 0x5f,
  0x31, 0x35, 0x5f, 0x31, 0x2f, 0x42, 0x69, 0x61, 0x73, 0x41, 0x64, 0x64,
  0x00, 0x00, 0x00, 0x00, 0x01, 0x00, 0x00, 0x00, 0x40, 0x00, 0x00, 0x00,
  0x24, 0xc9, 0xfe, 0xff, 0x0c, 0x02, 0x00, 0x00, 0x04, 0x00, 0x00, 0x00,
  0x40, 0x00, 0x00, 0x00, 0x00, 0x00, 0x00, 0x00, 0x00, 0x00, 0x00, 0x00,
  0x00, 0x00, 0x00, 0x00, 0x00, 0x00, 0x00, 0x00, 0x00, 0x00, 0x00, 0x00,
  0x00, 0x00, 0x00, 0x00, 0x00, 0x00, 0x00, 0x00, 0x00, 0x00, 0x00, 0x00,
  0x00, 0x00, 0x00, 0x00, 0x00, 0x00, 0x00, 0x00, 0x00, 0x00, 0x00, 0x00,
  0x00, 0x00, 0x00, 0x00, 0x00, 0x00, 0x00, 0x00, 0x00, 0x00, 0x00, 0x00,
  0x00, 0x00, 0x00, 0x00, 0x00, 0x00, 0x00, 0x00, 0x00, 0x00, 0x00, 0x00,
  0x00, 0x00, 0x00, 0x00, 0x00, 0x00, 0x00, 0x00, 0x00, 0x00, 0x00, 0x00,
  0x00, 0x00, 0x00, 0x00, 0x00, 0x00, 0x00, 0x00, 0x00, 0x00, 0x00, 0x00,
  0x00, 0x00, 0x00, 0x00, 0x00, 0x00, 0x00, 0x00, 0x00, 0x00, 0x00, 0x00,
  0x00, 0x00, 0x00, 0x00, 0x00, 0x00, 0x00, 0x00, 0x00, 0x00, 0x00, 0x00,
  0x00, 0x00, 0x00, 0x00, 0x00, 0x00, 0x00, 0x00, 0x00, 0x00, 0x00, 0x00,
  0x00, 0x00, 0x00, 0x00, 0x00, 0x00, 0x00, 0x00, 0x00, 0x00, 0x00, 0x00,
  0x00, 0x00, 0x00, 0x00, 0x00, 0x00, 0x00, 0x00, 0x00, 0x00, 0x00, 0x00,
  0x00, 0x00, 0x00, 0x00, 0x00, 0x00, 0x00, 0x00, 0x00, 0x00, 0x00, 0x00,
  0x00, 0x00, 0x00, 0x00, 0x00, 0x00, 0x00, 0x00, 0x00, 0x00, 0x00, 0x00,
  0x00, 0x00, 0x00, 0x00, 0x00, 0x00, 0x00, 0x00, 0x00, 0x00, 0x00, 0x00,
  0x00, 0x00, 0x00, 0x00, 0x00, 0x00, 0x00, 0x00, 0x00, 0x00, 0x00, 0x00,
  0x00, 0x00, 0x00, 0x00, 0x00, 0x00, 0x00, 0x00, 0x00, 0x00, 0x00, 0x00,
  0x00, 0x00, 0x00, 0x00, 0x00, 0x00, 0x00, 0x00, 0x00, 0x00, 0x00, 0x00,
  0x00, 0x00, 0x00, 0x00, 0x00, 0x00, 0x00, 0x00, 0x00, 0x00, 0x00, 0x00,
  0x00, 0x00, 0x00, 0x00, 0x00, 0x00, 0x00, 0x00, 0x00, 0x00, 0x00, 0x00,
  0x00, 0x00, 0x00, 0x00, 0x00, 0x00, 0x00, 0x00, 0x00, 0x00, 0x00, 0x00,
  0x00, 0x00, 0x00, 0x00, 0x00, 0x00, 0x00, 0x00, 0x00, 0x00, 0x00, 0x00,
  0x00, 0x00, 0x00, 0x00, 0x00, 0x00, 0x00, 0x00, 0x00, 0x00, 0x00, 0x00,
  0x00, 0x00, 0x00, 0x00, 0x00, 0x00, 0x00, 0x00, 0x00, 0x00, 0x00, 0x00,
  0x00, 0x00, 0x00, 0x00, 0x00, 0x00, 0x00, 0x00, 0x00, 0x00, 0x00, 0x00,
  0x00, 0x00, 0x00, 0x00, 0x00, 0x00, 0x00, 0x00, 0x00, 0x00, 0x00, 0x00,
  0x00, 0x00, 0x00, 0x00, 0x00, 0x00, 0x00, 0x00, 0x00, 0x00, 0x00, 0x00,
  0x00, 0x00, 0x00, 0x00, 0x00, 0x00, 0x00, 0x00, 0x00, 0x00, 0x00, 0x00,
  0x00, 0x00, 0x00, 0x00, 0x00, 0x00, 0x00, 0x00, 0x00, 0x00, 0x00, 0x00,
  0x00, 0x00, 0x00, 0x00, 0x00, 0x00, 0x00, 0x00, 0x00, 0x00, 0x00, 0x00,
  0x00, 0x00, 0x00, 0x00, 0x00, 0x00, 0x00, 0x00, 0x00, 0x00, 0x00, 0x00,
  0x00, 0x00, 0x00, 0x00, 0x00, 0x00, 0x00, 0x00, 0x00, 0x00, 0x00, 0x00,
  0x00, 0x00, 0x00, 0x00, 0x00, 0x00, 0x00, 0x00, 0x00, 0x00, 0x00, 0x00,
  0x00, 0x00, 0x00, 0x00, 0x00, 0x00, 0x00, 0x00, 0x00, 0x00, 0x00, 0x00,
  0x00, 0x00, 0x00, 0x00, 0x00, 0x00, 0x00, 0x00, 0x00, 0x00, 0x00, 0x00,
  0x00, 0x00, 0x00, 0x00, 0x00, 0x00, 0x00, 0x00, 0x00, 0x00, 0x00, 0x00,
  0x00, 0x00, 0x00, 0x00, 0x00, 0x00, 0x00, 0x00, 0x00, 0x00, 0x00, 0x00,
  0x00, 0x00, 0x00, 0x00, 0x00, 0x00, 0x00, 0x00, 0x00, 0x00, 0x00, 0x00,
  0x00, 0x00, 0x00, 0x00, 0x00, 0x00, 0x00, 0x00, 0x00, 0x00, 0x00, 0x00,
  0x00, 0x00, 0x00, 0x00, 0x00, 0x00, 0x00, 0x00, 0x00, 0x00, 0x00, 0x00,
  0x00, 0x00, 0x00, 0x00, 0x00, 0x00, 0x00, 0x00, 0x00, 0x00, 0x00, 0x00,
  0x00, 0x00, 0x00, 0x00, 0x00, 0x00, 0x00, 0x00, 0x00, 0x00, 0x00, 0x00,
  0x40, 0x00, 0x00, 0x00, 0x78, 0x97, 0x2d, 0x38, 0x78, 0x97, 0x2d, 0x38,
  0x2d, 0xfc, 0x44, 0x38, 0x78, 0x97, 0x2d, 0x38, 0x78, 0x97, 0x2d, 0x38,
  0x57, 0x45, 0x1c, 0x38, 0xe4, 0x59, 0x47, 0x38, 0x78, 0x97, 0x2d, 0x38,
  0xe4, 0x59, 0x47, 0x38, 0xe4, 0x59, 0x47, 0x38, 0xe4, 0x59, 0x47, 0x38,
  0x78, 0x97, 0x2d, 0x38, 0x78, 0x97, 0x2d, 0x38, 0x78, 0x97, 0x2d, 0x38,
  0xe4, 0x59, 0x47, 0x38, 0x2d, 0xfc, 0x44, 0x38, 0x78, 0x97, 0x2d, 0x38,
  0xe4, 0x59, 0x47, 0x38, 0x78, 0x97, 0x2d, 0x38, 0x78, 0x97, 0x2d, 0x38,
  0xe4, 0x59, 0x47, 0x38, 0xe4, 0x59, 0x47, 0x38, 0x78, 0x97, 0x2d, 0x38,
  0x2d, 0xfc, 0x44, 0x38, 0x78, 0x97, 0x2d, 0x38, 0x78, 0x97, 0x2d, 0x38,
  0xbd, 0x22, 0x2b, 0x38, 0x2d, 0xfc, 0x44, 0x38, 0xe4, 0x59, 0x47, 0x38,
  0x57, 0x45, 0x1c, 0x38, 0x78, 0x97, 0x2d, 0x38, 0x78, 0x97, 0x2d, 0x38,
  0x2d, 0xfc, 0x44, 0x38, 0xe4, 0x59, 0x47, 0x38, 0x78, 0x97, 0x2d, 0x38,
  0xbd, 0x22, 0x2b, 0x38, 0xe4, 0x59, 0x47, 0x38, 0x78, 0x97, 0x2d, 0x38,
  0xe4, 0x59, 0x47, 0x38, 0xe4, 0x59, 0x47, 0x38, 0xe4, 0x59, 0x47, 0x38,
  0x78, 0x97, 0x2d, 0x38, 0xe4, 0x59, 0x47, 0x38, 0xe4, 0x59, 0x47, 0x38,
  0x78, 0x97, 0x2d, 0x38, 0x78, 0x97, 0x2d, 0x38, 0x78, 0x97, 0x2d, 0x38,
  0xe4, 0x59, 0x47, 0x38, 0xbd, 0x22, 0x2b, 0x38, 0xbd, 0x22, 0x2b, 0x38,
  0x2d, 0xfc, 0x44, 0x38, 0x78, 0x97, 0x2d, 0x38, 0x78, 0x97, 0x2d, 0x38,
  0x2d, 0xfc, 0x44, 0x38, 0x78, 0x97, 0x2d, 0x38, 0xe4, 0x59, 0x47, 0x38,
  0x2d, 0xfc, 0x44, 0x38, 0x78, 0x97, 0x2d, 0x38, 0xe4, 0x59, 0x47, 0x38,
  0x78, 0x97, 0x2d, 0x38, 0x2d, 0xfc, 0x44, 0x38, 0x2d, 0xfc, 0x44, 0x38,
  0x78, 0x97, 0x2d, 0x38, 0xe4, 0x59, 0x47, 0x38, 0xc6, 0xc8, 0xfe, 0xff,
  0x04, 0x00, 0x00, 0x00, 0x00, 0x01, 0x00, 0x00, 0x8e, 0x01, 0x00, 0x00,
  0x15, 0x00, 0x00, 0x00, 0xaf, 0xfe, 0xff, 0xff, 0x04, 0xff, 0xff, 0xff,
  0xed, 0xff, 0xff, 0xff, 0xfd, 0xff, 0xff, 0xff, 0xb0, 0xff, 0xff, 0xff,
  0x2a, 0xfe, 0xff, 0xff, 0xb7, 0xff, 0xff, 0xff, 0xac, 0xff, 0xff, 0xff,
  0xe5, 0xff, 0xff, 0xff, 0xa0, 0x01, 0x00, 0x00, 0x61, 0xff, 0xff, 0xff,
  0xee, 0xfe, 0xff, 0xff, 0xcd, 0xfe, 0xff, 0xff, 0xfe, 0xfd, 0xff, 0xff,
  0x71, 0xff, 0xff, 0xff, 0xa0, 0xfe, 0xff, 0xff, 0x83, 0xfe, 0xff, 0xff,
  0xdc, 0xfe, 0xff, 0xff, 0x6d, 0xff, 0xff, 0xff, 0xc6, 0xff, 0xff, 0xff,
  0x9e, 0x00, 0x00, 0x00, 0x4f, 0xff, 0xff, 0xff, 0xa2, 0x00, 0x00, 0x00,
  0xe9, 0xff, 0xff, 0xff, 0xb1, 0x00, 0x00, 0x00, 0xf4, 0x00, 0x00, 0x00,
  0xb7, 0xfe, 0xff, 0xff, 0xd9, 0xff, 0xff, 0xff, 0x68, 0x00, 0x00, 0x00,
  0xe7, 0xff, 0xff, 0xff, 0x5a, 0x00, 0x00, 0x00, 0x89, 0x00, 0x00, 0x00,
  0xf1, 0xfe, 0xff, 0xff, 0x5f, 0x00, 0x00, 0x00, 0x39, 0x01, 0x00, 0x00,
  0xf9, 0xfe, 0xff, 0xff, 0x8a, 0xff, 0xff, 0xff, 0x91, 0x00, 0x00, 0x00,
  0xba, 0x00, 0x00, 0x00, 0x63, 0xff, 0xff, 0xff, 0x33, 0xff, 0xff, 0xff,
  0xc9, 0xff, 0xff, 0xff, 0xb4, 0xff, 0xff, 0xff, 0x1c, 0xff, 0xff, 0xff,
  0xfb, 0x00, 0x00, 0x00, 0x7f, 0x00, 0x00, 0x00, 0xd7, 0xff, 0xff, 0xff,
  0x95, 0x01, 0x00, 0x00, 0xc0, 0xfe, 0xff, 0xff, 0xbc, 0xff, 0xff, 0xff,
  0xec, 0xff, 0xff, 0xff, 0x03, 0x00, 0x00, 0x00, 0x0e, 0x00, 0x00, 0x00,
  0x76, 0x01, 0x00, 0x00, 0xa6, 0xfe, 0xff, 0xff, 0x1d, 0x00, 0x00, 0x00,
  0x70, 0xff, 0xff, 0xff, 0xda, 0xff, 0xff, 0xff, 0x99, 0xff, 0xff, 0xff,
  0xb6, 0x00, 0x00, 0x00, 0x20, 0x01, 0x00, 0x00, 0xde, 0x00, 0x00, 0x00,
  0x2a, 0xca, 0xfe, 0xff, 0x00, 0x00, 0x09, 0x01, 0x7c, 0x00, 0x00, 0x00,
  0x27, 0x00, 0x00, 0x00, 0x08, 0x00, 0x00, 0x00, 0x7c, 0x00, 0x00, 0x00,
  0x65, 0x00, 0x00, 0x00, 0x74, 0x69, 0x6e, 0x79, 0x5f, 0x6e, 0x69, 0x64,
  0x73, 0x5f, 0x74, 0x72, 0x61, 0x6e, 0x73, 0x66, 0x6f, 0x72, 0x6d, 0x65,
  0x72, 0x5f, 0x31, 0x2f, 0x65, 0x6e, 0x63, 0x6f, 0x64, 0x65, 0x72, 0x5f,
  0x62, 0x6c, 0x6f, 0x63, 0x6b, 0x5f, 0x30, 0x5f, 0x31, 0x2f, 0x6d, 0x75,
  0x6c, 0x74, 0x69, 0x5f, 0x68, 0x65, 0x61, 0x64, 0x5f, 0x6c, 0x69, 0x6e,
  0x65, 0x61, 0x72, 0x5f, 0x61, 0x74, 0x74, 0x65, 0x6e, 0x74, 0x69, 0x6f,
  0x6e, 0x5f, 0x32, 0x5f, 0x31, 0x2f, 0x64, 0x65, 0x6e, 0x73, 0x65, 0x5f,
  0x31, 0x36, 0x5f, 0x31, 0x2f, 0x54, 0x65, 0x6e, 0x73, 0x6f, 0x72, 0x64,
  0x6f, 0x74, 0x2f, 0x4d, 0x61, 0x74, 0x4d, 0x75, 0x6c, 0x00, 0x00, 0x00,
  0x02, 0x00, 0x00, 0x00, 0x40, 0x00, 0x00, 0x00, 0x40, 0x00, 0x00, 0x00,
  0xd4, 0xcd, 0xfe, 0xff, 0x10, 0x02, 0x00, 0x00, 0x04, 0x00, 0x00, 0x00,
  0x40, 0x00, 0x00, 0x00, 0x00, 0x00, 0x00, 0x00, 0x00, 0x00, 0x00, 0x00,
  0x00, 0x00, 0x00, 0x00, 0x00, 0x00, 0x00, 0x00, 0x00, 0x00, 0x00, 0x00,
  0x00, 0x00, 0x00, 0x00, 0x00, 0x00, 0x00, 0x00, 0x00, 0x00, 0x00, 0x00,
  0x00, 0x00, 0x00, 0x00, 0x00, 0x00, 0x00, 0x00, 0x00, 0x00, 0x00, 0x00,
  0x00, 0x00, 0x00, 0x00, 0x00, 0x00, 0x00, 0x00, 0x00, 0x00, 0x00, 0x00,
  0x00, 0x00, 0x00, 0x00, 0x00, 0x00, 0x00, 0x00, 0x00, 0x00, 0x00, 0x00,
  0x00, 0x00, 0x00, 0x00, 0x00, 0x00, 0x00, 0x00, 0x00, 0x00, 0x00, 0x00,
  0x00, 0x00, 0x00, 0x00, 0x00, 0x00, 0x00, 0x00, 0x00, 0x00, 0x00, 0x00,
  0x00, 0x00, 0x00, 0x00, 0x00, 0x00, 0x00, 0x00, 0x00, 0x00, 0x00, 0x00,
  0x00, 0x00, 0x00, 0x00, 0x00, 0x00, 0x00, 0x00, 0x00, 0x00, 0x00, 0x00,
  0x00, 0x00, 0x00, 0x00, 0x00, 0x00, 0x00, 0x00, 0x00, 0x00, 0x00, 0x00,
  0x00, 0x00, 0x00, 0x00, 0x00, 0x00, 0x00, 0x00, 0x00, 0x00, 0x00, 0x00,
  0x00, 0x00, 0x00, 0x00, 0x00, 0x00, 0x00, 0x00, 0x00, 0x00, 0x00, 0x00,
  0x00, 0x00, 0x00, 0x00, 0x00, 0x00, 0x00, 0x00, 0x00, 0x00, 0x00, 0x00,
  0x00, 0x00, 0x00, 0x00, 0x00, 0x00, 0x00, 0x00, 0x00, 0x00, 0x00, 0x00,
  0x00, 0x00, 0x00, 0x00, 0x00, 0x00, 0x00, 0x00, 0x00, 0x00, 0x00, 0x00,
  0x00, 0x00, 0x00, 0x00, 0x00, 0x00, 0x00, 0x00, 0x00, 0x00, 0x00, 0x00,
  0x00, 0x00, 0x00, 0x00, 0x00, 0x00, 0x00, 0x00, 0x00, 0x00, 0x00, 0x00,
  0x00, 0x00, 0x00, 0x00, 0x00, 0x00, 0x00, 0x00, 0x00, 0x00, 0x00, 0x00,
  0x00, 0x00, 0x00, 0x00, 0x00, 0x00, 0x00, 0x00, 0x00, 0x00, 0x00, 0x00,
  0x00, 0x00, 0x00, 0x00, 0x00, 0x00, 0x00, 0x00, 0x00, 0x00, 0x00, 0x00,
  0x00, 0x00, 0x00, 0x00, 0x00, 0x00, 0x00, 0x00, 0x00, 0x00, 0x00, 0x00,
  0x00, 0x00, 0x00, 0x00, 0x00, 0x00, 0x00, 0x00, 0x00, 0x00, 0x00, 0x00,
  0x00, 0x00, 0x00, 0x00, 0x00, 0x00, 0x00, 0x00, 0x00, 0x00, 0x00, 0x00,
  0x00, 0x00, 0x00, 0x00, 0x00, 0x00, 0x00, 0x00, 0x00, 0x00, 0x00, 0x00,
  0x00, 0x00, 0x00, 0x00, 0x00, 0x00, 0x00, 0x00, 0x00, 0x00, 0x00, 0x00,
  0x00, 0x00, 0x00, 0x00, 0x00, 0x00, 0x00, 0x00, 0x00, 0x00, 0x00, 0x00,
  0x00, 0x00, 0x00, 0x00, 0x00, 0x00, 0x00, 0x00, 0x00, 0x00, 0x00, 0x00,
  0x00, 0x00, 0x00, 0x00, 0x00, 0x00, 0x00, 0x00, 0x00, 0x00, 0x00, 0x00,
  0x00, 0x00, 0x00, 0x00, 0x00, 0x00, 0x00, 0x00, 0x00, 0x00, 0x00, 0x00,
  0x00, 0x00, 0x00, 0x00, 0x00, 0x00, 0x00, 0x00, 0x00, 0x00, 0x00, 0x00,
  0x00, 0x00, 0x00, 0x00, 0x00, 0x00, 0x00, 0x00, 0x00, 0x00, 0x00, 0x00,
  0x00, 0x00, 0x00, 0x00, 0x00, 0x00, 0x00, 0x00, 0x00, 0x00, 0x00, 0x00,
  0x00, 0x00, 0x00, 0x00, 0x00, 0x00, 0x00, 0x00, 0x00, 0x00, 0x00, 0x00,
  0x00, 0x00, 0x00, 0x00, 0x00, 0x00, 0x00, 0x00, 0x00, 0x00, 0x00, 0x00,
  0x00, 0x00, 0x00, 0x00, 0x00, 0x00, 0x00, 0x00, 0x00, 0x00, 0x00, 0x00,
  0x00, 0x00, 0x00, 0x00, 0x00, 0x00, 0x00, 0x00, 0x00, 0x00, 0x00, 0x00,
  0x00, 0x00, 0x00, 0x00, 0x00, 0x00, 0x00, 0x00, 0x00, 0x00, 0x00, 0x00,
  0x00, 0x00, 0x00, 0x00, 0x00, 0x00, 0x00, 0x00, 0x00, 0x00, 0x00, 0x00,
  0x00, 0x00, 0x00, 0x00, 0x00, 0x00, 0x00, 0x00, 0x00, 0x00, 0x00, 0x00,
  0x00, 0x00, 0x00, 0x00, 0x00, 0x00, 0x00, 0x00, 0x00, 0x00, 0x00, 0x00,
  0x00, 0x00, 0x00, 0x00, 0x00, 0x00, 0x00, 0x00, 0x00, 0x00, 0x00, 0x00,
  0x00, 0x00, 0x00, 0x00, 0x00, 0x00, 0x00, 0x00, 0x00, 0x00, 0x00, 0x00,
  0x00, 0x00, 0x00, 0x00, 0x40, 0x00, 0x00, 0x00, 0xa9, 0x30, 0xfc, 0x3a,
  0xc4, 0x49, 0x00, 0x3b, 0xd7, 0xdd, 0xdc, 0x3a, 0x86, 0x14, 0xdd, 0x3a,
  0xa9, 0x30, 0xfc, 0x3a, 0xc4, 0x49, 0x00, 0x3b, 0x86, 0x14, 0xdd, 0x3a,
  0xa9, 0x30, 0xfc, 0x3a, 0xc4, 0x49, 0x00, 0x3b, 0xa9, 0x30, 0xfc, 0x3a,
  0xa9, 0x30, 0xfc, 0x3a, 0xd7, 0xdd, 0xdc, 0x3a, 0xa9, 0x30, 0xfc, 0x3a,
  0x86, 0x14, 0xdd, 0x3a, 0xa9, 0x30, 0xfc, 0x3a, 0x86, 0x14, 0xdd, 0x3a,
  0x86, 0x14, 0xdd, 0x3a, 0xc4, 0x49, 0x00, 0x3b, 0xc4, 0x49, 0x00, 0x3b,
  0x86, 0x14, 0xdd, 0x3a, 0x86, 0x14, 0xdd, 0x3a, 0xc4, 0x49, 0x00, 0x3b,
  0x86, 0x14, 0xdd, 0x3a, 0x86, 0x14, 0xdd, 0x3a, 0xc4, 0x49, 0x00, 0x3b,
  0xa9, 0x30, 0xfc, 0x3a, 0xc4, 0x49, 0x00, 0x3b, 0xc4, 0x49, 0x00, 0x3b,
  0x86, 0x14, 0xdd, 0x3a, 0xa9, 0x30, 0xfc, 0x3a, 0xa9, 0x30, 0xfc, 0x3a,
  0x86, 0x14, 0xdd, 0x3a, 0x86, 0x14, 0xdd, 0x3a, 0xd7, 0xdd, 0xdc, 0x3a,
  0xc4, 0x49, 0x00, 0x3b, 0xc4, 0x49, 0x00, 0x3b, 0x86, 0x14, 0xdd, 0x3a,
  0xc4, 0x49, 0x00, 0x3b, 0xa9, 0x30, 0xfc, 0x3a, 0xc4, 0x49, 0x00, 0x3b,
  0x86, 0x14, 0xdd, 0x3a, 0xa9, 0x30, 0xfc, 0x3a, 0xd7, 0xdd, 0xdc, 0x3a,
  0xa9, 0x30, 0xfc, 0x3a, 0xa9, 0x30, 0xfc, 0x3a, 0x86, 0x14, 0xdd, 0x3a,
  0xa9, 0x30, 0xfc, 0x3a, 0xc4, 0x49, 0x00, 0x3b, 0xc4, 0x49, 0x00, 0x3b,
  0xa9, 0x30, 0xfc, 0x3a, 0xc4, 0x49, 0x00, 0x3b, 0x86, 0x14, 0xdd, 0x3a,
  0x86, 0x14, 0xdd, 0x3a, 0xa9, 0x30, 0xfc, 0x3a, 0xc4, 0x49, 0x00, 0x3b,
  0xd7, 0xdd, 0xdc, 0x3a, 0xa9, 0x30, 0xfc, 0x3a, 0xa9, 0x30, 0xfc, 0x3a,
  0x86, 0x14, 0xdd, 0x3a, 0x86, 0x14, 0xdd, 0x3a, 0x86, 0x14, 0xdd, 0x3a,
  0x86, 0x14, 0xdd, 0x3a, 0xd7, 0xdd, 0xdc, 0x3a, 0xa9, 0x30, 0xfc, 0x3a,
  0x7a, 0xcd, 0xfe, 0xff, 0x04, 0x00, 0x00, 0x00, 0x00, 0x10, 0x00, 0x00,
  0xb3, 0x00, 0x00, 0x00, 0x64, 0x00, 0x00, 0x00, 0x00, 0x00, 0x00, 0x9b,
  0x00, 0xa4, 0x00, 0x4b, 0x9b, 0x00, 0x9b, 0x53, 0x00, 0xc4, 0x81, 0x53,
  0x4b, 0x00, 0x00, 0x00, 0x00, 0x00, 0x00, 0xbb, 0x6f, 0x4b, 0x00, 0x00,
  0x00, 0x4b, 0x4b, 0xbb, 0x00, 0x53, 0x00, 0x00, 0xa4, 0xb3, 0x00, 0xac,
  0x00, 0x00, 0xa4, 0x81, 0x81, 0x91, 0x00, 0x53, 0x00, 0x00, 0x6f, 0x5a,
  0x43, 0x00, 0x00, 0x43, 0xa6, 0xb4, 0x00, 0x00, 0x00, 0x00, 0x00, 0x4a,
  0x7f, 0x00, 0x00, 0x62, 0x00, 0x62, 0x00, 0x42, 0x00, 0x00, 0x3b, 0x00,
  0xb4, 0x00, 0xbd, 0x42, 0x62, 0x00, 0x00, 0x3b, 0x00, 0x00, 0x00, 0xa6,
  0x00, 0xad, 0xa6, 0xbd, 0x00, 0x00, 0x00, 0x00, 0x9d, 0x00, 0x00, 0x51,
  0x00, 0xb4, 0x51, 0x3b, 0x00, 0x00, 0x00, 0x59, 0x6d, 0xbd, 0x4a, 0xb4,
  0x00, 0x3b, 0xad, 0x00, 0x9d, 0x00, 0x4a, 0x00, 0xa0, 0x8d, 0xa8, 0x00,
  0x97, 0x00, 0x67, 0xb2, 0xb2, 0x00, 0xa0, 0x56, 0x56, 0x8d, 0x00, 0x00,
  0x00, 0xa8, 0x97, 0x00, 0xa8, 0x00, 0xa0, 0x00, 0x00, 0x5e, 0x00, 0x00,
  0x00, 0x00, 0x7f, 0x00, 0x00, 0x00, 0x00, 0x7f, 0x72, 0xbb, 0x00, 0x00,
  0x00, 0x00, 0x00, 0x00, 0xb2, 0x72, 0x72, 0x97, 0x00, 0xb2, 0x00, 0x44,
  0x00, 0x00, 0x4c, 0x7f, 0x7f, 0x00, 0x00, 0xbb, 0x00, 0x5e, 0x00, 0x00,
  0x00, 0x72, 0xbc, 0x44, 0x00, 0x00, 0x00, 0x67, 0x72, 0xb2, 0x5e, 0x00,
  0x00, 0x7f, 0xa8, 0x00, 0x5e, 0x72, 0x5e, 0x97, 0xa0, 0xbc, 0xa8, 0x81,
  0x00, 0x67, 0x7f, 0x67, 0x00, 0x00, 0x72, 0x67, 0x55, 0x97, 0x55, 0x72,
  0x5e, 0x00, 0x00, 0x44, 0x8d, 0xb2, 0x55, 0x00, 0x00, 0x55, 0x00, 0x81,
  0xbc, 0xb2, 0x00, 0x8d, 0x4c, 0x44, 0x00, 0xa0, 0x72, 0x00, 0x97, 0x00,
  0x00, 0x72, 0x00, 0x8d, 0x00, 0x3c, 0xbb, 0x00, 0x00, 0x00, 0x00, 0x00,
  0x64, 0x00, 0xb3, 0x00, 0x53, 0x00, 0x64, 0xa4, 0x64, 0x00, 0x9b, 0x00,
  0x64, 0x00, 0x6f, 0xbb, 0x00, 0x53, 0x00, 0x00, 0x00, 0x00, 0x00, 0xc4,
  0x81, 0x00, 0xc4, 0x53, 0x00, 0xc4, 0xc4, 0x6f, 0x4b, 0x3c, 0x43, 0x3c,
  0xac, 0x00, 0x00, 0x00, 0x6f, 0x00, 0xb3, 0xbb, 0x00, 0x5a, 0xac, 0x53,
  0x91, 0x6f, 0x53, 0x00, 0x00, 0x00, 0x53, 0x00, 0x00, 0x00, 0x00, 0x7f,
  0x00, 0xc5, 0x00, 0x00, 0xad, 0x51, 0x42, 0x42, 0x00, 0x62, 0xb4, 0x83,
  0x00, 0x93, 0x00, 0x00, 0xad, 0x00, 0x00, 0x00, 0x00, 0x00, 0x4a, 0x51,
  0xad, 0x00, 0xad, 0x00, 0x00, 0xad, 0x62, 0x00, 0x4a, 0x00, 0x00, 0x00,
  0xb4, 0xbd, 0x00, 0x3b, 0x00, 0x00, 0x3b, 0x00, 0xa6, 0xad, 0xa6, 0xad,
  0x00, 0x00, 0x51, 0x4a, 0xc5, 0x00, 0x00, 0x42, 0xa6, 0x00, 0x00, 0x7f,
  0x8d, 0x00, 0x00, 0x00, 0x00, 0x8d, 0xa8, 0x81, 0x00, 0xa8, 0x8d, 0x00,
  0x00, 0xb2, 0x00, 0x8d, 0x00, 0x5e, 0xa8, 0x8d, 0x00, 0x55, 0x5e, 0x72,
  0x00, 0x00, 0x00, 0x00, 0x7f, 0x00, 0x00, 0xbc, 0x00, 0x4c, 0xb2, 0x00,
  0x00, 0x00, 0x00, 0x44, 0x00, 0x00, 0x00, 0x00, 0x44, 0xa8, 0x55, 0xb2,
  0x00, 0x00, 0x97, 0x72, 0xb2, 0xa0, 0x00, 0x00, 0x00, 0x7f, 0x44, 0x72,
  0x67, 0x00, 0x44, 0x67, 0x00, 0xb3, 0xc4, 0xa4, 0x00, 0x00, 0x3c, 0x6f,
  0x00, 0xb3, 0x6f, 0x00, 0xac, 0x9b, 0x6f, 0x6f, 0xbb, 0x9b, 0xa4, 0xac,
  0x00, 0x00, 0x9b, 0x6f, 0x4b, 0x00, 0x3c, 0xac, 0x00, 0x00, 0x00, 0x00,
  0xac, 0xac, 0x00, 0xc4, 0x00, 0x00, 0xbb, 0x81, 0x00, 0x00, 0x00, 0x00,
  0xc4, 0xc4, 0xb3, 0x00, 0xbb, 0x53, 0x91, 0x53, 0x00, 0xa4, 0x3c, 0xb3,
  0x00, 0x5a, 0x00, 0x00, 0x6f, 0x00, 0xac, 0x91, 0xad, 0x3b, 0x4a, 0x00,
  0x00, 0xad, 0x00, 0x00, 0x00, 0x00, 0x00, 0x4a, 0x00, 0x00, 0x00, 0x3b,
  0x00, 0x00, 0xad, 0x00, 0x9d, 0x00, 0xc5, 0x00, 0x6d, 0x9d, 0x51, 0x62,
  0x00, 0x62, 0x59, 0x00, 0x00, 0x4a, 0x00, 0x42, 0x00, 0x00, 0x00, 0x00,
  0x00, 0xad, 0xbd, 0x6d, 0x00, 0x00, 0x4a, 0x62, 0x00, 0x00, 0x00, 0x00,
  0x62, 0xa6, 0x9d, 0x6d, 0x93, 0x59, 0x00, 0x9d, 0xad, 0x00, 0x00, 0x7f,
  0x00, 0x00, 0xa4, 0x53, 0x91, 0x00, 0x00, 0x00, 0x81, 0x9b, 0xb3, 0xa4,
  0x00, 0x00, 0x3c, 0x64, 0x00, 0x00, 0x00, 0x64, 0x00, 0x00, 0xbb, 0x00,
  0xa4, 0x5a, 0x00, 0x9b, 0x00, 0x00, 0x9b, 0x00, 0xa4, 0x9b, 0x00, 0xc4,
  0xac, 0x00, 0x00, 0x43, 0x00, 0x9b, 0xb3, 0x64, 0x64, 0xb3, 0x43, 0xc4,
  0x00, 0x00, 0xac, 0xc4, 0x00, 0x00, 0x00, 0x00, 0x6f, 0x4b, 0x00, 0xbb,
  0x00, 0x9b, 0x00, 0x00, 0x00, 0x00, 0x00, 0x00, 0x5a, 0x00, 0xac, 0x00,
  0x81, 0x00, 0x5a, 0x00, 0x64, 0x64, 0x00, 0x5a, 0x3c, 0x4b, 0xbb, 0xbb,
  0x00, 0x00, 0x00, 0x9b, 0x3c, 0xa4, 0x00, 0x00, 0x00, 0x9b, 0x00, 0x00,
  0x00, 0xc4, 0x5a, 0x00, 0xc4, 0x5a, 0x00, 0x00, 0xbb, 0x00, 0xb3, 0xa4,
  0x3c, 0xa4, 0x00, 0x00, 0x6f, 0x00, 0xbb, 0x00, 0x00, 0x00, 0x00, 0x3c,
  0xb3, 0x5a, 0x6f, 0x5a, 0x64, 0x00, 0x00, 0x00, 0x00, 0x00, 0x5e, 0x97,
  0x00, 0x00, 0x44, 0x00, 0xbb, 0x00, 0x4c, 0x00, 0xb2, 0xa8, 0xa0, 0x00,
  0xa0, 0x00, 0xa0, 0x56, 0x00, 0x97, 0x56, 0x00, 0x00, 0x00, 0x8d, 0xa8,
  0x8d, 0x7f, 0x44, 0x72, 0x00, 0x56, 0xa0, 0xa8, 0x72, 0x00, 0x00, 0x72,
  0x00, 0x97, 0x67, 0x72, 0x56, 0x00, 0x4c, 0x67, 0xb2, 0xbb, 0xbb, 0x00,
  0x44, 0x00, 0xa0, 0x7f, 0x4c, 0xb2, 0x56, 0x00, 0x00, 0x7f, 0x00, 0x00,
  0xac, 0x00, 0x00, 0x00, 0x00, 0x00, 0x00, 0x00, 0x81, 0xbb, 0xa4, 0x00,
  0x00, 0x00, 0x00, 0x00, 0x00, 0x00, 0x00, 0x4b, 0x9b, 0x00, 0x91, 0xa4,
  0xbb, 0x00, 0xac, 0xbb, 0x5a, 0x3c, 0x9b, 0x00, 0x00, 0x3c, 0x5a, 0x4b,
  0x00, 0x64, 0xa4, 0xa4, 0x4b, 0x00, 0x00, 0x00, 0xa4, 0x43, 0xac, 0xac,
  0x00, 0x00, 0x00, 0x3c, 0xc4, 0x91, 0x5a, 0x00, 0xac, 0x00, 0x53, 0x43,
  0x00, 0x00, 0x5a, 0x00, 0x5e, 0x81, 0x00, 0xb2, 0xa8, 0x67, 0x00, 0x00,
  0x00, 0x00, 0x8d, 0xbc, 0x97, 0x00, 0x00, 0x00, 0x00, 0x97, 0x00, 0x00,
  0x00, 0x00, 0x7f, 0x55, 0x00, 0x00, 0xb2, 0x00, 0x72, 0xbc, 0x7f, 0x4c,
  0x00, 0x72, 0xb2, 0x00, 0xbc, 0x72, 0x00, 0x00, 0x67, 0x8d, 0x00, 0xb2,
  0x00, 0x00, 0xb2, 0x72, 0x00, 0x00, 0x00, 0x00, 0x4c, 0x55, 0x00, 0xbc,
  0x00, 0x67, 0xb2, 0x00, 0x00, 0xa8, 0x00, 0x67, 0x00, 0xbb, 0x00, 0x00,
  0xac, 0x43, 0x3c, 0xc4, 0xbb, 0x00, 0x4b, 0x00, 0x6f, 0x00, 0x00, 0x91,
  0xb3, 0x00, 0x00, 0x00, 0x00, 0x00, 0x00, 0x00, 0x00, 0x5a, 0x00, 0x00,
  0xa4, 0x00, 0x53, 0x3c, 0x00, 0x64, 0xac, 0x64, 0x00, 0x91, 0x64, 0x00,
  0x3c, 0x00, 0xbb, 0xbb, 0x9b, 0x3c, 0x4b, 0x00, 0x00, 0x3c, 0x00, 0x00,
  0xb3, 0x00, 0x81, 0xc4, 0x00, 0xb3, 0x91, 0x00, 0x3c, 0x00, 0x6f, 0x6f,
  0x97, 0x67, 0x00, 0x97, 0x00, 0x81, 0x97, 0x7f, 0x00, 0x97, 0x00, 0xb2,
  0x00, 0x00, 0x00, 0x72, 0x8d, 0x00, 0x44, 0x00, 0x7f, 0x00, 0x00, 0x00,
  0x00, 0x00, 0x81, 0xa0, 0x4c, 0x00, 0x00, 0x00, 0x97, 0x00, 0x8d, 0x00,
  0x97, 0x00, 0xbc, 0x00, 0x5e, 0x00, 0x00, 0x00, 0x00, 0x67, 0x00, 0xb2,
  0x00, 0x00, 0x00, 0x55, 0xa8, 0x97, 0x00, 0x00, 0x00, 0x7f, 0xbc, 0x72,
  0x00, 0x00, 0xbc, 0x00, 0x5e, 0x72, 0x44, 0x00, 0x44, 0xa8, 0x4c, 0x00,
  0x67, 0x97, 0x97, 0x00, 0x00, 0x55, 0x00, 0x00, 0x97, 0x55, 0x00, 0x72,
  0x00, 0x00, 0x81, 0x81, 0x00, 0x97, 0x7f, 0x81, 0x00, 0x00, 0x5e, 0xbc,
  0x44, 0x00, 0x97, 0xa8, 0x00, 0x00, 0x5e, 0x00, 0xbc, 0x8d, 0x00, 0x72,
  0x7f, 0x55, 0x00, 0x00, 0x00, 0x5e, 0x7f, 0x00, 0x67, 0x67, 0x72, 0x00,
  0x72, 0x00, 0x00, 0x00, 0x00, 0x8d, 0x97, 0x81, 0xad, 0x00, 0x42, 0xad,
  0x00, 0xa6, 0xbd, 0xad, 0x3b, 0x00, 0x42, 0x00, 0x00, 0x00, 0x00, 0x42,
  0x62, 0xa6, 0xc5, 0x00, 0x00, 0xa6, 0x4a, 0x00, 0x00, 0x00, 0x62, 0x00,
  0x00, 0xa6, 0x9d, 0x00, 0x62, 0x00, 0xb4, 0x00, 0x42, 0x00, 0x00, 0x51,
  0x51, 0x00, 0x51, 0x00, 0x00, 0x00, 0xc5, 0x00, 0x00, 0x62, 0x93, 0x00,
  0x00, 0xb4, 0x4a, 0x6d, 0xbd, 0x00, 0x59, 0x00, 0x00, 0x62, 0x7f, 0x7f,
  0x42, 0x00, 0x62, 0x59, 0x00, 0x00, 0xbd, 0x00, 0x9d, 0x93, 0x00, 0x00,
  0x00, 0x51, 0x00, 0x59, 0x00, 0x42, 0xc5, 0x9d, 0x00, 0x4a, 0x93, 0x00,
  0x00, 0x59, 0x59, 0x00, 0xc5, 0x59, 0x00, 0x51, 0xbd, 0xc5, 0x42, 0x00,
  0x00, 0x00, 0x00, 0x00, 0x62, 0x93, 0x00, 0x9d, 0x00, 0xa6, 0xa6, 0x00,
  0x00, 0x51, 0x00, 0xb4, 0xc5, 0xb4, 0x6d, 0x00, 0x7f, 0x59, 0x00, 0xc5,
  0x00, 0x00, 0xa6, 0x00, 0x00, 0x97, 0x00, 0xa8, 0xa8, 0x00, 0x00, 0x55,
  0x4c, 0xbc, 0x67, 0x00, 0x00, 0xa8, 0x00, 0x00, 0x00, 0xa8, 0x5e, 0x00,
  0x00, 0x00, 0x67, 0x00, 0x00, 0x7f, 0x00, 0x7f, 0x81, 0x00, 0x67, 0xa8,
  0xa8, 0xa8, 0x00, 0x00, 0x00, 0x00, 0x00, 0x00, 0x72, 0x00, 0x00, 0x7f,
  0x00, 0x00, 0x00, 0x00, 0x00, 0x00, 0x00, 0xa8, 0x97, 0xbc, 0x67, 0x00,
  0x55, 0x00, 0x00, 0x00, 0x8d, 0x67, 0x00, 0x00, 0x72, 0x00, 0xa8, 0x00,
  0x44, 0x00, 0x72, 0x00, 0x00, 0x7f, 0x00, 0xbc, 0xbc, 0x5e, 0x00, 0xa8,
  0x00, 0x00, 0x55, 0xb2, 0x8d, 0x00, 0x00, 0x00, 0x00, 0x81, 0x00, 0x00,
  0x5e, 0xbc, 0x5e, 0x00, 0xbc, 0xbc, 0x8d, 0x00, 0x72, 0xa8, 0x7f, 0x4c,
  0x00, 0x67, 0x00, 0x7f, 0xb2, 0x67, 0x5e, 0x00, 0x7f, 0x00, 0x4c, 0x44,
  0x7f, 0x5e, 0x81, 0x55, 0x00, 0x00, 0x00, 0x00, 0xa0, 0x00, 0x97, 0x5e,
  0xbd, 0x00, 0xb4, 0x00, 0x00, 0x42, 0x42, 0xbd, 0x00, 0x00, 0x3b, 0x00,
  0x4a, 0x00, 0x00, 0xc5, 0x59, 0xad, 0xa6, 0x00, 0x00, 0x00, 0x00, 0x00,
  0x42, 0x00, 0x00, 0x00, 0xc5, 0x00, 0x00, 0x00, 0x00, 0x59, 0x00, 0xa6,
  0x42, 0x4a, 0x59, 0x00, 0x6d, 0x00, 0x00, 0xb4, 0x00, 0x62, 0x00, 0x00,
  0x9d, 0x62, 0xb4, 0x7f, 0x51, 0x00, 0x42, 0xbd, 0x93, 0x62, 0x00, 0x00,
  0x00, 0x62, 0x51, 0x00, 0x00, 0x00, 0x00, 0x8d, 0xbc, 0x00, 0x00, 0x7f,
  0x72, 0xbc, 0x81, 0x00, 0x00, 0x00, 0x00, 0x44, 0x4c, 0x44, 0x00, 0xa8,
  0x5e, 0x00, 0xbc, 0x00, 0x00, 0x55, 0xa8, 0x00, 0x00, 0x8d, 0x00, 0x00,
  0x97, 0x8d, 0x7f, 0x5e, 0xb2, 0x00, 0x00, 0x00, 0xbc, 0x00, 0x4c, 0x44,
  0x00, 0xa8, 0x00, 0xbc, 0x00, 0x55, 0x00, 0x00, 0x7f, 0x55, 0x4c, 0x00,
  0x67, 0x00, 0x00, 0x00, 0x00, 0x00, 0x00, 0xbc, 0x00, 0xb2, 0x00, 0x5e,
  0xa8, 0x97, 0x72, 0x00, 0x00, 0xbc, 0x7f, 0x00, 0x7f, 0x00, 0x00, 0xb2,
  0x44, 0x00, 0x00, 0x00, 0x00, 0x55, 0x67, 0x8d, 0x00, 0xbc, 0x00, 0x67,
  0x00, 0x00, 0x00, 0x00, 0x00, 0x00, 0xa0, 0x55, 0xa8, 0x81, 0x72, 0x00,
  0x00, 0x72, 0x00, 0x4c, 0x72, 0xbc, 0x00, 0xbc, 0x7f, 0x55, 0x00, 0x67,
  0x72, 0x00, 0x72, 0x00, 0x5e, 0x00, 0x55, 0x00, 0x00, 0xb2, 0xa0, 0x7f,
  0xbd, 0x93, 0x00, 0x7f, 0x9d, 0x00, 0x00, 0xa6, 0x00, 0x00, 0x3b, 0x62,
  0xb4, 0x00, 0x00, 0x00, 0x00, 0x00, 0x59, 0x00, 0x9d, 0x00, 0x00, 0x4a,
  0x62, 0x42, 0x00, 0x00, 0x00, 0x00, 0x00, 0x00, 0x51, 0xc5, 0x00, 0x00,
  0x00, 0x00, 0xbd, 0x00, 0x00, 0xbd, 0x00, 0x00, 0x00, 0x00, 0xc5, 0x00,
  0x00, 0x6d, 0xc5, 0x00, 0x42, 0x3b, 0x00, 0x3b, 0x9d, 0x00, 0x00, 0xc5,
  0x59, 0x00, 0x00, 0x6d, 0xac, 0x00, 0x3c, 0x00, 0x00, 0x9b, 0x3c, 0x64,
  0x00, 0x00, 0x00, 0xbb, 0x5a, 0x64, 0x00, 0x00, 0x64, 0x9b, 0x00, 0x00,
  0xa4, 0x00, 0x00, 0x00, 0xa4, 0x91, 0x00, 0x53, 0x6f, 0x00, 0x00, 0x43,
  0x00, 0x00, 0x91, 0x00, 0x00, 0x00, 0x00, 0xc4, 0x00, 0x4b, 0x00, 0x00,
  0x9b, 0x00, 0x00, 0x53, 0x9b, 0x9b, 0x00, 0x53, 0x00, 0xbb, 0x00, 0x43,
  0x00, 0xa4, 0x81, 0x00, 0x00, 0x00, 0x3c, 0x5a, 0x00, 0x00, 0x00, 0x9d,
  0xb4, 0xbd, 0xa6, 0x00, 0x00, 0x9d, 0x7f, 0x00, 0x00, 0x00, 0x00, 0xad,
  0x59, 0xbd, 0x42, 0x4a, 0xb4, 0x00, 0x9d, 0xbd, 0x00, 0x00, 0x00, 0x00,
  0x00, 0x3b, 0x00, 0x00, 0xa6, 0xbd, 0x4a, 0x00, 0x00, 0x00, 0x00, 0x59,
  0x00, 0x00, 0x59, 0x00, 0x00, 0x3b, 0x00, 0x00, 0x00, 0x00, 0x51, 0x00,
  0xbd, 0x00, 0x00, 0x51, 0x4a, 0x00, 0xad, 0xb4, 0x00, 0x6d, 0x42, 0x9d,
  0x59, 0x00, 0x00, 0x00, 0x4a, 0x6d, 0x00, 0x00, 0xa6, 0xc5, 0x00, 0x00,
  0x3b, 0x00, 0x00, 0x00, 0x00, 0xc5, 0x00, 0x00, 0xbd, 0x00, 0x00, 0x62,
  0x51, 0x3b, 0x00, 0xb4, 0x9d, 0x9d, 0x4a, 0x00, 0xc5, 0xc5, 0x00, 0x00,
  0x93, 0x00, 0x93, 0x00, 0x3b, 0xb4, 0x00, 0xbd, 0x51, 0xb4, 0x00, 0xb4,
  0x00, 0x42, 0x93, 0xc5, 0x83, 0x00, 0x00, 0x83, 0x7f, 0x42, 0xb4, 0x62,
  0x7f, 0x00, 0x00, 0x42, 0x67, 0x00, 0xb2, 0x00, 0xa0, 0x8d, 0x72, 0x00,
  0xa0, 0x00, 0xbc, 0x00, 0x00, 0x00, 0x00, 0x00, 0xb2, 0x00, 0x00, 0x00,
  0xb2, 0x67, 0xbc, 0x00, 0x7f, 0x00, 0x00, 0x00, 0x00, 0x72, 0x72, 0xbc,
  0x00, 0x7f, 0xa8, 0x5e, 0x55, 0x00, 0x00, 0x8d, 0x97, 0xb2, 0x72, 0x5e,
  0x00, 0x67, 0x00, 0x72, 0x00, 0x00, 0x00, 0xa8, 0x00, 0xa8, 0x81, 0x55,
  0x00, 0xa0, 0x81, 0x00, 0x55, 0x44, 0x8d, 0x4c, 0x00, 0x5a, 0x00, 0xbb,
  0x00, 0x3c, 0xbb, 0x00, 0x9b, 0x00, 0x00, 0x00, 0xb3, 0xc4, 0x00, 0xb3,
  0x00, 0x4b, 0x9b, 0x00, 0xb3, 0x00, 0x91, 0x00, 0x00, 0x4b, 0x00, 0x00,
  0xac, 0x6f, 0x00, 0x81, 0x4b, 0x53, 0x00, 0x43, 0x00, 0xa4, 0xb3, 0x00,
  0x5a, 0x00, 0x9b, 0x00, 0xac, 0x00, 0x64, 0x00, 0x00, 0x64, 0xa4, 0x6f,
  0xa4, 0x00, 0x5a, 0x00, 0x00, 0x00, 0x00, 0x00, 0xac, 0x00, 0x00, 0x00,
  0xac, 0x00, 0x53, 0x5a, 0x00, 0x00, 0xb3, 0x5a, 0x81, 0x53, 0x00, 0x00,
  0x9b, 0x00, 0x4b, 0x00, 0xac, 0x00, 0x00, 0xb3, 0x5a, 0x5a, 0x9b, 0x91,
  0x00, 0xac, 0xb3, 0xb3, 0x00, 0x91, 0xc4, 0x00, 0x43, 0x00, 0xac, 0x00,
  0x00, 0x00, 0x81, 0x9b, 0x9b, 0xac, 0x00, 0x9b, 0x00, 0x4b, 0x00, 0x9b,
  0x00, 0x00, 0x00, 0x00, 0x43, 0x00, 0xc4, 0x81, 0x6f, 0x00, 0x00, 0x64,
  0x00, 0x81, 0x3c, 0xa4, 0x00, 0x44, 0xbc, 0x00, 0x00, 0x55, 0xbc, 0x00,
  0x00, 0x00, 0x72, 0x8d, 0x5e, 0x00, 0x4c, 0x00, 0x00, 0x81, 0x67, 0x00,
  0x8d, 0x44, 0x00, 0x55, 0x00, 0x81, 0x00, 0x72, 0xb2, 0x00, 0x8d, 0x5e,
  0x00, 0x8d, 0x00, 0x00, 0xa8, 0x5e, 0x00, 0x00, 0x67, 0x00, 0x00, 0x00,
  0x00, 0x00, 0x00, 0x8d, 0x00, 0x00, 0x00, 0xbc, 0x8d, 0x00, 0x00, 0x8d,
  0x00, 0x72, 0x00, 0x00, 0x00, 0x4c, 0x00, 0x72, 0x81, 0x8d, 0x00, 0xa0,
  0x00, 0x72, 0x00, 0x00, 0x67, 0x97, 0x00, 0x5e, 0xa8, 0x00, 0x7f, 0xbc,
  0xb2, 0xa8, 0x00, 0xa8, 0x97, 0x00, 0x67, 0xa8, 0x00, 0x00, 0xb2, 0x00,
  0x00, 0x72, 0x44, 0x00, 0x00, 0x00, 0x67, 0x55, 0x72, 0x7f, 0x97, 0x00,
  0x00, 0x00, 0x67, 0x00, 0x67, 0x7f, 0x00, 0x81, 0x00, 0x5e, 0x00, 0x00,
  0x67, 0xa0, 0x00, 0x81, 0x55, 0x00, 0x00, 0x00, 0x00, 0x00, 0xa0, 0x00,
  0x56, 0x67, 0x4c, 0x00, 0x97, 0x00, 0xa0, 0x97, 0x8d, 0x00, 0x5e, 0xa0,
  0x00, 0x7f, 0x00, 0x00, 0x5e, 0x00, 0x8d, 0x00, 0xbb, 0x7f, 0x44, 0xa0,
  0x00, 0x00, 0x00, 0x8d, 0x00, 0x97, 0x8d, 0x00, 0x00, 0x00, 0x4c, 0x97,
  0x00, 0x00, 0x4c, 0x97, 0x00, 0x00, 0x00, 0x00, 0x7f, 0x00, 0x00, 0x00,
  0x00, 0x4c, 0xa8, 0x00, 0x00, 0x00, 0x00, 0x00, 0xb2, 0x00, 0x7f, 0x00,
  0x00, 0x97, 0x8d, 0x00, 0x00, 0x7f, 0x4a, 0x00, 0xc5, 0x00, 0x00, 0xad,
  0x83, 0x00, 0x00, 0x00, 0x00, 0x00, 0x42, 0xb4, 0x3b, 0xad, 0x00, 0x00,
  0x00, 0x59, 0x42, 0x9d, 0xbd, 0x7f, 0x9d, 0x00, 0x00, 0x00, 0xc5, 0x6d,
  0x3b, 0x00, 0x00, 0x00, 0x00, 0x00, 0x83, 0x83, 0xad, 0x00, 0x9d, 0x51,
  0x4a, 0x9d, 0x9d, 0x00, 0x00, 0x00, 0xad, 0x00, 0xb4, 0x00, 0x00, 0x00,
  0x6d, 0x3b, 0x7f, 0x00, 0x6d, 0xad, 0xa6, 0x00, 0x00, 0x00, 0xb4, 0x00,
  0x00, 0x00, 0x93, 0xb4, 0x83, 0x00, 0x00, 0x00, 0x00, 0xc5, 0x42, 0x7f,
  0x4a, 0x00, 0x6d, 0x00, 0x9d, 0x00, 0xad, 0x00, 0xc5, 0xb4, 0xb4, 0xb4,
  0x00, 0x00, 0x3b, 0x00, 0xbd, 0x00, 0x9d, 0xc5, 0x00, 0x7f, 0x00, 0x00,
  0x00, 0xad, 0x00, 0x00, 0x42, 0x51, 0x00, 0xa6, 0x00, 0x51, 0x00, 0x42,
  0x00, 0x00, 0x62, 0x00, 0x7f, 0x00, 0xad, 0x00, 0x00, 0x00, 0x4a, 0x00,
  0x4c, 0xbc, 0xa8, 0xb2, 0x97, 0x00, 0x00, 0x8d, 0x81, 0x72, 0x00, 0x00,
  0x00, 0x7f, 0xa0, 0x00, 0xa0, 0x00, 0x00, 0x44, 0x00, 0x00, 0x4c, 0x81,
  0x5e, 0x00, 0x00, 0x55, 0x00, 0x44, 0x00, 0x00, 0x00, 0x00, 0x7f, 0x00,
  0x5e, 0xa0, 0x00, 0xa0, 0x00, 0x67, 0x55, 0xb2, 0x00, 0x00, 0x00, 0x00,
  0xbc, 0x5e, 0x00, 0x72, 0x7f, 0x00, 0x55, 0x00, 0x00, 0xb2, 0x00, 0x00,
  0x00, 0x81, 0x00, 0x00, 0x00, 0x83, 0x00, 0x00, 0x00, 0x42, 0x00, 0x00,
  0x00, 0x93, 0x00, 0x00, 0x00, 0x00, 0x00, 0xc5, 0x00, 0xad, 0x00, 0x62,
  0x51, 0xbd, 0x00, 0x62, 0x42, 0x4a, 0x00, 0x00, 0x00, 0x00, 0x00, 0x00,
  0x59, 0x62, 0x9d, 0x00, 0x3b, 0xb4, 0x00, 0x7f, 0x00, 0x00, 0x00, 0x00,
  0x59, 0x00, 0x9d, 0x00, 0x00, 0x00, 0xc5, 0x00, 0x3b, 0x00, 0xbd, 0x00,
  0x4a, 0x00, 0x00, 0xc5, 0xad, 0xa6, 0x9d, 0x9d, 0x00, 0x6f, 0x00, 0x00,
  0xbb, 0x00, 0x4b, 0x4b, 0x00, 0x00, 0x43, 0x00, 0xbb, 0xc4, 0xa4, 0x00,
  0x00, 0x64, 0x00, 0x00, 0x81, 0x00, 0x43, 0xbb, 0x64, 0x00, 0x6f, 0x00,
  0xb3, 0x00, 0x00, 0xac, 0x00, 0x00, 0x00, 0x00, 0x64, 0x4b, 0xa4, 0x00,
  0x3c, 0x5a, 0x00, 0x00, 0x00, 0xc4, 0x00, 0x9b, 0x43, 0xa4, 0x00, 0x00,
  0x00, 0x00, 0x53, 0x00, 0xbb, 0x00, 0x00, 0xbb, 0x00, 0x9b, 0x00, 0xb3,
  0x4a, 0x00, 0x9d, 0xa6, 0x3b, 0x00, 0xad, 0x6d, 0x00, 0x00, 0x7f, 0x00,
  0x00, 0x9d, 0x00, 0xad, 0x00, 0xad, 0x6d, 0x00, 0x00, 0x59, 0x00, 0x00,
  0x00, 0x00, 0xbd, 0x00, 0x9d, 0x00, 0x00, 0x00, 0x00, 0x3b, 0x3b, 0x00,
  0x00, 0xc5, 0x00, 0x3b, 0x4a, 0x00, 0x00, 0x4a, 0x00, 0x93, 0x00, 0x51,
  0x00, 0x00, 0x00, 0x00, 0x00, 0xbd, 0x00, 0xbd, 0x00, 0xa6, 0xbd, 0x00,
  0x00, 0x00, 0x00, 0x00, 0x00, 0x00, 0x5e, 0x00, 0x00, 0x00, 0xa0, 0x00,
  0x00, 0x8d, 0x5e, 0x00, 0x00, 0x00, 0x00, 0xbc, 0x00, 0x5e, 0x97, 0x5e,
  0x67, 0xa8, 0x97, 0x5e, 0x4c, 0x00, 0x4c, 0x00, 0x00, 0x00, 0xb2, 0x00,
  0x00, 0x00, 0x00, 0x00, 0x67, 0x00, 0x97, 0xbc, 0x00, 0x00, 0x00, 0x81,
  0x00, 0x67, 0x97, 0x8d, 0x44, 0x00, 0x00, 0x44, 0xbc, 0x00, 0x67, 0x4c,
  0x5e, 0x00, 0x67, 0x8d, 0x00, 0x8d, 0xb2, 0x00, 0x91, 0x00, 0x00, 0xa4,
  0x00, 0xb3, 0x00, 0x00, 0x00, 0x00, 0x00, 0x00, 0x00, 0x91, 0xa4, 0xa4,
  0x00, 0x00, 0x00, 0xc4, 0x53, 0x00, 0x00, 0x00, 0x00, 0x00, 0x43, 0xb3,
  0x00, 0x53, 0x6f, 0x00, 0xb3, 0x53, 0x9b, 0x9b, 0x4b, 0xc4, 0x00, 0x6f,
  0x00, 0x00, 0x5a, 0x00, 0xc4, 0x00, 0x00, 0x00, 0x64, 0x00, 0x00, 0x9b,
  0x6f, 0x00, 0xc4, 0x00, 0x81, 0x00, 0x00, 0x53, 0x00, 0x00, 0x3c, 0x53,
  0x00, 0x00, 0x56, 0x44, 0x00, 0xa8, 0xbb, 0x00, 0x00, 0x8d, 0x67, 0x00,
  0x00, 0x97, 0x97, 0x00, 0x00, 0x00, 0xa0, 0x44, 0x00, 0x00, 0x00, 0xb2,
  0x4c, 0x00, 0x00, 0xa8, 0x67, 0x00, 0x00, 0x00, 0x8d, 0x8d, 0x00, 0x8d,
  0x00, 0x00, 0x00, 0xbb, 0x00, 0x56, 0x5e, 0x00, 0x00, 0x00, 0x72, 0x44,
  0x00, 0x00, 0x7f, 0xbb, 0xb2, 0x00, 0x5e, 0x00, 0x00, 0x00, 0x97, 0x00,
  0x00, 0x8d, 0x00, 0x00, 0x43, 0xb3, 0xbb, 0x53, 0xa4, 0x00, 0x43, 0x00,
  0x00, 0x3c, 0x64, 0x00, 0xbb, 0x00, 0x00, 0xac, 0x5a, 0x00, 0x00, 0x00,
  0x00, 0x9b, 0x9b, 0x00, 0x00, 0x43, 0x00, 0x00, 0x00, 0x00, 0x00, 0x64,
  0x00, 0xbb, 0x43, 0x00, 0x00, 0xbb, 0x00, 0x00, 0x00, 0xb3, 0xac, 0x00,
  0x5a, 0x91, 0x43, 0x91, 0xa4, 0x00, 0x00, 0xc4, 0x81, 0x00, 0x6f, 0x00,
  0xc4, 0x00, 0x00, 0x00, 0x43, 0xa4, 0x5a, 0x3c, 0x00, 0x00, 0x00, 0x81,
  0x9b, 0x00, 0x64, 0x00, 0xac, 0x00, 0x00, 0xb3, 0x00, 0x9b, 0x00, 0x53,
  0x00, 0x00, 0x43, 0x00, 0xa4, 0x00, 0x00, 0x91, 0x4b, 0xb3, 0x53, 0x5a,
  0x6f, 0x00, 0xbb, 0xac, 0x00, 0x00, 0x00, 0x5a, 0x00, 0x00, 0xc4, 0x00,
  0x00, 0x3c, 0x00, 0x00, 0x00, 0x64, 0x9b, 0x64, 0xbb, 0x64, 0x00, 0x00,
  0x00, 0xb3, 0x6f, 0x00, 0x53, 0x00, 0x5a, 0x00, 0x00, 0x00, 0xbb, 0x00,
  0x00, 0x55, 0xa0, 0x67, 0x7f, 0x00, 0x00, 0x81, 0x7f, 0x00, 0x00, 0x00,
  0x00, 0x81, 0x00, 0x00, 0x00, 0xa8, 0x00, 0x00, 0x55, 0x00, 0xbc, 0x00,
  0x44, 0x97, 0xb2, 0x00, 0xa0, 0x00, 0xb2, 0x72, 0x8d, 0x00, 0x00, 0xa0,
  0x00, 0x44, 0x00, 0x00, 0x00, 0x00, 0x00, 0x00, 0xb2, 0x00, 0xa8, 0x00,
  0x55, 0x00, 0x00, 0x00, 0x00, 0x00, 0x00, 0x00, 0xa0, 0x00, 0x81, 0x00,
  0x44, 0x00, 0x00, 0x00, 0x53, 0xa4, 0x00, 0x00, 0x00, 0x00, 0xac, 0x00,
  0xbb, 0xbb, 0x64, 0x81, 0xb3, 0x00, 0x00, 0x9b, 0x00, 0x5a, 0x00, 0xbb,
  0x00, 0x00, 0x00, 0x00, 0xbb, 0x00, 0xa4, 0x43, 0x00, 0x00, 0x00, 0x64,
  0x00, 0x00, 0x00, 0x00, 0x00, 0x00, 0xac, 0x00, 0x00, 0x00, 0x00, 0xac,
  0x00, 0xbb, 0x00, 0x91, 0x00, 0x00, 0x00, 0x00, 0x00, 0x43, 0x00, 0x00,
  0x91, 0x00, 0x4b, 0x00, 0x00, 0x00, 0x53, 0x00, 0x00, 0x51, 0x00, 0xc5,
  0x93, 0x51, 0x00, 0x93, 0x62, 0x00, 0x00, 0x6d, 0x00, 0x00, 0xa6, 0xad,
  0x00, 0x93, 0x59, 0x00, 0x00, 0x42, 0xa6, 0x00, 0x00, 0x00, 0x00, 0x00,
  0x93, 0x59, 0x51, 0x00, 0x59, 0x6d, 0x9d, 0x00, 0x00, 0x3b, 0xbd, 0x7f,
  0x00, 0x00, 0x4a, 0x00, 0x00, 0x00, 0xa6, 0x00, 0x62, 0xb4, 0x00, 0x00,
  0xc5, 0x00, 0x00, 0x00, 0x83, 0xb4, 0xb4, 0x00, 0x00, 0x51, 0x9d, 0x51,
  0x00, 0x62, 0x4a, 0x83, 0x00, 0x00, 0x00, 0x00, 0x00, 0xbd, 0xa6, 0x00,
  0x51, 0x00, 0x00, 0x00, 0x00, 0x00, 0x00, 0x00, 0x00, 0xc5, 0x9d, 0xb4,
  0x00, 0x00, 0x00, 0x00, 0x4a, 0x62, 0x51, 0x59, 0x00, 0x83, 0x00, 0x00,
  0x00, 0x4a, 0x00, 0x00, 0x00, 0x42, 0x83, 0x59, 0x6d, 0x00, 0x00, 0x00,
  0x42, 0x00, 0x00, 0x59, 0xc5, 0xad, 0x00, 0x00, 0x00, 0x6d, 0x7f, 0x00,
  0x51, 0x83, 0x00, 0x83, 0x00, 0x00, 0x00, 0x00, 0x00, 0x3c, 0x00, 0x9b,
  0x00, 0x00, 0x00, 0x00, 0x00, 0x43, 0xac, 0x91, 0x00, 0x00, 0xac, 0x00,
  0x00, 0x00, 0x53, 0xa4, 0x3c, 0xc4, 0x81, 0x00, 0x9b, 0x00, 0x00, 0x9b,
  0x00, 0xac, 0xa4, 0x00, 0x00, 0x00, 0x5a, 0x00, 0x3c, 0x91, 0xac, 0xc4,
  0x81, 0x00, 0x00, 0x6f, 0x3c, 0x00, 0xb3, 0x6f, 0x00, 0x00, 0x00, 0x6f,
  0x00, 0x00, 0x00, 0x64, 0xac, 0x00, 0x00, 0x6f, 0x4a, 0x83, 0x00, 0x00,
  0xbd, 0x00, 0xb4, 0x00, 0x00, 0x6d, 0x3b, 0x9d, 0x00, 0x42, 0xad, 0x59,
  0x6d, 0x51, 0x4a, 0x83, 0x00, 0x9d, 0x42, 0xa6, 0xb4, 0x00, 0x00, 0x00,
  0x9d, 0x00, 0x62, 0x00, 0x4a, 0x51, 0x00, 0x6d, 0x4a, 0x00, 0x42, 0xc5,
  0x00, 0x00, 0x6d, 0x00, 0x00, 0x00, 0x59, 0x00, 0x00, 0x00, 0x42, 0xbd,
  0x00, 0x00, 0xbd, 0x00, 0x93, 0x42, 0x00, 0x00, 0x00, 0x3b, 0x00, 0x7f,
  0x97, 0x00, 0x97, 0x55, 0x00, 0x67, 0x00, 0x44, 0xb2, 0x00, 0x44, 0x67,
  0x55, 0xb2, 0x00, 0x00, 0x00, 0x00, 0xa8, 0x5e, 0x72, 0x5e, 0x00, 0x00,
  0x55, 0x00, 0x44, 0x00, 0x81, 0x8d, 0x44, 0xbc, 0x00, 0x00, 0x00, 0x00,
  0x97, 0x81, 0xa8, 0x00, 0x5e, 0x72, 0x00, 0x00, 0x00, 0xa8, 0x4c, 0x00,
  0x7f, 0x00, 0x00, 0x00, 0x97, 0xa0, 0x00, 0x00, 0x00, 0x55, 0x00, 0x00,
  0x00, 0x7f, 0x72, 0x00, 0x97, 0xa8, 0x00, 0x55, 0x4c, 0x81, 0xa0, 0x5e,
  0x00, 0x00, 0xa0, 0x00, 0x00, 0x67, 0x00, 0x44, 0x00, 0x55, 0x55, 0x00,
  0x00, 0x72, 0x7f, 0x00, 0xb2, 0x00, 0x5e, 0x4c, 0x00, 0x00, 0x00, 0x00,
  0x44, 0x72, 0xb2, 0x8d, 0x67, 0xa8, 0x5e, 0x00, 0x00, 0x00, 0xbc, 0xbc,
  0x00, 0xbc, 0x00, 0x00, 0x00, 0x97, 0x7f, 0x00, 0x55, 0xa8, 0x00, 0x72,
  0x00, 0x55, 0x4c, 0x00, 0x00, 0x67, 0x00, 0x5e, 0x00, 0x00, 0x64, 0xac,
  0xac, 0x00, 0x00, 0xac, 0xc4, 0x53, 0x91, 0xbb, 0x00, 0x00, 0x00, 0x4b,
  0x00, 0xa4, 0x00, 0x3c, 0x00, 0x00, 0x00, 0x00, 0x9b, 0x00, 0x00, 0x91,
  0x00, 0x00, 0x00, 0x00, 0x6f, 0xbb, 0x6f, 0x4b, 0x00, 0x00, 0x00, 0x00,
  0x00, 0x00, 0xa4, 0x91, 0x64, 0x6f, 0x00, 0x00, 0x00, 0x00, 0x4b, 0x3c,
  0x00, 0xac, 0x00, 0xc4, 0x00, 0x4b, 0x6f, 0x9b, 0x6f, 0x00, 0xb3, 0x81,
  0x00, 0x51, 0xb4, 0x00, 0x00, 0x51, 0x00, 0x59, 0x7f, 0x6d, 0x3b, 0x00,
  0x00, 0x00, 0x00, 0xc5, 0x00, 0x00, 0x51, 0xa6, 0xbd, 0x00, 0x9d, 0x00,
  0x00, 0x00, 0x00, 0x00, 0x00, 0x00, 0x00, 0x51, 0x00, 0x42, 0x4a, 0x42,
  0x42, 0x59, 0xc5, 0x42, 0x62, 0x62, 0x00, 0x00, 0x51, 0xa6, 0xad, 0x00,
  0x00, 0x00, 0xa6, 0x4a, 0x00, 0x6d, 0x4a, 0x00, 0xc5, 0xc5, 0x00, 0x9d,
  0x83, 0x62, 0xbd, 0x00, 0x00, 0x97, 0x00, 0x00, 0x00, 0x7f, 0x00, 0x72,
  0x00, 0x00, 0x97, 0x67, 0x00, 0x00, 0x56, 0x00, 0x44, 0x00, 0x97, 0x00,
  0x00, 0x00, 0x5e, 0x8d, 0xa8, 0x00, 0x97, 0x00, 0x8d, 0x00, 0x56, 0x00,
  0x00, 0x67, 0x00, 0x00, 0xb2, 0x5e, 0x00, 0x00, 0x00, 0x5e, 0x00, 0x00,
  0x00, 0x00, 0x00, 0x00, 0x00, 0x00, 0x97, 0x7f, 0x00, 0x00, 0x8d, 0x5e,
  0x00, 0xb2, 0xa0, 0x5e, 0x44, 0xbb, 0x97, 0xa8, 0x00, 0x53, 0x64, 0x00,
  0xac, 0x00, 0x00, 0x00, 0x00, 0x00, 0x00, 0x00, 0x53, 0x00, 0x00, 0x00,
  0x00, 0xa4, 0x00, 0x00, 0x91, 0x00, 0x00, 0x91, 0x00, 0x00, 0x6f, 0x00,
  0x6f, 0x00, 0xa4, 0x00, 0x3c, 0xac, 0x5a, 0x00, 0x81, 0x00, 0x00, 0x00,
  0x00, 0x81, 0x3c, 0xc4, 0x00, 0x4b, 0x00, 0x00, 0x43, 0x00, 0x5a, 0x53,
  0x00, 0x00, 0x3c, 0x9b, 0x00, 0x00, 0x00, 0x9b, 0x00, 0xc4, 0x9b, 0x91,
  0x6f, 0x91, 0x00, 0x00, 0x00, 0x00, 0x4b, 0x00, 0xbb, 0x5a, 0x00, 0x00,
  0xbb, 0x91, 0x00, 0x4b, 0x00, 0x00, 0x81, 0x00, 0x00, 0x4b, 0x6f, 0x4b,
  0x64, 0x4b, 0x00, 0x4b, 0x64, 0x43, 0xc4, 0x00, 0x9b, 0x00, 0x00, 0x00,
  0x00, 0x00, 0x3c, 0x64, 0x64, 0x3c, 0x00, 0x00, 0xc4, 0x00, 0x43, 0x43,
  0xb3, 0x00, 0x43, 0x00, 0xbb, 0x00, 0x00, 0xbb, 0x81, 0x5a, 0x00, 0x00,
  0xc4, 0x6f, 0x00, 0x00, 0x00, 0x00, 0x00, 0xa8, 0x81, 0x8d, 0x00, 0x00,
  0x00, 0x00, 0x72, 0x00, 0xbc, 0x00, 0xb2, 0x00, 0xa8, 0x00, 0x00, 0x55,
  0x44, 0x00, 0x00, 0x00, 0x00, 0x97, 0x5e, 0x00, 0xb2, 0x4c, 0x00, 0x8d,
  0x00, 0x00, 0x8d, 0x00, 0x00, 0x4c, 0x00, 0x5e, 0x7f, 0x8d, 0x00, 0x8d,
  0x81, 0x00, 0x00, 0x00, 0x97, 0x00, 0x00, 0x00, 0x00, 0x4c, 0x00, 0x67,
  0x00, 0x72, 0x00, 0x97, 0x00, 0x00, 0x00, 0x44, 0x00, 0xbc, 0x67, 0x4c,
  0x00, 0x67, 0x00, 0x00, 0x00, 0xa8, 0x8d, 0xa8, 0x00, 0x00, 0x55, 0x44,
  0x00, 0x81, 0x00, 0x72, 0xa0, 0xb2, 0x00, 0xb2, 0x55, 0x8d, 0x44, 0x00,
  0x00, 0x44, 0x00, 0x00, 0xa8, 0x00, 0x8d, 0xb2, 0xa0, 0x7f, 0x00, 0x00,
  0x00, 0x00, 0x5e, 0x00, 0x5e, 0x00, 0x00, 0x00, 0x72, 0x55, 0x00, 0x00,
  0x00, 0xa0, 0x00, 0xb2, 0x4c, 0x55, 0x00, 0x00, 0x72, 0x81, 0x81, 0xbc,
  0x72, 0x00, 0x97, 0x00, 0x7f, 0x97, 0x00, 0x00, 0x00, 0x00, 0x00, 0x00,
  0x4c, 0x7f, 0x7f, 0x97, 0x00, 0x00, 0xa8, 0x00, 0x00, 0x00, 0x67, 0x00,
  0x67, 0x00, 0x00, 0x7f, 0x00, 0x00, 0x44, 0x72, 0x00, 0x00, 0x00, 0x00,
  0x8d, 0x00, 0x7f, 0x4c, 0x00, 0x55, 0x44, 0x00, 0x44, 0x4c, 0x67, 0x7f,
  0x00, 0xa8, 0x00, 0x00, 0x00, 0x72, 0x00, 0x7f, 0x81, 0xbc, 0x44, 0x00,
  0x00, 0x44, 0x00, 0x67, 0x00, 0x4c, 0x4c, 0xa0, 0x00, 0x00, 0x67, 0x67,
  0x67, 0x44, 0x00, 0x00, 0x00, 0xb2, 0x00, 0x00, 0xa0, 0x00, 0x44, 0x81,
  0x00, 0x44, 0x00, 0x00, 0x00, 0xbc, 0x5e, 0x00, 0xb2, 0x5e, 0x8d, 0x00,
  0x00, 0x00, 0x4c, 0x7f, 0x44, 0x00, 0x00, 0x00, 0x97, 0x00, 0xa0, 0xbc,
  0x5e, 0x00, 0x00, 0x4c, 0x5e, 0x00, 0x00, 0x81, 0xa0, 0x72, 0x7f, 0x00,
  0x00, 0x00, 0x97, 0x97, 0x00, 0x00, 0x00, 0x55, 0xa8, 0x00, 0xb2, 0x00,
  0x00, 0x8d, 0x5e, 0x00, 0x7f, 0x4c, 0x5e, 0xb2, 0x00, 0x44, 0x00, 0x00,
  0xb2, 0x8d, 0x00, 0x00, 0x00, 0x00, 0x00, 0x67, 0x00, 0xbb, 0x00, 0xa0,
  0xb2, 0xb2, 0x44, 0x56, 0x67, 0xb2, 0x72, 0x7f, 0x4c, 0x00, 0x00, 0x00,
  0x00, 0xa0, 0x72, 0x00, 0x00, 0x00, 0x4c, 0x44, 0x00, 0x00, 0x00, 0x00,
  0x4c, 0x56, 0x00, 0x44, 0xa8, 0x8d, 0x00, 0x00, 0x00, 0x00, 0x00, 0x00,
  0x00, 0x6f, 0x00, 0x00, 0xbb, 0x00, 0x00, 0x3c, 0x91, 0x4b, 0xb3, 0x00,
  0xb3, 0x5a, 0x00, 0x00, 0x00, 0x00, 0x53, 0x3c, 0x3c, 0x43, 0x00, 0x00,
  0x81, 0x00, 0x43, 0xb3, 0x6f, 0x00, 0x3c, 0x00, 0x00, 0x3c, 0x00, 0xa4,
  0x43, 0xa4, 0xbb, 0x00, 0x4b, 0x00, 0x00, 0x00, 0x53, 0x00, 0x00, 0x9b,
  0x00, 0x00, 0xbb, 0x4b, 0x00, 0x81, 0x00, 0x43, 0x00, 0x00, 0x00, 0x00,
  0xbb, 0x00, 0xac, 0xc4, 0xde, 0xdd, 0xfe, 0xff, 0x00, 0x00, 0x02, 0x01,
  0x3c, 0x01, 0x00, 0x00, 0x26, 0x00, 0x00, 0x00, 0x08, 0x00, 0x00, 0x00,
  0x38, 0x01, 0x00, 0x00, 0x27, 0x01, 0x00, 0x00, 0x74, 0x69, 0x6e, 0x79,
  0x5f, 0x6e, 0x69, 0x64, 0x73, 0x5f, 0x74, 0x72, 0x61, 0x6e, 0x73, 0x66,
  0x6f, 0x72, 0x6d, 0x65, 0x72, 0x5f, 0x31, 0x2f, 0x65, 0x6e, 0x63, 0x6f,
  0x64, 0x65, 0x72, 0x5f, 0x62, 0x6c, 0x6f, 0x63, 0x6b, 0x5f, 0x30, 0x5f,
  0x31, 0x2f, 0x6d, 0x75, 0x6c, 0x74, 0x69, 0x5f, 0x68, 0x65, 0x61, 0x64,
  0x5f, 0x6c, 0x69, 0x6e, 0x65, 0x61, 0x72, 0x5f, 0x61, 0x74, 0x74, 0x65,
  0x6e, 0x74, 0x69, 0x6f, 0x6e, 0x5f, 0x32, 0x5f, 0x31, 0x2f, 0x64, 0x65,
  0x6e, 0x73, 0x65, 0x5f, 0x31, 0x36, 0x5f, 0x31, 0x2f, 0x42, 0x69, 0x61,
  0x73, 0x41, 0x64, 0x64, 0x3b, 0x74, 0x69, 0x6e, 0x79, 0x5f, 0x6e, 0x69,
  0x64, 0x73, 0x5f, 0x74, 0x72, 0x61, 0x6e, 0x73, 0x66, 0x6f, 0x72, 0x6d,
  0x65, 0x72, 0x5f, 0x31, 0x2f, 0x65, 0x6e, 0x63, 0x6f, 0x64, 0x65, 0x72,
  0x5f, 0x62, 0x6c, 0x6f, 0x63, 0x6b, 0x5f, 0x30, 0x5f, 0x31, 0x2f, 0x6d,
  0x75, 0x6c, 0x74, 0x69, 0x5f, 0x68, 0x65, 0x61, 0x64, 0x5f, 0x6c, 0x69,
  0x6e, 0x65, 0x61, 0x72, 0x5f, 0x61, 0x74, 0x74, 0x65, 0x6e, 0x74, 0x69,
  0x6f, 0x6e, 0x5f, 0x32, 0x5f, 0x31, 0x2f, 0x64, 0x65, 0x6e, 0x73, 0x65,
  0x5f, 0x31, 0x36, 0x5f, 0x31, 0x2f, 0x54, 0x65, 0x6e, 0x73, 0x6f, 0x72,
  0x64, 0x6f, 0x74, 0x3b, 0x74, 0x69, 0x6e, 0x79, 0x5f, 0x6e, 0x69, 0x64,
  0x73, 0x5f, 0x74, 0x72, 0x61, 0x6e, 0x73, 0x66, 0x6f, 0x72, 0x6d, 0x65,
  0x72, 0x5f, 0x31, 0x2f, 0x65, 0x6e, 0x63, 0x6f, 0x64, 0x65, 0x72, 0x5f,
  0x62, 0x6c, 0x6f, 0x63, 0x6b, 0x5f, 0x30, 0x5f, 0x31, 0x2f, 0x6d, 0x75,
  0x6c, 0x74, 0x69, 0x5f, 0x68, 0x65, 0x61, 0x64, 0x5f, 0x6c, 0x69, 0x6e,
  0x65, 0x61, 0x72, 0x5f, 0x61, 0x74, 0x74, 0x65, 0x6e, 0x74, 0x69, 0x6f,
  0x6e, 0x5f, 0x32, 0x5f, 0x31, 0x2f, 0x64, 0x65, 0x6e, 0x73, 0x65, 0x5f,
  0x31, 0x36, 0x5f, 0x31, 0x2f, 0x42, 0x69, 0x61, 0x73, 0x41, 0x64, 0x64,
  0x2f, 0x52, 0x65, 0x61, 0x64, 0x56, 0x61, 0x72, 0x69, 0x61, 0x62, 0x6c,
  0x65, 0x4f, 0x70, 0x00, 0x01, 0x00, 0x00, 0x00, 0x40, 0x00, 0x00, 0x00,
  0x44, 0xe2, 0xfe, 0xff, 0x0c, 0x02, 0x00, 0x00, 0x04, 0x00, 0x00, 0x00,
  0x40, 0x00, 0x00, 0x00, 0x00, 0x00, 0x00, 0x00, 0x00, 0x00, 0x00, 0x00,
  0x00, 0x00, 0x00, 0x00, 0x00, 0x00, 0x00, 0x00, 0x00, 0x00, 0x00, 0x00,
  0x00, 0x00, 0x00, 0x00, 0x00, 0x00, 0x00, 0x00, 0x00, 0x00, 0x00, 0x00,
  0x00, 0x00, 0x00, 0x00, 0x00, 0x00, 0x00, 0x00, 0x00, 0x00, 0x00, 0x00,
  0x00, 0x00, 0x00, 0x00, 0x00, 0x00, 0x00, 0x00, 0x00, 0x00, 0x00, 0x00,
  0x00, 0x00, 0x00, 0x00, 0x00, 0x00, 0x00, 0x00, 0x00, 0x00, 0x00, 0x00,
  0x00, 0x00, 0x00, 0x00, 0x00, 0x00, 0x00, 0x00, 0x00, 0x00, 0x00, 0x00,
  0x00, 0x00, 0x00, 0x00, 0x00, 0x00, 0x00, 0x00, 0x00, 0x00, 0x00, 0x00,
  0x00, 0x00, 0x00, 0x00, 0x00, 0x00, 0x00, 0x00, 0x00, 0x00, 0x00, 0x00,
  0x00, 0x00, 0x00, 0x00, 0x00, 0x00, 0x00, 0x00, 0x00, 0x00, 0x00, 0x00,
  0x00, 0x00, 0x00, 0x00, 0x00, 0x00, 0x00, 0x00, 0x00, 0x00, 0x00, 0x00,
  0x00, 0x00, 0x00, 0x00, 0x00, 0x00, 0x00, 0x00, 0x00, 0x00, 0x00, 0x00,
  0x00, 0x00, 0x00, 0x00, 0x00, 0x00, 0x00, 0x00, 0x00, 0x00, 0x00, 0x00,
  0x00, 0x00, 0x00, 0x00, 0x00, 0x00, 0x00, 0x00, 0x00, 0x00, 0x00, 0x00,
  0x00, 0x00, 0x00, 0x00, 0x00, 0x00, 0x00, 0x00, 0x00, 0x00, 0x00, 0x00,
  0x00, 0x00, 0x00, 0x00, 0x00, 0x00, 0x00, 0x00, 0x00, 0x00, 0x00, 0x00,
  0x00, 0x00, 0x00, 0x00, 0x00, 0x00, 0x00, 0x00, 0x00, 0x00, 0x00, 0x00,
  0x00, 0x00, 0x00, 0x00, 0x00, 0x00, 0x00, 0x00, 0x00, 0x00, 0x00, 0x00,
  0x00, 0x00, 0x00, 0x00, 0x00, 0x00, 0x00, 0x00, 0x00, 0x00, 0x00, 0x00,
  0x00, 0x00, 0x00, 0x00, 0x00, 0x00, 0x00, 0x00, 0x00, 0x00, 0x00, 0x00,
  0x00, 0x00, 0x00, 0x00, 0x00, 0x00, 0x00, 0x00, 0x00, 0x00, 0x00, 0x00,
  0x00, 0x00, 0x00, 0x00, 0x00, 0x00, 0x00, 0x00, 0x00, 0x00, 0x00, 0x00,
  0x00, 0x00, 0x00, 0x00, 0x00, 0x00, 0x00, 0x00, 0x00, 0x00, 0x00, 0x00,
  0x00, 0x00, 0x00, 0x00, 0x00, 0x00, 0x00, 0x00, 0x00, 0x00, 0x00, 0x00,
  0x00, 0x00, 0x00, 0x00, 0x00, 0x00, 0x00, 0x00, 0x00, 0x00, 0x00, 0x00,
  0x00, 0x00, 0x00, 0x00, 0x00, 0x00, 0x00, 0x00, 0x00, 0x00, 0x00, 0x00,
  0x00, 0x00, 0x00, 0x00, 0x00, 0x00, 0x00, 0x00, 0x00, 0x00, 0x00, 0x00,
  0x00, 0x00, 0x00, 0x00, 0x00, 0x00, 0x00, 0x00, 0x00, 0x00, 0x00, 0x00,
  0x00, 0x00, 0x00, 0x00, 0x00, 0x00, 0x00, 0x00, 0x00, 0x00, 0x00, 0x00,
  0x00, 0x00, 0x00, 0x00, 0x00, 0x00, 0x00, 0x00, 0x00, 0x00, 0x00, 0x00,
  0x00, 0x00, 0x00, 0x00, 0x00, 0x00, 0x00, 0x00, 0x00, 0x00, 0x00, 0x00,
  0x00, 0x00, 0x00, 0x00, 0x00, 0x00, 0x00, 0x00, 0x00, 0x00, 0x00, 0x00,
  0x00, 0x00, 0x00, 0x00, 0x00, 0x00, 0x00, 0x00, 0x00, 0x00, 0x00, 0x00,
  0x00, 0x00, 0x00, 0x00, 0x00, 0x00, 0x00, 0x00, 0x00, 0x00, 0x00, 0x00,
  0x00, 0x00, 0x00, 0x00, 0x00, 0x00, 0x00, 0x00, 0x00, 0x00, 0x00, 0x00,
  0x00, 0x00, 0x00, 0x00, 0x00, 0x00, 0x00, 0x00, 0x00, 0x00, 0x00, 0x00,
  0x00, 0x00, 0x00, 0x00, 0x00, 0x00, 0x00, 0x00, 0x00, 0x00, 0x00, 0x00,
  0x00, 0x00, 0x00, 0x00, 0x00, 0x00, 0x00, 0x00, 0x00, 0x00, 0x00, 0x00,
  0x00, 0x00, 0x00, 0x00, 0x00, 0x00, 0x00, 0x00, 0x00, 0x00, 0x00, 0x00,
  0x00, 0x00, 0x00, 0x00, 0x00, 0x00, 0x00, 0x00, 0x00, 0x00, 0x00, 0x00,
  0x00, 0x00, 0x00, 0x00, 0x00, 0x00, 0x00, 0x00, 0x00, 0x00, 0x00, 0x00,
  0x00, 0x00, 0x00, 0x00, 0x00, 0x00, 0x00, 0x00, 0x00, 0x00, 0x00, 0x00,
  0x00, 0x00, 0x00, 0x00, 0x00, 0x00, 0x00, 0x00, 0x00, 0x00, 0x00, 0x00,
  0x40, 0x00, 0x00, 0x00, 0xc9, 0x23, 0x15, 0x38, 0xd4, 0xbb, 0x17, 0x38,
  0xa1, 0x9d, 0x02, 0x38, 0xf8, 0xbd, 0x02, 0x38, 0xc9, 0x23, 0x15, 0x38,
  0xd4, 0xbb, 0x17, 0x38, 0xf8, 0xbd, 0x02, 0x38, 0xc9, 0x23, 0x15, 0x38,
  0xd4, 0xbb, 0x17, 0x38, 0xc9, 0x23, 0x15, 0x38, 0xc9, 0x23, 0x15, 0x38,
  0xa1, 0x9d, 0x02, 0x38, 0xc9, 0x23, 0x15, 0x38, 0xf8, 0xbd, 0x02, 0x38,
  0xc9, 0x23, 0x15, 0x38, 0xf8, 0xbd, 0x02, 0x38, 0xf8, 0xbd, 0x02, 0x38,
  0xd4, 0xbb, 0x17, 0x38, 0xd4, 0xbb, 0x17, 0x38, 0xf8, 0xbd, 0x02, 0x38,
  0xf8, 0xbd, 0x02, 0x38, 0xd4, 0xbb, 0x17, 0x38, 0xf8, 0xbd, 0x02, 0x38,
  0xf8, 0xbd, 0x02, 0x38, 0xd4, 0xbb, 0x17, 0x38, 0xc9, 0x23, 0x15, 0x38,
  0xd4, 0xbb, 0x17, 0x38, 0xd4, 0xbb, 0x17, 0x38, 0xf8, 0xbd, 0x02, 0x38,
  0xc9, 0x23, 0x15, 0x38, 0xc9, 0x23, 0x15, 0x38, 0xf8, 0xbd, 0x02, 0x38,
  0xf8, 0xbd, 0x02, 0x38, 0xa1, 0x9d, 0x02, 0x38, 0xd4, 0xbb, 0x17, 0x38,
  0xd4, 0xbb, 0x17, 0x38, 0xf8, 0xbd, 0x02, 0x38, 0xd4, 0xbb, 0x17, 0x38,
  0xc9, 0x23, 0x15, 0x38, 0xd4, 0xbb, 0x17, 0x38, 0xf8, 0xbd, 0x02, 0x38,
  0xc9, 0x23, 0x15, 0x38, 0xa1, 0x9d, 0x02, 0x38, 0xc9, 0x23, 0x15, 0x38,
  0xc9, 0x23, 0x15, 0x38, 0xf8, 0xbd, 0x02, 0x38, 0xc9, 0x23, 0x15, 0x38,
  0xd4, 0xbb, 0x17, 0x38, 0xd4, 0xbb, 0x17, 0x38, 0xc9, 0x23, 0x15, 0x38,
  0xd4, 0xbb, 0x17, 0x38, 0xf8, 0xbd, 0x02, 0x38, 0xf8, 0xbd, 0x02, 0x38,
  0xc9, 0x23, 0x15, 0x38, 0xd4, 0xbb, 0x17, 0x38, 0xa1, 0x9d, 0x02, 0x38,
  0xc9, 0x23, 0x15, 0x38, 0xc9, 0x23, 0x15, 0x38, 0xf8, 0xbd, 0x02, 0x38,
  0xf8, 0xbd, 0x02, 0x38, 0xf8, 0xbd, 0x02, 0x38, 0xf8, 0xbd, 0x02, 0x38,
  0xa1, 0x9d, 0x02, 0x38, 0xc9, 0x23, 0x15, 0x38, 0xe6, 0xe1, 0xfe, 0xff,
  0x04, 0x00, 0x00, 0x00, 0x00, 0x01, 0x00, 0x00, 0xea, 0xff, 0xff, 0xff,
  0x10, 0x00, 0x00, 0x00, 0x01, 0x00, 0x00, 0x00, 0x76, 0xff, 0xff, 0xff,
  0x60, 0x01, 0x00, 0x00, 0xbd, 0xff, 0xff, 0xff, 0x54, 0x01, 0x00, 0x00,
  0x53, 0x00, 0x00, 0x00, 0x01, 0x02, 0x00, 0x00, 0xb4, 0x00, 0x00, 0x00,
  0xd6, 0x00, 0x00, 0x00, 0x37, 0xff, 0xff, 0xff, 0x29, 0xff, 0xff, 0xff,
  0x12, 0x01, 0x00, 0x00, 0x95, 0xfe, 0xff, 0xff, 0xe1, 0x00, 0x00, 0x00,
  0xf0, 0xff, 0xff, 0xff, 0x4f, 0x00, 0x00, 0x00, 0x60, 0xff, 0xff, 0xff,
  0x3b, 0x01, 0x00, 0x00, 0xb1, 0x00, 0x00, 0x00, 0x21, 0x01, 0x00, 0x00,
  0x91, 0xfe, 0xff, 0xff, 0x15, 0xff, 0xff, 0xff, 0xce, 0x00, 0x00, 0x00,
  0xb6, 0xff, 0xff, 0xff, 0x89, 0x01, 0x00, 0x00, 0xf7, 0xff, 0xff, 0xff,
  0x38, 0x00, 0x00, 0x00, 0x66, 0x02, 0x00, 0x00, 0x27, 0xff, 0xff, 0xff,
  0xb2, 0xff, 0xff, 0xff, 0xb0, 0x02, 0x00, 0x00, 0x0d, 0x00, 0x00, 0x00,
  0xa7, 0x00, 0x00, 0x00, 0x98, 0xff, 0xff, 0xff, 0x00, 0x00, 0x00, 0x00,
  0xc7, 0xfe, 0xff, 0xff, 0xc0, 0x01, 0x00, 0x00, 0x6a, 0x02, 0x00, 0x00,
  0xfb, 0xfe, 0xff, 0xff, 0x82, 0x00, 0x00, 0x00, 0xd3, 0x00, 0x00, 0x00,
  0xd2, 0xff, 0xff, 0xff, 0x8a, 0xff, 0xff, 0xff, 0x3a, 0xff, 0xff, 0xff,
  0xcf, 0x03, 0x00, 0x00, 0x0c, 0x00, 0x00, 0x00, 0x5b, 0xff, 0xff, 0xff,
  0x7d, 0x01, 0x00, 0x00, 0x86, 0x00, 0x00, 0x00, 0x69, 0x00, 0x00, 0x00,
  0xaa, 0x01, 0x00, 0x00, 0x2e, 0xff, 0xff, 0xff, 0x34, 0x00, 0x00, 0x00,
  0x50, 0x00, 0x00, 0x00, 0xab, 0x01, 0x00, 0x00, 0x83, 0xff, 0xff, 0xff,
  0x91, 0x01, 0x00, 0x00, 0x61, 0xff, 0xff, 0xff, 0xa2, 0xff, 0xff, 0xff,
  0x50, 0x00, 0x00, 0x00, 0x0b, 0xff, 0xff, 0xff, 0xa5, 0xfe, 0xff, 0xff,
  0x4a, 0xe3, 0xfe, 0xff, 0x00, 0x00, 0x09, 0x01, 0x60, 0x00, 0x00, 0x00,
  0x25, 0x00, 0x00, 0x00, 0x08, 0x00, 0x00, 0x00, 0x64, 0x00, 0x00, 0x00,
  0x49, 0x00, 0x00, 0x00, 0x74, 0x69, 0x6e, 0x79, 0x5f, 0x6e, 0x69, 0x64,
  0x73, 0x5f, 0x74, 0x72, 0x61, 0x6e, 0x73, 0x66, 0x6f, 0x72, 0x6d, 0x65,
  0x72, 0x5f, 0x31, 0x2f, 0x65, 0x6e, 0x63, 0x6f, 0x64, 0x65, 0x72, 0x5f,
  0x62, 0x6c, 0x6f, 0x63, 0x6b, 0x5f, 0x30, 0x5f, 0x31, 0x2f, 0x6c, 0x61,
  0x79, 0x65, 0x72, 0x5f, 0x6e, 0x6f, 0x72, 0x6d, 0x61, 0x6c, 0x69, 0x7a,
  0x61, 0x74, 0x69, 0x6f, 0x6e, 0x5f, 0x35, 0x5f, 0x31, 0x2f, 0x52, 0x65,
  0x73, 0x68, 0x61, 0x70, 0x65, 0x00, 0x00, 0x00, 0x03, 0x00, 0x00, 0x00,
  0x01, 0x00, 0x00, 0x00, 0x01, 0x00, 0x00, 0x00, 0x40, 0x00, 0x00, 0x00,
  0xdc, 0xe6, 0xfe, 0xff, 0x18, 0x00, 0x00, 0x00, 0x04, 0x00, 0x00, 0x00,
  0x01, 0x00, 0x00, 0x00, 0x80, 0xff, 0xff, 0xff, 0xff, 0xff, 0xff, 0xff,
  0x00, 0x00, 0x00, 0x00, 0x01, 0x00, 0x00, 0x00, 0xb8, 0xe4, 0x87, 0x3b,
  0x8e, 0xe3, 0xfe, 0xff, 0x04, 0x00, 0x00, 0x00, 0x40, 0x00, 0x00, 0x00,
  0x69, 0x75, 0x6e, 0x6a, 0x6a, 0x69, 0x70, 0x6b, 0x6d, 0x71, 0x74, 0x68,
  0x6e, 0x69, 0x76, 0x6b, 0x71, 0x6f, 0x72, 0x6f, 0x7c, 0x75, 0x73, 0x6b,
  0x72, 0x72, 0x6e, 0x77, 0x6f, 0x6b, 0x7f, 0x6c, 0x6e, 0x72, 0x75, 0x76,
  0x6f, 0x6e, 0x6b, 0x66, 0x6e, 0x6f, 0x6f, 0x74, 0x75, 0x6f, 0x6b, 0x6e,
  0x79, 0x6f, 0x76, 0x6d, 0x6a, 0x74, 0x6d, 0x6c, 0x78, 0x72, 0x6f, 0x6e,
  0x73, 0x6d, 0x74, 0x6e, 0x32, 0xe4, 0xfe, 0xff, 0x00, 0x00, 0x09, 0x01,
  0x60, 0x00, 0x00, 0x00, 0x24, 0x00, 0x00, 0x00, 0x08, 0x00, 0x00, 0x00,
  0x64, 0x00, 0x00, 0x00, 0x4b, 0x00, 0x00, 0x00, 0x74, 0x69, 0x6e, 0x79,
  0x5f, 0x6e, 0x69, 0x64, 0x73, 0x5f, 0x74, 0x72, 0x61, 0x6e, 0x73, 0x66,
  0x6f, 0x72, 0x6d, 0x65, 0x72, 0x5f, 0x31, 0x2f, 0x65, 0x6e, 0x63, 0x6f,
  0x64, 0x65, 0x72, 0x5f, 0x62, 0x6c, 0x6f, 0x63, 0x6b, 0x5f, 0x30, 0x5f,
  0x31, 0x2f, 0x6c, 0x61, 0x79, 0x65, 0x72, 0x5f, 0x6e, 0x6f, 0x72, 0x6d,
  0x61, 0x6c, 0x69, 0x7a, 0x61, 0x74, 0x69, 0x6f, 0x6e, 0x5f, 0x35, 0x5f,
  0x31, 0x2f, 0x52, 0x65, 0x73, 0x68, 0x61, 0x70, 0x65, 0x5f, 0x31, 0x00,
  0x03, 0x00, 0x00, 0x00, 0x01, 0x00, 0x00, 0x00, 0x01, 0x00, 0x00, 0x00,
  0x40, 0x00, 0x00, 0x00, 0xc4, 0xe7, 0xfe, 0xff, 0x18, 0x00, 0x00, 0x00,
  0x04, 0x00, 0x00, 0x00, 0x01, 0x00, 0x00, 0x00, 0xcc, 0xff, 0xff, 0xff,
  0xff, 0xff, 0xff, 0xff, 0x00, 0x00, 0x00, 0x00, 0x01, 0x00, 0x00, 0x00,
  0x42, 0x94, 0x98, 0x39, 0x76, 0xe4, 0xfe, 0xff, 0x04, 0x00, 0x00, 0x00,
  0x40, 0x00, 0x00, 0x00, 0xff, 0xd5, 0x9f, 0xf6, 0x11, 0xdc, 0xbd, 0x29,
  0xfe, 0xff, 0xe0, 0xde, 0xbb, 0x2b, 0xbf, 0xf7, 0xd6, 0xd9, 0xcb, 0xab,
  0xd1, 0xdc, 0xc4, 0xd5, 0xd7, 0x96, 0xdf, 0xd2, 0xb9, 0xdd, 0xe0, 0x0c,
  0xff, 0xc0, 0xe4, 0xbd, 0xc7, 0xb6, 0x10, 0xe4, 0xcf, 0xbd, 0xa4, 0xfa,
  0xd9, 0xaf, 0xf7, 0xba, 0xd0, 0xbb, 0xe7, 0x80, 0x7f, 0xc8, 0x35, 0x16,
  0xd6, 0xd2, 0xda, 0xb5, 0xd7, 0xb7, 0xc1, 0xb6, 0x1a, 0xe5, 0xfe, 0xff,
  0x00, 0x00, 0x09, 0x01, 0x6c, 0x00, 0x00, 0x00, 0x23, 0x00, 0x00, 0x00,
  0x08, 0x00, 0x00, 0x00, 0x6c, 0x00, 0x00, 0x00, 0x54, 0x00, 0x00, 0x00,
  0x74, 0x69, 0x6e, 0x79, 0x5f, 0x6e, 0x69, 0x64, 0x73, 0x5f, 0x74, 0x72,
  0x61, 0x6e, 0x73, 0x66, 0x6f, 0x72, 0x6d, 0x65, 0x72, 0x5f, 0x31, 0x2f,
  0x65, 0x6e, 0x63, 0x6f, 0x64, 0x65, 0x72, 0x5f, 0x62, 0x6c, 0x6f, 0x63,
  0x6b, 0x5f, 0x30, 0x5f, 0x31, 0x2f, 0x73, 0x65, 0x71, 0x75, 0x65, 0x6e,
  0x74, 0x69, 0x61, 0x6c, 0x5f, 0x32, 0x5f, 0x31, 0x2f, 0x64, 0x65, 0x6e,
  0x73, 0x65, 0x5f, 0x31, 0x37, 0x5f, 0x31, 0x2f, 0x54, 0x65, 0x6e, 0x73,
  0x6f, 0x72, 0x64, 0x6f, 0x74, 0x2f, 0x4d, 0x61, 0x74, 0x4d, 0x75, 0x6c,
  0x00, 0x00, 0x00, 0x00, 0x02, 0x00, 0x00, 0x00, 0x80, 0x00, 0x00, 0x00,
  0x40, 0x00, 0x00, 0x00, 0xb4, 0xe8, 0xfe, 0xff, 0x10, 0x04, 0x00, 0x00,
  0x04, 0x00, 0x00, 0x00, 0x80, 0x00, 0x00, 0x00, 0x00, 0x00, 0x00, 0x00,
  0x00, 0x00, 0x00, 0x00, 0x00, 0x00, 0x00, 0x00, 0x00, 0x00, 0x00, 0x00,
  0x00, 0x00, 0x00, 0x00, 0x00, 0x00, 0x00, 0x00, 0x00, 0x00, 0x00, 0x00,
  0x00, 0x00, 0x00, 0x00, 0x00, 0x00, 0x00, 0x00, 0x00, 0x00, 0x00, 0x00,
  0x00, 0x00, 0x00, 0x00, 0x00, 0x00, 0x00, 0x00, 0x00, 0x00, 0x00, 0x00,
  0x00, 0x00, 0x00, 0x00, 0x00, 0x00, 0x00, 0x00, 0x00, 0x00, 0x00, 0x00,
  0x00, 0x00, 0x00, 0x00, 0x00, 0x00, 0x00, 0x00, 0x00, 0x00, 0x00, 0x00,
  0x00, 0x00, 0x00, 0x00, 0x00, 0x00, 0x00, 0x00, 0x00, 0x00, 0x00, 0x00,
  0x00, 0x00, 0x00, 0x00, 0x00, 0x00, 0x00, 0x00, 0x00, 0x00, 0x00, 0x00,
  0x00, 0x00, 0x00, 0x00, 0x00, 0x00, 0x00, 0x00, 0x00, 0x00, 0x00, 0x00,
  0x00, 0x00, 0x00, 0x00, 0x00, 0x00, 0x00, 0x00, 0x00, 0x00, 0x00, 0x00,
  0x00, 0x00, 0x00, 0x00, 0x00, 0x00, 0x00, 0x00, 0x00, 0x00, 0x00, 0x00,
  0x00, 0x00, 0x00, 0x00, 0x00, 0x00, 0x00, 0x00, 0x00, 0x00, 0x00, 0x00,
  0x00, 0x00, 0x00, 0x00, 0x00, 0x00, 0x00, 0x00, 0x00, 0x00, 0x00, 0x00,
  0x00, 0x00, 0x00, 0x00, 0x00, 0x00, 0x00, 0x00, 0x00, 0x00, 0x00, 0x00,
  0x00, 0x00, 0x00, 0x00, 0x00, 0x00, 0x00, 0x00, 0x00, 0x00, 0x00, 0x00,
  0x00, 0x00, 0x00, 0x00, 0x00, 0x00, 0x00, 0x00, 0x00, 0x00, 0x00, 0x00,
  0x00, 0x00, 0x00, 0x00, 0x00, 0x00, 0x00, 0x00, 0x00, 0x00, 0x00, 0x00,
  0x00, 0x00, 0x00, 0x00, 0x00, 0x00, 0x00, 0x00, 0x00, 0x00, 0x00, 0x00,
  0x00, 0x00, 0x00, 0x00, 0x00, 0x00, 0x00, 0x00, 0x00, 0x00, 0x00, 0x00,
  0x00, 0x00, 0x00, 0x00, 0x00, 0x00, 0x00, 0x00, 0x00, 0x00, 0x00, 0x00,
  0x00, 0x00, 0x00, 0x00, 0x00, 0x00, 0x00, 0x00, 0x00, 0x00, 0x00, 0x00,
  0x00, 0x00, 0x00, 0x00, 0x00, 0x00, 0x00, 0x00, 0x00, 0x00, 0x00, 0x00,
  0x00, 0x00, 0x00, 0x00, 0x00, 0x00, 0x00, 0x00, 0x00, 0x00, 0x00, 0x00,
  0x00, 0x00, 0x00, 0x00, 0x00, 0x00, 0x00, 0x00, 0x00, 0x00, 0x00, 0x00,
  0x00, 0x00, 0x00, 0x00, 0x00, 0x00, 0x00, 0x00, 0x00, 0x00, 0x00, 0x00,
  0x00, 0x00, 0x00, 0x00, 0x00, 0x00, 0x00, 0x00, 0x00, 0x00, 0x00, 0x00,
  0x00, 0x00, 0x00, 0x00, 0x00, 0x00, 0x00, 0x00, 0x00, 0x00, 0x00, 0x00,
  0x00, 0x00, 0x00, 0x00, 0x00, 0x00, 0x00, 0x00, 0x00, 0x00, 0x00, 0x00,
  0x00, 0x00, 0x00, 0x00, 0x00, 0x00, 0x00, 0x00, 0x00, 0x00, 0x00, 0x00,
  0x00, 0x00, 0x00, 0x00, 0x00, 0x00, 0x00, 0x00, 0x00, 0x00, 0x00, 0x00,
  0x00, 0x00, 0x00, 0x00, 0x00, 0x00, 0x00, 0x00, 0x00, 0x00, 0x00, 0x00,
  0x00, 0x00, 0x00, 0x00, 0x00, 0x00, 0x00, 0x00, 0x00, 0x00, 0x00, 0x00,
  0x00, 0x00, 0x00, 0x00, 0x00, 0x00, 0x00, 0x00, 0x00, 0x00, 0x00, 0x00,
  0x00, 0x00, 0x00, 0x00, 0x00, 0x00, 0x00, 0x00, 0x00, 0x00, 0x00, 0x00,
  0x00, 0x00, 0x00, 0x00, 0x00, 0x00, 0x00, 0x00, 0x00, 0x00, 0x00, 0x00,
  0x00, 0x00, 0x00, 0x00, 0x00, 0x00, 0x00, 0x00, 0x00, 0x00, 0x00, 0x00,
  0x00, 0x00, 0x00, 0x00, 0x00, 0x00, 0x00, 0x00, 0x00, 0x00, 0x00, 0x00,
  0x00, 0x00, 0x00, 0x00, 0x00, 0x00, 0x00, 0x00, 0x00, 0x00, 0x00, 0x00,
  0x00, 0x00, 0x00, 0x00, 0x00, 0x00, 0x00, 0x00, 0x00, 0x00, 0x00, 0x00,
  0x00, 0x00, 0x00, 0x00, 0x00, 0x00, 0x00, 0x00, 0x00, 0x00, 0x00, 0x00,
  0x00, 0x00, 0x00, 0x00, 0x00, 0x00, 0x00, 0x00, 0x00, 0x00, 0x00, 0x00,
  0x00, 0x00, 0x00, 0x00, 0x00, 0x00, 0x00, 0x00, 0x00, 0x00, 0x00, 0x00,
  0x00, 0x00, 0x00, 0x00, 0x00, 0x00, 0x00, 0x00, 0x00, 0x00, 0x00, 0x00,
  0x00, 0x00, 0x00, 0x00, 0x00, 0x00, 0x00, 0x00, 0x00, 0x00, 0x00, 0x00,
  0x00, 0x00, 0x00, 0x00, 0x00, 0x00, 0x00, 0x00, 0x00, 0x00, 0x00, 0x00,
  0x00, 0x00, 0x00, 0x00, 0x00, 0x00, 0x00, 0x00, 0x00, 0x00, 0x00, 0x00,
  0x00, 0x00, 0x00, 0x00, 0x00, 0x00, 0x00, 0x00, 0x00, 0x00, 0x00, 0x00,
  0x00, 0x00, 0x00, 0x00, 0x00, 0x00, 0x00, 0x00, 0x00, 0x00, 0x00, 0x00,
  0x00, 0x00, 0x00, 0x00, 0x00, 0x00, 0x00, 0x00, 0x00, 0x00, 0x00, 0x00,
  0x00, 0x00, 0x00, 0x00, 0x00, 0x00, 0x00, 0x00, 0x00, 0x00, 0x00, 0x00,
  0x00, 0x00, 0x00, 0x00, 0x00, 0x00, 0x00, 0x00, 0x00, 0x00, 0x00, 0x00,
  0x00, 0x00, 0x00, 0x00, 0x00, 0x00, 0x00, 0x00, 0x00, 0x00, 0x00, 0x00,
  0x00, 0x00, 0x00, 0x00, 0x00, 0x00, 0x00, 0x00, 0x00, 0x00, 0x00, 0x00,
  0x00, 0x00, 0x00, 0x00, 0x00, 0x00, 0x00, 0x00, 0x00, 0x00, 0x00, 0x00,
  0x00, 0x00, 0x00, 0x00, 0x00, 0x00, 0x00, 0x00, 0x00, 0x00, 0x00, 0x00,
  0x00, 0x00, 0x00, 0x00, 0x00, 0x00, 0x00, 0x00, 0x00, 0x00, 0x00, 0x00,
  0x00, 0x00, 0x00, 0x00, 0x00, 0x00, 0x00, 0x00, 0x00, 0x00, 0x00, 0x00,
  0x00, 0x00, 0x00, 0x00, 0x00, 0x00, 0x00, 0x00, 0x00, 0x00, 0x00, 0x00,
  0x00, 0x00, 0x00, 0x00, 0x00, 0x00, 0x00, 0x00, 0x00, 0x00, 0x00, 0x00,
  0x00, 0x00, 0x00, 0x00, 0x00, 0x00, 0x00, 0x00, 0x00, 0x00, 0x00, 0x00,
  0x00, 0x00, 0x00, 0x00, 0x00, 0x00, 0x00, 0x00, 0x00, 0x00, 0x00, 0x00,
  0x00, 0x00, 0x00, 0x00, 0x00, 0x00, 0x00, 0x00, 0x00, 0x00, 0x00, 0x00,
  0x00, 0x00, 0x00, 0x00, 0x00, 0x00, 0x00, 0x00, 0x00, 0x00, 0x00, 0x00,
  0x00, 0x00, 0x00, 0x00, 0x00, 0x00, 0x00, 0x00, 0x00, 0x00, 0x00, 0x00,
  0x00, 0x00, 0x00, 0x00, 0x00, 0x00, 0x00, 0x00, 0x00, 0x00, 0x00, 0x00,
  0x00, 0x00, 0x00, 0x00, 0x00, 0x00, 0x00, 0x00, 0x00, 0x00, 0x00, 0x00,
  0x00, 0x00, 0x00, 0x00, 0x00, 0x00, 0x00, 0x00, 0x00, 0x00, 0x00, 0x00,
  0x00, 0x00, 0x00, 0x00, 0x00, 0x00, 0x00, 0x00, 0x00, 0x00, 0x00, 0x00,
  0x00, 0x00, 0x00, 0x00, 0x00, 0x00, 0x00, 0x00, 0x00, 0x00, 0x00, 0x00,
  0x00, 0x00, 0x00, 0x00, 0x00, 0x00, 0x00, 0x00, 0x00, 0x00, 0x00, 0x00,
  0x00, 0x00, 0x00, 0x00, 0x00, 0x00, 0x00, 0x00, 0x00, 0x00, 0x00, 0x00,
  0x00, 0x00, 0x00, 0x00, 0x00, 0x00, 0x00, 0x00, 0x00, 0x00, 0x00, 0x00,
  0x00, 0x00, 0x00, 0x00, 0x00, 0x00, 0x00, 0x00, 0x00, 0x00, 0x00, 0x00,
  0x00, 0x00, 0x00, 0x00, 0x00, 0x00, 0x00, 0x00, 0x00, 0x00, 0x00, 0x00,
  0x00, 0x00, 0x00, 0x00, 0x00, 0x00, 0x00, 0x00, 0x00, 0x00, 0x00, 0x00,
  0x00, 0x00, 0x00, 0x00, 0x00, 0x00, 0x00, 0x00, 0x00, 0x00, 0x00, 0x00,
  0x00, 0x00, 0x00, 0x00, 0x00, 0x00, 0x00, 0x00, 0x00, 0x00, 0x00, 0x00,
  0x00, 0x00, 0x00, 0x00, 0x00, 0x00, 0x00, 0x00, 0x00, 0x00, 0x00, 0x00,
  0x00, 0x00, 0x00, 0x00, 0x00, 0x00, 0x00, 0x00, 0x00, 0x00, 0x00, 0x00,
  0x00, 0x00, 0x00, 0x00, 0x00, 0x00, 0x00, 0x00, 0x00, 0x00, 0x00, 0x00,
  0x00, 0x00, 0x00, 0x00, 0x00, 0x00, 0x00, 0x00, 0x00, 0x00, 0x00, 0x00,
  0x00, 0x00, 0x00, 0x00, 0x00, 0x00, 0x00, 0x00, 0x00, 0x00, 0x00, 0x00,
  0x00, 0x00, 0x00, 0x00, 0x00, 0x00, 0x00, 0x00, 0x00, 0x00, 0x00, 0x00,
  0x00, 0x00, 0x00, 0x00, 0x00, 0x00, 0x00, 0x00, 0x00, 0x00, 0x00, 0x00,
  0x00, 0x00, 0x00, 0x00, 0x00, 0x00, 0x00, 0x00, 0x00, 0x00, 0x00, 0x00,
  0x00, 0x00, 0x00, 0x00, 0x80, 0x00, 0x00, 0x00, 0x21, 0x77, 0xd1, 0x3a,
  0x48, 0x93, 0xd4, 0x3a, 0x5c, 0x58, 0xb8, 0x3a, 0x48, 0x93, 0xd4, 0x3a,
  0x48, 0x93, 0xd4, 0x3a, 0x48, 0x93, 0xd4, 0x3a, 0x21, 0x77, 0xd1, 0x3a,
  0x48, 0x93, 0xd4, 0x3a, 0x5c, 0x58, 0xb8, 0x3a, 0x21, 0x77, 0xd1, 0x3a,
  0x5c, 0x58, 0xb8, 0x3a, 0x48, 0x93, 0xd4, 0x3a, 0x21, 0x77, 0xd1, 0x3a,
  0x5c, 0x58, 0xb8, 0x3a, 0x21, 0x77, 0xd1, 0x3a, 0x21, 0x77, 0xd1, 0x3a,
  0xbe, 0x9c, 0xa2, 0x3a, 0x5c, 0x58, 0xb8, 0x3a, 0x5c, 0x58, 0xb8, 0x3a,
  0x48, 0x93, 0xd4, 0x3a, 0x5c, 0x58, 0xb8, 0x3a, 0x5c, 0x58, 0xb8, 0x3a,
  0x23, 0xa1, 0xb4, 0x3a, 0x48, 0x93, 0xd4, 0x3a, 0x21, 0x77, 0xd1, 0x3a,
  0x48, 0x93, 0xd4, 0x3a, 0x48, 0x93, 0xd4, 0x3a, 0x5c, 0x58, 0xb8, 0x3a,
  0x21, 0x77, 0xd1, 0x3a, 0x48, 0x93, 0xd4, 0x3a, 0x5c, 0x58, 0xb8, 0x3a,
  0x5c, 0x58, 0xb8, 0x3a, 0x5c, 0x58, 0xb8, 0x3a, 0x5c, 0x58, 0xb8, 0x3a,
  0x23, 0xa1, 0xb4, 0x3a, 0x21, 0x77, 0xd1, 0x3a, 0x48, 0x93, 0xd4, 0x3a,
  0x5c, 0x58, 0xb8, 0x3a, 0x5c, 0x58, 0xb8, 0x3a, 0x21, 0x77, 0xd1, 0x3a,
  0x21, 0x77, 0xd1, 0x3a, 0x23, 0xa1, 0xb4, 0x3a, 0x21, 0x77, 0xd1, 0x3a,
  0x5c, 0x58, 0xb8, 0x3a, 0x48, 0x93, 0xd4, 0x3a, 0x23, 0xa1, 0xb4, 0x3a,
  0x5c, 0x58, 0xb8, 0x3a, 0x5c, 0x58, 0xb8, 0x3a, 0x5c, 0x58, 0xb8, 0x3a,
  0x5c, 0x58, 0xb8, 0x3a, 0x48, 0x93, 0xd4, 0x3a, 0x21, 0x77, 0xd1, 0x3a,
  0x48, 0x93, 0xd4, 0x3a, 0x5c, 0x58, 0xb8, 0x3a, 0x21, 0x77, 0xd1, 0x3a,
  0x48, 0x93, 0xd4, 0x3a, 0x21, 0x77, 0xd1, 0x3a, 0x48, 0x93, 0xd4, 0x3a,
  0x48, 0x93, 0xd4, 0x3a, 0x48, 0x93, 0xd4, 0x3a, 0x48, 0x93, 0xd4, 0x3a,
  0x48, 0x93, 0xd4, 0x3a, 0x21, 0x77, 0xd1, 0x3a, 0x48, 0x93, 0xd4, 0x3a,
  0x21, 0x77, 0xd1, 0x3a, 0x21, 0x77, 0xd1, 0x3a, 0x5c, 0x58, 0xb8, 0x3a,
  0x48, 0x93, 0xd4, 0x3a, 0x48, 0x93, 0xd4, 0x3a, 0x5c, 0x58, 0xb8, 0x3a,
  0x23, 0xa1, 0xb4, 0x3a, 0x23, 0xa1, 0xb4, 0x3a, 0x23, 0xa1, 0xb4, 0x3a,
  0x5c, 0x58, 0xb8, 0x3a, 0x21, 0x77, 0xd1, 0x3a, 0x5c, 0x58, 0xb8, 0x3a,
  0x48, 0x93, 0xd4, 0x3a, 0x48, 0x93, 0xd4, 0x3a, 0x21, 0x77, 0xd1, 0x3a,
  0x48, 0x93, 0xd4, 0x3a, 0x48, 0x93, 0xd4, 0x3a, 0x48, 0x93, 0xd4, 0x3a,
  0x5c, 0x58, 0xb8, 0x3a, 0x21, 0x77, 0xd1, 0x3a, 0x48, 0x93, 0xd4, 0x3a,
  0x48, 0x93, 0xd4, 0x3a, 0x21, 0x77, 0xd1, 0x3a, 0x21, 0x77, 0xd1, 0x3a,
  0x5c, 0x58, 0xb8, 0x3a, 0x5c, 0x58, 0xb8, 0x3a, 0x5c, 0x58, 0xb8, 0x3a,
  0x5c, 0x58, 0xb8, 0x3a, 0x48, 0x93, 0xd4, 0x3a, 0x48, 0x93, 0xd4, 0x3a,
  0x21, 0x77, 0xd1, 0x3a, 0x48, 0x93, 0xd4, 0x3a, 0x21, 0x77, 0xd1, 0x3a,
  0x48, 0x93, 0xd4, 0x3a, 0x5c, 0x58, 0xb8, 0x3a, 0x23, 0xa1, 0xb4, 0x3a,
  0x5c, 0x58, 0xb8, 0x3a, 0x48, 0x93, 0xd4, 0x3a, 0x48, 0x93, 0xd4, 0x3a,
  0x48, 0x93, 0xd4, 0x3a, 0x5c, 0x58, 0xb8, 0x3a, 0x21, 0x77, 0xd1, 0x3a,
  0x48, 0x93, 0xd4, 0x3a, 0x5c, 0x58, 0xb8, 0x3a, 0x5c, 0x58, 0xb8, 0x3a,
  0x5c, 0x58, 0xb8, 0x3a, 0x21, 0x77, 0xd1, 0x3a, 0x48, 0x93, 0xd4, 0x3a,
  0x48, 0x93, 0xd4, 0x3a, 0x5c, 0x58, 0xb8, 0x3a, 0x5c, 0x58, 0xb8, 0x3a,
  0x48, 0x93, 0xd4, 0x3a, 0x21, 0x77, 0xd1, 0x3a, 0x48, 0x93, 0xd4, 0x3a,
  0x5c, 0x58, 0xb8, 0x3a, 0x48, 0x93, 0xd4, 0x3a, 0x5c, 0x58, 0xb8, 0x3a,
  0x21, 0x77, 0xd1, 0x3a, 0x21, 0x77, 0xd1, 0x3a, 0x48, 0x93, 0xd4, 0x3a,
  0x5c, 0x58, 0xb8, 0x3a, 0x21, 0x77, 0xd1, 0x3a, 0x5c, 0x58, 0xb8, 0x3a,
  0x5c, 0x58, 0xb8, 0x3a, 0x5a, 0xeb, 0xfe, 0xff, 0x04, 0x00, 0x00, 0x00,
  0x00, 0x20, 0x00, 0x00, 0x00, 0xbe, 0x00, 0x00, 0xa6, 0x42, 0x64, 0x3b,
  0x00, 0xae, 0x00, 0x49, 0x00, 0x00, 0x00, 0xbe, 0x00, 0x00, 0x00, 0xa6,
  0x81, 0x52, 0x00, 0x00, 0x3b, 0x42, 0x00, 0x00, 0x00, 0x00, 0x5a, 0x00,
  0x00, 0x9d, 0xbe, 0x5a, 0x00, 0x92, 0xae, 0x00, 0x3b, 0x00, 0x00, 0x3b,
  0x00, 0x00, 0xbe, 0x3b, 0x00, 0xb6, 0x92, 0x00, 0xb6, 0x9d, 0x00, 0x9d,
  0x00, 0x00, 0x52, 0x00, 0xa6, 0x5a, 0xb6, 0x00, 0x00, 0x6e, 0x00, 0xbf,
  0xbf, 0x00, 0xa8, 0x00, 0xb0, 0x94, 0x3a, 0x59, 0x00, 0x48, 0x00, 0x00,
  0x00, 0x00, 0x00, 0x00, 0x7f, 0xb0, 0x00, 0x00, 0x00, 0x63, 0x9f, 0x00,
  0x00, 0xb0, 0x00, 0x00, 0xbf, 0x00, 0x00, 0x00, 0xa8, 0x3a, 0x00, 0x00,
  0x00, 0xa8, 0x00, 0x00, 0x83, 0x00, 0x48, 0x00, 0x00, 0x6e, 0x51, 0x63,
  0x00, 0x00, 0x51, 0x00, 0x00, 0x00, 0x9f, 0xb7, 0x59, 0x00, 0x00, 0xb7,
  0x53, 0xa3, 0x00, 0x90, 0x00, 0x00, 0x4b, 0x90, 0x7f, 0xb5, 0x00, 0x00,
  0x00, 0x00, 0x67, 0x00, 0x00, 0x5d, 0xa3, 0x00, 0x00, 0x00, 0x00, 0x00,
  0x53, 0x00, 0xb5, 0x00, 0x00, 0xb5, 0xac, 0x84, 0x9a, 0x84, 0x00, 0x9a,
  0x00, 0x00, 0x00, 0x9a, 0x00, 0x53, 0x53, 0xac, 0x00, 0x43, 0x00, 0x00,
  0x00, 0x67, 0xac, 0x00, 0x00, 0x00, 0x84, 0x00, 0x00, 0x00, 0xac, 0x67,
  0x00, 0x72, 0x00, 0x43, 0xb7, 0x7f, 0x00, 0xc6, 0x63, 0x00, 0x00, 0x00,
  0x00, 0x59, 0xbf, 0x00, 0x00, 0x00, 0x6e, 0x00, 0xb0, 0x48, 0x00, 0x00,
  0x41, 0xb0, 0x00, 0x00, 0x3a, 0x00, 0x00, 0xb0, 0x63, 0x00, 0x00, 0x3a,
  0xbf, 0x00, 0xa8, 0x9f, 0x00, 0xb7, 0x00, 0x94, 0x48, 0x7f, 0xa8, 0x00,
  0x00, 0x00, 0x41, 0x48, 0x00, 0x00, 0x51, 0x6e, 0x00, 0x00, 0x41, 0x6e,
  0x00, 0xb7, 0x00, 0x00, 0x63, 0x00, 0x59, 0x41, 0xb0, 0x00, 0x51, 0x59,
  0xbf, 0x9f, 0x00, 0x00, 0x3a, 0x48, 0xb7, 0x00, 0xa8, 0x3a, 0x00, 0x51,
  0x00, 0x00, 0xa8, 0x00, 0x59, 0x00, 0x00, 0x00, 0x00, 0x63, 0x9f, 0x00,
  0x00, 0x00, 0x00, 0xa8, 0x48, 0x00, 0x59, 0xb7, 0x6e, 0x9f, 0xb7, 0x48,
  0xb7, 0x00, 0x00, 0x00, 0x7f, 0x00, 0x00, 0x00, 0x00, 0x00, 0x00, 0x00,
  0x00, 0x00, 0x00, 0x00, 0xa8, 0xb0, 0x00, 0x00, 0x00, 0x83, 0x48, 0x00,
  0x94, 0x6e, 0x00, 0x63, 0xa8, 0x00, 0xa8, 0x00, 0x00, 0x83, 0x00, 0x00,
  0x48, 0x94, 0x7f, 0x00, 0xbf, 0x63, 0xb7, 0x00, 0x63, 0xbf, 0xc6, 0x00,
  0x00, 0x00, 0x00, 0x94, 0x00, 0x94, 0x00, 0x00, 0x00, 0x00, 0x00, 0x00,
  0x00, 0x41, 0x00, 0xb7, 0x00, 0x41, 0x00, 0xbf, 0xb0, 0x00, 0x00, 0x3a,
  0x00, 0x00, 0x00, 0xbf, 0xc6, 0x41, 0x00, 0x3a, 0x83, 0x51, 0x00, 0xbf,
  0x00, 0x00, 0x6e, 0x9f, 0x00, 0x00, 0xae, 0x00, 0xc5, 0x00, 0x9d, 0x3b,
  0x00, 0x3b, 0x00, 0x00, 0x00, 0x00, 0x00, 0x00, 0x00, 0x42, 0xa6, 0xae,
  0x00, 0xb6, 0xc5, 0xc5, 0x9d, 0xb6, 0x00, 0x00, 0x00, 0x00, 0x00, 0x00,
  0x00, 0x00, 0x00, 0x5a, 0x00, 0xae, 0xae, 0xb6, 0x49, 0x00, 0x70, 0x00,
  0x00, 0x00, 0x00, 0x3b, 0x00, 0x00, 0x00, 0xae, 0x42, 0x00, 0xc5, 0xa6,
  0xbe, 0xc5, 0x52, 0x00, 0x00, 0x00, 0x81, 0x00, 0x41, 0x00, 0x7f, 0xc6,
  0x59, 0x3a, 0x00, 0x00, 0xc6, 0x00, 0x59, 0x00, 0x00, 0x63, 0x00, 0x00,
  0x00, 0x48, 0xc6, 0x00, 0x00, 0x6e, 0xb7, 0x00, 0xbf, 0xb0, 0xa8, 0x83,
  0x00, 0xbf, 0x9f, 0xb7, 0x6e, 0x00, 0x00, 0x00, 0x63, 0x63, 0x00, 0x00,
  0x00, 0x00, 0x00, 0x00, 0x00, 0x3a, 0x00, 0x63, 0x00, 0x00, 0x00, 0x00,
  0x00, 0x94, 0x00, 0x94, 0xb7, 0x00, 0x00, 0xa8, 0xbf, 0x00, 0x00, 0x63,
  0x67, 0xa3, 0x7f, 0x00, 0x00, 0x00, 0x00, 0x00, 0x00, 0x67, 0x84, 0xb5,
  0x9a, 0x00, 0x72, 0x00, 0x5d, 0x00, 0x00, 0x67, 0x72, 0x00, 0x00, 0x5d,
  0xa3, 0xac, 0x00, 0x00, 0x00, 0x9a, 0x00, 0x72, 0x00, 0x00, 0x00, 0x84,
  0x00, 0x00, 0x00, 0x72, 0x00, 0x00, 0xa3, 0x00, 0x9a, 0x72, 0x9a, 0xb5,
  0x53, 0x72, 0x00, 0xac, 0x00, 0x00, 0x72, 0xa3, 0x00, 0x00, 0x9a, 0xbd,
  0x90, 0x00, 0x7f, 0x00, 0x00, 0xae, 0x3b, 0xbe, 0x3b, 0x00, 0xae, 0x70,
  0x00, 0xbe, 0xbe, 0x00, 0xb6, 0x70, 0x52, 0x00, 0x00, 0x70, 0x5a, 0x00,
  0xbe, 0x52, 0x00, 0x52, 0xc5, 0x00, 0x64, 0xa6, 0x00, 0x00, 0x00, 0x00,
  0xc5, 0x3b, 0xb6, 0x00, 0x00, 0xae, 0x49, 0x00, 0x81, 0x49, 0xc5, 0x52,
  0x00, 0x42, 0x64, 0x42, 0x5a, 0x00, 0x3b, 0x92, 0x52, 0x00, 0x00, 0x5a,
  0x00, 0xc5, 0x92, 0x64, 0x00, 0xb6, 0x00, 0x00, 0x00, 0x00, 0x00, 0x00,
  0x00, 0xb5, 0x53, 0xac, 0x00, 0x9a, 0x00, 0x00, 0x53, 0x00, 0x00, 0x00,
  0x72, 0x00, 0x9a, 0xac, 0x43, 0x00, 0x84, 0x7f, 0x5d, 0xac, 0x00, 0x84,
  0x00, 0xac, 0x00, 0x00, 0x90, 0xb5, 0x72, 0x84, 0x00, 0x00, 0xa3, 0x90,
  0x00, 0x00, 0x00, 0xbd, 0x00, 0x00, 0x00, 0x00, 0x67, 0x00, 0x00, 0x00,
  0x90, 0xa3, 0x90, 0x00, 0x00, 0x00, 0xac, 0x00, 0x7f, 0xb5, 0x4b, 0x67,
  0xb7, 0xbf, 0xbf, 0x00, 0x51, 0xc6, 0x00, 0xbf, 0x48, 0x63, 0x00, 0x00,
  0xa8, 0x9f, 0xbf, 0x00, 0x59, 0x00, 0x7f, 0x00, 0x00, 0x00, 0x41, 0x00,
  0x00, 0xb0, 0x00, 0xa8, 0x3a, 0xb0, 0x59, 0x6e, 0x00, 0x6e, 0x41, 0x00,
  0x00, 0x00, 0x3a, 0x51, 0x94, 0x59, 0x00, 0x00, 0xbf, 0x48, 0x3a, 0x3a,
  0x00, 0x9f, 0x00, 0x94, 0x00, 0x00, 0x00, 0x00, 0x6e, 0x00, 0x00, 0x00,
  0xc6, 0x41, 0x9f, 0x6e, 0x52, 0x00, 0x00, 0xbe, 0x70, 0x00, 0x9d, 0x00,
  0x00, 0x00, 0x00, 0xbe, 0xb6, 0x00, 0x00, 0x00, 0x9d, 0x00, 0x49, 0x9d,
  0x70, 0x70, 0x00, 0x9d, 0x00, 0x00, 0x49, 0x00, 0xa6, 0x00, 0x00, 0xa6,
  0x9d, 0x00, 0x00, 0x00, 0x00, 0x00, 0x00, 0x3b, 0x00, 0xc5, 0x00, 0x00,
  0x00, 0x00, 0x00, 0xae, 0x00, 0x00, 0x00, 0x49, 0xb6, 0xb6, 0x64, 0xbe,
  0x81, 0x00, 0x00, 0x52, 0x00, 0x3b, 0x00, 0xb6, 0x43, 0x72, 0x5d, 0x00,
  0x90, 0x00, 0x00, 0x4b, 0x7f, 0x4b, 0x00, 0x00, 0x43, 0x5d, 0x00, 0x84,
  0x00, 0x00, 0x00, 0x00, 0x5d, 0x00, 0x00, 0x84, 0x53, 0x00, 0xb5, 0x00,
  0xbd, 0x00, 0x00, 0x00, 0x00, 0x90, 0x00, 0x00, 0xbd, 0xa3, 0x43, 0xbd,
  0x00, 0x5d, 0x67, 0x84, 0x72, 0x84, 0x4b, 0x9a, 0x00, 0x9a, 0x00, 0x7f,
  0x00, 0xa3, 0x00, 0xac, 0xb5, 0x4b, 0x53, 0x00, 0x9a, 0x00, 0xbd, 0x43,
  0x3b, 0x00, 0xae, 0x00, 0x00, 0x00, 0xa6, 0x64, 0xc5, 0xbe, 0x00, 0x00,
  0x92, 0xc5, 0x49, 0x00, 0x00, 0x00, 0x00, 0x3b, 0x00, 0x42, 0xa6, 0x00,
  0xc5, 0x00, 0x00, 0x81, 0xc5, 0x00, 0x49, 0x9d, 0x9d, 0x3b, 0x00, 0x00,
  0x00, 0xae, 0xb6, 0x00, 0x00, 0x3b, 0x00, 0xa6, 0xb6, 0xc5, 0x00, 0xb6,
  0x00, 0x00, 0xc5, 0x00, 0x00, 0x00, 0x00, 0x00, 0xc5, 0x92, 0x00, 0xa6,
  0x9d, 0x00, 0x5a, 0x00, 0xc5, 0x00, 0x5a, 0x00, 0x00, 0x64, 0x49, 0xae,
  0x00, 0x00, 0x64, 0x00, 0x00, 0x64, 0x00, 0x00, 0x00, 0x9d, 0x00, 0x00,
  0x00, 0xbe, 0x00, 0x5a, 0x64, 0x3b, 0x00, 0x81, 0xb6, 0xae, 0x00, 0x3b,
  0xc5, 0xbe, 0x00, 0x00, 0xa6, 0x00, 0x3b, 0xc5, 0x42, 0x00, 0xb6, 0x9d,
  0x49, 0x00, 0x00, 0x00, 0x00, 0x00, 0x3b, 0x9d, 0x64, 0xb6, 0x00, 0x70,
  0x3b, 0x00, 0x00, 0x00, 0x52, 0x64, 0x00, 0xae, 0x00, 0x5f, 0x00, 0x5f,
  0x00, 0x00, 0x00, 0x4c, 0x8d, 0xa1, 0x8d, 0xb4, 0x00, 0x69, 0x00, 0x00,
  0x00, 0x81, 0x00, 0xa1, 0x00, 0x00, 0x00, 0x00, 0x00, 0xb4, 0x00, 0x00,
  0x00, 0x69, 0x81, 0xa1, 0x00, 0x00, 0x00, 0x00, 0x00, 0x00, 0x97, 0x00,
  0x00, 0x00, 0x97, 0x5f, 0x69, 0x00, 0x74, 0x00, 0x8d, 0x00, 0x00, 0x00,
  0x00, 0x00, 0x81, 0x81, 0x00, 0x00, 0x00, 0x81, 0x81, 0x00, 0x00, 0x5f,
  0x00, 0x00, 0x00, 0x00, 0x5d, 0x00, 0x00, 0x00, 0x90, 0x5d, 0xa3, 0x5d,
  0x00, 0xa3, 0xbd, 0x00, 0x9a, 0x00, 0x00, 0x90, 0x00, 0x67, 0x84, 0x00,
  0x00, 0xbd, 0x67, 0xa3, 0x00, 0x00, 0x4b, 0x00, 0x00, 0x00, 0xa3, 0x00,
  0x90, 0x00, 0x00, 0x00, 0x00, 0x9a, 0x00, 0x00, 0x5d, 0x90, 0x9a, 0x9a,
  0xbd, 0x7f, 0x67, 0x00, 0x00, 0x43, 0x00, 0xac, 0x72, 0x00, 0xbd, 0x72,
  0x5d, 0x00, 0x7f, 0x72, 0x00, 0x5d, 0x9a, 0xac, 0x67, 0xac, 0x00, 0x90,
  0x00, 0x67, 0x00, 0x00, 0x9a, 0x00, 0x00, 0x00, 0x53, 0x00, 0xac, 0x67,
  0x00, 0x00, 0x72, 0x90, 0x00, 0x00, 0x00, 0x00, 0x00, 0x00, 0x00, 0x72,
  0xbd, 0x00, 0x00, 0x00, 0x72, 0x00, 0x4b, 0x90, 0x00, 0x84, 0x72, 0x00,
  0x7f, 0x90, 0x5d, 0x00, 0x00, 0xac, 0xb5, 0x00, 0x00, 0x00, 0xac, 0xa3,
  0x9a, 0xa3, 0x00, 0xac, 0x00, 0x5d, 0x67, 0x84, 0x00, 0x00, 0x41, 0x00,
  0xbf, 0x51, 0x63, 0xb0, 0x00, 0x51, 0x59, 0x59, 0x00, 0x00, 0x00, 0x00,
  0x6e, 0xa8, 0x94, 0x00, 0x00, 0x3a, 0x7f, 0x00, 0x00, 0x00, 0xb0, 0x3a,
  0x00, 0x9f, 0xb0, 0x00, 0x00, 0x3a, 0x00, 0x63, 0xc6, 0x00, 0x00, 0x00,
  0xbf, 0x63, 0x48, 0xbf, 0x41, 0xb7, 0x00, 0x63, 0xbf, 0x00, 0x00, 0x51,
  0x00, 0x00, 0x9f, 0x9f, 0x6e, 0x63, 0x00, 0x00, 0x00, 0x00, 0x83, 0x00,
  0x00, 0x00, 0x00, 0x00, 0x00, 0x43, 0x00, 0x72, 0x00, 0x00, 0x00, 0x00,
  0x53, 0x00, 0x00, 0x00, 0x00, 0x00, 0x67, 0x67, 0x00, 0x72, 0xbd, 0x9a,
  0x67, 0x84, 0x9a, 0x00, 0xb5, 0x00, 0x00, 0x67, 0x00, 0xb5, 0x4b, 0x00,
  0xa3, 0x00, 0x7f, 0x00, 0x9a, 0x00, 0x00, 0xbd, 0xb5, 0x00, 0x00, 0x00,
  0x9a, 0x00, 0x43, 0x90, 0xbd, 0x9a, 0x00, 0x00, 0xb5, 0x90, 0xbd, 0x00,
  0x00, 0x84, 0x67, 0x00, 0x43, 0x00, 0xa3, 0x84, 0xbd, 0x43, 0x00, 0x00,
  0x4b, 0x5d, 0x5d, 0xa3, 0x53, 0x67, 0x53, 0x00, 0xb5, 0x00, 0x00, 0xa3,
  0x00, 0x00, 0x00, 0x00, 0x00, 0x00, 0xa3, 0x84, 0xbd, 0x00, 0x00, 0x43,
  0x00, 0x53, 0x9a, 0x00, 0x7f, 0x00, 0x00, 0x00, 0x00, 0xac, 0x67, 0x00,
  0x9a, 0x00, 0xb5, 0x43, 0x00, 0x67, 0x5d, 0x00, 0x00, 0x84, 0x00, 0x67,
  0x72, 0x90, 0x00, 0x00, 0x7f, 0x00, 0x00, 0xbd, 0x5f, 0x00, 0xa1, 0x00,
  0x00, 0x00, 0xa1, 0x00, 0x74, 0x00, 0x00, 0x55, 0x8e, 0x00, 0xb4, 0xab,
  0x74, 0x74, 0x00, 0x00, 0x5f, 0x5f, 0x00, 0x00, 0x00, 0x00, 0xb4, 0x44,
  0xbc, 0x00, 0x81, 0x00, 0x00, 0x55, 0x00, 0x00, 0x00, 0x00, 0x8e, 0x74,
  0x00, 0x44, 0x98, 0xab, 0x00, 0x69, 0x00, 0x00, 0xb4, 0x00, 0x00, 0x00,
  0x00, 0x81, 0x00, 0xb4, 0xbc, 0xab, 0x44, 0xab, 0x55, 0x44, 0x00, 0x81,
  0x48, 0xa8, 0x00, 0x00, 0x00, 0xc6, 0x00, 0x00, 0x00, 0xb0, 0x3a, 0x00,
  0x51, 0x7f, 0x00, 0xc6, 0x9f, 0x59, 0xb7, 0x94, 0xbf, 0xa8, 0x00, 0xa8,
  0x00, 0x00, 0x3a, 0x41, 0x00, 0x48, 0x00, 0x3a, 0x41, 0xb7, 0x00, 0x00,
  0x48, 0x00, 0x00, 0x00, 0x00, 0x00, 0x00, 0x63, 0x00, 0x00, 0x00, 0xb7,
  0x6e, 0x00, 0x59, 0x48, 0x00, 0x00, 0x3a, 0x94, 0x00, 0x00, 0x59, 0xb0,
  0x00, 0xbf, 0x00, 0x51, 0x00, 0x00, 0x00, 0x3b, 0xb6, 0x42, 0x00, 0x00,
  0x64, 0x00, 0x52, 0x00, 0x00, 0x00, 0x64, 0x00, 0xc5, 0x00, 0x42, 0x00,
  0x00, 0x00, 0x00, 0xbe, 0xae, 0xbe, 0x52, 0x42, 0x9d, 0xbe, 0x81, 0x5a,
  0x3b, 0xc5, 0x00, 0xb6, 0x00, 0x00, 0x00, 0x00, 0x00, 0xc5, 0x70, 0x00,
  0x00, 0x00, 0x00, 0x00, 0xa6, 0x92, 0x92, 0x00, 0x00, 0x3b, 0x00, 0x00,
  0x00, 0x92, 0x00, 0x9d, 0x00, 0x64, 0x5a, 0x64, 0x59, 0xb0, 0x00, 0xc6,
  0x94, 0x63, 0x3a, 0x9f, 0x3a, 0x48, 0x00, 0xb7, 0x00, 0x00, 0x00, 0x48,
  0x51, 0xa8, 0x00, 0x9f, 0x00, 0x00, 0x51, 0x00, 0xb7, 0x94, 0x59, 0x00,
  0xa8, 0x00, 0x7f, 0x00, 0x48, 0xb7, 0x6e, 0x00, 0x94, 0x00, 0x3a, 0x00,
  0x00, 0x00, 0x00, 0x7f, 0x3a, 0x00, 0x48, 0x00, 0x6e, 0x3a, 0x00, 0x6e,
  0x00, 0x51, 0x00, 0x3a, 0xbf, 0x00, 0x59, 0x59, 0x83, 0x59, 0x83, 0x6e,
  0x00, 0x00, 0x3a, 0x59, 0x9f, 0xc6, 0x00, 0x9f, 0x00, 0x6e, 0xb7, 0xb0,
  0x00, 0x94, 0x00, 0x83, 0x00, 0x00, 0xc6, 0x00, 0xbf, 0x63, 0x59, 0x41,
  0x00, 0x00, 0x00, 0x00, 0x3a, 0x59, 0x00, 0x00, 0xa8, 0x00, 0x00, 0x00,
  0x00, 0x51, 0x00, 0x00, 0x63, 0xb7, 0x00, 0x00, 0x00, 0x94, 0x00, 0x00,
  0xbf, 0x00, 0x00, 0x00, 0x7f, 0x00, 0x59, 0xbf, 0x00, 0xc6, 0x00, 0x00,
  0x00, 0x00, 0x00, 0x00, 0xa3, 0x00, 0x90, 0xbd, 0x7f, 0x00, 0x72, 0xac,
  0x43, 0x9a, 0x00, 0xbd, 0xbd, 0x9a, 0x84, 0x00, 0x43, 0x00, 0xa3, 0x43,
  0x90, 0x5d, 0x00, 0x00, 0x00, 0x72, 0x00, 0x67, 0x4b, 0xbd, 0x67, 0x00,
  0xa3, 0x00, 0x90, 0x67, 0x00, 0x00, 0xb5, 0x7f, 0x43, 0x00, 0x00, 0x00,
  0x00, 0x00, 0x84, 0x00, 0x00, 0xa3, 0x00, 0x00, 0x7f, 0x00, 0x00, 0x67,
  0x00, 0xac, 0xb5, 0xac, 0x00, 0xbd, 0x00, 0x00, 0x9d, 0x00, 0xa6, 0xae,
  0x00, 0x3b, 0x3b, 0x64, 0x00, 0x00, 0x00, 0x3b, 0x00, 0x00, 0x81, 0xb6,
  0x52, 0x00, 0x5a, 0x00, 0x00, 0x00, 0x5a, 0x00, 0x00, 0x00, 0x00, 0x00,
  0x9d, 0x70, 0x00, 0x49, 0x00, 0x49, 0xc5, 0x3b, 0xa6, 0x92, 0x00, 0xa6,
  0x00, 0x00, 0x52, 0x9d, 0x00, 0x00, 0x00, 0x00, 0x3b, 0x00, 0xc5, 0x00,
  0xae, 0x64, 0x00, 0xc5, 0x00, 0x00, 0xbe, 0x00, 0x00, 0x00, 0x00, 0x42,
  0x00, 0x00, 0x00, 0x00, 0xc6, 0xc6, 0xb0, 0x00, 0xb7, 0x48, 0x51, 0x63,
  0x00, 0x63, 0x00, 0x00, 0x00, 0x3a, 0x00, 0x7f, 0x00, 0x00, 0xb7, 0x00,
  0x00, 0x48, 0x48, 0x00, 0x41, 0x48, 0x00, 0x00, 0x00, 0xc6, 0x00, 0x59,
  0x00, 0xa8, 0x51, 0x00, 0x00, 0x48, 0xb0, 0x00, 0x00, 0x00, 0x00, 0x00,
  0xc6, 0xb7, 0x48, 0x41, 0x00, 0x00, 0x63, 0x9f, 0x00, 0x00, 0x59, 0xa8,
  0x3a, 0x00, 0x00, 0xbf, 0x00, 0x7f, 0x00, 0xbd, 0x72, 0x00, 0xac, 0xbd,
  0x4b, 0x00, 0xb5, 0x00, 0x00, 0x00, 0x00, 0xac, 0x00, 0x00, 0x84, 0x00,
  0x00, 0x00, 0x00, 0x5d, 0xac, 0x00, 0x00, 0x67, 0x00, 0x00, 0x5d, 0xac,
  0x4b, 0x00, 0x53, 0x00, 0x00, 0x00, 0x00, 0x43, 0x84, 0xb5, 0x00, 0x84,
  0x00, 0xb5, 0x7f, 0x00, 0x7f, 0x90, 0x9a, 0x4b, 0x00, 0x00, 0x00, 0x90,
  0x00, 0x84, 0x00, 0xa3, 0x00, 0x00, 0x00, 0x00, 0x67, 0x00, 0x4b, 0x00,
  0x72, 0x00, 0x00, 0x72, 0x72, 0x00, 0xb5, 0x00, 0xbd, 0xa3, 0x00, 0x00,
  0x00, 0x00, 0x00, 0x00, 0x00, 0x4b, 0x00, 0x00, 0x00, 0x9a, 0x9a, 0x90,
  0x5d, 0x9a, 0x00, 0x9a, 0x00, 0x00, 0x00, 0x00, 0x90, 0x00, 0xac, 0x5d,
  0x4b, 0x00, 0x00, 0x4b, 0x00, 0x00, 0x4b, 0x84, 0x00, 0x00, 0x72, 0x00,
  0x00, 0x00, 0x67, 0x00, 0x7f, 0x00, 0x00, 0x00, 0x90, 0xb5, 0x72, 0x00,
  0x00, 0x5d, 0x7f, 0xa3, 0xa3, 0x90, 0xb5, 0xac, 0x67, 0x00, 0x00, 0xb5,
  0x00, 0x00, 0x00, 0x00, 0xac, 0x00, 0x90, 0x67, 0x00, 0x00, 0x00, 0x90,
  0x00, 0x67, 0x00, 0xa3, 0x43, 0x00, 0x00, 0x00, 0x90, 0x00, 0x5d, 0x5d,
  0x00, 0x84, 0x67, 0x00, 0x00, 0x00, 0x00, 0x00, 0x00, 0x00, 0x67, 0x00,
  0x4b, 0x7f, 0x43, 0x00, 0x00, 0x67, 0x00, 0x00, 0x72, 0x00, 0x5d, 0x00,
  0x00, 0x00, 0x90, 0x4b, 0x00, 0x00, 0x00, 0x72, 0xac, 0xb5, 0x43, 0x00,
  0x43, 0x00, 0x00, 0xac, 0xac, 0x00, 0x00, 0x00, 0x67, 0x00, 0x00, 0x4b,
  0x72, 0xac, 0x00, 0x90, 0x5d, 0x5d, 0x5d, 0x9a, 0x72, 0x00, 0x90, 0x00,
  0x67, 0x9a, 0xbd, 0x00, 0x5d, 0xa3, 0x00, 0x4b, 0x7f, 0x00, 0xa3, 0x90,
  0x00, 0x67, 0x00, 0x5d, 0x00, 0x72, 0x00, 0x7f, 0xbd, 0x00, 0xac, 0x5d,
  0xac, 0x53, 0x7f, 0x43, 0x00, 0x9a, 0x00, 0x00, 0x00, 0x55, 0x5f, 0x44,
  0x00, 0x00, 0x00, 0xa1, 0x00, 0x00, 0x69, 0x55, 0xab, 0x00, 0x69, 0x00,
  0x00, 0x5f, 0x8e, 0xbc, 0x8e, 0xa1, 0xab, 0x00, 0x00, 0x74, 0x00, 0xa1,
  0x00, 0xa1, 0x00, 0xb4, 0x00, 0x00, 0x74, 0xbc, 0x00, 0x00, 0x81, 0x00,
  0x00, 0x00, 0xab, 0xab, 0x44, 0x8e, 0x00, 0x00, 0x00, 0x00, 0x00, 0x81,
  0x44, 0xb4, 0xbc, 0xab, 0x5f, 0x00, 0x00, 0xbc, 0x00, 0x00, 0x00, 0x00,
  0x00, 0xbe, 0x00, 0x52, 0x52, 0x00, 0xbe, 0x00, 0x00, 0x00, 0x00, 0x00,
  0x00, 0x00, 0x5a, 0x00, 0xbe, 0x64, 0x00, 0xbe, 0x64, 0x64, 0x5a, 0x64,
  0x64, 0x00, 0x9d, 0xa6, 0x00, 0x52, 0xb6, 0x3b, 0x00, 0x49, 0x81, 0x9d,
  0x00, 0x00, 0x00, 0x92, 0x00, 0x42, 0x00, 0x00, 0x81, 0x49, 0x00, 0x00,
  0x9d, 0xc5, 0x3b, 0xb6, 0x52, 0x00, 0x64, 0x00, 0x00, 0x00, 0x00, 0x00,
  0x00, 0x00, 0x52, 0x00, 0x00, 0x00, 0xb7, 0x9f, 0x00, 0xb0, 0x00, 0x00,
  0x00, 0x00, 0x00, 0xbf, 0x59, 0x59, 0x59, 0x9f, 0x00, 0xb0, 0x83, 0x00,
  0x7f, 0x6e, 0x00, 0x6e, 0x00, 0x6e, 0x3a, 0xbf, 0x00, 0x00, 0x00, 0x00,
  0x00, 0xb7, 0x00, 0x00, 0x00, 0xbf, 0x00, 0x00, 0x00, 0x6e, 0xc6, 0x51,
  0xc6, 0xa8, 0x00, 0x00, 0x3a, 0x48, 0x00, 0x00, 0x00, 0xbf, 0x00, 0x00,
  0x00, 0x00, 0x51, 0x00, 0x00, 0x48, 0x6e, 0xc6, 0x00, 0xac, 0x00, 0x00,
  0xa3, 0x9a, 0x00, 0x72, 0x00, 0x7f, 0x67, 0x00, 0x00, 0x00, 0x4b, 0x67,
  0x00, 0x00, 0x00, 0x00, 0xb5, 0x72, 0x00, 0x84, 0x43, 0xa3, 0x00, 0x00,
  0xa3, 0x00, 0x4b, 0x00, 0x84, 0x00, 0x00, 0x00, 0x00, 0x00, 0x00, 0x90,
  0x00, 0x5d, 0x00, 0x00, 0x00, 0x90, 0x00, 0x00, 0x43, 0x00, 0x84, 0x00,
  0x00, 0x72, 0x00, 0xb5, 0x00, 0x5d, 0x00, 0x00, 0x4b, 0x72, 0x00, 0x00,
  0x00, 0x7f, 0x72, 0x67, 0x00, 0x00, 0x00, 0x00, 0x7f, 0x67, 0x00, 0xac,
  0x4b, 0x00, 0x00, 0x90, 0x00, 0x00, 0x00, 0x00, 0x72, 0xac, 0x90, 0x00,
  0x90, 0x00, 0xbd, 0xb5, 0x00, 0x00, 0x84, 0x53, 0x5d, 0x84, 0xbd, 0x4b,
  0x00, 0x00, 0x00, 0xb5, 0x00, 0x00, 0xbd, 0x00, 0xbd, 0x00, 0xa3, 0x00,
  0x00, 0x00, 0x00, 0x84, 0x00, 0x00, 0x00, 0x9a, 0x00, 0x67, 0x00, 0x00,
  0xbd, 0x84, 0x5d, 0x00, 0x64, 0xbe, 0xbe, 0x00, 0x00, 0x92, 0x00, 0x00,
  0x00, 0x70, 0x5a, 0x64, 0x70, 0x9d, 0x42, 0x00, 0xbe, 0x00, 0x3b, 0x00,
  0x3b, 0x9d, 0x9d, 0x64, 0xa6, 0x3b, 0x9d, 0x52, 0x00, 0x81, 0x00, 0xbe,
  0x00, 0x00, 0x52, 0xb6, 0x52, 0xae, 0x00, 0x9d, 0xc5, 0x00, 0xc5, 0x00,
  0x92, 0xbe, 0xae, 0xa6, 0x00, 0x00, 0xc5, 0x9d, 0x00, 0xc5, 0x64, 0x9d,
  0x00, 0x00, 0x00, 0xc5, 0x9d, 0x00, 0x5a, 0x00, 0x00, 0xbe, 0xae, 0xb6,
  0x00, 0x00, 0x64, 0x00, 0xae, 0xc5, 0x49, 0x00, 0x00, 0x00, 0x70, 0x00,
  0x00, 0x49, 0x00, 0x64, 0x00, 0xc5, 0x52, 0xae, 0x42, 0x00, 0x00, 0x5a,
  0x9d, 0x00, 0xc5, 0x00, 0x00, 0x5a, 0x00, 0x42, 0x00, 0x42, 0xa6, 0x00,
  0x92, 0x00, 0x00, 0x00, 0x00, 0x00, 0x42, 0x64, 0x64, 0x64, 0xae, 0x9d,
  0x5a, 0x3b, 0x00, 0x00, 0x64, 0x3b, 0x5a, 0x00, 0x00, 0x5a, 0x81, 0xae,
  0x00, 0x00, 0x00, 0x8e, 0x00, 0x00, 0x00, 0x00, 0x74, 0x00, 0xa1, 0xb4,
  0x00, 0x00, 0x69, 0x00, 0x00, 0x00, 0x4d, 0x00, 0xbc, 0x00, 0x81, 0x4d,
  0x00, 0x81, 0x74, 0x00, 0x00, 0xb4, 0x00, 0x98, 0x00, 0x98, 0x00, 0x8e,
  0x00, 0x00, 0xb4, 0x44, 0x00, 0x00, 0x00, 0x69, 0x00, 0x69, 0x00, 0x98,
  0xbc, 0x4d, 0x00, 0x8e, 0x00, 0x98, 0x00, 0x8e, 0x00, 0x00, 0x5f, 0x00,
  0x00, 0x00, 0xbc, 0x00, 0x00, 0x00, 0x00, 0xa6, 0x00, 0x5a, 0xbe, 0xb6,
  0x49, 0x00, 0x64, 0x00, 0x5a, 0x00, 0xbe, 0x00, 0x52, 0x5a, 0xbe, 0x00,
  0xb6, 0x81, 0x5a, 0x00, 0x64, 0x00, 0xc5, 0x3b, 0x64, 0x52, 0x00, 0x00,
  0x00, 0x00, 0x70, 0x00, 0x00, 0x42, 0x00, 0x3b, 0x00, 0x00, 0x5a, 0x5a,
  0x00, 0xc5, 0xb6, 0x00, 0x42, 0xae, 0x00, 0x00, 0x00, 0x00, 0xb6, 0x00,
  0x00, 0x49, 0x49, 0xb6, 0x00, 0x00, 0x42, 0x00, 0x00, 0x00, 0xa3, 0x00,
  0x00, 0x00, 0x00, 0x67, 0xa3, 0xbd, 0x00, 0x72, 0x4b, 0x00, 0x53, 0x00,
  0x67, 0x00, 0x00, 0x00, 0x84, 0x00, 0x67, 0xb5, 0x00, 0x00, 0x00, 0x00,
  0x00, 0x00, 0x00, 0x90, 0x00, 0x4b, 0x7f, 0x5d, 0x00, 0x00, 0x00, 0x00,
  0x43, 0x00, 0xbd, 0xbd, 0x67, 0x00, 0x00, 0xb5, 0x67, 0x00, 0x00, 0x00,
  0x00, 0xac, 0x00, 0x00, 0x00, 0x00, 0x00, 0x00, 0x90, 0x00, 0x00, 0x00,
  0x51, 0x63, 0x00, 0x00, 0x00, 0x00, 0x9f, 0x00, 0x00, 0xa8, 0xa8, 0xa8,
  0x48, 0xb0, 0x00, 0x00, 0x00, 0x94, 0xc6, 0x63, 0x00, 0xb0, 0xb7, 0x41,
  0x41, 0x00, 0x7f, 0x00, 0x00, 0x51, 0x00, 0x00, 0x00, 0x00, 0x00, 0x00,
  0xb0, 0x00, 0xc6, 0xb0, 0x00, 0x00, 0x00, 0x00, 0x6e, 0x59, 0x00, 0x00,
  0x00, 0x00, 0x83, 0x48, 0x00, 0x00, 0x48, 0xb7, 0x00, 0x00, 0x00, 0x00,
  0x00, 0x00, 0xc6, 0xa8, 0x00, 0xbc, 0x74, 0x00, 0x00, 0x55, 0x00, 0x00,
  0x00, 0x5f, 0x00, 0xab, 0xbc, 0x00, 0x00, 0x55, 0x00, 0xbc, 0x69, 0x55,
  0x00, 0x81, 0x00, 0x00, 0x55, 0x00, 0x00, 0x98, 0x69, 0x55, 0x00, 0xbc,
  0x00, 0x00, 0x00, 0xa1, 0x4d, 0x81, 0xa1, 0x55, 0x00, 0x55, 0x00, 0xbc,
  0x00, 0xab, 0x00, 0x4d, 0x00, 0x00, 0x00, 0x00, 0x00, 0x00, 0x00, 0x5f,
  0x98, 0x4d, 0x98, 0x00, 0x00, 0xab, 0x00, 0x81, 0x7f, 0xac, 0x4b, 0xac,
  0x00, 0x00, 0x72, 0x4b, 0x7f, 0x00, 0xbd, 0x00, 0x4b, 0x43, 0x00, 0x5d,
  0xac, 0x00, 0xbd, 0x00, 0xb5, 0x00, 0x00, 0x00, 0xac, 0xbd, 0x9a, 0x84,
  0x9a, 0x53, 0x5d, 0x00, 0xac, 0x53, 0xac, 0x72, 0x00, 0x00, 0x00, 0xbd,
  0x00, 0xa3, 0x67, 0xb5, 0x00, 0x00, 0xbd, 0xb5, 0x7f, 0x5d, 0x00, 0x67,
  0x9a, 0xb5, 0x43, 0x00, 0x00, 0x00, 0x00, 0x9a, 0x00, 0x72, 0x4b, 0x00,
  0x7f, 0x84, 0x72, 0x00, 0x00, 0x00, 0x00, 0xbd, 0x9a, 0xbd, 0x5d, 0x00,
  0x00, 0x84, 0x00, 0x00, 0xac, 0x84, 0xb5, 0x00, 0x43, 0x00, 0x9a, 0x00,
  0x5d, 0x00, 0x00, 0xbd, 0x43, 0x90, 0xac, 0x00, 0x00, 0x00, 0x00, 0x00,
  0x5d, 0x43, 0xbd, 0x5d, 0x43, 0x9a, 0x00, 0x84, 0xac, 0x00, 0x72, 0x00,
  0x67, 0x00, 0x00, 0x00, 0x00, 0x00, 0xa3, 0x00, 0x00, 0x00, 0x5d, 0x00,
  0xb5, 0x67, 0x00, 0x84, 0xac, 0x90, 0x00, 0x00, 0x00, 0x00, 0x72, 0xbd,
  0x72, 0x00, 0x00, 0x00, 0x00, 0x00, 0x67, 0x00, 0x9a, 0x00, 0x00, 0xb5,
  0x00, 0x67, 0x00, 0x43, 0x00, 0x00, 0xa3, 0x00, 0x00, 0xbd, 0xa3, 0x90,
  0x00, 0x4b, 0x00, 0x00, 0x00, 0x00, 0x00, 0x00, 0x00, 0x84, 0x00, 0xbd,
  0xbd, 0x00, 0xb5, 0x43, 0x72, 0x43, 0xa3, 0x00, 0x53, 0x00, 0x7f, 0x9a,
  0x00, 0xa3, 0x00, 0x00, 0x00, 0x00, 0x5d, 0x72, 0x67, 0x84, 0x4b, 0x43,
  0x00, 0x4b, 0x00, 0xac, 0xa3, 0x00, 0x4b, 0x00, 0x00, 0x00, 0x9a, 0x53,
  0x00, 0x00, 0x00, 0x72, 0x00, 0x67, 0x00, 0x00, 0xbd, 0x00, 0x9a, 0x9a,
  0x00, 0x00, 0x00, 0xbd, 0x00, 0x00, 0x67, 0x00, 0x00, 0x43, 0xb5, 0x00,
  0x00, 0x00, 0xb5, 0x00, 0x00, 0x84, 0xac, 0x00, 0x00, 0x84, 0x53, 0x84,
  0xb5, 0x00, 0xbd, 0xb5, 0xa3, 0x90, 0x9a, 0x90, 0x7f, 0x00, 0x00, 0x84,
  0x6e, 0x83, 0xc6, 0x48, 0x00, 0x00, 0xa8, 0x7f, 0x00, 0x94, 0x48, 0x00,
  0xb0, 0x00, 0x00, 0x00, 0xb0, 0xb7, 0x3a, 0x3a, 0x00, 0x00, 0x00, 0x00,
  0x7f, 0x00, 0x59, 0x00, 0x00, 0x00, 0x94, 0x00, 0x6e, 0x00, 0x3a, 0x51,
  0x00, 0x00, 0x00, 0x51, 0x00, 0x59, 0x63, 0x59, 0x9f, 0x41, 0x9f, 0x00,
  0x00, 0xa8, 0x00, 0x00, 0x83, 0x00, 0x59, 0x00, 0x00, 0xb7, 0x59, 0x00,
  0x00, 0x9f, 0x00, 0x00, 0xae, 0x00, 0x42, 0x00, 0x49, 0xbe, 0x00, 0x00,
  0x00, 0x00, 0x00, 0xae, 0x9d, 0x00, 0x00, 0x52, 0x42, 0x00, 0x00, 0x00,
  0x3b, 0x00, 0x5a, 0x00, 0x00, 0x00, 0x00, 0xae, 0x00, 0x00, 0xbe, 0xae,
  0x00, 0x92, 0x00, 0x00, 0x00, 0x49, 0xb6, 0xbe, 0xb6, 0x00, 0x64, 0xa6,
  0xc5, 0xae, 0x9d, 0x00, 0x00, 0x00, 0x00, 0xae, 0x9d, 0x42, 0x00, 0x00,
  0x64, 0xae, 0x49, 0x5a, 0x00, 0x5a, 0x81, 0xc5, 0xbf, 0xb0, 0x00, 0x48,
  0xb7, 0x00, 0x00, 0xb0, 0x63, 0x00, 0x00, 0x00, 0x00, 0x00, 0x00, 0xc6,
  0xc6, 0xa8, 0x3a, 0x00, 0xc6, 0x9f, 0x00, 0xb7, 0x3a, 0x00, 0x00, 0x00,
  0x00, 0x63, 0x00, 0xc6, 0x00, 0x48, 0x51, 0x48, 0x00, 0x3a, 0xbf, 0x59,
  0x00, 0x00, 0x63, 0x9f, 0x48, 0x00, 0x00, 0x9f, 0x00, 0x00, 0x00, 0x00,
  0x00, 0x00, 0xc6, 0xa8, 0x00, 0x59, 0x00, 0x7f, 0x00, 0x00, 0x00, 0x3a,
  0x5d, 0x00, 0x90, 0x43, 0xb5, 0x84, 0xbd, 0x00, 0x00, 0x00, 0xbd, 0xb5,
  0x9a, 0x90, 0x72, 0x5d, 0x84, 0x7f, 0x00, 0x90, 0x00, 0x00, 0x5d, 0x00,
  0x00, 0x00, 0x00, 0x00, 0x00, 0x43, 0xbd, 0x00, 0xb5, 0xa3, 0x7f, 0xa3,
  0x00, 0x00, 0x53, 0xbd, 0x00, 0x67, 0x00, 0x00, 0x67, 0x00, 0x00, 0x4b,
  0x00, 0x00, 0x00, 0x5d, 0x00, 0x90, 0x00, 0xa3, 0x00, 0xac, 0x84, 0x00,
  0xb5, 0x00, 0xa3, 0x00, 0xae, 0x3b, 0x70, 0x00, 0x00, 0x00, 0x00, 0x5a,
  0x00, 0xae, 0x9d, 0x42, 0x5a, 0x00, 0x00, 0x00, 0x00, 0x00, 0x00, 0x64,
  0x49, 0x00, 0x00, 0x00, 0x00, 0x00, 0x64, 0x64, 0x00, 0x42, 0x00, 0xb6,
  0x00, 0x5a, 0x00, 0x9d, 0x64, 0x81, 0x49, 0x00, 0x42, 0x00, 0x00, 0x5a,
  0x00, 0x42, 0x00, 0x52, 0xae, 0x70, 0x00, 0xa6, 0x9d, 0x00, 0x00, 0x00,
  0x00, 0x00, 0x00, 0x92, 0xae, 0x3b, 0x9d, 0x49, 0x00, 0x63, 0xb0, 0x00,
  0x00, 0x59, 0x00, 0x00, 0xb0, 0x9f, 0x48, 0x00, 0x94, 0x48, 0x7f, 0x59,
  0xbf, 0x00, 0x00, 0x00, 0x63, 0xbf, 0xbf, 0x3a, 0xa8, 0x00, 0x00, 0xa8,
  0xbf, 0x3a, 0xc6, 0x00, 0xbf, 0xb0, 0x3a, 0x9f, 0x00, 0x00, 0xb0, 0x48,
  0x00, 0x00, 0x00, 0x94, 0x00, 0x00, 0x00, 0x00, 0xbf, 0x6e, 0xa8, 0x51,
  0x48, 0x94, 0x00, 0xb7, 0x00, 0x6e, 0x9f, 0x00, 0x00, 0x00, 0x00, 0x59,
  0x00, 0x00, 0x49, 0x00, 0xc5, 0x00, 0x00, 0x00, 0x5a, 0x00, 0x00, 0xae,
  0xbe, 0x00, 0x00, 0x00, 0x5a, 0xbe, 0x3b, 0x49, 0x00, 0xbe, 0x49, 0x00,
  0x92, 0xc5, 0x00, 0x92, 0x49, 0x00, 0x00, 0x00, 0x70, 0x52, 0xa6, 0x81,
  0xbe, 0x00, 0x00, 0x42, 0xa6, 0x00, 0x00, 0x92, 0x00, 0x00, 0x49, 0x9d,
  0x00, 0x9d, 0xc5, 0x00, 0x9d, 0xbe, 0x00, 0x00, 0x49, 0x00, 0x52, 0x9d,
  0x00, 0x9d, 0x00, 0x00, 0x00, 0x41, 0x3a, 0x00, 0x51, 0xb0, 0x7f, 0x00,
  0x00, 0x00, 0xc6, 0x00, 0x00, 0x00, 0x59, 0xa8, 0x94, 0x00, 0x00, 0x59,
  0x00, 0x51, 0x00, 0x51, 0x00, 0x00, 0x00, 0xb7, 0xa8, 0x00, 0x00, 0xa8,
  0x00, 0x51, 0x00, 0x00, 0x63, 0x00, 0x00, 0x00, 0xb7, 0x00, 0x41, 0xbf,
  0x00, 0x63, 0x00, 0x00, 0x41, 0x9f, 0x00, 0x00, 0x00, 0x00, 0x00, 0x00,
  0x00, 0x00, 0xa8, 0x00, 0x00, 0x00, 0xc6, 0xa8, 0x00, 0x63, 0xb7, 0x00,
  0x00, 0x00, 0x00, 0xc6, 0x51, 0x00, 0x00, 0x00, 0x83, 0x00, 0x00, 0x00,
  0x94, 0x00, 0x94, 0x00, 0x3a, 0x6e, 0xc6, 0x00, 0x3a, 0x6e, 0x41, 0x00,
  0xa8, 0x83, 0x00, 0x00, 0x00, 0x59, 0xbf, 0xb7, 0x94, 0x00, 0x83, 0x00,
  0xa8, 0x00, 0x94, 0x3a, 0x00, 0x00, 0x41, 0x00, 0x00, 0x7f, 0x41, 0x00,
  0xc6, 0x83, 0x9f, 0x00, 0x00, 0xc6, 0x00, 0x51, 0x00, 0x00, 0x00, 0xb7,
  0x59, 0x51, 0x00, 0x63, 0x59, 0x94, 0x00, 0x63, 0x00, 0x63, 0x7f, 0x94,
  0x51, 0x00, 0x00, 0x7f, 0x3a, 0xb0, 0x59, 0x59, 0xb0, 0x63, 0x3a, 0x48,
  0x00, 0x00, 0xb7, 0xbf, 0x00, 0x48, 0x48, 0x00, 0x00, 0x00, 0x63, 0x7f,
  0x00, 0x00, 0x00, 0x9f, 0x6e, 0x00, 0x00, 0x3a, 0x48, 0x41, 0x94, 0x48,
  0x00, 0x00, 0x00, 0x3a, 0x00, 0x51, 0x00, 0x00, 0x59, 0x3a, 0xb0, 0x00,
  0x00, 0x00, 0x00, 0x00, 0x00, 0x00, 0x63, 0x59, 0xb7, 0x00, 0xa8, 0x6e,
  0x00, 0x00, 0x00, 0x00, 0x00, 0xb7, 0x00, 0x00, 0xc6, 0x00, 0xb0, 0x6e,
  0x00, 0xa8, 0x00, 0xa8, 0x00, 0x00, 0x51, 0x00, 0xb7, 0x00, 0x00, 0x94,
  0x41, 0x51, 0x00, 0xb7, 0xc6, 0xa8, 0x6e, 0x41, 0x00, 0x00, 0xa8, 0x00,
  0x7f, 0x00, 0x00, 0x00, 0x00, 0x48, 0x00, 0x94, 0x00, 0x9f, 0x51, 0x00,
  0x48, 0xc6, 0x00, 0x00, 0x41, 0x48, 0x41, 0x00, 0x9f, 0x00, 0x00, 0x00,
  0xb7, 0x00, 0x9f, 0x00, 0x51, 0x00, 0x00, 0x7f, 0x9f, 0x9f, 0x00, 0x3a,
  0x83, 0xc6, 0xa8, 0x00, 0x00, 0x59, 0x00, 0x83, 0x00, 0x00, 0x00, 0x41,
  0x00, 0x51, 0x83, 0x00, 0x00, 0x63, 0xb7, 0x00, 0x48, 0x00, 0x00, 0x00,
  0x94, 0x00, 0x59, 0x00, 0x00, 0x6e, 0x7f, 0x00, 0x83, 0x7f, 0x00, 0x00,
  0x00, 0x00, 0x00, 0x00, 0x00, 0x00, 0x00, 0x00, 0x00, 0x00, 0x48, 0xa8,
  0x00, 0x00, 0xc5, 0x9d, 0x5a, 0xc5, 0x42, 0x00, 0xb6, 0x00, 0x00, 0x64,
  0xa6, 0xc5, 0x00, 0x00, 0xb6, 0xae, 0x42, 0x00, 0x00, 0x64, 0x00, 0x00,
  0x5a, 0xbe, 0x5a, 0xb6, 0xae, 0x3b, 0x00, 0x00, 0xbe, 0xa6, 0xc5, 0x00,
  0xc5, 0xbe, 0xb6, 0xb6, 0x00, 0xae, 0x00, 0x81, 0x00, 0x00, 0x64, 0x00,
  0x92, 0x00, 0x00, 0x3b, 0xc5, 0x00, 0xa6, 0x3b, 0x00, 0x92, 0x00, 0x00,
  0x00, 0xa6, 0x00, 0xae, 0x00, 0xbf, 0x59, 0x00, 0x00, 0x00, 0x00, 0x94,
  0x00, 0x00, 0xb0, 0x00, 0x83, 0x59, 0x00, 0x41, 0xc6, 0xbf, 0xb7, 0x00,
  0xbf, 0x00, 0xa8, 0x00, 0xb7, 0x00, 0x41, 0x00, 0x00, 0x7f, 0xb7, 0x00,
  0x00, 0x59, 0xbf, 0x00, 0x00, 0xbf, 0xb0, 0x00, 0x51, 0x00, 0x7f, 0x00,
  0x9f, 0x00, 0x59, 0xbf, 0x00, 0x3a, 0x00, 0x6e, 0x00, 0x48, 0xbf, 0x63,
  0x59, 0x6e, 0x00, 0xa8, 0x00, 0xb0, 0x00, 0x51, 0x52, 0xae, 0xb6, 0xc5,
  0xa6, 0xbe, 0x00, 0x00, 0x70, 0x5a, 0xb6, 0xb6, 0x5a, 0x00, 0x00, 0x00,
  0x92, 0x00, 0x00, 0x70, 0x00, 0x00, 0x00, 0x70, 0x9d, 0xb6, 0x00, 0x00,
  0x00, 0xbe, 0x52, 0x5a, 0x00, 0x9d, 0xb6, 0xc5, 0x00, 0x00, 0x00, 0x00,
  0x00, 0x00, 0x00, 0x00, 0x00, 0x52, 0x00, 0xb6, 0x00, 0x5a, 0x64, 0x00,
  0x3b, 0x00, 0x00, 0x5a, 0xae, 0x00, 0x00, 0x81, 0xae, 0x00, 0x00, 0x9d,
  0x00, 0x70, 0xbe, 0x00, 0x9d, 0x00, 0x00, 0x00, 0x00, 0xa6, 0x81, 0x00,
  0x00, 0x00, 0x00, 0x52, 0x00, 0x00, 0x00, 0xae, 0x00, 0x00, 0x00, 0x64,
  0xb6, 0x00, 0x00, 0x00, 0x00, 0x00, 0x00, 0x3b, 0x00, 0x92, 0xc5, 0x00,
  0xa6, 0x00, 0xb6, 0x00, 0xae, 0x00, 0xbe, 0xae, 0x00, 0x00, 0x00, 0x52,
  0x9d, 0x70, 0x52, 0x00, 0xa6, 0x00, 0x64, 0xbe, 0x9d, 0xbe, 0x00, 0x00,
  0x5a, 0xb6, 0xc5, 0x64, 0x00, 0x00, 0x84, 0x00, 0x00, 0x00, 0x00, 0xac,
  0x7f, 0x00, 0x00, 0x00, 0xac, 0xac, 0x00, 0x00, 0x4b, 0x67, 0x67, 0x43,
  0x4b, 0xac, 0x90, 0x72, 0x9a, 0x00, 0x00, 0x84, 0x00, 0xac, 0x00, 0xbd,
  0x00, 0x7f, 0x84, 0x9a, 0x00, 0x90, 0x00, 0x00, 0x00, 0x00, 0xb5, 0xa3,
  0x00, 0xb5, 0x00, 0x9a, 0x00, 0x72, 0xac, 0x00, 0x00, 0x00, 0x7f, 0x72,
  0x00, 0x00, 0x00, 0x00, 0x00, 0xbd, 0xa3, 0x84, 0x00, 0x00, 0x00, 0x83,
  0x00, 0x00, 0x00, 0x00, 0xb7, 0x51, 0x00, 0x00, 0x00, 0x51, 0xb0, 0x94,
  0x9f, 0x3a, 0x00, 0x00, 0xc6, 0x00, 0x59, 0x00, 0x00, 0x3a, 0x00, 0x51,
  0x48, 0x9f, 0x00, 0x83, 0x00, 0x00, 0x00, 0x00, 0x00, 0xbf, 0x00, 0x00,
  0x00, 0x00, 0x00, 0x94, 0x00, 0x00, 0x48, 0x41, 0x94, 0xa8, 0x00, 0x00,
  0x6e, 0x9f, 0xbf, 0x00, 0xa8, 0x00, 0x9f, 0xa8, 0x00, 0xb7, 0x7f, 0x00,
  0xa8, 0x00, 0x59, 0x00, 0x00, 0xb7, 0x7f, 0xa8, 0x00, 0xa8, 0x00, 0x00,
  0x63, 0x00, 0x94, 0x51, 0x00, 0x00, 0xb0, 0x63, 0x00, 0x00, 0x51, 0x00,
  0x00, 0x41, 0x00, 0x00, 0x00, 0x9f, 0xb0, 0x94, 0x94, 0xb7, 0x00, 0x00,
  0x6e, 0x48, 0x51, 0x00, 0x00, 0xb7, 0x51, 0xa8, 0x00, 0x00, 0x00, 0x94,
  0x00, 0x59, 0x00, 0x51, 0x6e, 0x00, 0xa8, 0x59, 0x00, 0x41, 0x59, 0x00,
  0x00, 0x59, 0x00, 0x00, 0x00, 0x00, 0x9a, 0x4b, 0x00, 0x9a, 0x90, 0xa3,
  0x00, 0x00, 0x00, 0x7f, 0x00, 0x00, 0x00, 0x67, 0x43, 0x9a, 0x72, 0x00,
  0x00, 0x00, 0x00, 0xbd, 0x00, 0x5d, 0xb5, 0x00, 0x00, 0xac, 0xb5, 0x00,
  0x00, 0x00, 0x00, 0x00, 0x43, 0x72, 0x53, 0x00, 0x00, 0x00, 0x67, 0x00,
  0x00, 0x00, 0x00, 0x53, 0x00, 0xbd, 0x00, 0x00, 0x90, 0x72, 0x67, 0x4b,
  0x4b, 0x9a, 0x67, 0xbd, 0x67, 0x00, 0x00, 0x00, 0x74, 0x00, 0x8e, 0x00,
  0x00, 0x00, 0x8e, 0x8e, 0x4d, 0xb4, 0x4d, 0xb4, 0x00, 0x00, 0x8e, 0x00,
  0x4d, 0x81, 0x98, 0x00, 0xab, 0x00, 0x00, 0x4d, 0x98, 0x00, 0x81, 0x00,
  0x69, 0x00, 0x00, 0x74, 0x5f, 0x69, 0x00, 0x44, 0x00, 0x4d, 0x00, 0x69,
  0x00, 0x00, 0x00, 0x00, 0x00, 0x00, 0x8e, 0x74, 0x00, 0x8e, 0x00, 0x00,
  0x00, 0x74, 0x00, 0x00, 0x74, 0xb4, 0x00, 0x00, 0x00, 0x00, 0x00, 0x4d,
  0x4d, 0x8e, 0xa1, 0x44, 0x00, 0x69, 0x4d, 0x00, 0xa1, 0x00, 0xa1, 0x00,
  0x00, 0xb4, 0x00, 0xbc, 0x00, 0x00, 0x69, 0x44, 0x00, 0x5f, 0x44, 0xb4,
  0x00, 0x00, 0x00, 0x00, 0x8e, 0x5f, 0x00, 0x00, 0x00, 0x8e, 0x00, 0xbc,
  0x00, 0x00, 0x5f, 0x00, 0x98, 0xbc, 0x00, 0x55, 0x74, 0x44, 0x00, 0x00,
  0x00, 0x00, 0x00, 0x44, 0x00, 0x5f, 0x81, 0x00, 0x00, 0x00, 0x00, 0x00,
  0xb4, 0x81, 0x8e, 0x00, 0x00, 0x00, 0x98, 0x00, 0x00, 0x00, 0xa1, 0x55,
  0x8e, 0x55, 0xb4, 0x69, 0x55, 0x98, 0x00, 0x5f, 0xab, 0x55, 0xb4, 0x74,
  0x00, 0xa1, 0x5f, 0x98, 0xbc, 0x4d, 0x00, 0x00, 0x00, 0xbc, 0x00, 0xbc,
  0x00, 0x69, 0xb4, 0x00, 0xb4, 0xab, 0x00, 0x00, 0x81, 0x00, 0x00, 0x98,
  0x00, 0x00, 0x74, 0xab, 0x00, 0x00, 0xb4, 0x00, 0x00, 0x00, 0x00, 0xab,
  0x4d, 0x00, 0xa1, 0x00, 0x00, 0x00, 0x00, 0x00, 0x00, 0xb5, 0x00, 0x67,
  0x00, 0x00, 0x00, 0x00, 0x7f, 0x00, 0x7f, 0x00, 0x00, 0x53, 0x84, 0x72,
  0x43, 0x00, 0x90, 0x00, 0x67, 0xac, 0xbd, 0xbd, 0x9a, 0x00, 0x00, 0xa3,
  0xb5, 0x00, 0x00, 0xb5, 0x00, 0x43, 0x9a, 0x00, 0x00, 0xbd, 0x00, 0x7f,
  0x00, 0x00, 0x00, 0x90, 0x5d, 0x00, 0x00, 0xac, 0x72, 0x00, 0x00, 0xac,
  0xac, 0x00, 0x5d, 0x00, 0x00, 0x5d, 0x5d, 0x43, 0x5d, 0x00, 0x00, 0x00,
  0xa6, 0x00, 0x00, 0xae, 0xae, 0x70, 0x3b, 0x00, 0x9d, 0xb6, 0x5a, 0x64,
  0x00, 0x5a, 0x64, 0xae, 0x00, 0xa6, 0x00, 0x00, 0xc5, 0x5a, 0x00, 0x00,
  0x9d, 0x00, 0x00, 0x00, 0x5a, 0xc5, 0x49, 0x42, 0x49, 0x64, 0x00, 0x5a,
  0x00, 0x00, 0xbe, 0x64, 0x00, 0x00, 0x5a, 0x00, 0x81, 0x00, 0x5a, 0x9d,
  0x00, 0x00, 0x9d, 0x00, 0x49, 0x00, 0xb6, 0x00, 0x49, 0xa6, 0x5a, 0x00,
  0x3b, 0x00, 0x3b, 0x49, 0x00, 0x00, 0x72, 0x72, 0x67, 0x00, 0x72, 0x00,
  0x00, 0x00, 0x4b, 0xb5, 0x00, 0x84, 0xac, 0x84, 0x43, 0x00, 0x90, 0x00,
  0x00, 0x00, 0x00, 0x7f, 0x72, 0x00, 0x84, 0xb5, 0x43, 0x4b, 0x00, 0x84,
  0x00, 0x9a, 0x84, 0x00, 0xbd, 0x00, 0x00, 0xbd, 0x00, 0x00, 0x7f, 0x00,
  0x00, 0x00, 0x00, 0x9a, 0x00, 0x00, 0x5d, 0x00, 0x00, 0x00, 0x90, 0xb5,
  0x00, 0x5d, 0x00, 0xac, 0x00, 0x00, 0x00, 0x9a, 0x6e, 0x51, 0xbf, 0xa8,
  0x00, 0x3a, 0xbf, 0x00, 0x00, 0x63, 0xa8, 0xa8, 0x00, 0xb0, 0x59, 0xa8,
  0xa8, 0x00, 0x59, 0xc6, 0x00, 0x51, 0xc6, 0x00, 0x00, 0xbf, 0x63, 0x00,
  0x59, 0x00, 0x00, 0x00, 0x6e, 0x51, 0x63, 0xbf, 0x00, 0x00, 0x00, 0x00,
  0x3a, 0x00, 0x00, 0xb0, 0x59, 0x00, 0x00, 0x94, 0x00, 0x7f, 0x00, 0x00,
  0xb0, 0x83, 0x9f, 0x00, 0x00, 0xb7, 0x00, 0x48, 0xc6, 0x00, 0x00, 0x51,
  0x00, 0x48, 0x48, 0x51, 0x6e, 0x3a, 0x51, 0x00, 0x51, 0x00, 0x00, 0x00,
  0x9f, 0x00, 0x6e, 0xb0, 0x3a, 0x3a, 0xa8, 0x00, 0x00, 0xb7, 0x00, 0x00,
  0x63, 0x00, 0x00, 0x3a, 0xc6, 0x63, 0x00, 0x00, 0x00, 0x00, 0x00, 0x00,
  0x00, 0x00, 0x63, 0x63, 0x51, 0x6e, 0x00, 0x00, 0x48, 0x59, 0x00, 0x00,
  0x00, 0x00, 0x00, 0xa8, 0x00, 0x00, 0x00, 0x00, 0x00, 0x63, 0x00, 0x00,
  0x7f, 0x9f, 0x00, 0x48, 0x00, 0x00, 0x00, 0x00, 0x49, 0xa6, 0x9d, 0x00,
  0x00, 0x00, 0xc5, 0x00, 0x00, 0x81, 0x00, 0x00, 0xc5, 0x00, 0x92, 0x00,
  0x00, 0x9d, 0xa6, 0xae, 0x00, 0xc5, 0x00, 0x00, 0x00, 0xa6, 0xae, 0x00,
  0x49, 0x64, 0x00, 0x00, 0xb6, 0xbe, 0x00, 0x00, 0x00, 0xae, 0x00, 0x00,
  0xae, 0x49, 0x00, 0x00, 0x00, 0x00, 0x5a, 0x9d, 0x00, 0x5a, 0x00, 0xb6,
  0x52, 0x00, 0x00, 0x00, 0xc5, 0x00, 0x00, 0x70, 0xbf, 0x00, 0x00, 0x48,
  0x00, 0x00, 0x3a, 0x6e, 0x00, 0xbf, 0x51, 0x48, 0xc6, 0x9f, 0x94, 0x48,
  0x00, 0xc6, 0x00, 0x6e, 0xa8, 0x00, 0x00, 0x00, 0x00, 0x00, 0x48, 0x00,
  0x9f, 0x51, 0x00, 0x00, 0x7f, 0x00, 0x63, 0x00, 0x00, 0x00, 0x00, 0x00,
  0x00, 0x00, 0x00, 0x00, 0x00, 0x00, 0x00, 0xc6, 0x41, 0x3a, 0x41, 0x00,
  0x00, 0xbf, 0x00, 0x00, 0x00, 0x63, 0x00, 0x41, 0x94, 0xb0, 0x63, 0x6e,
  0x51, 0x00, 0xc6, 0x59, 0x00, 0x00, 0x00, 0x00, 0xb7, 0x63, 0x00, 0xb0,
  0x00, 0x59, 0x00, 0x00, 0xc6, 0x00, 0x00, 0x00, 0x83, 0x00, 0x94, 0x00,
  0x48, 0xbf, 0xa8, 0x7f, 0xb7, 0x00, 0x7f, 0x00, 0x00, 0x6e, 0x00, 0x00,
  0x63, 0x00, 0x00, 0x51, 0x48, 0x9f, 0x00, 0xb7, 0x00, 0x9f, 0x00, 0x00,
  0x00, 0x00, 0x9f, 0x00, 0x00, 0x59, 0x00, 0x00, 0x00, 0x00, 0x00, 0x00,
  0x00, 0x41, 0x94, 0xb7, 0x00, 0x00, 0x00, 0x00, 0x6e, 0x9f, 0x00, 0x00,
  0x41, 0x00, 0x9f, 0x00, 0xbf, 0x48, 0xa8, 0x00, 0x00, 0xc6, 0x00, 0x00,
  0x63, 0x00, 0x9f, 0x00, 0x00, 0x00, 0x41, 0x00, 0x00, 0x00, 0x51, 0x94,
  0x3a, 0xbf, 0x48, 0x94, 0xa8, 0xbf, 0x00, 0x00, 0x00, 0xb7, 0x6e, 0xa8,
  0x51, 0x00, 0x3a, 0x00, 0x00, 0x63, 0x00, 0x48, 0x00, 0x48, 0xa8, 0x41,
  0x41, 0xb0, 0x3a, 0xb0, 0x7f, 0x51, 0x00, 0x00, 0x4b, 0xa3, 0x00, 0x00,
  0x7f, 0x90, 0x7f, 0x00, 0x00, 0x00, 0x4b, 0xac, 0x00, 0x9a, 0x90, 0x9a,
  0x43, 0x5d, 0xac, 0x72, 0x5d, 0x00, 0x67, 0x00, 0x00, 0x90, 0x00, 0x4b,
  0x67, 0x53, 0xb5, 0xb5, 0x72, 0xa3, 0x67, 0xb5, 0x5d, 0xb5, 0x00, 0x9a,
  0x00, 0xb5, 0xac, 0xac, 0xbd, 0x00, 0xb5, 0x00, 0x53, 0x67, 0x5d, 0xb5,
  0x53, 0xbd, 0x43, 0x43, 0xac, 0x5d, 0x7f, 0x4b, 0x00, 0x00, 0x00, 0x00,
  0x00, 0x00, 0xbe, 0xb6, 0x00, 0xc5, 0x00, 0x64, 0x5a, 0x92, 0x00, 0x00,
  0x00, 0x00, 0x3b, 0x81, 0xbe, 0x00, 0x00, 0x49, 0x00, 0x92, 0x49, 0x9d,
  0x00, 0xa6, 0x49, 0x00, 0x49, 0x9d, 0x92, 0x92, 0x00, 0x00, 0x00, 0x00,
  0x70, 0x00, 0x3b, 0x00, 0x42, 0x00, 0xb6, 0x00, 0xb6, 0x00, 0x9d, 0x00,
  0xbe, 0x00, 0xc5, 0x00, 0x00, 0x00, 0x5a, 0x00, 0x9d, 0x00, 0x00, 0x00,
  0x52, 0x00, 0x49, 0x00, 0x41, 0x7f, 0x00, 0x00, 0x00, 0x00, 0x00, 0x00,
  0x00, 0x00, 0xb7, 0x6e, 0x41, 0x00, 0x3a, 0x00, 0x00, 0x00, 0x94, 0xb7,
  0x00, 0x94, 0x9f, 0x00, 0x00, 0x00, 0x3a, 0xb7, 0x41, 0x00, 0xa8, 0xbf,
  0xb7, 0x00, 0x94, 0x00, 0x9f, 0xb7, 0x00, 0x00, 0x59, 0x63, 0x9f, 0x59,
  0xb7, 0x63, 0x00, 0x51, 0x00, 0x00, 0x41, 0x41, 0xa8, 0x00, 0x9f, 0x00,
  0x00, 0x59, 0xb7, 0x00, 0xa8, 0x00, 0x00, 0x00, 0x00, 0x63, 0x94, 0x00,
  0x00, 0x00, 0xb7, 0x00, 0x59, 0xb0, 0x00, 0x00, 0x00, 0x51, 0x00, 0xb0,
  0x00, 0x00, 0xa8, 0x00, 0x41, 0x41, 0x00, 0x6e, 0x51, 0x7f, 0x00, 0xa8,
  0x41, 0x00, 0xb0, 0x00, 0xb7, 0x00, 0x00, 0x59, 0x00, 0xb7, 0x94, 0xa8,
  0x51, 0x63, 0x83, 0x00, 0x94, 0x00, 0x59, 0x00, 0x00, 0xb0, 0x3a, 0x00,
  0x48, 0xa8, 0x00, 0x00, 0x00, 0x00, 0xbf, 0x6e, 0x00, 0x00, 0x41, 0x00,
  0x42, 0x00, 0x00, 0xa6, 0x52, 0x00, 0x42, 0x00, 0x00, 0x00, 0x9d, 0x00,
  0x00, 0x00, 0x00, 0x00, 0x00, 0x00, 0xa6, 0x00, 0x52, 0x00, 0xa6, 0x00,
  0x00, 0x64, 0x00, 0x64, 0x49, 0x00, 0xb6, 0x00, 0x3b, 0x70, 0xae, 0x00,
  0x9d, 0x00, 0x00, 0x00, 0x00, 0x00, 0xbe, 0x00, 0x00, 0x64, 0xa6, 0x00,
  0x81, 0x00, 0x49, 0xa6, 0xae, 0xa6, 0xae, 0x52, 0x00, 0x70, 0x00, 0x3b,
  0x00, 0x00, 0x42, 0x00, 0xa6, 0x00, 0x00, 0xa6, 0x00, 0x00, 0x5a, 0x00,
  0x64, 0x00, 0x00, 0x70, 0x00, 0xc5, 0x00, 0x00, 0x64, 0x00, 0xa6, 0x00,
  0x00, 0x00, 0x00, 0x00, 0x00, 0x00, 0x00, 0x81, 0x00, 0x64, 0x5a, 0xa6,
  0x00, 0x00, 0x42, 0x49, 0x00, 0x00, 0x3b, 0xb6, 0x00, 0x00, 0x00, 0x3b,
  0x00, 0x00, 0x00, 0x00, 0x3b, 0x00, 0x00, 0x52, 0x00, 0x9d, 0x00, 0x00,
  0x42, 0x64, 0x9d, 0x5a, 0x49, 0xc5, 0x42, 0x92, 0xbd, 0x43, 0xbd, 0x43,
  0x00, 0x84, 0x67, 0x4b, 0x00, 0x00, 0x5d, 0x00, 0x67, 0x72, 0x00, 0x00,
  0x67, 0x5d, 0x00, 0x84, 0x00, 0x00, 0xb5, 0xb5, 0x00, 0x00, 0x00, 0x00,
  0x00, 0x53, 0x00, 0x9a, 0x00, 0x00, 0x4b, 0x9a, 0xbd, 0x84, 0x43, 0x7f,
  0x00, 0x00, 0x00, 0x00, 0x00, 0x84, 0x00, 0x00, 0xa3, 0x00, 0xb5, 0x5d,
  0x00, 0x90, 0x67, 0x00, 0x00, 0x00, 0xbd, 0x90, 0x00, 0x00, 0x00, 0x00,
  0x00, 0x00, 0x90, 0x00, 0x72, 0x00, 0x67, 0x00, 0xbd, 0x00, 0x84, 0x00,
  0x9a, 0x00, 0x00, 0x00, 0x5d, 0x4b, 0x7f, 0x90, 0x00, 0x00, 0x00, 0x5d,
  0x00, 0x7f, 0x00, 0x72, 0x00, 0x00, 0x00, 0xb5, 0x00, 0x72, 0x00, 0xac,
  0x00, 0x84, 0x00, 0xbd, 0x43, 0x84, 0x00, 0xbd, 0x00, 0x90, 0xb5, 0x00,
  0x00, 0x84, 0x00, 0x00, 0x00, 0x00, 0x00, 0x00, 0xbd, 0x00, 0x00, 0x72,
  0x4b, 0x43, 0x00, 0xac, 0x00, 0x00, 0x90, 0xa3, 0x00, 0x00, 0xac, 0x00,
  0xb5, 0xb5, 0xb5, 0x00, 0x00, 0x00, 0x84, 0x7f, 0xac, 0x9a, 0x00, 0x00,
  0x00, 0x90, 0x00, 0x43, 0x00, 0x72, 0x00, 0x5d, 0x5d, 0xa3, 0xac, 0x84,
  0xbd, 0x67, 0x53, 0x00, 0x00, 0x00, 0x00, 0x00, 0x00, 0xbd, 0x00, 0x00,
  0x00, 0x00, 0x00, 0x00, 0x00, 0x84, 0x00, 0xbd, 0xb5, 0x00, 0x53, 0x00,
  0x00, 0x90, 0x00, 0x00, 0x00, 0xbd, 0x00, 0x00, 0x90, 0xb5, 0x00, 0x84,
  0x4b, 0x00, 0xbd, 0x00, 0x00, 0x90, 0x00, 0x00, 0x67, 0x00, 0xac, 0x00,
  0x00, 0xac, 0xb5, 0x67, 0x4b, 0x5d, 0x9a, 0x00, 0x00, 0x00, 0x9a, 0x7f,
  0x43, 0x00, 0x9a, 0xac, 0x00, 0xbd, 0xb5, 0x00, 0x43, 0x00, 0x00, 0x00,
  0x00, 0x00, 0x72, 0x00, 0xa3, 0x00, 0x00, 0x00, 0x00, 0x9a, 0x00, 0x84,
  0x53, 0xb5, 0x00, 0x84, 0x00, 0x90, 0x4b, 0x00, 0x9a, 0x9a, 0xac, 0x00,
  0x00, 0x7f, 0xbf, 0x00, 0xb7, 0x00, 0x59, 0x00, 0x51, 0x48, 0x00, 0x00,
  0xa8, 0x00, 0x6e, 0x51, 0x00, 0x00, 0x00, 0x41, 0x6e, 0x00, 0x00, 0x00,
  0x00, 0x00, 0x00, 0x94, 0x00, 0x00, 0xb0, 0xb0, 0x00, 0x00, 0xc6, 0x00,
  0xb0, 0x00, 0x51, 0x63, 0xb0, 0x48, 0x9f, 0x51, 0x3a, 0x00, 0x9f, 0x00,
  0x00, 0x00, 0x00, 0x00, 0x00, 0x00, 0x63, 0xbf, 0x00, 0x48, 0x00, 0x00,
  0x00, 0xb0, 0xb7, 0x00, 0x51, 0x00, 0x00, 0x41, 0x00, 0x00, 0x00, 0x00,
  0x48, 0x7f, 0xc6, 0xb0, 0x00, 0x00, 0x00, 0x00, 0x6e, 0x48, 0x00, 0x00,
  0x00, 0xb0, 0x59, 0x00, 0x83, 0x00, 0xa8, 0x6e, 0x00, 0xc6, 0x00, 0x00,
  0x00, 0x00, 0x00, 0x48, 0x9f, 0x00, 0x00, 0x00, 0x63, 0xc6, 0xa8, 0xc6,
  0x00, 0x00, 0x00, 0x94, 0x00, 0x00, 0xb0, 0x94, 0xb0, 0x63, 0x00, 0x00,
  0x00, 0x00, 0x00, 0xc6, 0x00, 0x00, 0xc6, 0x00, 0xa6, 0x00, 0xa6, 0x00,
  0x00, 0x00, 0x00, 0x52, 0x3b, 0x00, 0x9d, 0x42, 0x92, 0x5a, 0x52, 0xa6,
  0x64, 0x00, 0x00, 0xae, 0x00, 0x3b, 0x5a, 0xae, 0x64, 0x00, 0x00, 0xae,
  0x00, 0x52, 0x81, 0x00, 0x00, 0x00, 0x00, 0x00, 0x5a, 0x00, 0x92, 0x00,
  0x49, 0x64, 0x00, 0x00, 0x49, 0x70, 0x9d, 0x52, 0x00, 0x00, 0xae, 0x00,
  0xb6, 0x00, 0xbe, 0x64, 0x49, 0x5a, 0x00, 0x42, 0x64, 0x00, 0x64, 0xa6,
  0x59, 0x00, 0xc6, 0x59, 0x00, 0x6e, 0x59, 0x00, 0x00, 0x00, 0x3a, 0x00,
  0x00, 0x00, 0x00, 0x00, 0x9f, 0x63, 0x00, 0x00, 0x51, 0x63, 0x00, 0x00,
  0x00, 0x83, 0x63, 0x00, 0x51, 0x7f, 0x00, 0x41, 0xbf, 0x00, 0x00, 0x00,
  0x00, 0x00, 0xb0, 0x00, 0x00, 0x83, 0x00, 0x00, 0x63, 0x00, 0x00, 0x9f,
  0x00, 0x63, 0x00, 0x48, 0xb7, 0x00, 0x00, 0x6e, 0x6e, 0x94, 0xc6, 0x9f,
  0x51, 0x94, 0x59, 0x00, 0x00, 0x00, 0x00, 0x5a, 0x00, 0x00, 0x9d, 0x3b,
  0x00, 0xc5, 0x00, 0x00, 0x00, 0x00, 0x00, 0x00, 0xc5, 0x00, 0x64, 0x52,
  0x9d, 0xae, 0x00, 0x00, 0xb6, 0x81, 0x00, 0x00, 0xa6, 0x00, 0x70, 0x52,
  0x9d, 0x3b, 0x00, 0x49, 0x64, 0x5a, 0x9d, 0xb6, 0x00, 0x42, 0x5a, 0x42,
  0x00, 0x00, 0x70, 0x52, 0x42, 0x49, 0xa6, 0x00, 0x70, 0xbe, 0x00, 0x00,
  0x00, 0x00, 0x42, 0x00, 0x64, 0x5a, 0x00, 0x00, 0x00, 0x00, 0xb7, 0x94,
  0x51, 0x00, 0x63, 0x6e, 0x9f, 0x00, 0x00, 0x00, 0x94, 0x00, 0x83, 0x00,
  0x00, 0xb0, 0x00, 0x48, 0x00, 0x00, 0x00, 0xb7, 0x63, 0x00, 0x00, 0x63,
  0x00, 0x48, 0xb0, 0x9f, 0x00, 0x41, 0x00, 0x00, 0x00, 0x59, 0x00, 0x00,
  0xb7, 0x00, 0x00, 0x9f, 0x00, 0x00, 0xbf, 0x00, 0x7f, 0x48, 0x00, 0x41,
  0xb0, 0x3a, 0xb7, 0x9f, 0x7f, 0x00, 0x00, 0xa8, 0x00, 0xb7, 0x51, 0x3a,
  0x5d, 0x53, 0x72, 0x9a, 0x9a, 0x00, 0xa3, 0x00, 0x00, 0x00, 0x00, 0x00,
  0x84, 0x9a, 0x00, 0x67, 0x00, 0x00, 0x9a, 0x00, 0x72, 0x72, 0x00, 0x84,
  0x72, 0x00, 0x72, 0x00, 0x5d, 0xbd, 0x00, 0x00, 0x84, 0x00, 0x00, 0x00,
  0x00, 0x84, 0x00, 0x5d, 0x72, 0x00, 0x43, 0x00, 0x00, 0x00, 0x00, 0x90,
  0x00, 0x00, 0x90, 0x67, 0xbd, 0xa3, 0x72, 0x00, 0x00, 0x90, 0x00, 0x00,
  0x00, 0x00, 0x7f, 0x00, 0x98, 0x00, 0xa1, 0x00, 0x8e, 0x98, 0x00, 0xab,
  0xab, 0xa1, 0x44, 0x00, 0x44, 0x00, 0x00, 0x00, 0x44, 0x00, 0x98, 0xb4,
  0x00, 0xab, 0xab, 0x00, 0x69, 0xbc, 0x00, 0x00, 0x00, 0x74, 0x8e, 0x00,
  0x5f, 0x00, 0x81, 0x98, 0x74, 0x00, 0xb4, 0x69, 0x00, 0x00, 0x00, 0x00,
  0x00, 0xb4, 0x00, 0x98, 0x00, 0x4d, 0x00, 0xa1, 0x8e, 0x00, 0x69, 0x00,
  0x69, 0x74, 0x98, 0x8e, 0x55, 0x00, 0x00, 0x00, 0xa3, 0x72, 0x5d, 0x00,
  0xac, 0x7f, 0x00, 0x00, 0x90, 0xbd, 0x00, 0x00, 0x00, 0xa3, 0x00, 0x00,
  0x9a, 0x67, 0x00, 0x00, 0x00, 0xb5, 0x00, 0x00, 0x00, 0x00, 0xa3, 0xac,
  0x00, 0x00, 0x9a, 0xa3, 0x53, 0x53, 0x43, 0x00, 0x53, 0x00, 0x00, 0x5d,
  0xbd, 0xb5, 0x67, 0x00, 0x00, 0xbd, 0x00, 0x9a, 0x00, 0xa3, 0x00, 0x4b,
  0x00, 0x67, 0xbd, 0x5d, 0xac, 0x00, 0x84, 0x72, 0x00, 0x4b, 0x00, 0x00,
  0x00, 0x00, 0x00, 0x00, 0x9f, 0x00, 0x00, 0x00, 0x63, 0x59, 0x48, 0x00,
  0x63, 0x6e, 0x00, 0x48, 0x00, 0x6e, 0x41, 0x00, 0xb0, 0x00, 0x63, 0x00,
  0xc6, 0x00, 0xc6, 0x00, 0x00, 0x00, 0x00, 0x00, 0x00, 0x00, 0x59, 0x00,
  0x00, 0x3a, 0x3a, 0x7f, 0x00, 0x00, 0x00, 0x3a, 0x00, 0x00, 0x59, 0x00,
  0x94, 0x94, 0x00, 0xa8, 0x00, 0x00, 0x6e, 0x00, 0xb0, 0x48, 0x00, 0xbf,
  0x00, 0x9f, 0x83, 0xb7, 0xbf, 0x00, 0xa8, 0x00, 0x3a, 0x00, 0x59, 0x00,
  0x00, 0xc6, 0x00, 0xb0, 0x00, 0x7f, 0x00, 0x00, 0x59, 0x00, 0x00, 0x48,
  0x00, 0xb7, 0x00, 0xb7, 0x00, 0x41, 0xc6, 0x00, 0x51, 0x00, 0x00, 0x00,
  0xb0, 0x00, 0x51, 0x00, 0x00, 0x00, 0x00, 0x00, 0x00, 0x00, 0x00, 0x00,
  0x3a, 0x00, 0x00, 0x63, 0x63, 0x6e, 0x00, 0x00, 0xb0, 0x00, 0x00, 0xa8,
  0xc6, 0x00, 0x41, 0x00, 0x94, 0x59, 0x00, 0xb7, 0x00, 0xbf, 0x00, 0x00,
  0x00, 0x00, 0x00, 0x59, 0x00, 0x00, 0xc6, 0x83, 0x00, 0x00, 0xb0, 0x00,
  0x00, 0xb0, 0xc6, 0xa8, 0xb0, 0xb0, 0x6e, 0x48, 0x00, 0x00, 0xbf, 0x63,
  0x00, 0x00, 0x7f, 0x51, 0x9f, 0x3a, 0x00, 0x63, 0xa8, 0x00, 0xa8, 0x9f,
  0xb7, 0x00, 0x00, 0x00, 0x00, 0x00, 0x94, 0x00, 0xc6, 0x00, 0x00, 0x00,
  0xb0, 0x41, 0x00, 0x51, 0x00, 0x9f, 0x63, 0x41, 0x00, 0x00, 0x83, 0x00,
  0x43, 0xbd, 0xbd, 0x00, 0x43, 0x00, 0x00, 0x7f, 0x43, 0xa3, 0x84, 0x00,
  0xa3, 0x5d, 0x5d, 0xbd, 0x00, 0xa3, 0x00, 0x00, 0x72, 0x90, 0x00, 0x00,
  0x00, 0x00, 0x67, 0x00, 0x43, 0x9a, 0x00, 0x90, 0x4b, 0x67, 0x00, 0x00,
  0x67, 0xa3, 0xbd, 0x00, 0x7f, 0x00, 0x00, 0x00, 0x84, 0x00, 0x00, 0x00,
  0xb5, 0x00, 0x00, 0x00, 0x72, 0xb5, 0x67, 0x53, 0x00, 0x00, 0x72, 0x72,
  0x4b, 0x00, 0x5d, 0x00, 0xae, 0xa6, 0x49, 0x00, 0xae, 0x00, 0x00, 0x00,
  0x49, 0x00, 0x00, 0x00, 0x00, 0xbe, 0x70, 0x00, 0x64, 0x00, 0xbe, 0x00,
  0x00, 0x00, 0x00, 0x5a, 0x52, 0x00, 0x00, 0xbe, 0x00, 0x00, 0x92, 0x00,
  0x3b, 0x00, 0x70, 0x00, 0x9d, 0x52, 0x49, 0x49, 0x00, 0x81, 0xae, 0x9d,
  0x00, 0x00, 0x70, 0x00, 0x52, 0x9d, 0x00, 0x00, 0xb6, 0x00, 0x3b, 0xae,
  0x00, 0x5a, 0x52, 0x5a, 0x52, 0xa6, 0xc5, 0xb6, 0x00, 0xb0, 0x00, 0x00,
  0xbf, 0x00, 0xa8, 0x6e, 0x00, 0x00, 0x51, 0x41, 0x00, 0x00, 0x00, 0x00,
  0xb0, 0x00, 0xc6, 0xb0, 0x00, 0xb7, 0x00, 0x00, 0x9f, 0xa8, 0x48, 0x59,
  0x94, 0x00, 0x7f, 0x00, 0xbf, 0x51, 0x00, 0x6e, 0x00, 0x00, 0x00, 0x00,
  0x00, 0x41, 0xa8, 0x00, 0x00, 0x00, 0x00, 0x00, 0x7f, 0x48, 0xb0, 0x3a,
  0x00, 0x6e, 0x00, 0x00, 0x6e, 0x00, 0x00, 0x48, 0x00, 0x00, 0x94, 0x48,
  0xac, 0x84, 0x5d, 0x53, 0x84, 0x67, 0x7f, 0x00, 0x00, 0x00, 0x5d, 0x67,
  0x67, 0x00, 0xac, 0x84, 0xac, 0x00, 0x4b, 0x00, 0x00, 0x7f, 0x43, 0x5d,
  0x9a, 0xac, 0x4b, 0x00, 0x43, 0xbd, 0x00, 0x00, 0x43, 0x9a, 0xb5, 0x00,
  0xb5, 0x53, 0x67, 0x00, 0x00, 0x00, 0x00, 0x00, 0x00, 0x00, 0x00, 0x00,
  0x00, 0x00, 0xac, 0xac, 0x7f, 0x9a, 0x00, 0xac, 0x7f, 0x00, 0x00, 0x7f,
  0x90, 0x53, 0x00, 0x00, 0x43, 0x72, 0x00, 0xac, 0x00, 0x00, 0xb5, 0x00,
  0x00, 0x84, 0x00, 0x00, 0x84, 0x00, 0x00, 0x00, 0x00, 0x00, 0x00, 0x00,
  0x00, 0x00, 0x00, 0x53, 0x5d, 0x00, 0x00, 0x5d, 0x90, 0x53, 0x00, 0x90,
  0x00, 0x84, 0x00, 0x00, 0x00, 0x67, 0x53, 0x00, 0x00, 0x7f, 0x84, 0x00,
  0x53, 0x00, 0x00, 0x00, 0xbd, 0x00, 0x00, 0x7f, 0x00, 0x00, 0x72, 0x00,
  0x84, 0x00, 0x9a, 0x9a, 0x7f, 0x00, 0x00, 0xa3, 0x43, 0x00, 0x00, 0x9a,
  0x53, 0x00, 0x00, 0x90, 0x5d, 0x00, 0xbd, 0x72, 0x5d, 0x00, 0x00, 0x7f,
  0x5d, 0x00, 0x00, 0x84, 0x00, 0x00, 0x00, 0x43, 0x00, 0xa3, 0x72, 0x5d,
  0x43, 0x7f, 0x90, 0x53, 0x00, 0x84, 0xac, 0x00, 0x00, 0x5d, 0x4b, 0x84,
  0x00, 0x00, 0x00, 0x00, 0x5d, 0x00, 0x43, 0x00, 0x00, 0x7f, 0xb5, 0x00,
  0x5d, 0x67, 0x00, 0x00, 0x84, 0x00, 0x4b, 0x00, 0x72, 0x00, 0x00, 0x53,
  0x49, 0x00, 0x49, 0xb6, 0x00, 0xbe, 0x42, 0x00, 0xc5, 0x00, 0x00, 0x5a,
  0x00, 0x92, 0x00, 0x00, 0x00, 0x64, 0x00, 0x52, 0x81, 0xbe, 0x00, 0xc5,
  0x00, 0xbe, 0x00, 0x81, 0x5a, 0x00, 0xc5, 0x00, 0x42, 0xae, 0x00, 0x00,
  0x00, 0x00, 0xbe, 0x00, 0xbe, 0x92, 0x52, 0x00, 0x00, 0x5a, 0xbe, 0x00,
  0xc5, 0x5a, 0x49, 0x00, 0x81, 0xbe, 0x00, 0x70, 0x70, 0x92, 0x00, 0x00,
  0x92, 0x92, 0x5a, 0xc5, 0x63, 0x00, 0xb0, 0x00, 0x94, 0x00, 0x00, 0x00,
  0x94, 0x6e, 0xc6, 0x48, 0x59, 0x48, 0xb0, 0x59, 0xb7, 0x00, 0x48, 0xbf,
  0x00, 0x00, 0xbf, 0x00, 0x00, 0x94, 0x00, 0x51, 0x48, 0x59, 0x59, 0x63,
  0xbf, 0xbf, 0x63, 0x00, 0xa8, 0x94, 0x00, 0x00, 0x00, 0x00, 0x00, 0x00,
  0x00, 0x00, 0x94, 0x00, 0x7f, 0x00, 0x00, 0xa8, 0x00, 0x6e, 0xbf, 0xb0,
  0x00, 0xc6, 0x00, 0x00, 0x83, 0xb0, 0x00, 0x00, 0x00, 0x00, 0x9f, 0x6e,
  0x00, 0x9f, 0xb0, 0x00, 0x00, 0x59, 0x48, 0x00, 0x63, 0x48, 0x94, 0x00,
  0x00, 0xb7, 0x6e, 0x94, 0x94, 0x41, 0x00, 0x00, 0x00, 0x00, 0x00, 0xc6,
  0xc6, 0x00, 0x00, 0xb7, 0xa8, 0x00, 0x00, 0x00, 0x00, 0x00, 0x00, 0x00,
  0x00, 0x59, 0xc6, 0x00, 0x00, 0x00, 0x00, 0x63, 0x63, 0x00, 0x00, 0xb0,
  0x51, 0xa8, 0x63, 0x00, 0x7f, 0xa8, 0x3a, 0x00, 0x48, 0x00, 0x00, 0x48,
  0x00, 0xac, 0x5d, 0x00, 0x00, 0x00, 0x84, 0x00, 0x00, 0x00, 0x00, 0x00,
  0x7f, 0x53, 0x5d, 0x4b, 0x00, 0x84, 0x00, 0xbd, 0x00, 0x00, 0x53, 0x00,
  0xac, 0x00, 0x00, 0x72, 0xbd, 0x00, 0x72, 0x00, 0x00, 0x00, 0x00, 0x90,
  0x67, 0x00, 0x9a, 0x43, 0x90, 0x00, 0x00, 0x84, 0x00, 0xb5, 0x00, 0x43,
  0x00, 0xa3, 0x00, 0xa3, 0xb5, 0x00, 0x53, 0xb5, 0x00, 0x00, 0x00, 0x00,
  0x00, 0x00, 0x4b, 0x72, 0x4b, 0x00, 0x00, 0x00, 0x90, 0x00, 0x00, 0x00,
  0xa3, 0x7f, 0x00, 0xac, 0x00, 0x00, 0x84, 0x00, 0x00, 0x53, 0xa3, 0x9a,
  0x90, 0xa3, 0x67, 0xa3, 0x9a, 0x00, 0x9a, 0x00, 0x00, 0x00, 0x9a, 0x00,
  0x5d, 0x9a, 0x5d, 0xbd, 0x00, 0x90, 0x43, 0x00, 0x00, 0x9a, 0x4b, 0x00,
  0x00, 0x5d, 0x4b, 0x53, 0x00, 0xb5, 0x00, 0xb5, 0x00, 0x00, 0x00, 0x00,
  0x00, 0x00, 0x00, 0x53, 0x4b, 0x00, 0x00, 0xb5, 0x00, 0xa8, 0x48, 0x00,
  0x00, 0x7f, 0xb0, 0x00, 0x00, 0x00, 0x41, 0x00, 0x00, 0xbf, 0x3a, 0x00,
  0xb7, 0x00, 0xb0, 0x48, 0x00, 0x94, 0xb0, 0x51, 0xa8, 0x00, 0x00, 0xb7,
  0x48, 0x51, 0x6e, 0x41, 0x00, 0x51, 0x00, 0x00, 0x00, 0x00, 0x00, 0xbf,
  0xa8, 0x00, 0x59, 0xc6, 0x6e, 0x51, 0x00, 0x00, 0x9f, 0x48, 0x00, 0x94,
  0x00, 0x00, 0xbf, 0x41, 0x41, 0x00, 0x00, 0x48, 0xbf, 0x41, 0x00, 0x59,
  0x00, 0xb6, 0xae, 0xb6, 0x64, 0x49, 0xa6, 0x00, 0x5a, 0xc5, 0x9d, 0x9d,
  0x00, 0x00, 0xc5, 0x52, 0x00, 0xa6, 0x3b, 0x00, 0x5a, 0x9d, 0x9d, 0x00,
  0x3b, 0x00, 0x00, 0x81, 0x00, 0x9d, 0x92, 0x64, 0x00, 0x00, 0x00, 0x92,
  0x49, 0x00, 0x00, 0x92, 0xbe, 0x00, 0x64, 0xb6, 0x00, 0x00, 0x5a, 0x64,
  0x9d, 0x49, 0x00, 0x52, 0x00, 0x42, 0x00, 0x00, 0x00, 0x00, 0xc5, 0xb6,
  0x00, 0x52, 0x00, 0x00, 0x00, 0x59, 0x00, 0x41, 0x00, 0x00, 0x00, 0x00,
  0x00, 0xb7, 0x00, 0x00, 0x00, 0x00, 0xa8, 0x00, 0xb7, 0x63, 0x83, 0x48,
  0x00, 0x00, 0x00, 0x41, 0xb0, 0x00, 0x00, 0x51, 0x00, 0x94, 0x9f, 0xbf,
  0x3a, 0xb7, 0x00, 0xb0, 0x00, 0x00, 0x59, 0xbf, 0xb0, 0x00, 0x00, 0x51,
  0xa8, 0x7f, 0xbf, 0x00, 0x94, 0x00, 0x6e, 0x7f, 0x94, 0x00, 0x00, 0x00,
  0xa8, 0x59, 0x00, 0x83, 0x00, 0xb7, 0x00, 0x00, 0x00, 0x00, 0x43, 0xa3,
  0x00, 0xa3, 0x7f, 0x4b, 0xb5, 0xbd, 0x5d, 0xac, 0x4b, 0x00, 0x00, 0x00,
  0x00, 0x00, 0x84, 0x00, 0x67, 0x00, 0x4b, 0xb5, 0x67, 0x00, 0xb5, 0xa3,
  0x00, 0x43, 0x00, 0x00, 0x00, 0x5d, 0x84, 0x00, 0xac, 0x53, 0x00, 0x9a,
  0x67, 0x00, 0xb5, 0x00, 0x43, 0x00, 0xa3, 0xbd, 0x90, 0x00, 0x00, 0x00,
  0x90, 0x00, 0x90, 0x00, 0x00, 0x00, 0x4b, 0x84, 0x00, 0x00, 0x00, 0xac,
  0x41, 0x00, 0x63, 0x9f, 0x6e, 0x00, 0x00, 0x00, 0xb0, 0x3a, 0x48, 0x00,
  0x41, 0x00, 0x00, 0x00, 0x63, 0x63, 0x48, 0x00, 0x00, 0x00, 0x6e, 0x00,
  0x00, 0xb0, 0x00, 0xb7, 0x00, 0x59, 0xb7, 0x00, 0x00, 0xa8, 0xb7, 0x00,
  0xa8, 0x94, 0x7f, 0x9f, 0x00, 0x51, 0x3a, 0x00, 0x00, 0x00, 0x00, 0x00,
  0x00, 0x00, 0x41, 0xa8, 0x00, 0x94, 0x00, 0xa8, 0x00, 0x00, 0x00, 0x48,
  0x00, 0x9f, 0x00, 0x41, 0xac, 0x00, 0x00, 0x00, 0x4b, 0x9a, 0x00, 0x00,
  0x00, 0xac, 0x84, 0xa3, 0x9a, 0x00, 0x4b, 0x00, 0x00, 0x00, 0x5d, 0x00,
  0x67, 0x00, 0xbd, 0x00, 0x9a, 0x00, 0x7f, 0xbd, 0x53, 0x90, 0x00, 0x43,
  0x00, 0x67, 0x9a, 0xa3, 0x00, 0x67, 0x00, 0xb5, 0xb5, 0x00, 0x00, 0x5d,
  0x00, 0x5d, 0x5d, 0x67, 0x00, 0x72, 0x72, 0x00, 0x9a, 0x00, 0x00, 0xac,
  0x00, 0x00, 0x00, 0x00, 0x4b, 0x00, 0x00, 0xbd, 0x00, 0x00, 0x00, 0x00,
  0xae, 0xbe, 0x00, 0x5a, 0x00, 0x00, 0x64, 0x92, 0xa6, 0x00, 0xbe, 0x00,
  0x00, 0x00, 0x52, 0x00, 0x00, 0xa6, 0xa6, 0xb6, 0x00, 0x00, 0x3b, 0x00,
  0x00, 0xc5, 0x00, 0x5a, 0x52, 0xbe, 0x00, 0x00, 0x00, 0x00, 0x00, 0x00,
  0x64, 0x00, 0x00, 0x00, 0xa6, 0xae, 0xb6, 0x3b, 0x49, 0x00, 0x92, 0xb6,
  0x9d, 0x00, 0x42, 0x42, 0x52, 0x3b, 0x00, 0x00, 0x52, 0x00, 0x81, 0x00,
  0xae, 0x00, 0xc5, 0x00, 0x00, 0x00, 0x52, 0x00, 0x00, 0x00, 0x00, 0x00,
  0x00, 0x9d, 0x5a, 0x00, 0x92, 0x00, 0x00, 0x00, 0x00, 0x00, 0x00, 0x00,
  0x00, 0x64, 0x00, 0xae, 0xbe, 0x00, 0x92, 0xbe, 0xae, 0xae, 0xa6, 0x00,
  0x5a, 0x00, 0x64, 0x00, 0x00, 0x00, 0x00, 0x00, 0x00, 0x00, 0x49, 0x00,
  0x81, 0xbe, 0x49, 0x00, 0x00, 0x52, 0x00, 0x5a, 0x00, 0x70, 0x52, 0x49,
  0x00, 0x3b, 0x64, 0x00, 0xc6, 0x41, 0xa8, 0x00, 0x00, 0x00, 0x00, 0x00,
  0x41, 0x63, 0x41, 0x00, 0x94, 0x00, 0x00, 0x00, 0xc6, 0x00, 0x00, 0x00,
  0x00, 0x3a, 0x00, 0x9f, 0x00, 0x00, 0x48, 0x00, 0x00, 0xc6, 0xb7, 0x00,
  0xc6, 0x00, 0x00, 0x9f, 0xb0, 0x00, 0x00, 0x41, 0x00, 0x00, 0x63, 0x00,
  0x7f, 0x00, 0x00, 0x00, 0xb7, 0x00, 0x00, 0x9f, 0x00, 0x94, 0x6e, 0x6e,
  0xc6, 0x00, 0x3a, 0xc6, 0xc6, 0xa8, 0x00, 0x00, 0x00, 0x7f, 0x00, 0x00,
  0x00, 0x00, 0x00, 0x00, 0x5d, 0xa3, 0x53, 0x9a, 0x00, 0x67, 0x7f, 0x67,
  0x90, 0x00, 0x00, 0xb5, 0x4b, 0xac, 0x53, 0x00, 0x5d, 0x43, 0x4b, 0x43,
  0x00, 0xb5, 0x00, 0x43, 0x00, 0x4b, 0x00, 0x90, 0xb5, 0x53, 0x00, 0x00,
  0x00, 0x00, 0x00, 0x00, 0x00, 0x72, 0x00, 0x00, 0x43, 0x00, 0x00, 0x72,
  0x00, 0x00, 0x00, 0xbd, 0x00, 0x00, 0x43, 0x84, 0xbd, 0x67, 0x00, 0x00,
  0x3b, 0x00, 0xb6, 0x00, 0x42, 0xae, 0x42, 0x00, 0x9d, 0x00, 0x49, 0xbe,
  0xb6, 0xc5, 0x00, 0x00, 0xbe, 0x00, 0x00, 0x00, 0x81, 0xa6, 0x00, 0x49,
  0x00, 0x3b, 0x9d, 0x00, 0xae, 0x00, 0x00, 0x00, 0x92, 0x00, 0x00, 0x00,
  0xbe, 0x00, 0x64, 0x00, 0x00, 0x00, 0x00, 0x52, 0x49, 0x5a, 0x00, 0x00,
  0x00, 0x00, 0xc5, 0x00, 0x52, 0xb6, 0xae, 0x92, 0x70, 0x92, 0x00, 0x00,
  0xc5, 0x9d, 0x81, 0x00, 0x00, 0x84, 0x00, 0x00, 0x00, 0x00, 0x00, 0x00,
  0x00, 0x00, 0x7f, 0x00, 0x5d, 0x43, 0x00, 0x84, 0x00, 0x00, 0x67, 0x67,
  0x67, 0x67, 0x90, 0xa3, 0x00, 0x72, 0x5d, 0x00, 0x9a, 0x72, 0xac, 0x72,
  0x00, 0x53, 0x00, 0x67, 0x00, 0x43, 0x00, 0x00, 0x00, 0x5d, 0x72, 0xb5,
  0x7f, 0x72, 0x00, 0x5d, 0x72, 0x00, 0x00, 0x5d, 0x00, 0x00, 0x53, 0x00,
  0x4b, 0xac, 0x00, 0x53, 0x00, 0x72, 0x67, 0x00, 0x00, 0x67, 0x00, 0xa3,
  0x72, 0x84, 0x00, 0x00, 0x00, 0x00, 0x00, 0x00, 0x00, 0x00, 0x00, 0x00,
  0x00, 0x5d, 0xa3, 0xb5, 0x00, 0x7f, 0x00, 0x67, 0x00, 0x9a, 0x00, 0x00,
  0x53, 0x00, 0x00, 0x00, 0x84, 0x90, 0xb5, 0x84, 0x72, 0x67, 0x00, 0x53,
  0x5d, 0x00, 0x00, 0xac, 0x00, 0x00, 0x90, 0x00, 0xbd, 0x00, 0x9a, 0xbd,
  0x72, 0x00, 0x67, 0x00, 0x00, 0x7f, 0xa3, 0xb5, 0x00, 0x00, 0x00, 0x90,
  0xbe, 0x0b, 0xff, 0xff, 0x00, 0x00, 0x02, 0x01, 0xac, 0x00, 0x00, 0x00,
  0x22, 0x00, 0x00, 0x00, 0x08, 0x00, 0x00, 0x00, 0xa8, 0x00, 0x00, 0x00,
  0x94, 0x00, 0x00, 0x00, 0x74, 0x69, 0x6e, 0x79, 0x5f, 0x6e, 0x69, 0x64,
  0x73, 0x5f, 0x74, 0x72, 0x61, 0x6e, 0x73, 0x66, 0x6f, 0x72, 0x6d, 0x65,
  0x72, 0x5f, 0x31, 0x2f, 0x65, 0x6e, 0x63, 0x6f, 0x64, 0x65, 0x72, 0x5f,
  0x62, 0x6c, 0x6f, 0x63, 0x6b, 0x5f, 0x30, 0x5f, 0x31, 0x2f, 0x73, 0x65,
  0x71, 0x75, 0x65, 0x6e, 0x74, 0x69, 0x61, 0x6c, 0x5f, 0x32, 0x5f, 0x31,
  0x2f, 0x64, 0x65, 0x6e, 0x73, 0x65, 0x5f, 0x31, 0x37, 0x5f, 0x31, 0x2f,
  0x52, 0x65, 0x6c, 0x75, 0x3b, 0x74, 0x69, 0x6e, 0x79, 0x5f, 0x6e, 0x69,
  0x64, 0x73, 0x5f, 0x74, 0x72, 0x61, 0x6e, 0x73, 0x66, 0x6f, 0x72, 0x6d,
  0x65, 0x72, 0x5f, 0x31, 0x2f, 0x65, 0x6e, 0x63, 0x6f, 0x64, 0x65, 0x72,
  0x5f, 0x62, 0x6c, 0x6f, 0x63, 0x6b, 0x5f, 0x30, 0x5f, 0x31, 0x2f, 0x73,
  0x65, 0x71, 0x75, 0x65, 0x6e, 0x74, 0x69, 0x61, 0x6c, 0x5f, 0x32, 0x5f,
  0x31, 0x2f, 0x64, 0x65, 0x6e, 0x73, 0x65, 0x5f, 0x31, 0x37, 0x5f, 0x31,
  0x2f, 0x42, 0x69, 0x61, 0x73, 0x41, 0x64, 0x64, 0x00, 0x00, 0x00, 0x00,
  0x01, 0x00, 0x00, 0x00, 0x80, 0x00, 0x00, 0x00, 0x94, 0x0f, 0xff, 0xff,
  0x0c, 0x04, 0x00, 0x00, 0x04, 0x00, 0x00, 0x00, 0x80, 0x00, 0x00, 0x00,
  0x00, 0x00, 0x00, 0x00, 0x00, 0x00, 0x00, 0x00, 0x00, 0x00, 0x00, 0x00,
  0x00, 0x00, 0x00, 0x00, 0x00, 0x00, 0x00, 0x00, 0x00, 0x00, 0x00, 0x00,
  0x00, 0x00, 0x00, 0x00, 0x00, 0x00, 0x00, 0x00, 0x00, 0x00, 0x00, 0x00,
  0x00, 0x00, 0x00, 0x00, 0x00, 0x00, 0x00, 0x00, 0x00, 0x00, 0x00, 0x00,
  0x00, 0x00, 0x00, 0x00, 0x00, 0x00, 0x00, 0x00, 0x00, 0x00, 0x00, 0x00,
  0x00, 0x00, 0x00, 0x00, 0x00, 0x00, 0x00, 0x00, 0x00, 0x00, 0x00, 0x00,
  0x00, 0x00, 0x00, 0x00, 0x00, 0x00, 0x00, 0x00, 0x00, 0x00, 0x00, 0x00,
  0x00, 0x00, 0x00, 0x00, 0x00, 0x00, 0x00, 0x00, 0x00, 0x00, 0x00, 0x00,
  0x00, 0x00, 0x00, 0x00, 0x00, 0x00, 0x00, 0x00, 0x00, 0x00, 0x00, 0x00,
  0x00, 0x00, 0x00, 0x00, 0x00, 0x00, 0x00, 0x00, 0x00, 0x00, 0x00, 0x00,
  0x00, 0x00, 0x00, 0x00, 0x00, 0x00, 0x00, 0x00, 0x00, 0x00, 0x00, 0x00,
  0x00, 0x00, 0x00, 0x00, 0x00, 0x00, 0x00, 0x00, 0x00, 0x00, 0x00, 0x00,
  0x00, 0x00, 0x00, 0x00, 0x00, 0x00, 0x00, 0x00, 0x00, 0x00, 0x00, 0x00,
  0x00, 0x00, 0x00, 0x00, 0x00, 0x00, 0x00, 0x00, 0x00, 0x00, 0x00, 0x00,
  0x00, 0x00, 0x00, 0x00, 0x00, 0x00, 0x00, 0x00, 0x00, 0x00, 0x00, 0x00,
  0x00, 0x00, 0x00, 0x00, 0x00, 0x00, 0x00, 0x00, 0x00, 0x00, 0x00, 0x00,
  0x00, 0x00, 0x00, 0x00, 0x00, 0x00, 0x00, 0x00, 0x00, 0x00, 0x00, 0x00,
  0x00, 0x00, 0x00, 0x00, 0x00, 0x00, 0x00, 0x00, 0x00, 0x00, 0x00, 0x00,
  0x00, 0x00, 0x00, 0x00, 0x00, 0x00, 0x00, 0x00, 0x00, 0x00, 0x00, 0x00,
  0x00, 0x00, 0x00, 0x00, 0x00, 0x00, 0x00, 0x00, 0x00, 0x00, 0x00, 0x00,
  0x00, 0x00, 0x00, 0x00, 0x00, 0x00, 0x00, 0x00, 0x00, 0x00, 0x00, 0x00,
  0x00, 0x00, 0x00, 0x00, 0x00, 0x00, 0x00, 0x00, 0x00, 0x00, 0x00, 0x00,
  0x00, 0x00, 0x00, 0x00, 0x00, 0x00, 0x00, 0x00, 0x00, 0x00, 0x00, 0x00,
  0x00, 0x00, 0x00, 0x00, 0x00, 0x00, 0x00, 0x00, 0x00, 0x00, 0x00, 0x00,
  0x00, 0x00, 0x00, 0x00, 0x00, 0x00, 0x00, 0x00, 0x00, 0x00, 0x00, 0x00,
  0x00, 0x00, 0x00, 0x00, 0x00, 0x00, 0x00, 0x00, 0x00, 0x00, 0x00, 0x00,
  0x00, 0x00, 0x00, 0x00, 0x00, 0x00, 0x00, 0x00, 0x00, 0x00, 0x00, 0x00,
  0x00, 0x00, 0x00, 0x00, 0x00, 0x00, 0x00, 0x00, 0x00, 0x00, 0x00, 0x00,
  0x00, 0x00, 0x00, 0x00, 0x00, 0x00, 0x00, 0x00, 0x00, 0x00, 0x00, 0x00,
  0x00, 0x00, 0x00, 0x00, 0x00, 0x00, 0x00, 0x00, 0x00, 0x00, 0x00, 0x00,
  0x00, 0x00, 0x00, 0x00, 0x00, 0x00, 0x00, 0x00, 0x00, 0x00, 0x00, 0x00,
  0x00, 0x00, 0x00, 0x00, 0x00, 0x00, 0x00, 0x00, 0x00, 0x00, 0x00, 0x00,
  0x00, 0x00, 0x00, 0x00, 0x00, 0x00, 0x00, 0x00, 0x00, 0x00, 0x00, 0x00,
  0x00, 0x00, 0x00, 0x00, 0x00, 0x00, 0x00, 0x00, 0x00, 0x00, 0x00, 0x00,
  0x00, 0x00, 0x00, 0x00, 0x00, 0x00, 0x00, 0x00, 0x00, 0x00, 0x00, 0x00,
  0x00, 0x00, 0x00, 0x00, 0x00, 0x00, 0x00, 0x00, 0x00, 0x00, 0x00, 0x00,
  0x00, 0x00, 0x00, 0x00, 0x00, 0x00, 0x00, 0x00, 0x00, 0x00, 0x00, 0x00,
  0x00, 0x00, 0x00, 0x00, 0x00, 0x00, 0x00, 0x00, 0x00, 0x00, 0x00, 0x00,
  0x00, 0x00, 0x00, 0x00, 0x00, 0x00, 0x00, 0x00, 0x00, 0x00, 0x00, 0x00,
  0x00, 0x00, 0x00, 0x00, 0x00, 0x00, 0x00, 0x00, 0x00, 0x00, 0x00, 0x00,
  0x00, 0x00, 0x00, 0x00, 0x00, 0x00, 0x00, 0x00, 0x00, 0x00, 0x00, 0x00,
  0x00, 0x00, 0x00, 0x00, 0x00, 0x00, 0x00, 0x00, 0x00, 0x00, 0x00, 0x00,
  0x00, 0x00, 0x00, 0x00, 0x00, 0x00, 0x00, 0x00, 0x00, 0x00, 0x00, 0x00,
  0x00, 0x00, 0x00, 0x00, 0x00, 0x00, 0x00, 0x00, 0x00, 0x00, 0x00, 0x00,
  0x00, 0x00, 0x00, 0x00, 0x00, 0x00, 0x00, 0x00, 0x00, 0x00, 0x00, 0x00,
  0x00, 0x00, 0x00, 0x00, 0x00, 0x00, 0x00, 0x00, 0x00, 0x00, 0x00, 0x00,
  0x00, 0x00, 0x00, 0x00, 0x00, 0x00, 0x00, 0x00, 0x00, 0x00, 0x00, 0x00,
  0x00, 0x00, 0x00, 0x00, 0x00, 0x00, 0x00, 0x00, 0x00, 0x00, 0x00, 0x00,
  0x00, 0x00, 0x00, 0x00, 0x00, 0x00, 0x00, 0x00, 0x00, 0x00, 0x00, 0x00,
  0x00, 0x00, 0x00, 0x00, 0x00, 0x00, 0x00, 0x00, 0x00, 0x00, 0x00, 0x00,
  0x00, 0x00, 0x00, 0x00, 0x00, 0x00, 0x00, 0x00, 0x00, 0x00, 0x00, 0x00,
  0x00, 0x00, 0x00, 0x00, 0x00, 0x00, 0x00, 0x00, 0x00, 0x00, 0x00, 0x00,
  0x00, 0x00, 0x00, 0x00, 0x00, 0x00, 0x00, 0x00, 0x00, 0x00, 0x00, 0x00,
  0x00, 0x00, 0x00, 0x00, 0x00, 0x00, 0x00, 0x00, 0x00, 0x00, 0x00, 0x00,
  0x00, 0x00, 0x00, 0x00, 0x00, 0x00, 0x00, 0x00, 0x00, 0x00, 0x00, 0x00,
  0x00, 0x00, 0x00, 0x00, 0x00, 0x00, 0x00, 0x00, 0x00, 0x00, 0x00, 0x00,
  0x00, 0x00, 0x00, 0x00, 0x00, 0x00, 0x00, 0x00, 0x00, 0x00, 0x00, 0x00,
  0x00, 0x00, 0x00, 0x00, 0x00, 0x00, 0x00, 0x00, 0x00, 0x00, 0x00, 0x00,
  0x00, 0x00, 0x00, 0x00, 0x00, 0x00, 0x00, 0x00, 0x00, 0x00, 0x00, 0x00,
  0x00, 0x00, 0x00, 0x00, 0x00, 0x00, 0x00, 0x00, 0x00, 0x00, 0x00, 0x00,
  0x00, 0x00, 0x00, 0x00, 0x00, 0x00, 0x00, 0x00, 0x00, 0x00, 0x00, 0x00,
  0x00, 0x00, 0x00, 0x00, 0x00, 0x00, 0x00, 0x00, 0x00, 0x00, 0x00, 0x00,
  0x00, 0x00, 0x00, 0x00, 0x00, 0x00, 0x00, 0x00, 0x00, 0x00, 0x00, 0x00,
  0x00, 0x00, 0x00, 0x00, 0x00, 0x00, 0x00, 0x00, 0x00, 0x00, 0x00, 0x00,
  0x00, 0x00, 0x00, 0x00, 0x00, 0x00, 0x00, 0x00, 0x00, 0x00, 0x00, 0x00,
  0x00, 0x00, 0x00, 0x00, 0x00, 0x00, 0x00, 0x00, 0x00, 0x00, 0x00, 0x00,
  0x00, 0x00, 0x00, 0x00, 0x00, 0x00, 0x00, 0x00, 0x00, 0x00, 0x00, 0x00,
  0x00, 0x00, 0x00, 0x00, 0x00, 0x00, 0x00, 0x00, 0x00, 0x00, 0x00, 0x00,
  0x00, 0x00, 0x00, 0x00, 0x00, 0x00, 0x00, 0x00, 0x00, 0x00, 0x00, 0x00,
  0x00, 0x00, 0x00, 0x00, 0x00, 0x00, 0x00, 0x00, 0x00, 0x00, 0x00, 0x00,
  0x00, 0x00, 0x00, 0x00, 0x00, 0x00, 0x00, 0x00, 0x00, 0x00, 0x00, 0x00,
  0x00, 0x00, 0x00, 0x00, 0x00, 0x00, 0x00, 0x00, 0x00, 0x00, 0x00, 0x00,
  0x00, 0x00, 0x00, 0x00, 0x00, 0x00, 0x00, 0x00, 0x00, 0x00, 0x00, 0x00,
  0x00, 0x00, 0x00, 0x00, 0x00, 0x00, 0x00, 0x00, 0x00, 0x00, 0x00, 0x00,
  0x00, 0x00, 0x00, 0x00, 0x00, 0x00, 0x00, 0x00, 0x00, 0x00, 0x00, 0x00,
  0x00, 0x00, 0x00, 0x00, 0x00, 0x00, 0x00, 0x00, 0x00, 0x00, 0x00, 0x00,
  0x00, 0x00, 0x00, 0x00, 0x00, 0x00, 0x00, 0x00, 0x00, 0x00, 0x00, 0x00,
  0x00, 0x00, 0x00, 0x00, 0x00, 0x00, 0x00, 0x00, 0x00, 0x00, 0x00, 0x00,
  0x00, 0x00, 0x00, 0x00, 0x00, 0x00, 0x00, 0x00, 0x00, 0x00, 0x00, 0x00,
  0x00, 0x00, 0x00, 0x00, 0x00, 0x00, 0x00, 0x00, 0x00, 0x00, 0x00, 0x00,
  0x00, 0x00, 0x00, 0x00, 0x00, 0x00, 0x00, 0x00, 0x00, 0x00, 0x00, 0x00,
  0x00, 0x00, 0x00, 0x00, 0x00, 0x00, 0x00, 0x00, 0x00, 0x00, 0x00, 0x00,
  0x00, 0x00, 0x00, 0x00, 0x00, 0x00, 0x00, 0x00, 0x00, 0x00, 0x00, 0x00,
  0x00, 0x00, 0x00, 0x00, 0x00, 0x00, 0x00, 0x00, 0x00, 0x00, 0x00, 0x00,
  0x00, 0x00, 0x00, 0x00, 0x00, 0x00, 0x00, 0x00, 0x00, 0x00, 0x00, 0x00,
  0x00, 0x00, 0x00, 0x00, 0x80, 0x00, 0x00, 0x00, 0x55, 0x74, 0x1a, 0x38,
  0x65, 0xbf, 0x1c, 0x38, 0x73, 0xee, 0x07, 0x38, 0x65, 0xbf, 0x1c, 0x38,
  0x65, 0xbf, 0x1c, 0x38, 0x65, 0xbf, 0x1c, 0x38, 0x55, 0x74, 0x1a, 0x38,
  0x65, 0xbf, 0x1c, 0x38, 0x73, 0xee, 0x07, 0x38, 0x55, 0x74, 0x1a, 0x38,
  0x73, 0xee, 0x07, 0x38, 0x65, 0xbf, 0x1c, 0x38, 0x55, 0x74, 0x1a, 0x38,
  0x73, 0xee, 0x07, 0x38, 0x55, 0x74, 0x1a, 0x38, 0x55, 0x74, 0x1a, 0x38,
  0xf4, 0xcf, 0xef, 0x37, 0x73, 0xee, 0x07, 0x38, 0x73, 0xee, 0x07, 0x38,
  0x65, 0xbf, 0x1c, 0x38, 0x73, 0xee, 0x07, 0x38, 0x73, 0xee, 0x07, 0x38,
  0x0a, 0x31, 0x05, 0x38, 0x65, 0xbf, 0x1c, 0x38, 0x55, 0x74, 0x1a, 0x38,
  0x65, 0xbf, 0x1c, 0x38, 0x65, 0xbf, 0x1c, 0x38, 0x73, 0xee, 0x07, 0x38,
  0x55, 0x74, 0x1a, 0x38, 0x65, 0xbf, 0x1c, 0x38, 0x73, 0xee, 0x07, 0x38,
  0x73, 0xee, 0x07, 0x38, 0x73, 0xee, 0x07, 0x38, 0x73, 0xee, 0x07, 0x38,
  0x0a, 0x31, 0x05, 0x38, 0x55, 0x74, 0x1a, 0x38, 0x65, 0xbf, 0x1c, 0x38,
  0x73, 0xee, 0x07, 0x38, 0x73, 0xee, 0x07, 0x38, 0x55, 0x74, 0x1a, 0x38,
  0x55, 0x74, 0x1a, 0x38, 0x0a, 0x31, 0x05, 0x38, 0x55, 0x74, 0x1a, 0x38,
  0x73, 0xee, 0x07, 0x38, 0x65, 0xbf, 0x1c, 0x38, 0x0a, 0x31, 0x05, 0x38,
  0x73, 0xee, 0x07, 0x38, 0x73, 0xee, 0x07, 0x38, 0x73, 0xee, 0x07, 0x38,
  0x73, 0xee, 0x07, 0x38, 0x65, 0xbf, 0x1c, 0x38, 0x55, 0x74, 0x1a, 0x38,
  0x65, 0xbf, 0x1c, 0x38, 0x73, 0xee, 0x07, 0x38, 0x55, 0x74, 0x1a, 0x38,
  0x65, 0xbf, 0x1c, 0x38, 0x55, 0x74, 0x1a, 0x38, 0x65, 0xbf, 0x1c, 0x38,
  0x65, 0xbf, 0x1c, 0x38, 0x65, 0xbf, 0x1c, 0x38, 0x65, 0xbf, 0x1c, 0x38,
  0x65, 0xbf, 0x1c, 0x38, 0x55, 0x74, 0x1a, 0x38, 0x65, 0xbf, 0x1c, 0x38,
  0x55, 0x74, 0x1a, 0x38, 0x55, 0x74, 0x1a, 0x38, 0x73, 0xee, 0x07, 0x38,
  0x65, 0xbf, 0x1c, 0x38, 0x65, 0xbf, 0x1c, 0x38, 0x73, 0xee, 0x07, 0x38,
  0x0a, 0x31, 0x05, 0x38, 0x0a, 0x31, 0x05, 0x38, 0x0a, 0x31, 0x05, 0x38,
  0x73, 0xee, 0x07, 0x38, 0x55, 0x74, 0x1a, 0x38, 0x73, 0xee, 0x07, 0x38,
  0x65, 0xbf, 0x1c, 0x38, 0x65, 0xbf, 0x1c, 0x38, 0x55, 0x74, 0x1a, 0x38,
  0x65, 0xbf, 0x1c, 0x38, 0x65, 0xbf, 0x1c, 0x38, 0x65, 0xbf, 0x1c, 0x38,
  0x73, 0xee, 0x07, 0x38, 0x55, 0x74, 0x1a, 0x38, 0x65, 0xbf, 0x1c, 0x38,
  0x65, 0xbf, 0x1c, 0x38, 0x55, 0x74, 0x1a, 0x38, 0x55, 0x74, 0x1a, 0x38,
  0x73, 0xee, 0x07, 0x38, 0x73, 0xee, 0x07, 0x38, 0x73, 0xee, 0x07, 0x38,
  0x73, 0xee, 0x07, 0x38, 0x65, 0xbf, 0x1c, 0x38, 0x65, 0xbf, 0x1c, 0x38,
  0x55, 0x74, 0x1a, 0x38, 0x65, 0xbf, 0x1c, 0x38, 0x55, 0x74, 0x1a, 0x38,
  0x65, 0xbf, 0x1c, 0x38, 0x73, 0xee, 0x07, 0x38, 0x0a, 0x31, 0x05, 0x38,
  0x73, 0xee, 0x07, 0x38, 0x65, 0xbf, 0x1c, 0x38, 0x65, 0xbf, 0x1c, 0x38,
  0x65, 0xbf, 0x1c, 0x38, 0x73, 0xee, 0x07, 0x38, 0x55, 0x74, 0x1a, 0x38,
  0x65, 0xbf, 0x1c, 0x38, 0x73, 0xee, 0x07, 0x38, 0x73, 0xee, 0x07, 0x38,
  0x73, 0xee, 0x07, 0x38, 0x55, 0x74, 0x1a, 0x38, 0x65, 0xbf, 0x1c, 0x38,
  0x65, 0xbf, 0x1c, 0x38, 0x73, 0xee, 0x07, 0x38, 0x73, 0xee, 0x07, 0x38,
  0x65, 0xbf, 0x1c, 0x38, 0x55, 0x74, 0x1a, 0x38, 0x65, 0xbf, 0x1c, 0x38,
  0x73, 0xee, 0x07, 0x38, 0x65, 0xbf, 0x1c, 0x38, 0x73, 0xee, 0x07, 0x38,
  0x55, 0x74, 0x1a, 0x38, 0x55, 0x74, 0x1a, 0x38, 0x65, 0xbf, 0x1c, 0x38,
  0x73, 0xee, 0x07, 0x38, 0x55, 0x74, 0x1a, 0x38, 0x73, 0xee, 0x07, 0x38,
  0x73, 0xee, 0x07, 0x38, 0x36, 0x12, 0xff, 0xff, 0x04, 0x00, 0x00, 0x00,
  0x00, 0x02, 0x00, 0x00, 0xec, 0xfe, 0xff, 0xff, 0x3f, 0x00, 0x00, 0x00,
  0x53, 0xfd, 0xff, 0xff, 0x91, 0x00, 0x00, 0x00, 0x13, 0xfe, 0xff, 0xff,
  0xc8, 0x00, 0x00, 0x00, 0xda, 0xff, 0xff, 0xff, 0x71, 0xff, 0xff, 0xff,
  0x80, 0xff, 0xff, 0xff, 0x7e, 0xfe, 0xff, 0xff, 0x79, 0xfe, 0xff, 0xff,
  0x22, 0x00, 0x00, 0x00, 0x97, 0xff, 0xff, 0xff, 0x41, 0xff, 0xff, 0xff,
  0x6e, 0xfe, 0xff, 0xff, 0xa8, 0xfe, 0xff, 0xff, 0x6d, 0xff, 0xff, 0xff,
  0x62, 0xff, 0xff, 0xff, 0xee, 0xfd, 0xff, 0xff, 0x8c, 0xff, 0xff, 0xff,
  0x01, 0xff, 0xff, 0xff, 0xb6, 0xfc, 0xff, 0xff, 0xfc, 0x00, 0x00, 0x00,
  0xf8, 0xff, 0xff, 0xff, 0xfe, 0xfd, 0xff, 0xff, 0x2e, 0x02, 0x00, 0x00,
  0xa5, 0xfe, 0xff, 0xff, 0xac, 0xff, 0xff, 0xff, 0xbc, 0xff, 0xff, 0xff,
  0x58, 0xfe, 0xff, 0xff, 0x5d, 0xfe, 0xff, 0xff, 0x0a, 0xfe, 0xff, 0xff,
  0xbf, 0xfd, 0xff, 0xff, 0x8b, 0x00, 0x00, 0x00, 0x80, 0xff, 0xff, 0xff,
  0x5c, 0x02, 0x00, 0x00, 0xc5, 0x01, 0x00, 0x00, 0x0b, 0x01, 0x00, 0x00,
  0x07, 0xff, 0xff, 0xff, 0xf7, 0x00, 0x00, 0x00, 0x4b, 0x00, 0x00, 0x00,
  0x66, 0xfe, 0xff, 0xff, 0xf0, 0xff, 0xff, 0xff, 0x5b, 0x00, 0x00, 0x00,
  0x87, 0xff, 0xff, 0xff, 0x4e, 0xfd, 0xff, 0xff, 0x7f, 0xff, 0xff, 0xff,
  0xe8, 0xff, 0xff, 0xff, 0xa0, 0xfe, 0xff, 0xff, 0x21, 0xff, 0xff, 0xff,
  0x03, 0x02, 0x00, 0x00, 0x0a, 0xfe, 0xff, 0xff, 0xb4, 0x00, 0x00, 0x00,
  0x3e, 0x00, 0x00, 0x00, 0x1c, 0xfe, 0xff, 0xff, 0x22, 0xff, 0xff, 0xff,
  0x89, 0xfe, 0xff, 0xff, 0xc6, 0xfd, 0xff, 0xff, 0xe5, 0x01, 0x00, 0x00,
  0xbd, 0x01, 0x00, 0x00, 0xb0, 0xfd, 0xff, 0xff, 0xb9, 0x00, 0x00, 0x00,
  0x44, 0xfd, 0xff, 0xff, 0xad, 0xff, 0xff, 0xff, 0x50, 0xfe, 0xff, 0xff,
  0x81, 0x00, 0x00, 0x00, 0x79, 0xff, 0xff, 0xff, 0xf8, 0xfb, 0xff, 0xff,
  0xe4, 0xfd, 0xff, 0xff, 0xc0, 0xff, 0xff, 0xff, 0x09, 0x00, 0x00, 0x00,
  0x2f, 0xff, 0xff, 0xff, 0x47, 0xff, 0xff, 0xff, 0xa8, 0xff, 0xff, 0xff,
  0x45, 0xff, 0xff, 0xff, 0x95, 0xff, 0xff, 0xff, 0x69, 0xff, 0xff, 0xff,
  0x0c, 0x00, 0x00, 0x00, 0x2d, 0x00, 0x00, 0x00, 0x48, 0x01, 0x00, 0x00,
  0x72, 0x01, 0x00, 0x00, 0xc3, 0xfb, 0xff, 0xff, 0x4a, 0xfd, 0xff, 0xff,
  0xe9, 0xfd, 0xff, 0xff, 0x14, 0x00, 0x00, 0x00, 0x5d, 0x02, 0x00, 0x00,
  0x4b, 0x02, 0x00, 0x00, 0x5f, 0xfe, 0xff, 0xff, 0xa7, 0xfe, 0xff, 0xff,
  0xdf, 0xff, 0xff, 0xff, 0x82, 0xff, 0xff, 0xff, 0x7c, 0x00, 0x00, 0x00,
  0x1c, 0x00, 0x00, 0x00, 0xe0, 0xfe, 0xff, 0xff, 0x11, 0x01, 0x00, 0x00,
  0x6b, 0xfe, 0xff, 0xff, 0x1d, 0xff, 0xff, 0xff, 0xa5, 0xfe, 0xff, 0xff,
  0xd2, 0xff, 0xff, 0xff, 0x58, 0xff, 0xff, 0xff, 0x69, 0xfe, 0xff, 0xff,
  0xcb, 0x01, 0x00, 0x00, 0x94, 0xff, 0xff, 0xff, 0xba, 0x00, 0x00, 0x00,
  0x6b, 0xff, 0xff, 0xff, 0x4a, 0xff, 0xff, 0xff, 0x00, 0x01, 0x00, 0x00,
  0xe2, 0xff, 0xff, 0xff, 0x65, 0xff, 0xff, 0xff, 0x53, 0x00, 0x00, 0x00,
  0xbf, 0xfd, 0xff, 0xff, 0xfb, 0xff, 0xff, 0xff, 0x45, 0x00, 0x00, 0x00,
  0xd2, 0xfe, 0xff, 0xff, 0xa0, 0xfe, 0xff, 0xff, 0x45, 0xfd, 0xff, 0xff,
  0x18, 0x01, 0x00, 0x00, 0x56, 0x00, 0x00, 0x00, 0x08, 0xff, 0xff, 0xff,
  0xfa, 0xfd, 0xff, 0xff, 0x4c, 0xff, 0xff, 0xff, 0x7d, 0xff, 0xff, 0xff,
  0xf1, 0xff, 0xff, 0xff, 0xf8, 0xfe, 0xff, 0xff, 0x1e, 0x01, 0x00, 0x00,
  0xec, 0xff, 0xff, 0xff, 0x24, 0xff, 0xff, 0xff, 0xde, 0x00, 0x00, 0x00,
  0x9a, 0x14, 0xff, 0xff, 0x00, 0x00, 0x09, 0x01, 0x6c, 0x00, 0x00, 0x00,
  0x21, 0x00, 0x00, 0x00, 0x08, 0x00, 0x00, 0x00, 0x6c, 0x00, 0x00, 0x00,
  0x54, 0x00, 0x00, 0x00, 0x74, 0x69, 0x6e, 0x79, 0x5f, 0x6e, 0x69, 0x64,
  0x73, 0x5f, 0x74, 0x72, 0x61, 0x6e, 0x73, 0x66, 0x6f, 0x72, 0x6d, 0x65,
  0x72, 0x5f, 0x31, 0x2f, 0x65, 0x6e, 0x63, 0x6f, 0x64, 0x65, 0x72, 0x5f,
  0x62, 0x6c, 0x6f, 0x63, 0x6b, 0x5f, 0x30, 0x5f, 0x31, 0x2f, 0x73, 0x65,
  0x71, 0x75, 0x65, 0x6e, 0x74, 0x69, 0x61, 0x6c, 0x5f, 0x32, 0x5f, 0x31,
  0x2f, 0x64, 0x65, 0x6e, 0x73, 0x65, 0x5f, 0x31, 0x38, 0x5f, 0x31, 0x2f,
  0x54, 0x65, 0x6e, 0x73, 0x6f, 0x72, 0x64, 0x6f, 0x74, 0x2f, 0x4d, 0x61,
  0x74, 0x4d, 0x75, 0x6c, 0x00, 0x00, 0x00, 0x00, 0x02, 0x00, 0x00, 0x00,
  0x40, 0x00, 0x00, 0x00, 0x80, 0x00, 0x00, 0x00, 0x34, 0x18, 0xff, 0xff,
  0x0c, 0x02, 0x00, 0x00, 0x04, 0x00, 0x00, 0x00, 0x40, 0x00, 0x00, 0x00,
  0x00, 0x00, 0x00, 0x00, 0x00, 0x00, 0x00, 0x00, 0x00, 0x00, 0x00, 0x00,
  0x00, 0x00, 0x00, 0x00, 0x00, 0x00, 0x00, 0x00, 0x00, 0x00, 0x00, 0x00,
  0x00, 0x00, 0x00, 0x00, 0x00, 0x00, 0x00, 0x00, 0x00, 0x00, 0x00, 0x00,
  0x00, 0x00, 0x00, 0x00, 0x00, 0x00, 0x00, 0x00, 0x00, 0x00, 0x00, 0x00,
  0x00, 0x00, 0x00, 0x00, 0x00, 0x00, 0x00, 0x00, 0x00, 0x00, 0x00, 0x00,
  0x00, 0x00, 0x00, 0x00, 0x00, 0x00, 0x00, 0x00, 0x00, 0x00, 0x00, 0x00,
  0x00, 0x00, 0x00, 0x00, 0x00, 0x00, 0x00, 0x00, 0x00, 0x00, 0x00, 0x00,
  0x00, 0x00, 0x00, 0x00, 0x00, 0x00, 0x00, 0x00, 0x00, 0x00, 0x00, 0x00,
  0x00, 0x00, 0x00, 0x00, 0x00, 0x00, 0x00, 0x00, 0x00, 0x00, 0x00, 0x00,
  0x00, 0x00, 0x00, 0x00, 0x00, 0x00, 0x00, 0x00, 0x00, 0x00, 0x00, 0x00,
  0x00, 0x00, 0x00, 0x00, 0x00, 0x00, 0x00, 0x00, 0x00, 0x00, 0x00, 0x00,
  0x00, 0x00, 0x00, 0x00, 0x00, 0x00, 0x00, 0x00, 0x00, 0x00, 0x00, 0x00,
  0x00, 0x00, 0x00, 0x00, 0x00, 0x00, 0x00, 0x00, 0x00, 0x00, 0x00, 0x00,
  0x00, 0x00, 0x00, 0x00, 0x00, 0x00, 0x00, 0x00, 0x00, 0x00, 0x00, 0x00,
  0x00, 0x00, 0x00, 0x00, 0x00, 0x00, 0x00, 0x00, 0x00, 0x00, 0x00, 0x00,
  0x00, 0x00, 0x00, 0x00, 0x00, 0x00, 0x00, 0x00, 0x00, 0x00, 0x00, 0x00,
  0x00, 0x00, 0x00, 0x00, 0x00, 0x00, 0x00, 0x00, 0x00, 0x00, 0x00, 0x00,
  0x00, 0x00, 0x00, 0x00, 0x00, 0x00, 0x00, 0x00, 0x00, 0x00, 0x00, 0x00,
  0x00, 0x00, 0x00, 0x00, 0x00, 0x00, 0x00, 0x00, 0x00, 0x00, 0x00, 0x00,
  0x00, 0x00, 0x00, 0x00, 0x00, 0x00, 0x00, 0x00, 0x00, 0x00, 0x00, 0x00,
  0x00, 0x00, 0x00, 0x00, 0x00, 0x00, 0x00, 0x00, 0x00, 0x00, 0x00, 0x00,
  0x00, 0x00, 0x00, 0x00, 0x00, 0x00, 0x00, 0x00, 0x00, 0x00, 0x00, 0x00,
  0x00, 0x00, 0x00, 0x00, 0x00, 0x00, 0x00, 0x00, 0x00, 0x00, 0x00, 0x00,
  0x00, 0x00, 0x00, 0x00, 0x00, 0x00, 0x00, 0x00, 0x00, 0x00, 0x00, 0x00,
  0x00, 0x00, 0x00, 0x00, 0x00, 0x00, 0x00, 0x00, 0x00, 0x00, 0x00, 0x00,
  0x00, 0x00, 0x00, 0x00, 0x00, 0x00, 0x00, 0x00, 0x00, 0x00, 0x00, 0x00,
  0x00, 0x00, 0x00, 0x00, 0x00, 0x00, 0x00, 0x00, 0x00, 0x00, 0x00, 0x00,
  0x00, 0x00, 0x00, 0x00, 0x00, 0x00, 0x00, 0x00, 0x00, 0x00, 0x00, 0x00,
  0x00, 0x00, 0x00, 0x00, 0x00, 0x00, 0x00, 0x00, 0x00, 0x00, 0x00, 0x00,
  0x00, 0x00, 0x00, 0x00, 0x00, 0x00, 0x00, 0x00, 0x00, 0x00, 0x00, 0x00,
  0x00, 0x00, 0x00, 0x00, 0x00, 0x00, 0x00, 0x00, 0x00, 0x00, 0x00, 0x00,
  0x00, 0x00, 0x00, 0x00, 0x00, 0x00, 0x00, 0x00, 0x00, 0x00, 0x00, 0x00,
  0x00, 0x00, 0x00, 0x00, 0x00, 0x00, 0x00, 0x00, 0x00, 0x00, 0x00, 0x00,
  0x00, 0x00, 0x00, 0x00, 0x00, 0x00, 0x00, 0x00, 0x00, 0x00, 0x00, 0x00,
  0x00, 0x00, 0x00, 0x00, 0x00, 0x00, 0x00, 0x00, 0x00, 0x00, 0x00, 0x00,
  0x00, 0x00, 0x00, 0x00, 0x00, 0x00, 0x00, 0x00, 0x00, 0x00, 0x00, 0x00,
  0x00, 0x00, 0x00, 0x00, 0x00, 0x00, 0x00, 0x00, 0x00, 0x00, 0x00, 0x00,
  0x00, 0x00, 0x00, 0x00, 0x00, 0x00, 0x00, 0x00, 0x00, 0x00, 0x00, 0x00,
  0x00, 0x00, 0x00, 0x00, 0x00, 0x00, 0x00, 0x00, 0x00, 0x00, 0x00, 0x00,
  0x00, 0x00, 0x00, 0x00, 0x00, 0x00, 0x00, 0x00, 0x00, 0x00, 0x00, 0x00,
  0x00, 0x00, 0x00, 0x00, 0x00, 0x00, 0x00, 0x00, 0x00, 0x00, 0x00, 0x00,
  0x00, 0x00, 0x00, 0x00, 0x00, 0x00, 0x00, 0x00, 0x00, 0x00, 0x00, 0x00,
  0x00, 0x00, 0x00, 0x00, 0x00, 0x00, 0x00, 0x00, 0x40, 0x00, 0x00, 0x00,
  0x1a, 0xf1, 0xdc, 0x3a, 0x1a, 0xf1, 0xdc, 0x3a, 0x41, 0x48, 0xd8, 0x3a,
  0x07, 0xda, 0xba, 0x3a, 0x1a, 0xf1, 0xdc, 0x3a, 0x1a, 0xf1, 0xdc, 0x3a,
  0x1a, 0xf1, 0xdc, 0x3a, 0x07, 0xda, 0xba, 0x3a, 0x1a, 0xf1, 0xdc, 0x3a,
  0x41, 0x48, 0xd8, 0x3a, 0x07, 0xda, 0xba, 0x3a, 0x41, 0x48, 0xd8, 0x3a,
  0x41, 0x48, 0xd8, 0x3a, 0x41, 0x48, 0xd8, 0x3a, 0x07, 0xda, 0xba, 0x3a,
  0x1a, 0xf1, 0xdc, 0x3a, 0x1a, 0xf1, 0xdc, 0x3a, 0x1a, 0xf1, 0xdc, 0x3a,
  0x41, 0x48, 0xd8, 0x3a, 0x41, 0x48, 0xd8, 0x3a, 0x07, 0xda, 0xba, 0x3a,
  0x1a, 0xf1, 0xdc, 0x3a, 0xf9, 0xc4, 0xb9, 0x3a, 0x1a, 0xf1, 0xdc, 0x3a,
  0x1a, 0xf1, 0xdc, 0x3a, 0x41, 0x48, 0xd8, 0x3a, 0x07, 0xda, 0xba, 0x3a,
  0x07, 0xda, 0xba, 0x3a, 0x41, 0x48, 0xd8, 0x3a, 0x07, 0xda, 0xba, 0x3a,
  0x41, 0x48, 0xd8, 0x3a, 0x07, 0xda, 0xba, 0x3a, 0x41, 0x48, 0xd8, 0x3a,
  0x07, 0xda, 0xba, 0x3a, 0x41, 0x48, 0xd8, 0x3a, 0x41, 0x48, 0xd8, 0x3a,
  0x1a, 0xf1, 0xdc, 0x3a, 0x07, 0xda, 0xba, 0x3a, 0x07, 0xda, 0xba, 0x3a,
  0x1a, 0xf1, 0xdc, 0x3a, 0x07, 0xda, 0xba, 0x3a, 0x41, 0x48, 0xd8, 0x3a,
  0x1a, 0xf1, 0xdc, 0x3a, 0x41, 0x48, 0xd8, 0x3a, 0x1a, 0xf1, 0xdc, 0x3a,
  0x1a, 0xf1, 0xdc, 0x3a, 0x07, 0xda, 0xba, 0x3a, 0x1a, 0xf1, 0xdc, 0x3a,
  0x1a, 0xf1, 0xdc, 0x3a, 0x1a, 0xf1, 0xdc, 0x3a, 0x1a, 0xf1, 0xdc, 0x3a,
  0x07, 0xda, 0xba, 0x3a, 0x07, 0xda, 0xba, 0x3a, 0x1a, 0xf1, 0xdc, 0x3a,
  0x41, 0x48, 0xd8, 0x3a, 0x1a, 0xf1, 0xdc, 0x3a, 0x1a, 0xf1, 0xdc, 0x3a,
  0x07, 0xda, 0xba, 0x3a, 0x07, 0xda, 0xba, 0x3a, 0x1a, 0xf1, 0xdc, 0x3a,
  0x07, 0xda, 0xba, 0x3a, 0x1a, 0xf1, 0xdc, 0x3a, 0x1a, 0xf1, 0xdc, 0x3a,
  0x1a, 0xf1, 0xdc, 0x3a, 0xd6, 0x17, 0xff, 0xff, 0x04, 0x00, 0x00, 0x00,
  0x00, 0x20, 0x00, 0x00, 0x00, 0x00, 0x60, 0xa0, 0x00, 0x00, 0x00, 0x00,
  0x00, 0x00, 0x00, 0x00, 0x47, 0x00, 0x00, 0xc1, 0x60, 0x00, 0xb1, 0xa9,
  0x00, 0x95, 0x4f, 0x6b, 0x3f, 0x00, 0x00, 0x00, 0x47, 0xb9, 0x00, 0xc8,
  0x00, 0xa9, 0x57, 0x00, 0x7f, 0x6b, 0xc8, 0x57, 0xc8, 0x00, 0x00, 0x00,
  0x38, 0x00, 0x4f, 0x00, 0xb1, 0x00, 0xa9, 0x00, 0x00, 0xa0, 0x00, 0x00,
  0xb9, 0x38, 0x00, 0x57, 0x00, 0x6b, 0x38, 0x6b, 0x3f, 0xc8, 0x00, 0x00,
  0x00, 0xc1, 0x4f, 0x00, 0x00, 0xb9, 0x00, 0x00, 0xa9, 0xb9, 0x00, 0x00,
  0x6b, 0x00, 0x57, 0xb9, 0x00, 0x00, 0xa9, 0x00, 0x00, 0x00, 0x60, 0x00,
  0xa9, 0x00, 0x60, 0x00, 0x38, 0x00, 0x00, 0x00, 0xb1, 0x6b, 0x00, 0x00,
  0x00, 0x00, 0x00, 0x00, 0x00, 0x00, 0x3f, 0xc1, 0x6b, 0x60, 0x00, 0x4f,
  0xb1, 0x00, 0xb9, 0x00, 0x00, 0x6b, 0xb9, 0x00, 0x00, 0x00, 0x00, 0x00,
  0x00, 0x00, 0xa9, 0x7f, 0x4f, 0x3f, 0x00, 0xb1, 0x00, 0xb9, 0x00, 0x00,
  0x6b, 0x4f, 0x00, 0x47, 0x00, 0x00, 0x00, 0x00, 0x3f, 0x38, 0xb9, 0x4f,
  0x00, 0x00, 0x00, 0x00, 0xc8, 0x00, 0x38, 0x4f, 0x00, 0x00, 0x00, 0x00,
  0x47, 0x00, 0x00, 0x00, 0x6b, 0x38, 0x38, 0xc1, 0x00, 0x00, 0x60, 0xc1,
  0xb1, 0x00, 0x38, 0x00, 0x00, 0x00, 0xc1, 0xc8, 0x00, 0x00, 0x00, 0x47,
  0x4f, 0x00, 0xb9, 0xb9, 0x00, 0x00, 0xa0, 0x47, 0x57, 0x00, 0x00, 0x00,
  0x00, 0x00, 0x6b, 0x00, 0x7f, 0xc8, 0x38, 0x57, 0xb1, 0x00, 0x60, 0x00,
  0x3f, 0x00, 0x00, 0xb9, 0x38, 0x00, 0x00, 0xa0, 0x00, 0x00, 0x00, 0xa9,
  0x00, 0x00, 0xa0, 0x00, 0x00, 0xa9, 0x00, 0x00, 0x7f, 0x00, 0x60, 0x00,
  0x60, 0x00, 0x00, 0x00, 0x00, 0x38, 0xb9, 0x00, 0x00, 0x00, 0x6b, 0x00,
  0x4f, 0xb9, 0x00, 0x38, 0x00, 0x47, 0x3f, 0x38, 0x59, 0xc0, 0x00, 0x81,
  0x59, 0x9e, 0xc0, 0xb8, 0xc0, 0x6e, 0x00, 0x93, 0x00, 0x00, 0x62, 0x62,
  0x39, 0x41, 0x00, 0x62, 0x00, 0x62, 0x00, 0x00, 0x00, 0x00, 0xaf, 0x00,
  0x41, 0x00, 0x39, 0x00, 0xa7, 0x62, 0x59, 0xaf, 0xa7, 0x00, 0x6e, 0x00,
  0x00, 0x00, 0xc7, 0x00, 0x00, 0x00, 0x00, 0x00, 0x49, 0x49, 0xb8, 0x00,
  0x00, 0x41, 0x00, 0xc0, 0xc0, 0xc7, 0x00, 0x00, 0x00, 0x00, 0x62, 0x00,
  0x00, 0x62, 0x00, 0x00, 0x00, 0x00, 0x39, 0x00, 0x00, 0x39, 0x00, 0x00,
  0x51, 0xb8, 0x00, 0x00, 0xc7, 0x00, 0xb8, 0x00, 0x00, 0x00, 0x00, 0x00,
  0x00, 0x41, 0x59, 0x62, 0x00, 0xaf, 0x00, 0x00, 0x00, 0x00, 0x00, 0x41,
  0xa7, 0x49, 0x49, 0x00, 0x00, 0x00, 0x00, 0x39, 0x49, 0x00, 0x59, 0x00,
  0x00, 0x00, 0x9e, 0xb8, 0xb8, 0xaf, 0xc7, 0xb8, 0x9e, 0x51, 0xb8, 0x00,
  0x62, 0x41, 0x00, 0x00, 0x00, 0xa2, 0x00, 0x00, 0x00, 0x00, 0x00, 0x42,
  0x00, 0x42, 0x71, 0x67, 0x67, 0xbe, 0x4b, 0x00, 0x00, 0xbe, 0x42, 0xb5,
  0x8e, 0x00, 0x00, 0xbe, 0x67, 0x00, 0x00, 0xbe, 0xac, 0x00, 0x00, 0x00,
  0xac, 0x00, 0xb5, 0x00, 0x00, 0x00, 0x54, 0x99, 0x00, 0x99, 0x00, 0xbe,
  0x5d, 0x99, 0xa2, 0x00, 0x00, 0x5d, 0xac, 0x8e, 0xbe, 0x00, 0x54, 0x00,
  0x00, 0x00, 0x00, 0x99, 0x00, 0xbe, 0xb5, 0x7f, 0x42, 0x99, 0xa2, 0x00,
  0x8e, 0x00, 0x00, 0x00, 0x42, 0x00, 0x00, 0x54, 0x00, 0xac, 0x00, 0x00,
  0x4b, 0x5d, 0x00, 0x8e, 0x00, 0x4b, 0x00, 0x99, 0x00, 0xbe, 0x67, 0x5d,
  0x00, 0x00, 0x00, 0x8e, 0x00, 0x8e, 0x8e, 0x42, 0x00, 0xac, 0x71, 0x71,
  0x00, 0x00, 0x00, 0x54, 0x00, 0x00, 0xac, 0x00, 0x4b, 0x00, 0x00, 0x00,
  0x54, 0x00, 0xac, 0x42, 0x00, 0x8e, 0x67, 0xa2, 0x00, 0x8e, 0x4b, 0x67,
  0x38, 0x4f, 0x00, 0x00, 0x60, 0x00, 0xc8, 0x00, 0x38, 0xc1, 0xc1, 0x00,
  0x00, 0x00, 0x00, 0x00, 0x00, 0xa0, 0x00, 0x38, 0x38, 0x00, 0x00, 0xb1,
  0x00, 0x60, 0xb1, 0x00, 0x00, 0x00, 0x00, 0x00, 0x00, 0x4f, 0xa0, 0x00,
  0xa9, 0x00, 0xb1, 0x00, 0xc1, 0xa0, 0x00, 0x47, 0x60, 0x00, 0x00, 0x3f,
  0x00, 0x00, 0xb9, 0x00, 0x00, 0xa9, 0x00, 0x00, 0xb1, 0xc8, 0x00, 0xa9,
  0x00, 0x00, 0x38, 0x6b, 0x00, 0x6b, 0x00, 0xc8, 0x00, 0x00, 0x95, 0x38,
  0xc8, 0xc1, 0x7f, 0x00, 0x00, 0xb1, 0xa9, 0x00, 0x38, 0x47, 0x00, 0x6b,
  0x00, 0x4f, 0x00, 0x00, 0x00, 0x00, 0x84, 0xb9, 0x57, 0xa0, 0x00, 0x47,
  0xa0, 0x00, 0xa9, 0x00, 0x95, 0xa0, 0x00, 0x4f, 0x00, 0xc1, 0xb9, 0xa9,
  0x00, 0x00, 0x00, 0x00, 0x00, 0x00, 0xb1, 0x95, 0x3f, 0x38, 0x00, 0x00,
  0x00, 0x00, 0xc8, 0xc1, 0xc8, 0xc8, 0x00, 0x00, 0x00, 0x60, 0x00, 0xb1,
  0x47, 0x00, 0x00, 0xc8, 0x00, 0x00, 0x60, 0x60, 0x4f, 0x6b, 0x00, 0x6b,
  0xa9, 0x00, 0x00, 0xc8, 0x00, 0x00, 0x00, 0x00, 0x60, 0x84, 0xc1, 0xc1,
  0x00, 0x00, 0xb9, 0x00, 0x00, 0x3f, 0x00, 0x47, 0x00, 0xc1, 0x00, 0x00,
  0x00, 0x47, 0x00, 0x84, 0x00, 0x38, 0xb1, 0x00, 0x7f, 0x00, 0x00, 0xb9,
  0xb1, 0xc8, 0x00, 0x6b, 0x00, 0x6b, 0x00, 0x00, 0x00, 0x00, 0x00, 0x00,
  0x3f, 0x57, 0x00, 0x60, 0x00, 0x00, 0x00, 0x00, 0xc1, 0x00, 0x00, 0x00,
  0x47, 0x4f, 0x00, 0xa9, 0x00, 0x00, 0x57, 0x00, 0x00, 0x7f, 0xb9, 0xb1,
  0x38, 0x38, 0x00, 0xb9, 0xc8, 0x00, 0xb1, 0x60, 0x00, 0x00, 0x00, 0x57,
  0xc1, 0x00, 0x60, 0x47, 0x57, 0xc1, 0x00, 0x00, 0xa9, 0x47, 0x00, 0x00,
  0x00, 0x00, 0xa9, 0x00, 0x00, 0x4f, 0x00, 0x4f, 0x7f, 0x38, 0x47, 0x00,
  0xc1, 0x00, 0x00, 0x00, 0x00, 0x00, 0xa0, 0xb1, 0x00, 0x6b, 0x00, 0x00,
  0x00, 0xa0, 0x00, 0x3f, 0x60, 0x00, 0x00, 0xc1, 0x00, 0x00, 0x00, 0x00,
  0x00, 0x60, 0xa0, 0x47, 0xb1, 0x4f, 0x6b, 0x00, 0xb9, 0x00, 0x47, 0x00,
  0x4f, 0x4f, 0x00, 0xa9, 0x00, 0x00, 0xc8, 0x00, 0x00, 0xa9, 0x00, 0x00,
  0x7f, 0x00, 0x00, 0x00, 0xc1, 0x00, 0x3f, 0x00, 0x00, 0xc1, 0xa9, 0x4f,
  0x00, 0x4f, 0x00, 0x6b, 0x60, 0xa0, 0x00, 0x57, 0x00, 0x00, 0x00, 0x00,
  0x00, 0x00, 0x00, 0x00, 0x00, 0x4f, 0x00, 0xc1, 0xb9, 0xa9, 0x00, 0x3f,
  0x00, 0x00, 0x00, 0x00, 0xa9, 0x47, 0x00, 0xa0, 0x57, 0x3f, 0x00, 0x57,
  0xb1, 0x00, 0x60, 0xb1, 0x00, 0x3f, 0x00, 0x00, 0x38, 0x00, 0x00, 0x00,
  0x00, 0x00, 0x00, 0x57, 0x00, 0x57, 0x00, 0xa9, 0xa9, 0x00, 0x00, 0x6b,
  0x00, 0x60, 0x00, 0x00, 0xc1, 0x00, 0xb1, 0x00, 0x00, 0x00, 0x00, 0x57,
  0x71, 0x00, 0x00, 0x00, 0x00, 0x00, 0x00, 0x7f, 0x00, 0x7f, 0x00, 0x5d,
  0x42, 0x00, 0x00, 0x00, 0x82, 0xac, 0x99, 0x00, 0xac, 0xa2, 0x8e, 0x00,
  0x00, 0x00, 0x00, 0xa2, 0x54, 0x00, 0x00, 0x7f, 0x00, 0xa2, 0x71, 0x00,
  0x7f, 0xb5, 0x54, 0x00, 0x42, 0x8e, 0x00, 0x4b, 0x5d, 0xb5, 0xac, 0x00,
  0x00, 0x7f, 0x00, 0xbe, 0x71, 0x00, 0xbe, 0x5d, 0x71, 0x5d, 0x00, 0x00,
  0x00, 0x00, 0x00, 0xac, 0x00, 0x00, 0x00, 0x5d, 0x00, 0x8e, 0x5d, 0x99,
  0x00, 0x00, 0x4b, 0x00, 0x00, 0x00, 0x71, 0x00, 0x00, 0x67, 0x00, 0x00,
  0x8e, 0x00, 0x00, 0x00, 0x00, 0x54, 0x8e, 0xb5, 0x00, 0x00, 0x99, 0x00,
  0x5d, 0x99, 0x8e, 0x00, 0x00, 0x71, 0x99, 0x00, 0x00, 0x00, 0x00, 0x67,
  0x4b, 0x00, 0x67, 0x4b, 0x54, 0x99, 0x00, 0x67, 0x5d, 0x00, 0x5d, 0x00,
  0x8e, 0x4b, 0x00, 0x5d, 0x99, 0xbe, 0x00, 0x71, 0x00, 0xb9, 0xc1, 0x00,
  0x00, 0x00, 0x00, 0x00, 0xc8, 0x00, 0x00, 0xb9, 0x00, 0x00, 0xb9, 0x57,
  0x4f, 0x00, 0x00, 0x3f, 0x3f, 0x4f, 0x00, 0xc8, 0x00, 0x00, 0xb1, 0x00,
  0x00, 0x00, 0x00, 0x00, 0x57, 0x3f, 0x00, 0x00, 0x00, 0x00, 0xa9, 0xa9,
  0x00, 0x00, 0xb1, 0x47, 0x6b, 0x00, 0xa9, 0x3f, 0xa9, 0x00, 0x7f, 0x00,
  0xa9, 0x57, 0xb9, 0x60, 0x00, 0x4f, 0x6b, 0xa0, 0x6b, 0x00, 0xa9, 0x00,
  0x00, 0x4f, 0x00, 0x00, 0x00, 0x00, 0x00, 0x00, 0x6b, 0x00, 0x00, 0x00,
  0x00, 0x3f, 0x00, 0x47, 0x00, 0xa0, 0x7f, 0x7f, 0x4f, 0x00, 0x00, 0xa9,
  0x00, 0x00, 0xa0, 0x00, 0x00, 0xa0, 0x00, 0x00, 0x00, 0x00, 0x00, 0xb1,
  0x00, 0x60, 0xa0, 0x57, 0x6b, 0x00, 0xc8, 0x6b, 0x00, 0xa0, 0x38, 0xc8,
  0x4f, 0x60, 0x00, 0x00, 0x00, 0x00, 0xc8, 0x00, 0x00, 0x3f, 0x3f, 0xb1,
  0x00, 0xb1, 0xc8, 0xb1, 0x00, 0x6e, 0x9e, 0x81, 0x00, 0x62, 0x39, 0x00,
  0x41, 0x00, 0x39, 0x00, 0x00, 0xa7, 0x9e, 0x00, 0x62, 0xa7, 0x39, 0xa7,
  0x00, 0x49, 0xb8, 0x41, 0x00, 0xaf, 0x9e, 0x62, 0xb8, 0x00, 0x00, 0x00,
  0x00, 0x00, 0x00, 0xc0, 0xc0, 0x00, 0x00, 0x62, 0x00, 0x00, 0x00, 0xaf,
  0xa7, 0x00, 0x41, 0x41, 0x00, 0x93, 0x00, 0xa7, 0x00, 0x00, 0x62, 0xb8,
  0xc0, 0x00, 0xc0, 0x59, 0x51, 0x9e, 0x6e, 0x9e, 0xa7, 0x49, 0x00, 0xc0,
  0x00, 0x00, 0x62, 0x39, 0x00, 0xc7, 0x00, 0x00, 0x00, 0x00, 0x00, 0x62,
  0x51, 0xc7, 0xaf, 0x93, 0x00, 0x00, 0xc7, 0x00, 0x00, 0x41, 0xc7, 0x51,
  0x00, 0x00, 0xaf, 0x00, 0x41, 0x00, 0x59, 0x00, 0x62, 0x9e, 0x00, 0x51,
  0xc7, 0xb8, 0x00, 0x6e, 0x59, 0x62, 0x59, 0xaf, 0x00, 0x00, 0x00, 0x62,
  0x00, 0x93, 0x00, 0x39, 0xc0, 0xaf, 0x00, 0x9e, 0x00, 0x00, 0x00, 0x49,
  0x00, 0x00, 0x99, 0x99, 0x54, 0x4b, 0x00, 0x99, 0xa2, 0xa2, 0x82, 0x00,
  0xac, 0x00, 0xa2, 0x54, 0x8e, 0x7f, 0x71, 0x67, 0x00, 0x00, 0xb5, 0x71,
  0x00, 0x00, 0x00, 0x00, 0x00, 0x00, 0x99, 0x00, 0x42, 0x00, 0x67, 0x67,
  0x00, 0x42, 0x4b, 0x71, 0x71, 0xbe, 0x00, 0xac, 0x00, 0x7f, 0x00, 0x00,
  0xb5, 0x67, 0x00, 0x00, 0x00, 0xb5, 0x00, 0xbe, 0x00, 0x4b, 0x00, 0x5d,
  0x67, 0x00, 0x00, 0x71, 0x4b, 0x71, 0x00, 0x00, 0xa2, 0xa2, 0xb5, 0x71,
  0xbe, 0x8e, 0x00, 0x00, 0xbe, 0x00, 0x71, 0xb5, 0x00, 0x67, 0x00, 0x00,
  0x54, 0xa2, 0x00, 0x00, 0x99, 0xa2, 0xac, 0x5d, 0x00, 0x00, 0x71, 0x00,
  0x00, 0x8e, 0xbe, 0x00, 0x00, 0x00, 0x71, 0x00, 0x5d, 0x99, 0x00, 0x4b,
  0x00, 0x8e, 0x00, 0x00, 0x00, 0xb5, 0x00, 0xac, 0x99, 0x7f, 0x00, 0x7f,
  0x54, 0x67, 0x00, 0x8e, 0x00, 0x00, 0x4b, 0x82, 0xaf, 0x00, 0x00, 0x00,
  0x00, 0x00, 0x00, 0x00, 0x39, 0x81, 0x00, 0x00, 0x00, 0x00, 0x00, 0x00,
  0x41, 0x00, 0x00, 0xc7, 0x00, 0xa7, 0x39, 0x41, 0x62, 0x00, 0x00, 0x00,
  0xb8, 0x39, 0x00, 0x00, 0x00, 0x00, 0x00, 0xa7, 0x00, 0xc7, 0x00, 0x00,
  0x00, 0x51, 0xb8, 0x81, 0x00, 0x41, 0x00, 0xc7, 0x00, 0xc7, 0x00, 0x00,
  0x51, 0x9e, 0xb8, 0x00, 0xb8, 0x00, 0x00, 0x00, 0x00, 0x00, 0x00, 0x00,
  0x51, 0x59, 0x00, 0x51, 0x00, 0x59, 0x39, 0x00, 0x00, 0x93, 0x49, 0x00,
  0x00, 0x51, 0x59, 0x81, 0x00, 0x00, 0x00, 0x39, 0xc7, 0x00, 0x00, 0x00,
  0x00, 0xaf, 0x00, 0x00, 0x6e, 0x00, 0x59, 0x59, 0x39, 0x93, 0xc7, 0x00,
  0x00, 0x81, 0x51, 0x00, 0x00, 0x51, 0x00, 0x00, 0x00, 0xb8, 0x00, 0xa7,
  0x00, 0x41, 0x93, 0xb8, 0xc7, 0x00, 0x00, 0x93, 0x00, 0x49, 0x00, 0x00,
  0xa7, 0x00, 0x49, 0x00, 0x00, 0xb8, 0x00, 0x49, 0x00, 0x00, 0x59, 0x9e,
  0x00, 0x51, 0xc0, 0x00, 0x93, 0x00, 0x00, 0x00, 0xc7, 0x93, 0x00, 0x00,
  0x00, 0x62, 0x9e, 0x00, 0x00, 0x00, 0x51, 0x00, 0x49, 0x00, 0xc7, 0x51,
  0x00, 0x00, 0x59, 0x00, 0x93, 0x00, 0x00, 0x00, 0xc7, 0x49, 0xa7, 0x6e,
  0x59, 0x51, 0x9e, 0x00, 0x59, 0x00, 0x81, 0x00, 0x00, 0x00, 0x00, 0x62,
  0x00, 0xa7, 0x51, 0x00, 0x00, 0x00, 0x51, 0x00, 0xc0, 0xb8, 0x00, 0x00,
  0x59, 0x9e, 0xc7, 0x00, 0xc7, 0x00, 0x00, 0x00, 0x93, 0xb8, 0x00, 0x00,
  0x59, 0x00, 0x00, 0x39, 0x00, 0x00, 0x00, 0x49, 0x00, 0x9e, 0x00, 0xc7,
  0x00, 0xb8, 0x41, 0x00, 0x59, 0x51, 0x00, 0x00, 0xb8, 0x00, 0x00, 0x00,
  0x51, 0xc7, 0x00, 0x00, 0x00, 0x00, 0xaf, 0x9e, 0x6e, 0xc7, 0x00, 0x62,
  0xc7, 0x00, 0x00, 0x00, 0x00, 0x59, 0x00, 0x00, 0xb8, 0x59, 0x00, 0xa7,
  0x00, 0x00, 0x00, 0x00, 0x00, 0x00, 0x00, 0x51, 0x00, 0x49, 0xb8, 0x00,
  0x00, 0xc7, 0x00, 0xb8, 0x00, 0x00, 0x62, 0x00, 0x93, 0x00, 0x49, 0x9e,
  0xb8, 0x00, 0x51, 0x00, 0x00, 0x93, 0x62, 0xc0, 0xc0, 0x00, 0xaf, 0x39,
  0x41, 0x00, 0x00, 0xc7, 0x00, 0x51, 0x00, 0x00, 0x39, 0x00, 0xaf, 0x00,
  0xaf, 0x00, 0x00, 0x00, 0x59, 0x62, 0x00, 0x49, 0xc7, 0xb8, 0x00, 0x62,
  0x00, 0x00, 0x00, 0xc7, 0x00, 0x00, 0x00, 0x49, 0xc7, 0xa7, 0x00, 0x62,
  0x00, 0xc0, 0x9e, 0x59, 0xc7, 0x49, 0x51, 0x51, 0x00, 0x00, 0x00, 0x51,
  0x00, 0x00, 0x00, 0x00, 0xc7, 0x00, 0x00, 0xc7, 0x00, 0x9e, 0x00, 0xc0,
  0x9e, 0x00, 0x62, 0x49, 0x00, 0x81, 0x00, 0x49, 0x00, 0x00, 0x00, 0x00,
  0x9e, 0xb8, 0x6e, 0x39, 0xb8, 0x49, 0xc0, 0x00, 0x00, 0x81, 0x00, 0xc0,
  0x49, 0x00, 0x00, 0x59, 0x00, 0x00, 0x59, 0x00, 0x82, 0x00, 0x00, 0x8e,
  0x00, 0x00, 0x67, 0x00, 0x00, 0x4b, 0x00, 0xac, 0xac, 0x00, 0x00, 0x00,
  0xbe, 0x4b, 0x00, 0x00, 0xac, 0x00, 0x00, 0x82, 0x00, 0x00, 0x42, 0x67,
  0x71, 0x42, 0xb5, 0x00, 0x00, 0x00, 0x00, 0x99, 0xa2, 0x00, 0x67, 0x67,
  0x82, 0x00, 0x54, 0x00, 0xac, 0x00, 0x71, 0x00, 0x4b, 0x54, 0x7f, 0x5d,
  0x5d, 0x54, 0x00, 0x00, 0x5d, 0x4b, 0x4b, 0x8e, 0x00, 0x00, 0x00, 0x82,
  0x00, 0x5d, 0xac, 0x71, 0xac, 0xb5, 0x00, 0x00, 0x5d, 0x4b, 0x00, 0x00,
  0x00, 0x00, 0xbe, 0x00, 0x00, 0x54, 0x00, 0x00, 0x00, 0xbe, 0x00, 0x71,
  0xb5, 0x00, 0x00, 0x00, 0x00, 0x4b, 0x00, 0xac, 0x00, 0xac, 0x00, 0x99,
  0x00, 0x82, 0x00, 0x4b, 0x00, 0x67, 0x00, 0x82, 0x71, 0x8e, 0x00, 0xb5,
  0x71, 0x00, 0xb5, 0x00, 0x00, 0x42, 0xbe, 0x67, 0x8e, 0x4b, 0x00, 0x00,
  0x99, 0x54, 0x00, 0x00, 0x47, 0x00, 0x47, 0xb1, 0x00, 0xb1, 0x00, 0x00,
  0xa9, 0xc8, 0x00, 0xb1, 0x4f, 0xc1, 0x00, 0x00, 0x00, 0x3f, 0xc1, 0x00,
  0x00, 0x00, 0x00, 0xa0, 0xc8, 0x3f, 0x00, 0x00, 0x00, 0x00, 0x00, 0xb9,
  0x00, 0x00, 0x3f, 0xa9, 0x00, 0x00, 0x00, 0x4f, 0x00, 0x00, 0x00, 0x00,
  0xa9, 0x57, 0xc1, 0x00, 0x00, 0x6b, 0x00, 0x47, 0x00, 0xc8, 0x00, 0xa0,
  0x47, 0x00, 0x00, 0xb9, 0x4f, 0x00, 0x57, 0xa0, 0x00, 0x00, 0x00, 0xc1,
  0x00, 0xa9, 0xb9, 0x3f, 0x00, 0x00, 0x3f, 0x00, 0x00, 0xb9, 0xa0, 0x6b,
  0x00, 0x7f, 0x57, 0x6b, 0x00, 0xa0, 0xc1, 0x3f, 0xb9, 0x00, 0xb1, 0x00,
  0x00, 0x60, 0xc8, 0x47, 0x4f, 0x00, 0xc1, 0x00, 0x00, 0x00, 0xb1, 0x4f,
  0xb1, 0xa0, 0x47, 0x00, 0x00, 0x00, 0x00, 0x00, 0x00, 0x47, 0x47, 0x00,
  0x00, 0x00, 0x00, 0x00, 0x00, 0x00, 0x00, 0xc1, 0x00, 0x6b, 0x00, 0x00,
  0x00, 0x4f, 0x00, 0xa0, 0x3f, 0x00, 0x00, 0xc1, 0x00, 0x00, 0x00, 0x4f,
  0x3f, 0x00, 0x3f, 0x00, 0x00, 0x00, 0xc8, 0x00, 0x57, 0x3f, 0x95, 0x38,
  0x00, 0x00, 0xa9, 0x7f, 0xa9, 0x00, 0x00, 0x00, 0x60, 0x00, 0xa9, 0x00,
  0x00, 0x47, 0x60, 0x60, 0x00, 0x3f, 0x00, 0x00, 0x00, 0xb9, 0x00, 0x00,
  0x00, 0xb1, 0x3f, 0x00, 0x00, 0xb1, 0x6b, 0xb1, 0x00, 0x6b, 0x00, 0x4f,
  0xc1, 0xa0, 0x38, 0xb1, 0x00, 0xb1, 0x3f, 0x00, 0x00, 0xa9, 0x00, 0xb1,
  0x47, 0x00, 0x00, 0xa9, 0xc8, 0x00, 0x00, 0x6b, 0x60, 0xa9, 0x00, 0x95,
  0xa9, 0x95, 0x00, 0x00, 0xc1, 0x57, 0xc1, 0x57, 0xa0, 0x00, 0x57, 0x57,
  0x84, 0x00, 0x38, 0x00, 0xc1, 0x4f, 0xb1, 0x57, 0x00, 0x60, 0x7f, 0x00,
  0xb9, 0x00, 0x00, 0x6b, 0xc1, 0x6b, 0x47, 0x00, 0x95, 0x00, 0x00, 0xb1,
  0xb1, 0x00, 0x4f, 0xa9, 0x57, 0x00, 0xa9, 0x00, 0x00, 0x00, 0x60, 0x00,
  0xb1, 0x00, 0x00, 0xb1, 0x38, 0x00, 0x4f, 0x60, 0x00, 0x57, 0x00, 0x00,
  0x60, 0xb9, 0x00, 0x00, 0x60, 0x00, 0x00, 0xa9, 0xb1, 0x00, 0x00, 0x00,
  0x00, 0xa9, 0xc1, 0x00, 0x4f, 0x00, 0x00, 0xa9, 0x00, 0x00, 0x00, 0x00,
  0x00, 0x60, 0x00, 0x00, 0x00, 0x6b, 0x38, 0xc8, 0x00, 0x00, 0x00, 0x3f,
  0xc8, 0xa0, 0x57, 0x00, 0x38, 0x00, 0x00, 0x3f, 0x00, 0x7f, 0x47, 0xa0,
  0x00, 0x57, 0x00, 0xc8, 0x00, 0x00, 0x00, 0x3f, 0xc8, 0x38, 0x4f, 0x00,
  0x00, 0xb9, 0xb1, 0x4f, 0x00, 0x3f, 0x3f, 0x00, 0xb9, 0x00, 0x60, 0xb9,
  0x00, 0x00, 0x47, 0x00, 0x60, 0x3f, 0xb1, 0xa0, 0xc1, 0x00, 0x3f, 0x3f,
  0x00, 0xb1, 0x47, 0x00, 0x00, 0x00, 0xb1, 0x00, 0x00, 0x00, 0xb1, 0x00,
  0x57, 0x47, 0x3f, 0x38, 0xc1, 0x00, 0x00, 0x00, 0x00, 0x4f, 0xb9, 0x00,
  0xc8, 0x00, 0x00, 0xb9, 0x62, 0x00, 0x00, 0x00, 0x00, 0xaf, 0x00, 0x00,
  0x00, 0xb8, 0x00, 0x00, 0x39, 0x00, 0x00, 0x00, 0x00, 0x00, 0x00, 0x51,
  0x00, 0x00, 0x93, 0x00, 0x6e, 0x6e, 0x39, 0x49, 0xa7, 0x59, 0x00, 0x00,
  0x00, 0x00, 0x00, 0x00, 0x00, 0x51, 0x00, 0x00, 0x00, 0x00, 0x00, 0x59,
  0x00, 0x00, 0x59, 0x62, 0x00, 0x59, 0x00, 0x00, 0xa7, 0x41, 0x00, 0x00,
  0x41, 0x51, 0x93, 0x49, 0x00, 0x00, 0x93, 0x00, 0x62, 0x9e, 0x00, 0x00,
  0x00, 0x9e, 0x00, 0x49, 0xa7, 0xa7, 0x59, 0x9e, 0xa7, 0x00, 0x00, 0xb8,
  0x00, 0xb8, 0x00, 0x00, 0x39, 0x00, 0x81, 0x00, 0x49, 0x00, 0x39, 0x00,
  0x9e, 0x41, 0x9e, 0x59, 0x51, 0x00, 0x62, 0x00, 0x00, 0xc7, 0x6e, 0x49,
  0x00, 0x00, 0x51, 0x00, 0x49, 0x00, 0xc7, 0x00, 0x51, 0x62, 0x00, 0x00,
  0xc0, 0x00, 0x00, 0x49, 0x41, 0x00, 0x51, 0x59, 0x41, 0x00, 0x00, 0x00,
  0x00, 0x51, 0x00, 0x00, 0x00, 0x62, 0xb8, 0x00, 0x41, 0x59, 0x51, 0x81,
  0x49, 0x00, 0x59, 0xb8, 0x00, 0x6e, 0x00, 0x6e, 0x00, 0x39, 0x00, 0x00,
  0x00, 0xc7, 0x49, 0x93, 0x00, 0x00, 0xc7, 0x00, 0x00, 0x00, 0x00, 0x00,
  0x00, 0x59, 0x00, 0x00, 0xb8, 0x00, 0x41, 0x9e, 0x00, 0x41, 0x00, 0xaf,
  0x00, 0xc0, 0x6e, 0x00, 0x00, 0x62, 0x00, 0x00, 0x00, 0x62, 0xc7, 0x00,
  0x00, 0x51, 0x00, 0x49, 0x00, 0x00, 0x00, 0x51, 0x62, 0x9e, 0x00, 0x00,
  0x00, 0xaf, 0x00, 0x51, 0x00, 0x00, 0x00, 0x00, 0x00, 0x49, 0xb8, 0x00,
  0x00, 0x00, 0x49, 0x00, 0x9e, 0xaf, 0x93, 0x49, 0x00, 0x49, 0x00, 0x51,
  0x00, 0x00, 0xaf, 0x00, 0x00, 0x00, 0x39, 0xa7, 0x00, 0x51, 0xa7, 0x00,
  0xc0, 0x59, 0xaf, 0x00, 0x93, 0x00, 0x00, 0x00, 0x00, 0x00, 0xaf, 0x49,
  0x51, 0x81, 0x6e, 0xb8, 0xb8, 0x00, 0x62, 0x00, 0x00, 0x5d, 0x8e, 0x00,
  0x00, 0x00, 0x67, 0xac, 0xac, 0x00, 0x00, 0x82, 0x00, 0x00, 0x00, 0x7f,
  0x00, 0x00, 0x00, 0x00, 0x42, 0x00, 0x00, 0x00, 0x00, 0x00, 0x00, 0xac,
  0x00, 0x00, 0x82, 0x4b, 0x00, 0x00, 0x00, 0x5d, 0x00, 0x8e, 0x00, 0x00,
  0x42, 0xbe, 0x00, 0x00, 0x00, 0x00, 0xac, 0x4b, 0x00, 0x00, 0x00, 0x00,
  0x8e, 0x71, 0x00, 0x00, 0x67, 0x00, 0x00, 0x99, 0x5d, 0x54, 0x00, 0x00,
  0x00, 0x00, 0x00, 0x00, 0x00, 0x67, 0x00, 0x00, 0xb5, 0x00, 0x00, 0x8e,
  0x67, 0x8e, 0x00, 0x00, 0x00, 0x8e, 0x7f, 0x71, 0xb5, 0x54, 0x5d, 0x67,
  0x00, 0x00, 0x8e, 0x00, 0x4b, 0x00, 0x42, 0x00, 0x00, 0x00, 0x00, 0x67,
  0x42, 0xb5, 0x00, 0xbe, 0x00, 0x54, 0xb5, 0x00, 0x00, 0xbe, 0x99, 0x00,
  0xa2, 0x8e, 0x00, 0xac, 0x00, 0x00, 0x5d, 0x00, 0xa2, 0x82, 0x7f, 0x5d,
  0x00, 0x00, 0x71, 0x67, 0xc1, 0x57, 0x00, 0xb9, 0x00, 0x00, 0x00, 0x95,
  0xa0, 0x3f, 0x00, 0x00, 0x00, 0x00, 0x00, 0x3f, 0x00, 0x47, 0x00, 0xb9,
  0xb9, 0x00, 0x00, 0xa9, 0x60, 0xb9, 0x00, 0xa9, 0x4f, 0x00, 0x00, 0x95,
  0x00, 0x00, 0x38, 0x00, 0x60, 0x00, 0x00, 0x00, 0xa9, 0x00, 0x00, 0x00,
  0xb9, 0x4f, 0x60, 0xa9, 0x00, 0x00, 0x00, 0x57, 0x3f, 0x60, 0x00, 0xa9,
  0xb9, 0x00, 0x4f, 0x00, 0x00, 0x47, 0x00, 0xc1, 0xb9, 0xa0, 0x00, 0x6b,
  0x00, 0x47, 0x00, 0x00, 0xc1, 0x57, 0x00, 0x00, 0x00, 0x00, 0x57, 0x00,
  0x00, 0x3f, 0x00, 0x00, 0x47, 0x00, 0x00, 0x4f, 0x4f, 0x00, 0x00, 0xb9,
  0x00, 0x3f, 0x00, 0x00, 0x00, 0xb1, 0xc8, 0x00, 0x60, 0x00, 0x00, 0xb1,
  0x7f, 0xb9, 0x00, 0xb1, 0xa0, 0x00, 0x00, 0xb9, 0xc8, 0x57, 0x00, 0x00,
  0xa0, 0xc1, 0x00, 0x6b, 0x00, 0x00, 0x57, 0x00, 0x38, 0x00, 0x47, 0x6b,
  0x00, 0xac, 0x00, 0x00, 0xbe, 0x67, 0x55, 0x98, 0x67, 0x00, 0x5e, 0x00,
  0x55, 0x4b, 0x00, 0x00, 0x72, 0x72, 0x55, 0x00, 0x00, 0xa2, 0x72, 0x00,
  0x00, 0x00, 0x00, 0x00, 0xac, 0x55, 0x00, 0x00, 0x00, 0x72, 0x00, 0x00,
  0x5e, 0x42, 0x42, 0x72, 0x00, 0x00, 0x5e, 0x00, 0x00, 0x98, 0x00, 0x00,
  0x67, 0x00, 0x00, 0x00, 0x42, 0x42, 0x00, 0x8e, 0x42, 0xac, 0x00, 0x00,
  0xb5, 0x8e, 0x00, 0x00, 0x72, 0x55, 0xbe, 0xac, 0xa2, 0x8e, 0x00, 0x98,
  0x81, 0x00, 0x55, 0x55, 0xa2, 0x00, 0xb5, 0x00, 0x4b, 0x00, 0x00, 0x00,
  0x00, 0x00, 0x00, 0x00, 0x81, 0x72, 0xa2, 0x5e, 0x00, 0x00, 0xac, 0x5e,
  0x00, 0x00, 0x72, 0x00, 0x00, 0x00, 0x00, 0x00, 0x00, 0x00, 0x00, 0xbe,
  0x42, 0x00, 0xac, 0xa2, 0x67, 0x00, 0x5e, 0x00, 0x00, 0x55, 0x00, 0x5e,
  0xb5, 0x8e, 0x00, 0x00, 0x81, 0x8e, 0x8e, 0x00, 0xb1, 0x4f, 0x00, 0x3f,
  0x00, 0x60, 0x00, 0x57, 0xc8, 0x00, 0x00, 0x60, 0x00, 0x57, 0x00, 0xa0,
  0xb9, 0xb9, 0x00, 0xc8, 0x38, 0x00, 0x00, 0x00, 0x00, 0x00, 0x00, 0x60,
  0x00, 0x3f, 0x00, 0x00, 0xc1, 0xb9, 0x00, 0x00, 0x00, 0xc8, 0xc8, 0x4f,
  0x00, 0x00, 0x00, 0x00, 0x3f, 0x00, 0x3f, 0x38, 0x00, 0xa9, 0x00, 0xb1,
  0x4f, 0x57, 0x4f, 0x00, 0x00, 0x00, 0x00, 0x00, 0x00, 0xb1, 0x3f, 0x00,
  0x00, 0x6b, 0xb1, 0x47, 0x6b, 0xa9, 0xb9, 0x38, 0x4f, 0x00, 0x4f, 0x57,
  0xb1, 0x00, 0x00, 0x00, 0x47, 0x00, 0x7f, 0x00, 0x00, 0xc1, 0xb1, 0x3f,
  0x4f, 0xc1, 0x00, 0x00, 0x4f, 0xc1, 0x00, 0x57, 0x00, 0x00, 0xb1, 0x00,
  0x00, 0x00, 0x60, 0x00, 0x00, 0xa9, 0x00, 0x00, 0x00, 0x00, 0xa9, 0x00,
  0xb1, 0xc1, 0x00, 0x00, 0x00, 0x6b, 0x3f, 0x00, 0xb9, 0x60, 0x00, 0x38,
  0x00, 0xc1, 0xa0, 0x47, 0xc1, 0x00, 0xa9, 0x00, 0x7f, 0x00, 0x95, 0x3f,
  0xc1, 0x00, 0x47, 0xb9, 0xb9, 0xc1, 0x00, 0xa0, 0x00, 0x6b, 0x3f, 0x00,
  0x38, 0x00, 0x4f, 0x60, 0x00, 0x47, 0xc8, 0x00, 0x00, 0x00, 0x00, 0xc8,
  0xb1, 0x47, 0xc1, 0xb1, 0x00, 0x00, 0x00, 0x4f, 0x00, 0x60, 0x00, 0x57,
  0x4f, 0x00, 0xb1, 0xb9, 0xc1, 0xc1, 0xa0, 0x00, 0x00, 0x4f, 0x00, 0xc1,
  0xc8, 0x00, 0x00, 0xa0, 0x00, 0xa0, 0x57, 0x3f, 0xc8, 0x00, 0x00, 0x95,
  0x00, 0xc1, 0x00, 0x00, 0x60, 0x00, 0x3f, 0x00, 0x84, 0x00, 0x00, 0x00,
  0xc1, 0x00, 0xb1, 0x4f, 0x57, 0x00, 0x00, 0x00, 0x00, 0xc1, 0x00, 0x00,
  0x00, 0xb9, 0xb9, 0x00, 0x00, 0xa0, 0xc8, 0x4f, 0x00, 0x4f, 0x57, 0x00,
  0xa9, 0x00, 0x00, 0x00, 0x6b, 0x00, 0xc8, 0x00, 0x3f, 0x00, 0x00, 0xb1,
  0x00, 0x7f, 0xb9, 0x47, 0x00, 0xa0, 0xc1, 0x00, 0x57, 0x00, 0xa9, 0x00,
  0x00, 0x51, 0x00, 0x00, 0x51, 0x00, 0x00, 0x59, 0xa7, 0x00, 0x49, 0x00,
  0x00, 0x39, 0x6e, 0x00, 0x00, 0x00, 0xaf, 0x9e, 0x49, 0x93, 0x62, 0x00,
  0x93, 0xb8, 0x51, 0x00, 0x93, 0x41, 0x00, 0x00, 0x00, 0x00, 0x00, 0x6e,
  0x59, 0xaf, 0x00, 0x51, 0x00, 0xa7, 0x00, 0x00, 0x9e, 0xb8, 0x00, 0x41,
  0xaf, 0xaf, 0x00, 0x00, 0x62, 0x6e, 0x00, 0x6e, 0x62, 0x00, 0x59, 0x00,
  0x00, 0x9e, 0x00, 0x51, 0x59, 0x41, 0x00, 0xb8, 0x00, 0x00, 0xaf, 0x00,
  0x51, 0x00, 0x00, 0x00, 0xc0, 0x51, 0xb8, 0x93, 0xc7, 0x00, 0xa7, 0x00,
  0x00, 0x39, 0x00, 0x00, 0xa7, 0x41, 0x41, 0x59, 0x00, 0x00, 0x00, 0xaf,
  0xc0, 0x00, 0x49, 0x00, 0x00, 0xaf, 0x00, 0x00, 0x00, 0x00, 0x9e, 0x00,
  0x00, 0x00, 0x39, 0x00, 0x81, 0x00, 0x00, 0x51, 0x6e, 0x00, 0x62, 0xaf,
  0x00, 0x00, 0x00, 0x00, 0x00, 0x00, 0x00, 0x00, 0x5d, 0xbe, 0x00, 0x00,
  0x00, 0x67, 0x00, 0x5d, 0x00, 0x00, 0x00, 0x00, 0x67, 0x4b, 0x00, 0x00,
  0x00, 0x00, 0xb5, 0x00, 0x00, 0xa2, 0x00, 0x00, 0x00, 0x00, 0x00, 0x00,
  0x00, 0x4b, 0x00, 0xbe, 0x00, 0x00, 0x00, 0x00, 0x00, 0xbe, 0x71, 0x00,
  0x00, 0xac, 0x4b, 0x00, 0xa2, 0x82, 0x00, 0x00, 0x00, 0xb5, 0x5d, 0xb5,
  0xbe, 0x00, 0x8e, 0x42, 0x00, 0x54, 0xbe, 0x00, 0xbe, 0x00, 0x4b, 0x00,
  0x00, 0x00, 0x00, 0x00, 0x4b, 0x00, 0x67, 0x00, 0x5d, 0x00, 0xa2, 0x00,
  0x00, 0x00, 0x42, 0x00, 0xb5, 0xa2, 0x4b, 0x5d, 0x4b, 0x00, 0x00, 0x5d,
  0x00, 0xac, 0x00, 0x00, 0x00, 0x00, 0x4b, 0xa2, 0x99, 0x71, 0x71, 0x00,
  0x4b, 0x00, 0xbe, 0xbe, 0xa2, 0x82, 0x42, 0x4b, 0x00, 0x7f, 0x99, 0xa2,
  0x00, 0x00, 0x00, 0x67, 0x00, 0x00, 0x00, 0x00, 0x99, 0x00, 0x00, 0x5d,
  0x00, 0x00, 0x00, 0x00, 0x71, 0x00, 0x99, 0x54, 0x99, 0x00, 0x00, 0xbe,
  0xac, 0x00, 0x00, 0x7f, 0x00, 0x8e, 0x00, 0x8e, 0x5d, 0x8e, 0x00, 0x99,
  0x67, 0x00, 0xac, 0x00, 0x00, 0x00, 0x99, 0x8e, 0x67, 0x00, 0x00, 0xb5,
  0x00, 0x00, 0x00, 0x00, 0x42, 0x67, 0xbe, 0x54, 0x00, 0x67, 0x00, 0x54,
  0x00, 0x00, 0xbe, 0xac, 0x00, 0x67, 0x00, 0x00, 0x71, 0x00, 0x00, 0x00,
  0x5d, 0x54, 0x00, 0x00, 0x7f, 0x00, 0x67, 0xb5, 0x00, 0x5d, 0x54, 0x5d,
  0x42, 0x00, 0x00, 0x8e, 0x99, 0x42, 0x4b, 0x54, 0x00, 0x00, 0x67, 0xb5,
  0x00, 0x00, 0x00, 0x00, 0x00, 0x71, 0xb5, 0x54, 0xa2, 0x54, 0xbe, 0xa2,
  0x5d, 0x54, 0x00, 0x99, 0x54, 0xac, 0x00, 0x00, 0x8e, 0x00, 0x54, 0x54,
  0x71, 0x5d, 0x00, 0x00, 0xbe, 0x00, 0x00, 0xbe, 0x00, 0x00, 0xbe, 0xbe,
  0x00, 0x00, 0x5d, 0x00, 0x00, 0xa2, 0x00, 0x00, 0x54, 0x67, 0x00, 0x71,
  0x00, 0x00, 0x00, 0x00, 0x00, 0x00, 0x00, 0x41, 0x00, 0x00, 0x59, 0xa7,
  0x00, 0x93, 0x00, 0x00, 0x00, 0x9e, 0x00, 0x51, 0x00, 0x00, 0xaf, 0x41,
  0x51, 0xa7, 0x00, 0x62, 0x39, 0x59, 0x51, 0x00, 0x49, 0x62, 0xb8, 0x59,
  0x00, 0x39, 0x00, 0x00, 0x00, 0x51, 0x59, 0x81, 0x00, 0x59, 0x00, 0x62,
  0x00, 0x00, 0x00, 0x00, 0x00, 0x00, 0x00, 0x41, 0x00, 0x00, 0x59, 0x49,
  0x00, 0xa7, 0x00, 0x00, 0x00, 0x00, 0x49, 0x00, 0xb8, 0xa7, 0x00, 0x00,
  0x39, 0x00, 0xa7, 0x00, 0x39, 0x00, 0xc7, 0x93, 0x00, 0xc0, 0x51, 0xc0,
  0x00, 0xc0, 0x49, 0x00, 0x59, 0x49, 0x00, 0x00, 0x00, 0x00, 0x51, 0x00,
  0x00, 0x00, 0xc7, 0x00, 0x59, 0x00, 0xa7, 0x93, 0x00, 0x00, 0x00, 0x62,
  0x51, 0x6e, 0x93, 0x00, 0xc0, 0x00, 0x93, 0x41, 0x00, 0xc0, 0x00, 0xc0,
  0x00, 0x00, 0x00, 0xc7, 0x00, 0x00, 0x00, 0xb8, 0xb5, 0x67, 0x54, 0x00,
  0x00, 0x00, 0xb5, 0x00, 0x4b, 0x00, 0x00, 0x54, 0x71, 0x00, 0x00, 0x00,
  0x00, 0x00, 0x54, 0x82, 0x00, 0x4b, 0x5d, 0x00, 0x00, 0x42, 0x4b, 0xac,
  0x00, 0x5d, 0x00, 0x00, 0x00, 0x00, 0x99, 0x00, 0x5d, 0x00, 0x00, 0x00,
  0x5d, 0x00, 0xb5, 0x00, 0x42, 0x5d, 0x67, 0x7f, 0xb5, 0x82, 0x5d, 0x00,
  0x00, 0x71, 0x42, 0x5d, 0xa2, 0x82, 0x00, 0x82, 0xbe, 0xa2, 0x00, 0x00,
  0x00, 0x54, 0x00, 0x00, 0xb5, 0xa2, 0x00, 0x00, 0x4b, 0xbe, 0x00, 0xb5,
  0x42, 0x8e, 0x4b, 0x00, 0x00, 0xbe, 0xbe, 0x00, 0x4b, 0x8e, 0x00, 0x00,
  0x5d, 0x00, 0x00, 0x00, 0x71, 0x54, 0xac, 0x82, 0x00, 0xbe, 0x00, 0x99,
  0x4b, 0x82, 0xac, 0x67, 0x00, 0x82, 0xac, 0x00, 0xa2, 0x67, 0x99, 0x42,
  0x00, 0x00, 0x54, 0x00, 0x99, 0x00, 0x99, 0xa2, 0x00, 0x00, 0x5d, 0x00,
  0xa2, 0x00, 0x00, 0x00, 0x39, 0x9e, 0x00, 0x00, 0x41, 0x93, 0x00, 0x00,
  0x00, 0x62, 0x00, 0x6e, 0x00, 0x00, 0x41, 0x51, 0x51, 0x00, 0x00, 0x49,
  0x00, 0x00, 0x00, 0x51, 0x9e, 0x62, 0xc0, 0x00, 0x00, 0x49, 0xaf, 0x41,
  0x00, 0xa7, 0x00, 0x00, 0x59, 0x00, 0x00, 0x00, 0x41, 0xb8, 0x62, 0x00,
  0x39, 0x51, 0x00, 0x00, 0xa7, 0xb8, 0x00, 0xb8, 0x00, 0x59, 0x00, 0x00,
  0x00, 0x00, 0x00, 0x41, 0x39, 0x93, 0x00, 0x51, 0x00, 0x00, 0xa7, 0x00,
  0x00, 0x49, 0x00, 0x00, 0x00, 0x41, 0x00, 0xc0, 0x49, 0x00, 0x00, 0x00,
  0x00, 0x00, 0xc0, 0x00, 0xa7, 0x00, 0xc0, 0xc7, 0x00, 0x00, 0x59, 0x49,
  0x00, 0x9e, 0xc0, 0x00, 0x00, 0x00, 0xc0, 0xc7, 0x00, 0x39, 0x51, 0xc0,
  0x00, 0x00, 0x49, 0x62, 0xaf, 0x00, 0x00, 0x41, 0x00, 0x00, 0x00, 0x59,
  0x00, 0x81, 0x59, 0x59, 0x39, 0x41, 0x00, 0x00, 0x9e, 0x00, 0x00, 0x00,
  0x00, 0xa2, 0x5d, 0x00, 0xb5, 0x00, 0x4b, 0x00, 0x00, 0x00, 0x00, 0x5d,
  0x71, 0x8e, 0x5d, 0x5d, 0xbe, 0x00, 0x54, 0x54, 0x00, 0x4b, 0xa2, 0x00,
  0x54, 0x42, 0x00, 0x71, 0x67, 0x00, 0x67, 0xa2, 0x00, 0x00, 0x00, 0x00,
  0x00, 0x8e, 0xbe, 0x00, 0x71, 0xb5, 0x00, 0x00, 0xa2, 0x00, 0x00, 0xb5,
  0x00, 0x00, 0x00, 0x00, 0x00, 0x00, 0x71, 0x71, 0x00, 0x00, 0x00, 0xb5,
  0xa2, 0x00, 0x00, 0xbe, 0x00, 0x00, 0x00, 0xb5, 0x5d, 0xa2, 0x7f, 0x71,
  0xac, 0x00, 0x54, 0x00, 0x00, 0x00, 0x00, 0x99, 0x00, 0x00, 0x00, 0x00,
  0xbe, 0x7f, 0xbe, 0xa2, 0x00, 0x00, 0x00, 0xa2, 0x00, 0xac, 0x54, 0x5d,
  0xb5, 0x00, 0x00, 0xb5, 0x54, 0x00, 0x00, 0x82, 0x00, 0x99, 0x99, 0x00,
  0x00, 0x00, 0x54, 0x5d, 0x42, 0x00, 0x00, 0xb5, 0xa2, 0x54, 0x00, 0x00,
  0x71, 0x00, 0x00, 0xb5, 0x99, 0x82, 0x00, 0xa2, 0x00, 0x00, 0xaf, 0x93,
  0x51, 0x93, 0x00, 0x00, 0x00, 0x00, 0x9e, 0x00, 0x9e, 0x00, 0x00, 0x00,
  0x51, 0x41, 0x00, 0x00, 0x00, 0x6e, 0x00, 0x41, 0xa7, 0x00, 0xc0, 0x00,
  0x49, 0x00, 0x00, 0x9e, 0x00, 0xc0, 0xaf, 0xc0, 0x00, 0x00, 0x00, 0xa7,
  0x00, 0x49, 0x00, 0x00, 0xc0, 0x51, 0x59, 0x00, 0x51, 0x00, 0x00, 0x00,
  0x62, 0x62, 0x00, 0x00, 0xb8, 0x00, 0x00, 0x00, 0x00, 0x00, 0xc0, 0x51,
  0x00, 0x00, 0x00, 0x51, 0x00, 0xc7, 0xb8, 0x39, 0x00, 0x62, 0x81, 0x00,
  0x00, 0x00, 0x93, 0x93, 0x51, 0x00, 0x93, 0xb8, 0x00, 0x00, 0x49, 0x39,
  0x00, 0xc7, 0x51, 0x00, 0x00, 0x00, 0x9e, 0x00, 0x51, 0x00, 0xa7, 0x62,
  0x00, 0xc7, 0x6e, 0xaf, 0x39, 0xc0, 0x00, 0x41, 0x00, 0x93, 0xaf, 0x00,
  0x00, 0x00, 0x59, 0x49, 0x00, 0xc7, 0x00, 0x41, 0xc0, 0x00, 0x41, 0x00,
  0x00, 0x00, 0x59, 0x00, 0x71, 0x00, 0x7f, 0x00, 0x99, 0x99, 0x7f, 0x42,
  0x00, 0xa2, 0x8e, 0x00, 0x00, 0x67, 0x00, 0x54, 0xb5, 0x00, 0x00, 0x00,
  0x00, 0x67, 0x00, 0x00, 0xac, 0x00, 0x54, 0x00, 0xa2, 0x4b, 0x8e, 0x8e,
  0x99, 0x00, 0x00, 0x00, 0x00, 0xa2, 0x67, 0x42, 0x00, 0x00, 0x00, 0xac,
  0x00, 0xa2, 0x00, 0x00, 0xa2, 0x54, 0x67, 0x00, 0x00, 0xb5, 0x00, 0x00,
  0x00, 0x8e, 0x99, 0x54, 0x42, 0x00, 0x00, 0x00, 0x00, 0x00, 0x00, 0x00,
  0x7f, 0xac, 0xb5, 0xb5, 0x71, 0x00, 0x5d, 0x67, 0x00, 0x00, 0xac, 0x00,
  0x00, 0x8e, 0xb5, 0x54, 0x67, 0x00, 0x00, 0xac, 0x8e, 0x4b, 0x00, 0x8e,
  0x00, 0xac, 0x5d, 0x00, 0x42, 0xbe, 0x00, 0x00, 0x00, 0x00, 0x00, 0x7f,
  0xb5, 0x71, 0x00, 0x00, 0x00, 0x00, 0x42, 0x00, 0xa2, 0x00, 0xb5, 0x8e,
  0x42, 0x00, 0x00, 0x00, 0x99, 0x4b, 0x00, 0x99, 0x00, 0x00, 0x00, 0x00,
  0x00, 0xc7, 0xc7, 0x81, 0x00, 0xaf, 0x00, 0x39, 0xaf, 0x62, 0x51, 0x00,
  0xc7, 0x00, 0xc0, 0x00, 0x00, 0x59, 0x41, 0x00, 0x00, 0x00, 0xaf, 0x00,
  0x00, 0x51, 0x59, 0x00, 0x6e, 0x62, 0xc7, 0xaf, 0x00, 0x00, 0x00, 0x9e,
  0x9e, 0x6e, 0x00, 0x62, 0x51, 0x00, 0x39, 0x00, 0x51, 0x00, 0x00, 0x39,
  0x00, 0x00, 0x00, 0x59, 0x00, 0xc0, 0xc0, 0x93, 0x00, 0x00, 0x59, 0x62,
  0x62, 0x41, 0x00, 0x00, 0x49, 0x00, 0xa7, 0xc7, 0x39, 0x00, 0x51, 0x00,
  0x00, 0x00, 0x00, 0x00, 0x00, 0x00, 0x59, 0x00, 0x51, 0x00, 0x00, 0xaf,
  0x39, 0x00, 0x00, 0x00, 0x00, 0xaf, 0xa7, 0xb8, 0x00, 0x62, 0xc7, 0x41,
  0x00, 0x00, 0x93, 0x6e, 0x41, 0x59, 0x62, 0x00, 0x9e, 0x00, 0x00, 0x00,
  0x00, 0x9e, 0x51, 0xa7, 0x00, 0x00, 0xb8, 0xa7, 0xaf, 0x00, 0x00, 0x41,
  0x49, 0x6e, 0x00, 0x00, 0x00, 0x6e, 0x00, 0x00, 0xaf, 0x00, 0x51, 0x00,
  0xb8, 0x00, 0xaf, 0x51, 0xb8, 0x59, 0x39, 0x00, 0x00, 0x39, 0x9e, 0xb8,
  0x00, 0x39, 0x39, 0x49, 0x6e, 0x93, 0x00, 0x00, 0xaf, 0x00, 0x00, 0xc0,
  0x00, 0x00, 0x00, 0x9e, 0x00, 0x59, 0xa7, 0x00, 0x00, 0xaf, 0xaf, 0x00,
  0x00, 0x9e, 0x00, 0x00, 0x00, 0x51, 0x93, 0x00, 0x62, 0x49, 0x9e, 0x41,
  0x00, 0x49, 0xb8, 0xc0, 0xb8, 0xb8, 0x00, 0x49, 0x00, 0x81, 0x39, 0xc0,
  0x00, 0x00, 0xaf, 0x00, 0x93, 0x00, 0xa7, 0x00, 0xc7, 0xa7, 0xaf, 0x41,
  0x00, 0x62, 0x00, 0x00, 0x59, 0x00, 0x00, 0x00, 0x00, 0x00, 0x00, 0x00,
  0x49, 0xa7, 0xc0, 0xc0, 0xb8, 0x00, 0x00, 0x59, 0x49, 0x00, 0x00, 0x39,
  0x9e, 0xc0, 0x59, 0xc7, 0x00, 0x93, 0x00, 0x93, 0xb8, 0x00, 0x00, 0x41,
  0x00, 0x6e, 0x00, 0x00, 0x00, 0x00, 0xa7, 0xc0, 0xc7, 0x00, 0x49, 0x00,
  0x9e, 0x00, 0x39, 0xa7, 0xa0, 0x00, 0x00, 0xb9, 0xb9, 0x00, 0x47, 0x00,
  0x00, 0x47, 0x00, 0x00, 0x00, 0x4f, 0x00, 0x00, 0x00, 0x00, 0xb1, 0xc8,
  0x00, 0x00, 0x00, 0xb9, 0x60, 0x3f, 0x00, 0x6b, 0x00, 0x60, 0x00, 0x00,
  0xb1, 0xb9, 0x00, 0x00, 0xb9, 0x60, 0x00, 0x00, 0x6b, 0x47, 0x00, 0x00,
  0x00, 0x00, 0x00, 0x00, 0x00, 0x7f, 0x00, 0x3f, 0x00, 0x00, 0x00, 0x00,
  0x00, 0xb9, 0x00, 0x00, 0xb9, 0x95, 0x57, 0x00, 0x00, 0x00, 0x00, 0x00,
  0x95, 0x00, 0x00, 0x00, 0x6b, 0x3f, 0x38, 0x00, 0x47, 0x00, 0x00, 0x00,
  0x3f, 0x7f, 0x00, 0x00, 0x00, 0x00, 0xb9, 0x00, 0x00, 0x38, 0x00, 0x00,
  0x47, 0x00, 0x00, 0x4f, 0xb1, 0xa0, 0x00, 0xc1, 0x57, 0x00, 0x00, 0x00,
  0xa9, 0x00, 0x6b, 0x00, 0x00, 0x00, 0x00, 0x00, 0x00, 0x00, 0x00, 0xa9,
  0xa0, 0x00, 0x57, 0x00, 0xa0, 0xc8, 0x00, 0xc8, 0x00, 0xc8, 0xc8, 0x00,
  0xbe, 0x00, 0x8e, 0x67, 0x00, 0x00, 0x00, 0x4b, 0x67, 0x00, 0x67, 0x00,
  0x99, 0x4b, 0xac, 0x00, 0x42, 0x42, 0x42, 0xac, 0x00, 0x00, 0x00, 0x00,
  0x00, 0x00, 0xac, 0x00, 0x00, 0xa2, 0x00, 0x5d, 0x00, 0x71, 0x00, 0x82,
  0x4b, 0xa2, 0xa2, 0x00, 0x00, 0x82, 0x00, 0x00, 0x00, 0x00, 0x00, 0x00,
  0x5d, 0x00, 0x8e, 0x00, 0x00, 0xbe, 0x00, 0x5d, 0x67, 0x8e, 0x00, 0x00,
  0x00, 0xac, 0x00, 0x00, 0x7f, 0x00, 0xa2, 0x00, 0x00, 0x4b, 0x00, 0x00,
  0x82, 0xa2, 0x00, 0x5d, 0x00, 0x00, 0x00, 0x4b, 0x00, 0x8e, 0x00, 0x8e,
  0xb5, 0x00, 0x00, 0x00, 0x00, 0x00, 0x00, 0x00, 0x67, 0xbe, 0x71, 0x42,
  0x00, 0x00, 0x67, 0x99, 0xac, 0x00, 0x00, 0x54, 0x00, 0xb5, 0xac, 0x00,
  0x99, 0x00, 0x00, 0x4b, 0x00, 0xac, 0x8e, 0x42, 0xbe, 0x00, 0x00, 0xa2,
  0xb5, 0x54, 0xac, 0x00, 0x82, 0x99, 0x00, 0x71, 0x00, 0xac, 0x00, 0xb5,
  0x00, 0x5d, 0x99, 0x71, 0x00, 0x00, 0xb5, 0xac, 0x00, 0x4b, 0xb5, 0x00,
  0x00, 0x00, 0x00, 0x4b, 0xb5, 0x00, 0x99, 0x5d, 0x00, 0xac, 0xb5, 0x42,
  0x00, 0x5d, 0x8e, 0x99, 0x67, 0x67, 0x4b, 0x5d, 0x00, 0x00, 0xac, 0x00,
  0x00, 0x00, 0x00, 0x00, 0x00, 0xb5, 0x00, 0xbe, 0x5d, 0x00, 0x8e, 0xb5,
  0x7f, 0x42, 0x99, 0xa2, 0xbe, 0x00, 0x00, 0x00, 0x4b, 0x00, 0x00, 0x99,
  0x71, 0xac, 0x71, 0x82, 0x00, 0x00, 0x00, 0x67, 0x00, 0x99, 0x5d, 0x00,
  0x00, 0x54, 0xac, 0x00, 0x82, 0x7f, 0x00, 0x00, 0x00, 0xa2, 0xac, 0x00,
  0x00, 0x00, 0x00, 0x00, 0x7f, 0xa2, 0x7f, 0x82, 0x7f, 0xbe, 0x00, 0x00,
  0x00, 0x42, 0xac, 0x4b, 0x00, 0x42, 0x54, 0x00, 0x00, 0x00, 0x5d, 0x42,
  0x99, 0x54, 0x00, 0x00, 0x99, 0x00, 0xa2, 0x42, 0x00, 0x00, 0x00, 0x00,
  0x00, 0xb5, 0x00, 0x00, 0x00, 0x00, 0x00, 0x00, 0x00, 0x6b, 0x00, 0x00,
  0x57, 0xa9, 0xa9, 0x57, 0x00, 0x00, 0x00, 0x00, 0x00, 0x00, 0x60, 0xa0,
  0xa9, 0xa0, 0x6b, 0x95, 0x95, 0x00, 0xb9, 0x00, 0x00, 0x3f, 0xc8, 0x00,
  0x00, 0x3f, 0x00, 0x3f, 0x7f, 0x84, 0x00, 0x00, 0x00, 0x00, 0x00, 0x00,
  0x00, 0x00, 0x00, 0x38, 0x4f, 0x3f, 0x00, 0x00, 0x4f, 0xc1, 0x60, 0xb1,
  0x00, 0x3f, 0x7f, 0x00, 0x57, 0x00, 0x00, 0x00, 0x00, 0x60, 0x60, 0x47,
  0x00, 0xc1, 0x00, 0x38, 0x47, 0x00, 0xa0, 0x00, 0x00, 0x00, 0x00, 0x00,
  0x95, 0xa0, 0x00, 0x60, 0x47, 0x00, 0x4f, 0x38, 0x95, 0x00, 0x00, 0x00,
  0xc1, 0x47, 0x00, 0xb1, 0x00, 0x4f, 0x6b, 0x38, 0x00, 0x38, 0x00, 0x00,
  0x00, 0x00, 0x84, 0x00, 0x60, 0x47, 0x00, 0x95, 0x00, 0x4f, 0x84, 0x57,
  0x60, 0x00, 0x00, 0x00, 0x00, 0x00, 0x60, 0x00, 0x00, 0xb1, 0x00, 0x00,
  0xa2, 0x00, 0x00, 0x99, 0x00, 0xb5, 0x00, 0xbe, 0x00, 0x00, 0xb5, 0x00,
  0x54, 0xb5, 0x00, 0x71, 0x00, 0x00, 0x42, 0x00, 0x71, 0x5d, 0x00, 0x00,
  0x8e, 0x4b, 0x00, 0x00, 0x00, 0x00, 0x00, 0x00, 0x71, 0x67, 0x8e, 0x00,
  0x00, 0x00, 0x71, 0x42, 0x42, 0x00, 0xb5, 0x71, 0x8e, 0x00, 0x00, 0x00,
  0x00, 0x00, 0x00, 0x54, 0x82, 0x00, 0x54, 0x71, 0xa2, 0x4b, 0x7f, 0x5d,
  0x82, 0x00, 0x82, 0x82, 0x00, 0x82, 0x00, 0x00, 0x00, 0x00, 0x00, 0x00,
  0x00, 0x00, 0x99, 0xa2, 0x42, 0x71, 0xbe, 0xb5, 0x67, 0xac, 0x00, 0x82,
  0x00, 0x99, 0x00, 0x8e, 0x00, 0x71, 0x00, 0x67, 0x00, 0x00, 0x99, 0x00,
  0xa2, 0x00, 0x00, 0x67, 0x00, 0xa2, 0x4b, 0x00, 0x99, 0x00, 0x54, 0x71,
  0xa2, 0x00, 0x00, 0x00, 0x67, 0x71, 0x42, 0x71, 0x8e, 0x00, 0x00, 0x00,
  0x00, 0x00, 0x8e, 0x00, 0x54, 0x7f, 0x00, 0x00, 0x00, 0x9e, 0x49, 0x00,
  0x00, 0x00, 0x93, 0x9e, 0x00, 0x00, 0x00, 0x00, 0x00, 0x62, 0x51, 0x9e,
  0x59, 0xb8, 0x9e, 0xa7, 0x93, 0x00, 0x59, 0x00, 0x00, 0x00, 0x00, 0x00,
  0x93, 0x00, 0x51, 0x00, 0x39, 0x00, 0x00, 0xb8, 0x62, 0xc0, 0x6e, 0x00,
  0x00, 0xaf, 0xc0, 0x39, 0x00, 0x00, 0x00, 0x00, 0x6e, 0x81, 0x00, 0xb8,
  0x00, 0xc7, 0xaf, 0x00, 0x00, 0xaf, 0x00, 0x00, 0x00, 0x00, 0x00, 0xc0,
  0x59, 0x00, 0x41, 0x41, 0x00, 0x00, 0xb8, 0xaf, 0x00, 0x00, 0x00, 0x00,
  0x39, 0xa7, 0x41, 0x39, 0x00, 0x00, 0x81, 0x00, 0x00, 0x00, 0x00, 0x00,
  0x62, 0x62, 0xb8, 0x62, 0xc7, 0x93, 0x00, 0x00, 0x00, 0x00, 0x00, 0x62,
  0x93, 0x00, 0x00, 0xc0, 0x62, 0x39, 0x39, 0xb8, 0xaf, 0x6e, 0xaf, 0x00,
  0x00, 0x00, 0x00, 0x41, 0x6e, 0x00, 0x9e, 0xc7, 0x00, 0x93, 0x00, 0x9e,
  0xa7, 0x00, 0x49, 0x59, 0x00, 0x4f, 0x4f, 0x00, 0xb9, 0x60, 0x47, 0x57,
  0x00, 0xa9, 0x6b, 0x00, 0x00, 0x3f, 0xc8, 0x47, 0x00, 0xb1, 0x00, 0x00,
  0x47, 0x00, 0x6b, 0x00, 0x00, 0x00, 0x3f, 0x00, 0x00, 0x00, 0x00, 0x3f,
  0x00, 0xb1, 0x47, 0x00, 0x60, 0x00, 0x00, 0x95, 0x57, 0x00, 0x95, 0x95,
  0x00, 0x00, 0x00, 0xa9, 0x00, 0x00, 0x3f, 0x00, 0x47, 0x00, 0x00, 0x6b,
  0x00, 0x00, 0x6b, 0xb9, 0x00, 0x47, 0x6b, 0x60, 0x00, 0x38, 0xb1, 0xc1,
  0x00, 0xc1, 0x00, 0xa9, 0x00, 0x00, 0x57, 0x4f, 0xc8, 0x6b, 0x00, 0x00,
  0x00, 0xb1, 0x00, 0x00, 0x00, 0x00, 0x00, 0x00, 0x38, 0x00, 0x47, 0xa9,
  0x00, 0x95, 0xc8, 0x3f, 0x00, 0x00, 0xb1, 0xa0, 0xb1, 0x47, 0x60, 0x00,
  0x7f, 0x00, 0x00, 0x3f, 0xc8, 0x00, 0xc1, 0x00, 0x00, 0x00, 0xa9, 0xb1,
  0x00, 0x47, 0xb1, 0xb9, 0x3f, 0x47, 0x00, 0x00, 0x60, 0x95, 0x00, 0x60,
  0x00, 0x00, 0x49, 0x39, 0xc0, 0xa7, 0x00, 0x00, 0x00, 0x00, 0x39, 0x00,
  0xaf, 0x00, 0x00, 0x00, 0x51, 0xaf, 0x00, 0x00, 0x00, 0xc7, 0x00, 0x51,
  0x00, 0x6e, 0x00, 0x00, 0xb8, 0xaf, 0x49, 0x9e, 0x00, 0x00, 0x00, 0x00,
  0x49, 0x00, 0x00, 0x62, 0x00, 0x00, 0x00, 0x00, 0x9e, 0x00, 0x00, 0x00,
  0x00, 0x00, 0x00, 0x39, 0x00, 0x59, 0x00, 0x00, 0xa7, 0x00, 0x00, 0x00,
  0x49, 0x81, 0xb8, 0x41, 0x00, 0x00, 0x00, 0x00, 0x00, 0xc0, 0x00, 0x51,
  0x39, 0x49, 0x00, 0x00, 0x00, 0x93, 0xa7, 0x9e, 0xc0, 0x62, 0xc7, 0x81,
  0xb8, 0x00, 0x9e, 0x51, 0x00, 0x00, 0x00, 0xc0, 0xb8, 0x9e, 0x00, 0xa7,
  0x00, 0x41, 0x93, 0x62, 0x00, 0x00, 0x00, 0x00, 0x00, 0x00, 0x41, 0x00,
  0x00, 0xc7, 0x39, 0x00, 0x00, 0x59, 0xc0, 0x51, 0x00, 0x00, 0x62, 0x00,
  0x00, 0x00, 0x00, 0x00, 0x00, 0x6e, 0x51, 0xa7, 0x38, 0xc8, 0x00, 0xa0,
  0x60, 0x60, 0x6b, 0xb1, 0x00, 0xb9, 0x00, 0x00, 0x60, 0x95, 0x4f, 0x00,
  0x00, 0x7f, 0x00, 0xc1, 0x95, 0x00, 0x38, 0x38, 0xa9, 0x00, 0x00, 0x00,
  0x00, 0x00, 0xa9, 0xa0, 0x57, 0x4f, 0x00, 0x95, 0x84, 0x60, 0x00, 0x00,
  0x95, 0x6b, 0xa9, 0x00, 0x38, 0x00, 0xc8, 0x00, 0x00, 0xc1, 0xb1, 0xc1,
  0x00, 0xa9, 0xb1, 0x60, 0x00, 0x57, 0xb1, 0x00, 0xc8, 0x00, 0xa9, 0x00,
  0x00, 0xa9, 0xc8, 0x00, 0xa0, 0x57, 0xb9, 0x4f, 0x00, 0x00, 0xc8, 0xb1,
  0x00, 0xa9, 0x38, 0x00, 0xb9, 0x95, 0x00, 0x60, 0xb9, 0x00, 0x00, 0x4f,
  0x00, 0xc8, 0x60, 0x00, 0x00, 0x00, 0x60, 0x60, 0x00, 0xb1, 0x00, 0x00,
  0x00, 0x6b, 0xa9, 0x6b, 0x95, 0x00, 0x00, 0x00, 0xc8, 0xb9, 0x6b, 0x00,
  0x00, 0xc8, 0x00, 0x6b, 0x00, 0x00, 0xa9, 0x38, 0xb9, 0x00, 0x57, 0x00,
  0x00, 0x00, 0x3f, 0x00, 0x00, 0x00, 0x00, 0xb1, 0x57, 0x95, 0x57, 0xb9,
  0x38, 0xb1, 0x00, 0x00, 0xa0, 0x47, 0x3f, 0x6b, 0x00, 0x00, 0x00, 0x00,
  0x00, 0xb1, 0x47, 0x00, 0x00, 0x6b, 0x47, 0x00, 0xb1, 0x00, 0xb9, 0x57,
  0x3f, 0x00, 0x38, 0x00, 0x95, 0x00, 0xc1, 0xa9, 0x00, 0x00, 0x57, 0x57,
  0xa0, 0x38, 0x00, 0x6b, 0x00, 0x00, 0x00, 0xb9, 0x57, 0x3f, 0xa0, 0x00,
  0x6b, 0x00, 0x00, 0x00, 0xc1, 0x00, 0x00, 0x47, 0xb9, 0xa0, 0x00, 0xc1,
  0x00, 0x38, 0xb9, 0x47, 0x00, 0x6b, 0x4f, 0x3f, 0xc1, 0x00, 0x00, 0xa9,
  0x4f, 0x6b, 0x95, 0xc8, 0xc8, 0x57, 0x00, 0x60, 0x00, 0x00, 0xc8, 0x60,
  0x00, 0x7f, 0x95, 0x57, 0x6b, 0x00, 0xc1, 0x00, 0x00, 0x7f, 0x00, 0x3f,
  0x95, 0x47, 0x00, 0x00, 0xa0, 0x00, 0x00, 0x00, 0x00, 0x00, 0x4f, 0x00,
  0x84, 0xc8, 0x95, 0x95, 0x00, 0x00, 0xb9, 0x00, 0x00, 0x7f, 0xa9, 0xb9,
  0x00, 0xbe, 0x54, 0xac, 0x00, 0x00, 0x00, 0x00, 0xa2, 0x00, 0x00, 0x4b,
  0x4b, 0x00, 0x00, 0xbe, 0x00, 0x00, 0x54, 0x00, 0xb5, 0x54, 0x00, 0xa2,
  0xbe, 0x42, 0x67, 0x00, 0x71, 0x00, 0x99, 0x00, 0xbe, 0x00, 0xa2, 0x42,
  0x54, 0x00, 0x4b, 0x8e, 0x67, 0x00, 0x00, 0x7f, 0x99, 0x00, 0x54, 0x71,
  0x5d, 0x67, 0x5d, 0x00, 0xac, 0x00, 0x00, 0x8e, 0x54, 0x00, 0xb5, 0x99,
  0x00, 0x00, 0xac, 0x54, 0x00, 0xa2, 0x00, 0x00, 0x00, 0x00, 0x00, 0x99,
  0x99, 0x00, 0x7f, 0x00, 0x00, 0xb5, 0x00, 0x00, 0x99, 0x00, 0x00, 0x00,
  0x00, 0x54, 0x99, 0x00, 0x00, 0x4b, 0xa2, 0x00, 0x7f, 0x00, 0x00, 0x00,
  0x00, 0x00, 0x00, 0xb5, 0x00, 0xbe, 0x00, 0x67, 0x00, 0x4b, 0xac, 0x00,
  0x00, 0x54, 0x00, 0x00, 0x00, 0x00, 0xac, 0x99, 0x5d, 0x00, 0x8e, 0x8e,
  0x00, 0x67, 0x00, 0x54, 0x54, 0x00, 0x67, 0x82, 0x95, 0x00, 0x3f, 0x00,
  0x00, 0x00, 0x00, 0x00, 0x00, 0x00, 0xa0, 0x4f, 0x57, 0xb9, 0x00, 0x4f,
  0x3f, 0x00, 0x00, 0xa0, 0x00, 0x00, 0x00, 0x00, 0xb1, 0xa9, 0x00, 0x60,
  0x4f, 0xa9, 0x00, 0xa0, 0xb9, 0x00, 0x00, 0x3f, 0x47, 0x00, 0x00, 0x00,
  0x57, 0x00, 0x00, 0x00, 0xa9, 0x00, 0xb9, 0xa9, 0x00, 0xb9, 0xc8, 0xa9,
  0x60, 0x60, 0x00, 0x00, 0xc1, 0x6b, 0x00, 0x00, 0xa9, 0x00, 0x47, 0x00,
  0x6b, 0xc1, 0x00, 0xa0, 0x00, 0x00, 0x4f, 0x00, 0x47, 0xb9, 0x00, 0x00,
  0xc8, 0x00, 0x60, 0x00, 0xa0, 0x00, 0x00, 0xc1, 0x00, 0x00, 0x00, 0xa0,
  0x00, 0x00, 0xc1, 0x00, 0x57, 0x00, 0x00, 0x00, 0x4f, 0x00, 0x6b, 0x47,
  0x47, 0x00, 0x47, 0xb1, 0x47, 0xc1, 0x95, 0x00, 0x7f, 0x00, 0xa9, 0x00,
  0xa0, 0x00, 0x00, 0x60, 0x7f, 0x7f, 0x4f, 0xc1, 0xc1, 0x4f, 0x00, 0x6b,
  0xc1, 0x00, 0xb1, 0x57, 0x3f, 0xb1, 0x95, 0x84, 0x00, 0xb9, 0x00, 0x47,
  0xc8, 0xb9, 0x00, 0x4f, 0x00, 0x00, 0x00, 0x60, 0x00, 0xc1, 0xa9, 0x00,
  0xc1, 0x00, 0x00, 0x00, 0x00, 0x7f, 0x4f, 0x57, 0x00, 0xa9, 0xb1, 0x47,
  0xb1, 0xb1, 0xb1, 0x00, 0x84, 0x4f, 0xb9, 0x00, 0xb9, 0x60, 0xb1, 0x3f,
  0x47, 0x6b, 0x95, 0x00, 0x00, 0x47, 0x00, 0x95, 0x60, 0x38, 0x00, 0x95,
  0x00, 0x00, 0x84, 0x7f, 0x00, 0xb1, 0xc8, 0x00, 0x00, 0xc8, 0x00, 0xa9,
  0x00, 0x00, 0x38, 0x3f, 0x57, 0xa0, 0x00, 0x00, 0x38, 0xb9, 0x00, 0x3f,
  0x7f, 0x6b, 0x00, 0xb1, 0xb9, 0xa9, 0x3f, 0xa9, 0x00, 0xc1, 0x00, 0xc8,
  0x47, 0x6b, 0x47, 0xb9, 0x60, 0xc1, 0x3f, 0x60, 0xc8, 0x00, 0xb9, 0x6b,
  0x3f, 0x00, 0x00, 0x00, 0xc1, 0x95, 0x6b, 0x7f, 0x60, 0x00, 0x00, 0x60,
  0x00, 0x00, 0x00, 0x00, 0x95, 0x6b, 0x84, 0x00, 0xa9, 0x3f, 0xb1, 0xc8,
  0x00, 0x00, 0x00, 0x00, 0x57, 0x00, 0xb1, 0x57, 0x00, 0x38, 0x00, 0x3f,
  0x00, 0x4f, 0x00, 0x00, 0xc1, 0x00, 0x6b, 0x95, 0xb9, 0x4f, 0x38, 0x00,
  0x00, 0xa0, 0x00, 0x00, 0xa0, 0xc1, 0x60, 0xb1, 0xb1, 0x00, 0xc1, 0x38,
  0x00, 0x38, 0x57, 0x00, 0xa0, 0x3f, 0xa9, 0x95, 0x6b, 0x00, 0x00, 0x00,
  0x38, 0x00, 0x6b, 0x00, 0x00, 0x00, 0x3f, 0x00, 0x00, 0x00, 0x00, 0x3f,
  0x00, 0x7f, 0xc8, 0x57, 0x00, 0x00, 0xa9, 0x00, 0x00, 0x00, 0xb1, 0x00,
  0xb9, 0x00, 0xc1, 0x00, 0x47, 0x6b, 0x60, 0x00, 0x00, 0x00, 0xb9, 0x00,
  0x6b, 0x6b, 0x00, 0xa9, 0x47, 0x4f, 0x00, 0x6b, 0x00, 0x3f, 0x3f, 0x7f,
  0x00, 0x4f, 0xc1, 0x00, 0xc8, 0x4f, 0xa9, 0xb1, 0x00, 0x00, 0x00, 0x00,
  0x4f, 0x00, 0x00, 0x00, 0x4f, 0xb1, 0xb9, 0x00, 0x00, 0x3f, 0x60, 0x00,
  0xb1, 0x47, 0x00, 0x00, 0x60, 0x00, 0x00, 0x57, 0x00, 0x00, 0x60, 0x60,
  0x60, 0x47, 0x00, 0x00, 0x4f, 0x00, 0x00, 0xa9, 0x60, 0xa9, 0x00, 0x00,
  0xb1, 0x60, 0x00, 0x3f, 0xc1, 0x00, 0x00, 0x00, 0x60, 0x00, 0x00, 0x38,
  0x00, 0xa9, 0xa0, 0x00, 0x00, 0x7f, 0x00, 0x47, 0x3f, 0xa9, 0x00, 0x00,
  0x00, 0x00, 0x3f, 0x00, 0xa0, 0xb1, 0xc1, 0x00, 0x00, 0x38, 0xc1, 0x47,
  0x00, 0x38, 0x00, 0xc8, 0x00, 0x60, 0x6b, 0xb9, 0x00, 0x00, 0x95, 0x00,
  0x47, 0x00, 0x00, 0x00, 0x00, 0x00, 0xb9, 0x00, 0xa0, 0x00, 0xa9, 0x38,
  0x57, 0x00, 0x6b, 0x84, 0xb1, 0xc8, 0x00, 0x38, 0x00, 0x38, 0x7f, 0x00,
  0x00, 0x95, 0x00, 0x6b, 0x00, 0x00, 0x3f, 0x00, 0x47, 0x4f, 0x3f, 0x47,
  0x00, 0x00, 0x38, 0x00, 0x00, 0xa0, 0x84, 0x38, 0x4f, 0xc1, 0x00, 0x84,
  0xa0, 0x00, 0x95, 0x00, 0x38, 0x6b, 0x00, 0xa0, 0x00, 0x84, 0x00, 0x00,
  0x47, 0x00, 0x00, 0x00, 0x00, 0x00, 0x67, 0x00, 0x00, 0xb5, 0xa2, 0x42,
  0x00, 0x00, 0x00, 0x67, 0x5d, 0x82, 0xb5, 0x00, 0x00, 0x00, 0x71, 0x4b,
  0x4b, 0x71, 0x00, 0x67, 0x00, 0x00, 0x67, 0x00, 0x8e, 0xbe, 0x00, 0x8e,
  0x00, 0x00, 0x99, 0xac, 0x00, 0x00, 0x00, 0x00, 0x00, 0x00, 0x00, 0x00,
  0xa2, 0x00, 0x00, 0x67, 0x8e, 0x00, 0x54, 0x00, 0x8e, 0x00, 0xac, 0x00,
  0x5d, 0x42, 0xbe, 0x82, 0x00, 0xac, 0x5d, 0x4b, 0x00, 0x00, 0x4b, 0x00,
  0x00, 0x00, 0xa2, 0x00, 0x99, 0x99, 0x54, 0x00, 0x00, 0x00, 0x99, 0x00,
  0x8e, 0xac, 0x71, 0x00, 0x00, 0x7f, 0x00, 0x00, 0x67, 0x00, 0x00, 0x7f,
  0x4b, 0xa2, 0x00, 0x00, 0x00, 0x8e, 0x5d, 0x00, 0x00, 0x00, 0xb5, 0x00,
  0x00, 0x42, 0x00, 0xbe, 0x00, 0x00, 0x00, 0x8e, 0x42, 0x00, 0x00, 0x71,
  0x00, 0x00, 0x00, 0xa2, 0x00, 0xa2, 0x00, 0x00, 0x54, 0x00, 0x00, 0xbe,
  0x4b, 0x00, 0x00, 0x00, 0x00, 0x4b, 0xac, 0x00, 0x5d, 0x00, 0x00, 0x00,
  0xbe, 0x00, 0x00, 0x42, 0x71, 0x00, 0x00, 0x8e, 0xa2, 0x00, 0x00, 0x00,
  0x4b, 0x00, 0x00, 0x99, 0x71, 0x00, 0xbe, 0x4b, 0xbe, 0x00, 0xac, 0xb5,
  0x99, 0x99, 0x00, 0x54, 0x00, 0x00, 0x00, 0x00, 0x00, 0x71, 0x42, 0x00,
  0x00, 0x42, 0x00, 0x00, 0x54, 0x00, 0x00, 0x54, 0x67, 0x00, 0x00, 0xa2,
  0x00, 0x00, 0x00, 0x8e, 0x82, 0x00, 0x00, 0x00, 0x00, 0x54, 0x00, 0x99,
  0x00, 0x99, 0x54, 0x00, 0x8e, 0xa2, 0x00, 0x7f, 0x00, 0x00, 0x5d, 0xac,
  0x00, 0x00, 0x00, 0x99, 0x00, 0x00, 0x00, 0x00, 0x00, 0x5d, 0x7f, 0x00,
  0x00, 0x4b, 0x00, 0x00, 0x00, 0xac, 0x00, 0x82, 0x00, 0x00, 0x00, 0x00,
  0x4b, 0x00, 0x00, 0x99, 0x00, 0x5d, 0x00, 0x67, 0x00, 0x54, 0x00, 0xac,
  0x00, 0x00, 0x71, 0x00, 0x8e, 0x71, 0x00, 0x00, 0x57, 0x00, 0xc8, 0x00,
  0x3f, 0x00, 0x3f, 0x6b, 0x00, 0x00, 0x00, 0x00, 0x00, 0x00, 0xb9, 0xc1,
  0x00, 0x00, 0x00, 0x3f, 0x00, 0x00, 0x38, 0x00, 0x60, 0xc8, 0x00, 0x00,
  0x3f, 0x00, 0xc1, 0x00, 0x00, 0x00, 0x00, 0xa9, 0x00, 0x47, 0xb9, 0x00,
  0x3f, 0xc1, 0x00, 0x4f, 0x57, 0xc1, 0x00, 0xa0, 0x00, 0x00, 0x00, 0x00,
  0x3f, 0x00, 0xb9, 0x00, 0x00, 0x00, 0x00, 0x00, 0x00, 0x00, 0x00, 0x3f,
  0x00, 0x95, 0x00, 0xc1, 0x00, 0x00, 0x00, 0x47, 0x00, 0x00, 0x7f, 0x00,
  0xc1, 0x38, 0xc8, 0x38, 0xc8, 0x00, 0x00, 0x3f, 0x00, 0x4f, 0x95, 0x00,
  0x3f, 0xa0, 0x00, 0x00, 0x00, 0x00, 0x00, 0x57, 0x57, 0x00, 0x3f, 0x00,
  0x3f, 0xc8, 0x00, 0x57, 0x00, 0x3f, 0x00, 0x00, 0xa9, 0x00, 0x00, 0xc8,
  0x47, 0x00, 0xb9, 0x00, 0x00, 0x6b, 0xc1, 0xc8, 0x00, 0xa9, 0x00, 0x00,
  0xa9, 0x4f, 0x00, 0x60, 0x00, 0x00, 0x00, 0x00, 0x00, 0xc7, 0x00, 0x00,
  0x00, 0x00, 0x6e, 0xaf, 0xb8, 0x62, 0xc7, 0x00, 0x6e, 0x6e, 0xc7, 0x39,
  0x00, 0x00, 0x00, 0x39, 0xb8, 0x81, 0x41, 0xa7, 0x00, 0x62, 0x00, 0x39,
  0x00, 0x00, 0x00, 0x6e, 0xc7, 0x41, 0x00, 0x39, 0x00, 0x39, 0xa7, 0x00,
  0x6e, 0x49, 0x00, 0xaf, 0x00, 0xc7, 0x6e, 0xaf, 0xc7, 0x6e, 0xa7, 0xa7,
  0xc0, 0x51, 0x59, 0x00, 0x00, 0x49, 0xaf, 0x00, 0x00, 0x00, 0xaf, 0x00,
  0xa7, 0x9e, 0x00, 0x00, 0xa7, 0xc0, 0x93, 0x6e, 0x00, 0x00, 0xa7, 0xa7,
  0x00, 0xc7, 0xb8, 0x6e, 0x39, 0xaf, 0x41, 0xb8, 0x00, 0x39, 0x00, 0x00,
  0x00, 0x00, 0xaf, 0x00, 0x49, 0x00, 0x00, 0x00, 0x49, 0x00, 0x00, 0xb8,
  0x62, 0xb8, 0x93, 0x00, 0x00, 0x00, 0x00, 0x00, 0x81, 0xc7, 0x00, 0x00,
  0x00, 0x00, 0x00, 0x00, 0x6e, 0xb8, 0x00, 0x49, 0x6e, 0x81, 0xb8, 0x00,
  0x3f, 0x00, 0xb1, 0xc8, 0xa9, 0x00, 0xb9, 0xc1, 0xa0, 0x57, 0x3f, 0x3f,
  0x00, 0x00, 0x00, 0xc1, 0xc1, 0x6b, 0xb1, 0xa0, 0x00, 0x00, 0xa9, 0xb1,
  0x00, 0x7f, 0x38, 0x3f, 0x00, 0xa0, 0xa0, 0xc1, 0xa9, 0x38, 0xb1, 0x38,
  0xa9, 0x00, 0x3f, 0x00, 0x60, 0xc1, 0x00, 0x00, 0x00, 0xc8, 0x95, 0x4f,
  0x00, 0x6b, 0xa0, 0x60, 0x00, 0xa0, 0x00, 0x3f, 0x00, 0xc1, 0x00, 0xa9,
  0x00, 0x00, 0x00, 0x47, 0x00, 0x38, 0x00, 0xb1, 0x00, 0xc8, 0x00, 0xb9,
  0x00, 0xa0, 0x00, 0x00, 0x00, 0x00, 0xb9, 0x00, 0x00, 0xc8, 0x00, 0x38,
  0xc1, 0xb9, 0xb1, 0x00, 0x00, 0x00, 0x00, 0x00, 0x60, 0x6b, 0xb9, 0x00,
  0x4f, 0xa9, 0x4f, 0x00, 0x00, 0x00, 0x00, 0x00, 0x00, 0x3f, 0x00, 0x57,
  0xa0, 0xa9, 0x00, 0x00, 0x47, 0x6b, 0x00, 0x00, 0x00, 0x00, 0x00, 0x00,
  0x38, 0x00, 0x95, 0x84, 0x00, 0x00, 0x38, 0x00, 0x00, 0xa0, 0x00, 0x38,
  0x00, 0x60, 0x00, 0x00, 0x00, 0x00, 0x00, 0x60, 0x4f, 0x60, 0x60, 0x00,
  0x00, 0x6b, 0x00, 0xc8, 0x00, 0x00, 0x95, 0x57, 0x00, 0x00, 0x60, 0x38,
  0x4f, 0x00, 0x00, 0xa9, 0x00, 0x3f, 0x57, 0x95, 0x00, 0x00, 0xa9, 0x57,
  0x6b, 0x00, 0x00, 0x6b, 0x00, 0x00, 0x00, 0x00, 0x4f, 0x00, 0x4f, 0xa9,
  0x00, 0x00, 0x00, 0xb1, 0x47, 0xb9, 0xb1, 0x00, 0x00, 0xa0, 0x00, 0xc1,
  0xc8, 0x00, 0xa9, 0xc8, 0xb9, 0x3f, 0x00, 0x00, 0x00, 0xc8, 0x00, 0x00,
  0x00, 0x00, 0x00, 0x00, 0x57, 0x00, 0x00, 0x00, 0xa0, 0x38, 0x00, 0x00,
  0x00, 0x00, 0x47, 0x47, 0xb1, 0x38, 0x84, 0x00, 0x57, 0x00, 0x00, 0xb9,
  0x00, 0x4f, 0x00, 0x47, 0x00, 0xc8, 0x7f, 0x6b, 0x00, 0x00, 0x00, 0x00,
  0x00, 0x00, 0x00, 0xb1, 0x00, 0x00, 0xa9, 0x47, 0xa0, 0x00, 0xc8, 0x00,
  0x38, 0x00, 0x00, 0x60, 0x67, 0x00, 0x71, 0x42, 0x00, 0x00, 0x00, 0x8e,
  0x67, 0x67, 0xbe, 0x00, 0x00, 0x00, 0x00, 0x00, 0x42, 0x00, 0xac, 0x00,
  0xbe, 0xb5, 0x71, 0x00, 0x00, 0x00, 0x00, 0x8e, 0x00, 0x54, 0x4b, 0x00,
  0x54, 0x00, 0xac, 0x00, 0x7f, 0xbe, 0x00, 0x67, 0x00, 0x00, 0x00, 0x4b,
  0x7f, 0x00, 0x8e, 0x5d, 0x00, 0x82, 0x8e, 0x00, 0x00, 0xac, 0x5d, 0x71,
  0xb5, 0x82, 0x71, 0x00, 0x42, 0x71, 0x00, 0x8e, 0x00, 0x00, 0x00, 0x00,
  0x00, 0x42, 0x00, 0x00, 0x00, 0xa2, 0x00, 0x00, 0x42, 0x00, 0x00, 0x00,
  0x00, 0x4b, 0x00, 0x00, 0x7f, 0x42, 0x99, 0x00, 0x99, 0x5d, 0x99, 0x00,
  0x00, 0xa2, 0x00, 0x00, 0x67, 0xac, 0x99, 0x67, 0x00, 0x00, 0x54, 0x00,
  0x00, 0x00, 0x82, 0x00, 0x00, 0x00, 0x00, 0x00, 0xa2, 0x00, 0x00, 0x00,
  0x00, 0x00, 0x4b, 0x00, 0x67, 0x00, 0x00, 0x00, 0x00, 0xb5, 0xac, 0x00,
  0x00, 0x4b, 0xa2, 0x00, 0x00, 0xbe, 0xac, 0x99, 0xac, 0x4b, 0x00, 0x54,
  0x00, 0x4b, 0xb5, 0x00, 0xa2, 0xbe, 0x54, 0x82, 0x99, 0x54, 0x42, 0xbe,
  0xac, 0x8e, 0xbe, 0xbe, 0x00, 0x5d, 0x00, 0x54, 0x00, 0x00, 0x00, 0x00,
  0x00, 0x54, 0x00, 0x71, 0x00, 0x54, 0x67, 0xac, 0x67, 0x00, 0x00, 0x00,
  0x00, 0x00, 0x00, 0x5d, 0x00, 0x4b, 0x4b, 0x00, 0x71, 0x00, 0x00, 0x00,
  0x00, 0xac, 0x00, 0x00, 0x99, 0x54, 0x67, 0x00, 0x00, 0x00, 0x00, 0x00,
  0x00, 0x5d, 0xac, 0x00, 0x00, 0xa2, 0x71, 0x00, 0x00, 0xac, 0xa2, 0x00,
  0x4b, 0x54, 0x7f, 0x67, 0x00, 0x00, 0xb5, 0x00, 0x00, 0x8e, 0x67, 0xac,
  0x67, 0xa2, 0x5d, 0x99, 0x00, 0x00, 0xa2, 0x00, 0xbe, 0x4b, 0xb5, 0xa2,
  0x00, 0x7f, 0xbe, 0x5d, 0x4b, 0x00, 0x00, 0x00, 0x7f, 0x4b, 0xac, 0x8e,
  0x00, 0x00, 0x00, 0x5d, 0xb5, 0x4b, 0x00, 0x00, 0xa0, 0x38, 0x00, 0x00,
  0x00, 0x4f, 0xa9, 0x57, 0xb9, 0x00, 0x4f, 0x38, 0x3f, 0x47, 0x00, 0xb9,
  0x00, 0x00, 0x00, 0xc1, 0x95, 0x00, 0x00, 0x00, 0xb9, 0xc1, 0x00, 0x3f,
  0x00, 0x00, 0x3f, 0xa9, 0x47, 0xa9, 0xa9, 0x57, 0x7f, 0x00, 0xa9, 0x00,
  0x00, 0xb1, 0x00, 0x38, 0x00, 0x00, 0x00, 0x00, 0xc1, 0xc1, 0x6b, 0x47,
  0xa0, 0x00, 0xa0, 0x00, 0x00, 0xa9, 0x00, 0xb9, 0x38, 0x00, 0x00, 0x3f,
  0xa0, 0x6b, 0x60, 0xc1, 0xb1, 0xc8, 0x95, 0x00, 0x00, 0xb9, 0x60, 0x00,
  0x00, 0x00, 0x00, 0x00, 0x00, 0xa0, 0xc8, 0x00, 0xa0, 0x60, 0x00, 0x3f,
  0x00, 0x00, 0x00, 0x00, 0x6b, 0x00, 0x00, 0x00, 0x00, 0xc1, 0x38, 0x38,
  0xb1, 0x00, 0x00, 0x00, 0x4f, 0x00, 0xa0, 0x47, 0x00, 0xc1, 0x00, 0x00,
  0x00, 0x00, 0x00, 0x60, 0xb9, 0x00, 0x00, 0x00, 0x00, 0x4f, 0x7f, 0x47,
  0x60, 0x00, 0xa0, 0x7f, 0x54, 0x00, 0x4b, 0x8e, 0x00, 0x00, 0x00, 0x8e,
  0x00, 0x4b, 0x00, 0xa2, 0x71, 0x00, 0x00, 0xb5, 0x71, 0x00, 0xa2, 0xa2,
  0xbe, 0x4b, 0xac, 0x00, 0x82, 0xac, 0x7f, 0x00, 0x5d, 0x7f, 0x71, 0xbe,
  0xa2, 0x00, 0x42, 0x00, 0x4b, 0x4b, 0x42, 0x42, 0x82, 0xac, 0x00, 0x8e,
  0x99, 0xb5, 0x00, 0x7f, 0xb5, 0x00, 0xbe, 0x00, 0x42, 0x5d, 0x99, 0x00,
  0x00, 0x00, 0x00, 0xac, 0x00, 0x00, 0x00, 0x71, 0x8e, 0x00, 0x00, 0x00,
  0xa2, 0x00, 0x71, 0xb5, 0xac, 0x82, 0x00, 0x00, 0x00, 0xa2, 0x67, 0x00,
  0x00, 0x00, 0xac, 0x8e, 0x00, 0x00, 0x00, 0x8e, 0xac, 0x00, 0x82, 0x8e,
  0x4b, 0x00, 0x00, 0x8e, 0x00, 0x00, 0x99, 0x00, 0xb5, 0x00, 0x99, 0x00,
  0x8e, 0x00, 0x7f, 0x00, 0xac, 0xbe, 0xbe, 0x00, 0x00, 0x42, 0x00, 0x5d,
  0x00, 0x00, 0x00, 0x00, 0x82, 0x8e, 0x71, 0x71, 0x00, 0x67, 0xbe, 0xb5,
  0x00, 0xa0, 0x00, 0x60, 0x00, 0x00, 0x00, 0x00, 0x00, 0x47, 0xc8, 0x00,
  0x57, 0x4f, 0x60, 0x00, 0x4f, 0x00, 0x60, 0xb1, 0x00, 0x4f, 0x57, 0x00,
  0x00, 0xa0, 0xb9, 0x57, 0x00, 0xc1, 0x57, 0xa9, 0x4f, 0x00, 0xc8, 0x00,
  0x95, 0xa0, 0x00, 0x00, 0xc1, 0x00, 0x00, 0xb9, 0x00, 0x3f, 0x00, 0x57,
  0xc1, 0x00, 0x00, 0x6b, 0xa0, 0xc8, 0x00, 0x00, 0xb9, 0xb9, 0x00, 0x00,
  0x00, 0x4f, 0x00, 0x3f, 0xb1, 0x3f, 0x00, 0x00, 0xc8, 0xc8, 0xa9, 0x60,
  0xb9, 0x00, 0x00, 0x00, 0xb9, 0x3f, 0x00, 0x00, 0x38, 0x00, 0x00, 0x00,
  0x00, 0xb1, 0xb9, 0x47, 0xa9, 0x00, 0xa9, 0x00, 0xa9, 0x00, 0x00, 0xc1,
  0x6b, 0x00, 0x60, 0x3f, 0x00, 0x00, 0x4f, 0x00, 0x00, 0x3f, 0x00, 0x00,
  0x00, 0xa9, 0x7f, 0x00, 0xa0, 0x95, 0x57, 0x00, 0x00, 0x00, 0x3f, 0x00,
  0x6b, 0xa0, 0x38, 0x00, 0x00, 0x00, 0xa0, 0x00, 0x38, 0x00, 0xc8, 0x00,
  0x00, 0x6b, 0x00, 0x47, 0xc1, 0x60, 0xa0, 0x00, 0x47, 0x4f, 0x00, 0x00,
  0x38, 0x3f, 0x00, 0x95, 0x00, 0xa0, 0xc1, 0x4f, 0xb9, 0x00, 0x38, 0x00,
  0x00, 0x60, 0xa9, 0x00, 0x00, 0xb1, 0xa0, 0x57, 0x00, 0x00, 0x00, 0x00,
  0x4f, 0xc8, 0x00, 0x00, 0x00, 0x6b, 0x00, 0x57, 0x00, 0x95, 0x57, 0xa0,
  0xb9, 0x00, 0x00, 0x00, 0xc8, 0x38, 0x7f, 0x00, 0xa0, 0x00, 0x00, 0x00,
  0x00, 0x00, 0x00, 0x00, 0x00, 0x00, 0x00, 0x00, 0xc8, 0x47, 0x00, 0x47,
  0x60, 0x00, 0xc1, 0x00, 0x00, 0xc1, 0xb9, 0xc8, 0xa9, 0x60, 0x38, 0x00,
  0x00, 0x00, 0x00, 0xa9, 0x47, 0xa0, 0x00, 0xc1, 0xc1, 0x3f, 0xc1, 0x3f,
  0x00, 0x00, 0x95, 0x00, 0x00, 0xb9, 0x00, 0x00, 0x3f, 0xb9, 0xb9, 0x00,
  0x38, 0xa0, 0x47, 0xb1, 0x00, 0x7f, 0x00, 0x00, 0x00, 0x00, 0x00, 0xb9,
  0x60, 0x00, 0x00, 0x4f, 0x47, 0xa9, 0x00, 0x00, 0xa9, 0x00, 0x6b, 0x00,
  0x00, 0x3f, 0x00, 0x00, 0xc1, 0xa9, 0x47, 0x00, 0xa9, 0x4f, 0xb9, 0x00,
  0x00, 0x00, 0x00, 0x00, 0x00, 0x3f, 0x00, 0xb1, 0x00, 0xc8, 0x00, 0x00,
  0x00, 0x00, 0x4f, 0x00, 0x3f, 0x00, 0x00, 0x00, 0xc1, 0xa0, 0x00, 0x00,
  0x00, 0x00, 0x4f, 0xb9, 0x00, 0x00, 0xb9, 0x60, 0x3f, 0x3f, 0xa0, 0x00,
  0xb1, 0x00, 0x00, 0xc8, 0x00, 0x00, 0xc1, 0x00, 0x7f, 0x00, 0x00, 0x00,
  0x00, 0x00, 0x00, 0x57, 0x00, 0x00, 0x00, 0x00, 0x60, 0xb1, 0x60, 0x57,
  0x57, 0x6b, 0x00, 0x00, 0x38, 0x60, 0x00, 0x00, 0x60, 0x00, 0x57, 0x00,
  0x00, 0x00, 0xc8, 0x4f, 0x6b, 0x47, 0x6b, 0x00, 0x00, 0x57, 0x00, 0x00,
  0x00, 0x60, 0x6b, 0x00, 0x00, 0xb1, 0xc1, 0xa9, 0x00, 0x00, 0x00, 0x00,
  0xa0, 0xb1, 0x4f, 0xc1, 0x00, 0xb9, 0x00, 0xc1, 0x3f, 0x00, 0x00, 0x57,
  0x3a, 0x38, 0xff, 0xff, 0x00, 0x00, 0x02, 0x01, 0x60, 0x00, 0x00, 0x00,
  0x20, 0x00, 0x00, 0x00, 0x08, 0x00, 0x00, 0x00, 0x5c, 0x00, 0x00, 0x00,
  0x4b, 0x00, 0x00, 0x00, 0x74, 0x69, 0x6e, 0x79, 0x5f, 0x6e, 0x69, 0x64,
  0x73, 0x5f, 0x74, 0x72, 0x61, 0x6e, 0x73, 0x66, 0x6f, 0x72, 0x6d, 0x65,
  0x72, 0x5f, 0x31, 0x2f, 0x65, 0x6e, 0x63, 0x6f, 0x64, 0x65, 0x72, 0x5f,
  0x62, 0x6c, 0x6f, 0x63, 0x6b, 0x5f, 0x30, 0x5f, 0x31, 0x2f, 0x73, 0x65,
  0x71, 0x75, 0x65, 0x6e, 0x74, 0x69, 0x61, 0x6c, 0x5f, 0x32, 0x5f, 0x31,
  0x2f, 0x64, 0x65, 0x6e, 0x73, 0x65, 0x5f, 0x31, 0x38, 0x5f, 0x31, 0x2f,
  0x42, 0x69, 0x61, 0x73, 0x41, 0x64, 0x64, 0x00, 0x01, 0x00, 0x00, 0x00,
  0x40, 0x00, 0x00, 0x00, 0xc4, 0x3b, 0xff, 0xff, 0x0c, 0x02, 0x00, 0x00,
  0x04, 0x00, 0x00, 0x00, 0x40, 0x00, 0x00, 0x00, 0x00, 0x00, 0x00, 0x00,
  0x00, 0x00, 0x00, 0x00, 0x00, 0x00, 0x00, 0x00, 0x00, 0x00, 0x00, 0x00,
  0x00, 0x00, 0x00, 0x00, 0x00, 0x00, 0x00, 0x00, 0x00, 0x00, 0x00, 0x00,
  0x00, 0x00, 0x00, 0x00, 0x00, 0x00, 0x00, 0x00, 0x00, 0x00, 0x00, 0x00,
  0x00, 0x00, 0x00, 0x00, 0x00, 0x00, 0x00, 0x00, 0x00, 0x00, 0x00, 0x00,
  0x00, 0x00, 0x00, 0x00, 0x00, 0x00, 0x00, 0x00, 0x00, 0x00, 0x00, 0x00,
  0x00, 0x00, 0x00, 0x00, 0x00, 0x00, 0x00, 0x00, 0x00, 0x00, 0x00, 0x00,
  0x00, 0x00, 0x00, 0x00, 0x00, 0x00, 0x00, 0x00, 0x00, 0x00, 0x00, 0x00,
  0x00, 0x00, 0x00, 0x00, 0x00, 0x00, 0x00, 0x00, 0x00, 0x00, 0x00, 0x00,
  0x00, 0x00, 0x00, 0x00, 0x00, 0x00, 0x00, 0x00, 0x00, 0x00, 0x00, 0x00,
  0x00, 0x00, 0x00, 0x00, 0x00, 0x00, 0x00, 0x00, 0x00, 0x00, 0x00, 0x00,
  0x00, 0x00, 0x00, 0x00, 0x00, 0x00, 0x00, 0x00, 0x00, 0x00, 0x00, 0x00,
  0x00, 0x00, 0x00, 0x00, 0x00, 0x00, 0x00, 0x00, 0x00, 0x00, 0x00, 0x00,
  0x00, 0x00, 0x00, 0x00, 0x00, 0x00, 0x00, 0x00, 0x00, 0x00, 0x00, 0x00,
  0x00, 0x00, 0x00, 0x00, 0x00, 0x00, 0x00, 0x00, 0x00, 0x00, 0x00, 0x00,
  0x00, 0x00, 0x00, 0x00, 0x00, 0x00, 0x00, 0x00, 0x00, 0x00, 0x00, 0x00,
  0x00, 0x00, 0x00, 0x00, 0x00, 0x00, 0x00, 0x00, 0x00, 0x00, 0x00, 0x00,
  0x00, 0x00, 0x00, 0x00, 0x00, 0x00, 0x00, 0x00, 0x00, 0x00, 0x00, 0x00,
  0x00, 0x00, 0x00, 0x00, 0x00, 0x00, 0x00, 0x00, 0x00, 0x00, 0x00, 0x00,
  0x00, 0x00, 0x00, 0x00, 0x00, 0x00, 0x00, 0x00, 0x00, 0x00, 0x00, 0x00,
  0x00, 0x00, 0x00, 0x00, 0x00, 0x00, 0x00, 0x00, 0x00, 0x00, 0x00, 0x00,
  0x00, 0x00, 0x00, 0x00, 0x00, 0x00, 0x00, 0x00, 0x00, 0x00, 0x00, 0x00,
  0x00, 0x00, 0x00, 0x00, 0x00, 0x00, 0x00, 0x00, 0x00, 0x00, 0x00, 0x00,
  0x00, 0x00, 0x00, 0x00, 0x00, 0x00, 0x00, 0x00, 0x00, 0x00, 0x00, 0x00,
  0x00, 0x00, 0x00, 0x00, 0x00, 0x00, 0x00, 0x00, 0x00, 0x00, 0x00, 0x00,
  0x00, 0x00, 0x00, 0x00, 0x00, 0x00, 0x00, 0x00, 0x00, 0x00, 0x00, 0x00,
  0x00, 0x00, 0x00, 0x00, 0x00, 0x00, 0x00, 0x00, 0x00, 0x00, 0x00, 0x00,
  0x00, 0x00, 0x00, 0x00, 0x00, 0x00, 0x00, 0x00, 0x00, 0x00, 0x00, 0x00,
  0x00, 0x00, 0x00, 0x00, 0x00, 0x00, 0x00, 0x00, 0x00, 0x00, 0x00, 0x00,
  0x00, 0x00, 0x00, 0x00, 0x00, 0x00, 0x00, 0x00, 0x00, 0x00, 0x00, 0x00,
  0x00, 0x00, 0x00, 0x00, 0x00, 0x00, 0x00, 0x00, 0x00, 0x00, 0x00, 0x00,
  0x00, 0x00, 0x00, 0x00, 0x00, 0x00, 0x00, 0x00, 0x00, 0x00, 0x00, 0x00,
  0x00, 0x00, 0x00, 0x00, 0x00, 0x00, 0x00, 0x00, 0x00, 0x00, 0x00, 0x00,
  0x00, 0x00, 0x00, 0x00, 0x00, 0x00, 0x00, 0x00, 0x00, 0x00, 0x00, 0x00,
  0x00, 0x00, 0x00, 0x00, 0x00, 0x00, 0x00, 0x00, 0x00, 0x00, 0x00, 0x00,
  0x00, 0x00, 0x00, 0x00, 0x00, 0x00, 0x00, 0x00, 0x00, 0x00, 0x00, 0x00,
  0x00, 0x00, 0x00, 0x00, 0x00, 0x00, 0x00, 0x00, 0x00, 0x00, 0x00, 0x00,
  0x00, 0x00, 0x00, 0x00, 0x00, 0x00, 0x00, 0x00, 0x00, 0x00, 0x00, 0x00,
  0x00, 0x00, 0x00, 0x00, 0x00, 0x00, 0x00, 0x00, 0x00, 0x00, 0x00, 0x00,
  0x00, 0x00, 0x00, 0x00, 0x00, 0x00, 0x00, 0x00, 0x00, 0x00, 0x00, 0x00,
  0x00, 0x00, 0x00, 0x00, 0x00, 0x00, 0x00, 0x00, 0x00, 0x00, 0x00, 0x00,
  0x00, 0x00, 0x00, 0x00, 0x00, 0x00, 0x00, 0x00, 0x00, 0x00, 0x00, 0x00,
  0x00, 0x00, 0x00, 0x00, 0x00, 0x00, 0x00, 0x00, 0x00, 0x00, 0x00, 0x00,
  0x00, 0x00, 0x00, 0x00, 0x40, 0x00, 0x00, 0x00, 0x6e, 0x69, 0xca, 0x37,
  0x6e, 0x69, 0xca, 0x37, 0xa0, 0x24, 0xc6, 0x37, 0x47, 0x2e, 0xab, 0x37,
  0x6e, 0x69, 0xca, 0x37, 0x6e, 0x69, 0xca, 0x37, 0x6e, 0x69, 0xca, 0x37,
  0x47, 0x2e, 0xab, 0x37, 0x6e, 0x69, 0xca, 0x37, 0xa0, 0x24, 0xc6, 0x37,
  0x47, 0x2e, 0xab, 0x37, 0xa0, 0x24, 0xc6, 0x37, 0xa0, 0x24, 0xc6, 0x37,
  0xa0, 0x24, 0xc6, 0x37, 0x47, 0x2e, 0xab, 0x37, 0x6e, 0x69, 0xca, 0x37,
  0x6e, 0x69, 0xca, 0x37, 0x6e, 0x69, 0xca, 0x37, 0xa0, 0x24, 0xc6, 0x37,
  0xa0, 0x24, 0xc6, 0x37, 0x47, 0x2e, 0xab, 0x37, 0x6e, 0x69, 0xca, 0x37,
  0x76, 0x30, 0xaa, 0x37, 0x6e, 0x69, 0xca, 0x37, 0x6e, 0x69, 0xca, 0x37,
  0xa0, 0x24, 0xc6, 0x37, 0x47, 0x2e, 0xab, 0x37, 0x47, 0x2e, 0xab, 0x37,
  0xa0, 0x24, 0xc6, 0x37, 0x47, 0x2e, 0xab, 0x37, 0xa0, 0x24, 0xc6, 0x37,
  0x47, 0x2e, 0xab, 0x37, 0xa0, 0x24, 0xc6, 0x37, 0x47, 0x2e, 0xab, 0x37,
  0xa0, 0x24, 0xc6, 0x37, 0xa0, 0x24, 0xc6, 0x37, 0x6e, 0x69, 0xca, 0x37,
  0x47, 0x2e, 0xab, 0x37, 0x47, 0x2e, 0xab, 0x37, 0x6e, 0x69, 0xca, 0x37,
  0x47, 0x2e, 0xab, 0x37, 0xa0, 0x24, 0xc6, 0x37, 0x6e, 0x69, 0xca, 0x37,
  0xa0, 0x24, 0xc6, 0x37, 0x6e, 0x69, 0xca, 0x37, 0x6e, 0x69, 0xca, 0x37,
  0x47, 0x2e, 0xab, 0x37, 0x6e, 0x69, 0xca, 0x37, 0x6e, 0x69, 0xca, 0x37,
  0x6e, 0x69, 0xca, 0x37, 0x6e, 0x69, 0xca, 0x37, 0x47, 0x2e, 0xab, 0x37,
  0x47, 0x2e, 0xab, 0x37, 0x6e, 0x69, 0xca, 0x37, 0xa0, 0x24, 0xc6, 0x37,
  0x6e, 0x69, 0xca, 0x37, 0x6e, 0x69, 0xca, 0x37, 0x47, 0x2e, 0xab, 0x37,
  0x47, 0x2e, 0xab, 0x37, 0x6e, 0x69, 0xca, 0x37, 0x47, 0x2e, 0xab, 0x37,
  0x6e, 0x69, 0xca, 0x37, 0x6e, 0x69, 0xca, 0x37, 0x6e, 0x69, 0xca, 0x37,
  0x66, 0x3b, 0xff, 0xff, 0x04, 0x00, 0x00, 0x00, 0x00, 0x01, 0x00, 0x00,
  0x7e, 0x00, 0x00, 0x00, 0xe5, 0x01, 0x00, 0x00, 0x59, 0xff, 0xff, 0xff,
  0xa2, 0xff, 0xff, 0xff, 0x65, 0xff, 0xff, 0xff, 0xa5, 0x00, 0x00, 0x00,
  0x2f, 0x01, 0x00, 0x00, 0xaf, 0xff, 0xff, 0xff, 0xb7, 0x01, 0x00, 0x00,
  0x94, 0xff, 0xff, 0xff, 0x6f, 0x00, 0x00, 0x00, 0x34, 0xfe, 0xff, 0xff,
  0xcb, 0xfe, 0xff, 0xff, 0x33, 0x01, 0x00, 0x00, 0xbc, 0xfc, 0xff, 0xff,
  0x55, 0x00, 0x00, 0x00, 0x09, 0x02, 0x00, 0x00, 0xae, 0x00, 0x00, 0x00,
  0x02, 0xff, 0xff, 0xff, 0x06, 0x03, 0x00, 0x00, 0x21, 0xff, 0xff, 0xff,
  0x53, 0x01, 0x00, 0x00, 0x56, 0xff, 0xff, 0xff, 0xc8, 0x01, 0x00, 0x00,
  0x5b, 0x02, 0x00, 0x00, 0x5b, 0x00, 0x00, 0x00, 0xbd, 0x00, 0x00, 0x00,
  0x98, 0xff, 0xff, 0xff, 0x98, 0xfe, 0xff, 0xff, 0xaf, 0xfd, 0xff, 0xff,
  0xf5, 0xfe, 0xff, 0xff, 0xca, 0xfe, 0xff, 0xff, 0xb1, 0xff, 0xff, 0xff,
  0xfc, 0x00, 0x00, 0x00, 0xab, 0x00, 0x00, 0x00, 0x5c, 0xff, 0xff, 0xff,
  0xff, 0x00, 0x00, 0x00, 0xf7, 0xfe, 0xff, 0xff, 0x8d, 0x04, 0x00, 0x00,
  0x6c, 0xff, 0xff, 0xff, 0x44, 0xff, 0xff, 0xff, 0xc6, 0xff, 0xff, 0xff,
  0x60, 0x01, 0x00, 0x00, 0xd3, 0xff, 0xff, 0xff, 0x22, 0x00, 0x00, 0x00,
  0x45, 0x01, 0x00, 0x00, 0xf7, 0xff, 0xff, 0xff, 0xe1, 0x00, 0x00, 0x00,
  0x65, 0x01, 0x00, 0x00, 0x5d, 0x01, 0x00, 0x00, 0x48, 0xff, 0xff, 0xff,
  0x9c, 0x00, 0x00, 0x00, 0x1a, 0xff, 0xff, 0xff, 0x33, 0xff, 0xff, 0xff,
  0x0f, 0x01, 0x00, 0x00, 0x11, 0xff, 0xff, 0xff, 0x64, 0x03, 0x00, 0x00,
  0x53, 0x00, 0x00, 0x00, 0x98, 0x02, 0x00, 0x00, 0x5d, 0xff, 0xff, 0xff,
  0x9e, 0xfe, 0xff, 0xff, 0x3f, 0x00, 0x00, 0x00, 0x06, 0xff, 0xff, 0xff,
  0xb4, 0x00, 0x00, 0x00, 0xca, 0x3c, 0xff, 0xff, 0x00, 0x00, 0x09, 0x01,
  0x60, 0x00, 0x00, 0x00, 0x1f, 0x00, 0x00, 0x00, 0x08, 0x00, 0x00, 0x00,
  0x64, 0x00, 0x00, 0x00, 0x49, 0x00, 0x00, 0x00, 0x74, 0x69, 0x6e, 0x79,
  0x5f, 0x6e, 0x69, 0x64, 0x73, 0x5f, 0x74, 0x72, 0x61, 0x6e, 0x73, 0x66,
  0x6f, 0x72, 0x6d, 0x65, 0x72, 0x5f, 0x31, 0x2f, 0x65, 0x6e, 0x63, 0x6f,
  0x64, 0x65, 0x72, 0x5f, 0x62, 0x6c, 0x6f, 0x63, 0x6b, 0x5f, 0x31, 0x5f,
  0x31, 0x2f, 0x6c, 0x61, 0x79, 0x65, 0x72, 0x5f, 0x6e, 0x6f, 0x72, 0x6d,
  0x61, 0x6c, 0x69, 0x7a, 0x61, 0x74, 0x69, 0x6f, 0x6e, 0x5f, 0x36, 0x5f,
  0x31, 0x2f, 0x52, 0x65, 0x73, 0x68, 0x61, 0x70, 0x65, 0x00, 0x00, 0x00,
  0x03, 0x00, 0x00, 0x00, 0x01, 0x00, 0x00, 0x00, 0x01, 0x00, 0x00, 0x00,
  0x40, 0x00, 0x00, 0x00, 0x5c, 0x40, 0xff, 0xff, 0x18, 0x00, 0x00, 0x00,
  0x04, 0x00, 0x00, 0x00, 0x01, 0x00, 0x00, 0x00, 0x80, 0xff, 0xff, 0xff,
  0xff, 0xff, 0xff, 0xff, 0x00, 0x00, 0x00, 0x00, 0x01, 0x00, 0x00, 0x00,
  0x74, 0x69, 0x91, 0x3b, 0x0e, 0x3d, 0xff, 0xff, 0x04, 0x00, 0x00, 0x00,
  0x40, 0x00, 0x00, 0x00, 0x64, 0x5e, 0x61, 0x60, 0x62, 0x5f, 0x60, 0x6b,
  0x5f, 0x64, 0x62, 0x65, 0x62, 0x5b, 0x64, 0x65, 0x6b, 0x5d, 0x6b, 0x5d,
  0x6d, 0x5f, 0x63, 0x62, 0x61, 0x66, 0x60, 0x5b, 0x69, 0x5e, 0x6b, 0x5f,
  0x60, 0x62, 0x6b, 0x65, 0x61, 0x63, 0x5e, 0x68, 0x66, 0x63, 0x64, 0x64,
  0x63, 0x65, 0x59, 0x65, 0x7f, 0x6d, 0x6e, 0x63, 0x60, 0x63, 0x64, 0x61,
  0x77, 0x63, 0x61, 0x62, 0x5f, 0x5e, 0x5f, 0x62, 0xb2, 0x3d, 0xff, 0xff,
  0x00, 0x00, 0x09, 0x01, 0x60, 0x00, 0x00, 0x00, 0x1e, 0x00, 0x00, 0x00,
  0x08, 0x00, 0x00, 0x00, 0x64, 0x00, 0x00, 0x00, 0x4b, 0x00, 0x00, 0x00,
  0x74, 0x69, 0x6e, 0x79, 0x5f, 0x6e, 0x69, 0x64, 0x73, 0x5f, 0x74, 0x72,
  0x61, 0x6e, 0x73, 0x66, 0x6f, 0x72, 0x6d, 0x65, 0x72, 0x5f, 0x31, 0x2f,
  0x65, 0x6e, 0x63, 0x6f, 0x64, 0x65, 0x72, 0x5f, 0x62, 0x6c, 0x6f, 0x63,
  0x6b, 0x5f, 0x31, 0x5f, 0x31, 0x2f, 0x6c, 0x61, 0x79, 0x65, 0x72, 0x5f,
  0x6e, 0x6f, 0x72, 0x6d, 0x61, 0x6c, 0x69, 0x7a, 0x61, 0x74, 0x69, 0x6f,
  0x6e, 0x5f, 0x36, 0x5f, 0x31, 0x2f, 0x52, 0x65, 0x73, 0x68, 0x61, 0x70,
  0x65, 0x5f, 0x31, 0x00, 0x03, 0x00, 0x00, 0x00, 0x01, 0x00, 0x00, 0x00,
  0x01, 0x00, 0x00, 0x00, 0x40, 0x00, 0x00, 0x00, 0x44, 0x41, 0xff, 0xff,
  0x18, 0x00, 0x00, 0x00, 0x04, 0x00, 0x00, 0x00, 0x01, 0x00, 0x00, 0x00,
  0x03, 0x00, 0x00, 0x00, 0x00, 0x00, 0x00, 0x00, 0x00, 0x00, 0x00, 0x00,
  0x01, 0x00, 0x00, 0x00, 0x19, 0x35, 0x02, 0x39, 0xf6, 0x3d, 0xff, 0xff,
  0x04, 0x00, 0x00, 0x00, 0x40, 0x00, 0x00, 0x00, 0xf7, 0xbf, 0x6b, 0xca,
  0xe3, 0xe7, 0x1c, 0xea, 0x7e, 0x57, 0xff, 0xd0, 0xd6, 0xe3, 0x9f, 0x12,
  0x35, 0x02, 0xdc, 0x65, 0xc5, 0x8f, 0xc1, 0xc6, 0xd9, 0xe6, 0xe6, 0x9f,
  0x87, 0x43, 0x0e, 0x06, 0x0c, 0xe0, 0x1f, 0xd4, 0x46, 0x80, 0x20, 0xe6,
  0x55, 0xcf, 0xe5, 0xe3, 0xec, 0x3b, 0x4c, 0xe2, 0x23, 0x3c, 0xde, 0xf8,
  0x8e, 0xdf, 0xd7, 0xfa, 0x7f, 0xa6, 0x46, 0xcd, 0x10, 0xdb, 0xce, 0x17,
  0x9a, 0x3e, 0xff, 0xff, 0x00, 0x00, 0x09, 0x01, 0x7c, 0x00, 0x00, 0x00,
  0x1d, 0x00, 0x00, 0x00, 0x08, 0x00, 0x00, 0x00, 0x7c, 0x00, 0x00, 0x00,
  0x65, 0x00, 0x00, 0x00, 0x74, 0x69, 0x6e, 0x79, 0x5f, 0x6e, 0x69, 0x64,
  0x73, 0x5f, 0x74, 0x72, 0x61, 0x6e, 0x73, 0x66, 0x6f, 0x72, 0x6d, 0x65,
  0x72, 0x5f, 0x31, 0x2f, 0x65, 0x6e, 0x63, 0x6f, 0x64, 0x65, 0x72, 0x5f,
  0x62, 0x6c, 0x6f, 0x63, 0x6b, 0x5f, 0x31, 0x5f, 0x31, 0x2f, 0x6d, 0x75,
  0x6c, 0x74, 0x69, 0x5f, 0x68, 0x65, 0x61, 0x64, 0x5f, 0x6c, 0x69, 0x6e,
  0x65, 0x61, 0x72, 0x5f, 0x61, 0x74, 0x74, 0x65, 0x6e, 0x74, 0x69, 0x6f,
  0x6e, 0x5f, 0x33, 0x5f, 0x31, 0x2f, 0x64, 0x65, 0x6e, 0x73, 0x65, 0x5f,
  0x31, 0x39, 0x5f, 0x31, 0x2f, 0x54, 0x65, 0x6e, 0x73, 0x6f, 0x72, 0x64,
  0x6f, 0x74, 0x2f, 0x4d, 0x61, 0x74, 0x4d, 0x75, 0x6c, 0x00, 0x00, 0x00,
  0x02, 0x00, 0x00, 0x00, 0x40, 0x00, 0x00, 0x00, 0x40, 0x00, 0x00, 0x00,
  0x44, 0x42, 0xff, 0xff, 0x10, 0x02, 0x00, 0x00, 0x04, 0x00, 0x00, 0x00,
  0x40, 0x00, 0x00, 0x00, 0x00, 0x00, 0x00, 0x00, 0x00, 0x00, 0x00, 0x00,
  0x00, 0x00, 0x00, 0x00, 0x00, 0x00, 0x00, 0x00, 0x00, 0x00, 0x00, 0x00,
  0x00, 0x00, 0x00, 0x00, 0x00, 0x00, 0x00, 0x00, 0x00, 0x00, 0x00, 0x00,
  0x00, 0x00, 0x00, 0x00, 0x00, 0x00, 0x00, 0x00, 0x00, 0x00, 0x00, 0x00,
  0x00, 0x00, 0x00, 0x00, 0x00, 0x00, 0x00, 0x00, 0x00, 0x00, 0x00, 0x00,
  0x00, 0x00, 0x00, 0x00, 0x00, 0x00, 0x00, 0x00, 0x00, 0x00, 0x00, 0x00,
  0x00, 0x00, 0x00, 0x00, 0x00, 0x00, 0x00, 0x00, 0x00, 0x00, 0x00, 0x00,
  0x00, 0x00, 0x00, 0x00, 0x00, 0x00, 0x00, 0x00, 0x00, 0x00, 0x00, 0x00,
  0x00, 0x00, 0x00, 0x00, 0x00, 0x00, 0x00, 0x00, 0x00, 0x00, 0x00, 0x00,
  0x00, 0x00, 0x00, 0x00, 0x00, 0x00, 0x00, 0x00, 0x00, 0x00, 0x00, 0x00,
  0x00, 0x00, 0x00, 0x00, 0x00, 0x00, 0x00, 0x00, 0x00, 0x00, 0x00, 0x00,
  0x00, 0x00, 0x00, 0x00, 0x00, 0x00, 0x00, 0x00, 0x00, 0x00, 0x00, 0x00,
  0x00, 0x00, 0x00, 0x00, 0x00, 0x00, 0x00, 0x00, 0x00, 0x00, 0x00, 0x00,
  0x00, 0x00, 0x00, 0x00, 0x00, 0x00, 0x00, 0x00, 0x00, 0x00, 0x00, 0x00,
  0x00, 0x00, 0x00, 0x00, 0x00, 0x00, 0x00, 0x00, 0x00, 0x00, 0x00, 0x00,
  0x00, 0x00, 0x00, 0x00, 0x00, 0x00, 0x00, 0x00, 0x00, 0x00, 0x00, 0x00,
  0x00, 0x00, 0x00, 0x00, 0x00, 0x00, 0x00, 0x00, 0x00, 0x00, 0x00, 0x00,
  0x00, 0x00, 0x00, 0x00, 0x00, 0x00, 0x00, 0x00, 0x00, 0x00, 0x00, 0x00,
  0x00, 0x00, 0x00, 0x00, 0x00, 0x00, 0x00, 0x00, 0x00, 0x00, 0x00, 0x00,
  0x00, 0x00, 0x00, 0x00, 0x00, 0x00, 0x00, 0x00, 0x00, 0x00, 0x00, 0x00,
  0x00, 0x00, 0x00, 0x00, 0x00, 0x00, 0x00, 0x00, 0x00, 0x00, 0x00, 0x00,
  0x00, 0x00, 0x00, 0x00, 0x00, 0x00, 0x00, 0x00, 0x00, 0x00, 0x00, 0x00,
  0x00, 0x00, 0x00, 0x00, 0x00, 0x00, 0x00, 0x00, 0x00, 0x00, 0x00, 0x00,
  0x00, 0x00, 0x00, 0x00, 0x00, 0x00, 0x00, 0x00, 0x00, 0x00, 0x00, 0x00,
  0x00, 0x00, 0x00, 0x00, 0x00, 0x00, 0x00, 0x00, 0x00, 0x00, 0x00, 0x00,
  0x00, 0x00, 0x00, 0x00, 0x00, 0x00, 0x00, 0x00, 0x00, 0x00, 0x00, 0x00,
  0x00, 0x00, 0x00, 0x00, 0x00, 0x00, 0x00, 0x00, 0x00, 0x00, 0x00, 0x00,
  0x00, 0x00, 0x00, 0x00, 0x00, 0x00, 0x00, 0x00, 0x00, 0x00, 0x00, 0x00,
  0x00, 0x00, 0x00, 0x00, 0x00, 0x00, 0x00, 0x00, 0x00, 0x00, 0x00, 0x00,
  0x00, 0x00, 0x00, 0x00, 0x00, 0x00, 0x00, 0x00, 0x00, 0x00, 0x00, 0x00,
  0x00, 0x00, 0x00, 0x00, 0x00, 0x00, 0x00, 0x00, 0x00, 0x00, 0x00, 0x00,
  0x00, 0x00, 0x00, 0x00, 0x00, 0x00, 0x00, 0x00, 0x00, 0x00, 0x00, 0x00,
  0x00, 0x00, 0x00, 0x00, 0x00, 0x00, 0x00, 0x00, 0x00, 0x00, 0x00, 0x00,
  0x00, 0x00, 0x00, 0x00, 0x00, 0x00, 0x00, 0x00, 0x00, 0x00, 0x00, 0x00,
  0x00, 0x00, 0x00, 0x00, 0x00, 0x00, 0x00, 0x00, 0x00, 0x00, 0x00, 0x00,
  0x00, 0x00, 0x00, 0x00, 0x00, 0x00, 0x00, 0x00, 0x00, 0x00, 0x00, 0x00,
  0x00, 0x00, 0x00, 0x00, 0x00, 0x00, 0x00, 0x00, 0x00, 0x00, 0x00, 0x00,
  0x00, 0x00, 0x00, 0x00, 0x00, 0x00, 0x00, 0x00, 0x00, 0x00, 0x00, 0x00,
  0x00, 0x00, 0x00, 0x00, 0x00, 0x00, 0x00, 0x00, 0x00, 0x00, 0x00, 0x00,
  0x00, 0x00, 0x00, 0x00, 0x00, 0x00, 0x00, 0x00, 0x00, 0x00, 0x00, 0x00,
  0x00, 0x00, 0x00, 0x00, 0x00, 0x00, 0x00, 0x00, 0x00, 0x00, 0x00, 0x00,
  0x00, 0x00, 0x00, 0x00, 0x00, 0x00, 0x00, 0x00, 0x00, 0x00, 0x00, 0x00,
  0x00, 0x00, 0x00, 0x00, 0x00, 0x00, 0x00, 0x00, 0x00, 0x00, 0x00, 0x00,
  0x00, 0x00, 0x00, 0x00, 0x40, 0x00, 0x00, 0x00, 0x01, 0x34, 0xea, 0x3a,
  0x42, 0x84, 0xfc, 0x3a, 0xcc, 0x5f, 0xde, 0x3a, 0xcc, 0x5f, 0xde, 0x3a,
  0x42, 0x84, 0xfc, 0x3a, 0x01, 0x34, 0xea, 0x3a, 0xcc, 0x5f, 0xde, 0x3a,
  0x01, 0x34, 0xea, 0x3a, 0xcc, 0x5f, 0xde, 0x3a, 0x42, 0x84, 0xfc, 0x3a,
  0x42, 0x84, 0xfc, 0x3a, 0xcc, 0x5f, 0xde, 0x3a, 0x42, 0x84, 0xfc, 0x3a,
  0x42, 0x84, 0xfc, 0x3a, 0x42, 0x84, 0xfc, 0x3a, 0x42, 0x84, 0xfc, 0x3a,
  0xcc, 0x5f, 0xde, 0x3a, 0x01, 0x34, 0xea, 0x3a, 0x01, 0x34, 0xea, 0x3a,
  0x01, 0x34, 0xea, 0x3a, 0x01, 0x34, 0xea, 0x3a, 0x01, 0x34, 0xea, 0x3a,
  0xcc, 0x5f, 0xde, 0x3a, 0x42, 0x84, 0xfc, 0x3a, 0xcc, 0x5f, 0xde, 0x3a,
  0xcc, 0x5f, 0xde, 0x3a, 0xcc, 0x5f, 0xde, 0x3a, 0x01, 0x34, 0xea, 0x3a,
  0xcc, 0x5f, 0xde, 0x3a, 0x10, 0x80, 0xd5, 0x3a, 0x01, 0x34, 0xea, 0x3a,
  0x42, 0x84, 0xfc, 0x3a, 0x42, 0x84, 0xfc, 0x3a, 0xcc, 0x5f, 0xde, 0x3a,
  0x42, 0x84, 0xfc, 0x3a, 0x42, 0x84, 0xfc, 0x3a, 0x01, 0x34, 0xea, 0x3a,
  0x42, 0x84, 0xfc, 0x3a, 0x42, 0x84, 0xfc, 0x3a, 0x42, 0x84, 0xfc, 0x3a,
  0x01, 0x34, 0xea, 0x3a, 0x01, 0x34, 0xea, 0x3a, 0x42, 0x84, 0xfc, 0x3a,
  0xcc, 0x5f, 0xde, 0x3a, 0xcc, 0x5f, 0xde, 0x3a, 0x01, 0x34, 0xea, 0x3a,
  0x01, 0x34, 0xea, 0x3a, 0xe5, 0xad, 0xca, 0x3a, 0x42, 0x84, 0xfc, 0x3a,
  0x01, 0x34, 0xea, 0x3a, 0x01, 0x34, 0xea, 0x3a, 0x42, 0x84, 0xfc, 0x3a,
  0x42, 0x84, 0xfc, 0x3a, 0x42, 0x84, 0xfc, 0x3a, 0xcc, 0x5f, 0xde, 0x3a,
  0x01, 0x34, 0xea, 0x3a, 0x01, 0x34, 0xea, 0x3a, 0xcc, 0x5f, 0xde, 0x3a,
  0x42, 0x84, 0xfc, 0x3a, 0x01, 0x34, 0xea, 0x3a, 0x42, 0x84, 0xfc, 0x3a,
  0x01, 0x34, 0xea, 0x3a, 0x10, 0x80, 0xd5, 0x3a, 0x01, 0x34, 0xea, 0x3a,
  0xea, 0x41, 0xff, 0xff, 0x04, 0x00, 0x00, 0x00, 0x00, 0x10, 0x00, 0x00,
  0x00, 0x5b, 0x64, 0x00, 0x00, 0x6e, 0x00, 0x00, 0x00, 0x00, 0x5b, 0xa8,
  0x49, 0x00, 0x6e, 0x00, 0x5b, 0x00, 0x49, 0x5b, 0x00, 0x00, 0x49, 0x00,
  0x9e, 0x00, 0x00, 0x51, 0x00, 0xa8, 0x00, 0x95, 0x64, 0x8c, 0x00, 0x95,
  0xb1, 0x51, 0x00, 0x51, 0x81, 0x00, 0x00, 0x00, 0x00, 0xb1, 0x5b, 0x00,
  0x81, 0x00, 0x00, 0x00, 0x8c, 0x95, 0x00, 0xa8, 0x8c, 0x51, 0x49, 0x95,
  0xc0, 0x00, 0xb1, 0x00, 0x5d, 0x00, 0x00, 0x00, 0xbe, 0x44, 0x00, 0xae,
  0x5d, 0x66, 0x00, 0x00, 0x5d, 0xae, 0x66, 0xae, 0x8a, 0x00, 0x00, 0x00,
  0x4c, 0x00, 0x9d, 0x00, 0x66, 0xae, 0x4c, 0x00, 0x00, 0x7f, 0x00, 0x00,
  0xa5, 0x00, 0xae, 0xc5, 0x9d, 0x00, 0x00, 0x00, 0x00, 0x00, 0x4c, 0xb7,
  0x3c, 0x00, 0x00, 0x44, 0x00, 0x00, 0x3c, 0x95, 0x3c, 0x00, 0x00, 0x00,
  0x00, 0x00, 0x54, 0xbe, 0x00, 0x70, 0xa5, 0x00, 0x56, 0x00, 0x56, 0x44,
  0x00, 0xbd, 0x00, 0x99, 0x00, 0x00, 0x56, 0x00, 0x56, 0xad, 0x74, 0x00,
  0x00, 0x00, 0xbd, 0x00, 0x60, 0x86, 0x00, 0x60, 0x4d, 0x4d, 0x6a, 0x00,
  0x00, 0x56, 0x00, 0x99, 0x00, 0x60, 0x6a, 0x86, 0x74, 0x00, 0x60, 0xad,
  0x60, 0x00, 0x00, 0xbd, 0xad, 0x00, 0x00, 0x7f, 0x56, 0x00, 0x00, 0x00,
  0x6a, 0x00, 0xbd, 0x86, 0xad, 0x00, 0xb5, 0x44, 0x60, 0x99, 0x8f, 0x00,
  0x00, 0x56, 0x00, 0x00, 0xb5, 0x6a, 0x00, 0x00, 0x99, 0x00, 0x00, 0x00,
  0x00, 0x00, 0xbd, 0xb5, 0x6a, 0x00, 0x00, 0x44, 0xb5, 0x74, 0x8f, 0x00,
  0x99, 0x00, 0x00, 0x00, 0x8f, 0x00, 0x00, 0x00, 0x00, 0x00, 0x7f, 0x00,
  0x60, 0x6a, 0x99, 0xa3, 0x74, 0x8f, 0x00, 0x99, 0xb5, 0xbd, 0x00, 0xb5,
  0x00, 0x00, 0x8f, 0x00, 0x00, 0x00, 0x00, 0x00, 0x7f, 0x00, 0x86, 0x4d,
  0x00, 0x56, 0x00, 0xa3, 0x3c, 0x66, 0x66, 0x00, 0x00, 0x00, 0xa5, 0x5d,
  0x00, 0x00, 0x00, 0x00, 0x00, 0x00, 0x00, 0x00, 0x00, 0x54, 0x00, 0x4c,
  0xa5, 0xb7, 0x54, 0x00, 0xbe, 0x00, 0x44, 0xae, 0x00, 0xa5, 0xae, 0xb7,
  0xc5, 0x9d, 0xa5, 0x4c, 0x00, 0x00, 0x00, 0x9d, 0x7f, 0x00, 0xbe, 0xa5,
  0x9d, 0x00, 0x4c, 0xa5, 0x66, 0x66, 0x5d, 0x00, 0x00, 0x00, 0xb7, 0x54,
  0x00, 0x00, 0x00, 0x5d, 0x9d, 0x5d, 0xc5, 0x44, 0x00, 0x00, 0x49, 0x00,
  0x00, 0x00, 0x6e, 0xb1, 0x00, 0x64, 0x64, 0x41, 0x00, 0x41, 0x9e, 0x00,
  0x00, 0x00, 0x00, 0x00, 0x00, 0x5b, 0x5b, 0x95, 0x00, 0x51, 0x00, 0x00,
  0x00, 0x00, 0x00, 0x95, 0xb9, 0x49, 0x00, 0x00, 0x00, 0x49, 0x64, 0x00,
  0x00, 0x00, 0xc0, 0x00, 0x00, 0xb9, 0x00, 0x49, 0x9e, 0x00, 0xc0, 0xa8,
  0x95, 0x00, 0x00, 0x00, 0x49, 0xb1, 0x00, 0x00, 0x00, 0x00, 0x9e, 0x81,
  0x00, 0x00, 0xbd, 0x8f, 0x00, 0xa3, 0x56, 0x8f, 0xa3, 0x00, 0x44, 0x74,
  0x00, 0x00, 0x00, 0x00, 0x6a, 0x74, 0x7f, 0x99, 0x4d, 0x8f, 0x8f, 0x00,
  0x6a, 0x8f, 0x44, 0x60, 0x00, 0x56, 0x00, 0x6a, 0x00, 0xb5, 0x56, 0x74,
  0x74, 0x99, 0x74, 0x56, 0x00, 0x00, 0x56, 0x00, 0x00, 0x00, 0x00, 0x00,
  0x00, 0xad, 0x00, 0x00, 0x99, 0x00, 0xb5, 0x00, 0x00, 0x8f, 0x60, 0xbd,
  0x00, 0x99, 0x00, 0x6a, 0x95, 0x00, 0x00, 0x00, 0x9e, 0x64, 0x00, 0x51,
  0x00, 0x6e, 0x00, 0x00, 0xb9, 0x00, 0x00, 0x00, 0xa8, 0x00, 0x00, 0x00,
  0x00, 0x00, 0x79, 0x41, 0xc0, 0x8c, 0x00, 0x00, 0x8c, 0xb9, 0x64, 0x49,
  0x6e, 0x00, 0x00, 0x6e, 0x00, 0x00, 0x64, 0x00, 0x00, 0xb1, 0x6e, 0x00,
  0x00, 0x00, 0x00, 0xb1, 0x81, 0x00, 0x00, 0x00, 0x00, 0x41, 0x00, 0xc0,
  0x9e, 0x00, 0x00, 0x5b, 0x00, 0x00, 0x79, 0x00, 0x56, 0x00, 0x00, 0x99,
  0xbd, 0x00, 0x00, 0x8f, 0x4d, 0xa3, 0x00, 0x00, 0x6a, 0x56, 0x44, 0xa3,
  0x00, 0x00, 0x00, 0x00, 0x4d, 0x00, 0x00, 0x4d, 0x56, 0x00, 0x00, 0x00,
  0x00, 0x00, 0x60, 0x99, 0x00, 0x00, 0x00, 0x6a, 0x00, 0x74, 0xa3, 0x00,
  0x00, 0x00, 0xb5, 0x8f, 0x00, 0x00, 0x00, 0x60, 0x74, 0x8f, 0x86, 0x7f,
  0x00, 0x00, 0xb5, 0x00, 0x4d, 0x74, 0x8f, 0x00, 0x00, 0x00, 0x00, 0x6a,
  0x00, 0x00, 0xa5, 0x9d, 0x00, 0x5d, 0x00, 0xb7, 0xae, 0x44, 0x00, 0x00,
  0x7f, 0x00, 0x54, 0xc5, 0xa5, 0x00, 0x54, 0x95, 0x66, 0x00, 0x44, 0x00,
  0x5d, 0x4c, 0x00, 0x00, 0xc5, 0x9d, 0x00, 0x00, 0xc5, 0x00, 0x66, 0x00,
  0x00, 0x00, 0x00, 0x44, 0x54, 0x00, 0x00, 0x00, 0x00, 0x00, 0x00, 0xae,
  0x00, 0x70, 0x3c, 0x9d, 0x95, 0x5d, 0x00, 0x00, 0x44, 0x00, 0x00, 0x4c,
  0x9d, 0x00, 0xa5, 0x00, 0x5d, 0x00, 0x00, 0x00, 0x00, 0xa5, 0x5d, 0xa5,
  0x00, 0xc5, 0x00, 0x5d, 0xbe, 0x70, 0xa5, 0x00, 0x3c, 0x00, 0x7f, 0xb7,
  0x00, 0x00, 0x00, 0x00, 0x95, 0xae, 0x00, 0x70, 0x3c, 0x66, 0x00, 0x00,
  0xb7, 0x00, 0x00, 0xa5, 0x00, 0x00, 0x8a, 0x70, 0x70, 0x66, 0x9d, 0x00,
  0xb7, 0x44, 0x00, 0x00, 0x00, 0x00, 0x00, 0x70, 0xb7, 0x00, 0x00, 0x44,
  0x66, 0x4c, 0x00, 0x00, 0x54, 0xae, 0x00, 0x66, 0x00, 0x00, 0x00, 0x7f,
  0x4d, 0x00, 0x60, 0x00, 0x86, 0xad, 0x00, 0x60, 0x44, 0x00, 0x00, 0xa3,
  0x56, 0x00, 0x4d, 0x74, 0xbd, 0x00, 0x60, 0x60, 0x00, 0xa3, 0x44, 0x74,
  0x00, 0x00, 0x8f, 0x00, 0x74, 0x00, 0x44, 0xa3, 0xbd, 0x00, 0x00, 0x00,
  0x74, 0x00, 0x00, 0x00, 0x86, 0x99, 0x44, 0x86, 0x00, 0x00, 0xad, 0x99,
  0x00, 0x00, 0x6a, 0x00, 0x00, 0x00, 0x00, 0x99, 0x00, 0x00, 0x00, 0x00,
  0x70, 0xae, 0xbe, 0x00, 0xc5, 0x00, 0x00, 0x7f, 0x00, 0x00, 0x00, 0x54,
  0x4c, 0x8a, 0x95, 0xb7, 0x00, 0x70, 0x3c, 0x00, 0x00, 0x00, 0x00, 0x66,
  0x00, 0x4c, 0x00, 0x00, 0x00, 0x00, 0x00, 0x00, 0x7f, 0x00, 0xae, 0x00,
  0x00, 0x9d, 0x00, 0x95, 0x00, 0x44, 0x5d, 0xae, 0x00, 0x44, 0x00, 0x9d,
  0x70, 0x00, 0x00, 0x00, 0x00, 0x00, 0xbe, 0x00, 0x00, 0x00, 0x00, 0x54,
  0x4c, 0xae, 0x00, 0x54, 0x00, 0x00, 0x00, 0x54, 0x00, 0xae, 0x00, 0x00,
  0xbe, 0x66, 0x00, 0x00, 0x00, 0x66, 0xae, 0xae, 0x5d, 0x00, 0x7f, 0xb7,
  0x5d, 0x8a, 0x00, 0x9d, 0x95, 0x00, 0x3c, 0x54, 0xc5, 0x70, 0x00, 0x5d,
  0x00, 0x70, 0x00, 0x00, 0x00, 0x70, 0x00, 0x54, 0xae, 0xc5, 0x8a, 0x00,
  0x00, 0x00, 0xae, 0x00, 0x5d, 0xbe, 0x00, 0x5d, 0x00, 0xbe, 0x00, 0x00,
  0xae, 0x3c, 0x00, 0x00, 0x00, 0x00, 0x3c, 0xbe, 0x00, 0xbe, 0x00, 0x00,
  0xb7, 0x00, 0x3c, 0x70, 0x00, 0x00, 0xb7, 0x7f, 0x5d, 0x00, 0x9d, 0xa5,
  0x00, 0x00, 0x00, 0x5d, 0x00, 0x9d, 0x00, 0x3c, 0x3c, 0x66, 0x00, 0x00,
  0x00, 0x00, 0xb7, 0x4c, 0x00, 0x00, 0x00, 0x00, 0x00, 0x70, 0x00, 0x00,
  0x44, 0x00, 0x00, 0x00, 0x00, 0xb7, 0x00, 0x95, 0x00, 0x00, 0xbe, 0x44,
  0xc5, 0x00, 0x00, 0x00, 0x00, 0x8a, 0x00, 0x00, 0x00, 0x4c, 0x00, 0xb7,
  0x00, 0x00, 0x00, 0x00, 0x8a, 0x8a, 0x00, 0x00, 0x00, 0xc5, 0x95, 0x00,
  0x00, 0x00, 0x00, 0x44, 0x00, 0xbe, 0x9d, 0x66, 0x7f, 0xbe, 0x00, 0x9d,
  0x44, 0x00, 0x00, 0x00, 0x00, 0xae, 0x00, 0x00, 0x5d, 0x66, 0x9d, 0x00,
  0x44, 0x9d, 0x00, 0x9d, 0x5d, 0x00, 0x00, 0x70, 0x00, 0x00, 0x44, 0x00,
  0x00, 0xa5, 0x66, 0x00, 0x70, 0x00, 0x3c, 0x00, 0x4c, 0x4c, 0x00, 0x00,
  0x5d, 0x00, 0xae, 0x5d, 0x00, 0x00, 0x60, 0x00, 0x56, 0x00, 0x44, 0x56,
  0x6a, 0x7f, 0x00, 0xad, 0xb5, 0x74, 0x56, 0xb5, 0x00, 0x6a, 0x44, 0x8f,
  0x00, 0x00, 0xa3, 0x00, 0x00, 0x00, 0x8f, 0xbd, 0x00, 0x00, 0x00, 0x7f,
  0x00, 0xa3, 0x86, 0x00, 0x00, 0xad, 0x00, 0x44, 0x99, 0x00, 0x86, 0x8f,
  0x00, 0x00, 0x6a, 0x00, 0x86, 0x00, 0x00, 0x00, 0x00, 0x00, 0x00, 0x00,
  0xad, 0x74, 0x44, 0x00, 0x00, 0x8f, 0xa3, 0x44, 0x00, 0x8c, 0x51, 0x64,
  0x49, 0x41, 0x00, 0x00, 0x00, 0xb1, 0x00, 0xa8, 0xb1, 0x9e, 0x95, 0x5b,
  0x00, 0x49, 0x00, 0x00, 0x00, 0x00, 0x64, 0x51, 0x00, 0x00, 0xc0, 0x00,
  0x00, 0x00, 0x00, 0x41, 0x00, 0xc0, 0x00, 0x00, 0x95, 0x81, 0x00, 0x49,
  0x79, 0x81, 0x64, 0x00, 0xa8, 0x00, 0xb9, 0x00, 0x5b, 0x00, 0x00, 0x6e,
  0x00, 0x00, 0x00, 0x64, 0x41, 0x95, 0x81, 0x00, 0x49, 0x79, 0x00, 0xc0,
  0x00, 0x00, 0x00, 0x00, 0x00, 0x00, 0x00, 0x00, 0x00, 0x00, 0x00, 0x41,
  0x00, 0x95, 0xa8, 0x00, 0x00, 0x95, 0x79, 0x00, 0x00, 0x00, 0x64, 0x00,
  0x00, 0x00, 0x00, 0x00, 0x95, 0x00, 0x00, 0x00, 0x5b, 0x00, 0x5b, 0x79,
  0x00, 0x00, 0x00, 0x81, 0x6e, 0x00, 0xa8, 0x00, 0x79, 0x00, 0x49, 0x79,
  0x9e, 0xb1, 0xc0, 0x95, 0x5b, 0x00, 0x9e, 0x00, 0x8c, 0xa8, 0x00, 0x00,
  0x79, 0xa8, 0x00, 0xa8, 0x00, 0x00, 0xa8, 0xb1, 0x00, 0xc0, 0xc0, 0x9e,
  0x64, 0x81, 0x00, 0x9e, 0x00, 0x41, 0x00, 0x5b, 0x64, 0x00, 0x8c, 0xb9,
  0x00, 0x49, 0x00, 0x00, 0x00, 0xb9, 0x51, 0x9e, 0x00, 0x00, 0x00, 0x00,
  0x5b, 0x00, 0x00, 0x64, 0x9e, 0x00, 0x5b, 0x79, 0x95, 0xa8, 0x00, 0x00,
  0x00, 0x00, 0x00, 0xb1, 0x00, 0x49, 0x5b, 0x00, 0x00, 0x9e, 0x00, 0x95,
  0x00, 0x00, 0x41, 0x00, 0x00, 0x00, 0x6e, 0x79, 0x8c, 0x95, 0xb1, 0x00,
  0x41, 0x00, 0x51, 0xc0, 0x64, 0x51, 0x8c, 0x81, 0x00, 0x95, 0x6e, 0x00,
  0x00, 0x00, 0xb1, 0x00, 0xc0, 0x00, 0x00, 0x00, 0x9e, 0xb1, 0x00, 0x00,
  0x00, 0x00, 0x79, 0x00, 0x6e, 0x5b, 0x00, 0xa8, 0xb9, 0x00, 0xc0, 0x51,
  0x00, 0xb9, 0x00, 0xb9, 0x00, 0x9e, 0x00, 0x95, 0xa8, 0x00, 0x5b, 0x00,
  0x81, 0x5b, 0x79, 0x95, 0x00, 0xb1, 0x64, 0x00, 0x5b, 0xa8, 0xb9, 0xc0,
  0x6e, 0xb1, 0x64, 0xb9, 0x9e, 0x00, 0x00, 0x00, 0xa8, 0x41, 0x00, 0x00,
  0xc0, 0x6e, 0x00, 0x51, 0x00, 0x95, 0x00, 0x00, 0x00, 0x00, 0x00, 0x00,
  0x5b, 0x5b, 0x00, 0x00, 0x00, 0x00, 0x79, 0x00, 0x95, 0x00, 0x49, 0x6e,
  0x00, 0x00, 0x95, 0x6e, 0x41, 0x00, 0x00, 0xc0, 0x8c, 0xb1, 0x81, 0x6e,
  0x00, 0x00, 0x00, 0x00, 0x79, 0x00, 0x00, 0x41, 0x00, 0x00, 0x00, 0x9e,
  0x95, 0x00, 0x00, 0x95, 0x99, 0x00, 0x00, 0x00, 0x00, 0x00, 0x4d, 0x00,
  0x00, 0x44, 0x74, 0x00, 0xad, 0x00, 0x99, 0x00, 0x44, 0xb5, 0x86, 0xa3,
  0x00, 0xa3, 0x00, 0x60, 0x00, 0x56, 0xbd, 0x99, 0x00, 0x00, 0xa3, 0x00,
  0xb5, 0xa3, 0x00, 0x00, 0x00, 0x74, 0x6a, 0x00, 0xa3, 0x00, 0x86, 0x99,
  0x00, 0xad, 0x00, 0xb5, 0x00, 0x00, 0x74, 0x00, 0x00, 0x00, 0x7f, 0x86,
  0x99, 0x74, 0x00, 0x8f, 0xad, 0x00, 0x00, 0x99, 0xb7, 0x5d, 0xae, 0xbe,
  0x00, 0xbe, 0xbe, 0x54, 0x00, 0x00, 0x5d, 0x00, 0x00, 0x00, 0xbe, 0x5d,
  0xa5, 0x00, 0x00, 0xc5, 0x00, 0x00, 0x00, 0xa5, 0x00, 0xc5, 0x00, 0x4c,
  0x00, 0xa5, 0x00, 0x70, 0x00, 0xb7, 0x00, 0x00, 0x3c, 0x00, 0xa5, 0x00,
  0x00, 0x54, 0x00, 0xb7, 0x00, 0x00, 0xb7, 0x00, 0x54, 0x70, 0x00, 0x00,
  0xbe, 0xa5, 0x00, 0x9d, 0x7f, 0x4c, 0x00, 0x00, 0x00, 0xa5, 0x00, 0x00,
  0x00, 0x56, 0xbd, 0x74, 0x00, 0xb5, 0x00, 0x00, 0x00, 0x00, 0x56, 0x00,
  0x00, 0xad, 0x74, 0x00, 0x00, 0x44, 0x86, 0x00, 0xb5, 0x00, 0x44, 0x00,
  0x99, 0x00, 0xad, 0x74, 0xb5, 0x00, 0x00, 0xad, 0x99, 0xad, 0x6a, 0x00,
  0x00, 0x44, 0x44, 0x56, 0x7f, 0xb5, 0x00, 0x00, 0x00, 0xbd, 0x7f, 0x00,
  0x00, 0x00, 0x60, 0x00, 0x00, 0x00, 0x00, 0x00, 0x00, 0x44, 0x44, 0x4d,
  0x00, 0x8f, 0x99, 0x00, 0xad, 0x00, 0x00, 0x74, 0x00, 0x00, 0x7f, 0x56,
  0x00, 0x00, 0x7f, 0x74, 0x86, 0x00, 0x00, 0x00, 0x00, 0x74, 0x00, 0x74,
  0x7f, 0x74, 0x56, 0x00, 0xa3, 0xad, 0x99, 0x4d, 0x60, 0xb5, 0x60, 0xa3,
  0x00, 0x00, 0x86, 0x56, 0x00, 0x00, 0xad, 0xad, 0x00, 0x99, 0x00, 0x00,
  0x8f, 0x00, 0x00, 0x8f, 0xa3, 0x99, 0x00, 0x00, 0xa3, 0xa3, 0x00, 0x44,
  0x00, 0x00, 0x00, 0x00, 0x00, 0x00, 0x4d, 0x00, 0x00, 0x00, 0xad, 0xb5,
  0x00, 0x86, 0x00, 0xbd, 0x6a, 0xad, 0x4d, 0x99, 0x00, 0x99, 0x74, 0x00,
  0x00, 0x00, 0xad, 0x00, 0x6a, 0x00, 0x00, 0xa3, 0x6a, 0x00, 0x4d, 0x00,
  0x00, 0x56, 0x44, 0x74, 0x00, 0x00, 0x00, 0xb5, 0x00, 0xb5, 0x00, 0x00,
  0x00, 0x4d, 0x00, 0x6a, 0x00, 0x00, 0x56, 0x6a, 0x6a, 0x6a, 0x00, 0x00,
  0x00, 0x44, 0x00, 0x00, 0x00, 0x00, 0x00, 0x00, 0x7f, 0x00, 0x74, 0x00,
  0xb1, 0xc0, 0x00, 0x00, 0x8c, 0x79, 0x00, 0x00, 0x00, 0x00, 0x8c, 0x81,
  0x9e, 0xb9, 0x00, 0x00, 0x00, 0x00, 0x51, 0x51, 0x00, 0x64, 0x00, 0x81,
  0x95, 0x00, 0x6e, 0x6e, 0x00, 0x00, 0x8c, 0x95, 0x00, 0xb1, 0x00, 0x00,
  0x41, 0xc0, 0xb9, 0x00, 0x5b, 0x95, 0x00, 0x5b, 0xa8, 0x00, 0x8c, 0x6e,
  0x64, 0xa8, 0x9e, 0x00, 0xc0, 0x00, 0x00, 0x00, 0x6e, 0x00, 0x00, 0x41,
  0x00, 0x00, 0x00, 0x00, 0x60, 0xb5, 0x00, 0x00, 0xad, 0x00, 0x00, 0x00,
  0x4d, 0x00, 0xb5, 0x56, 0x7f, 0x4d, 0x74, 0x00, 0x7f, 0xad, 0x00, 0x8f,
  0x00, 0x00, 0x00, 0x7f, 0x00, 0x4d, 0x00, 0x00, 0x00, 0x00, 0x00, 0x00,
  0x00, 0x00, 0x74, 0x74, 0x00, 0x00, 0xad, 0x00, 0x00, 0x4d, 0x00, 0x99,
  0x00, 0x00, 0xad, 0x00, 0x74, 0x00, 0x56, 0x00, 0x00, 0x00, 0x8f, 0xa3,
  0xb5, 0x00, 0xbd, 0x00, 0x00, 0x00, 0x4d, 0x00, 0x00, 0x79, 0x00, 0xaa,
  0x79, 0x00, 0x00, 0x59, 0xba, 0x00, 0x9f, 0x59, 0x9f, 0x00, 0x00, 0xba,
  0x00, 0x00, 0xaa, 0x00, 0x00, 0x00, 0xba, 0x00, 0x00, 0x81, 0x00, 0xaa,
  0x64, 0x79, 0x00, 0x47, 0x00, 0x50, 0x79, 0x00, 0x6e, 0x00, 0x00, 0x47,
  0x00, 0x00, 0x00, 0xba, 0x00, 0x59, 0xaa, 0x00, 0x00, 0x00, 0x6e, 0x00,
  0x00, 0x00, 0x00, 0xaa, 0x64, 0x50, 0x50, 0x50, 0x9f, 0x95, 0x8b, 0x6e,
  0x00, 0x00, 0x41, 0xb1, 0x00, 0x00, 0x8c, 0x95, 0xb9, 0x00, 0xb9, 0x79,
  0x00, 0x5b, 0xb9, 0x64, 0xb1, 0xb1, 0x00, 0x00, 0x00, 0x00, 0x00, 0x00,
  0x9e, 0x95, 0x6e, 0x64, 0x00, 0x00, 0x00, 0x64, 0x00, 0x5b, 0x00, 0x00,
  0x8c, 0x95, 0x5b, 0x00, 0x64, 0x8c, 0x00, 0x00, 0x51, 0x9e, 0x00, 0x51,
  0x00, 0x00, 0x79, 0x5b, 0x8c, 0x00, 0x00, 0x95, 0x41, 0x00, 0xb9, 0x00,
  0x64, 0x8c, 0x00, 0x81, 0x66, 0x8a, 0x00, 0x44, 0x00, 0xae, 0x00, 0x00,
  0x3c, 0x7f, 0x9d, 0x00, 0xa5, 0x00, 0xa5, 0x70, 0x00, 0x66, 0x54, 0x00,
  0xa5, 0xb7, 0x00, 0x00, 0x00, 0x54, 0x9d, 0x00, 0xb7, 0x00, 0x00, 0x54,
  0xbe, 0x00, 0x00, 0x4c, 0x00, 0xbe, 0xbe, 0x00, 0x00, 0x95, 0x00, 0x00,
  0x00, 0x00, 0x00, 0x95, 0xc5, 0x00, 0x00, 0x9d, 0x5d, 0x00, 0x44, 0x00,
  0x00, 0x95, 0x8a, 0x00, 0x8a, 0x00, 0x9d, 0x44, 0x00, 0x44, 0x00, 0xa5,
  0x00, 0x66, 0x5d, 0x00, 0x00, 0x95, 0x66, 0x00, 0x00, 0x00, 0xa5, 0x00,
  0x00, 0x44, 0x00, 0x00, 0x00, 0x00, 0xc5, 0x00, 0x70, 0x00, 0xae, 0x00,
  0x00, 0x00, 0x00, 0xc5, 0x44, 0x3c, 0x00, 0xc5, 0x00, 0x44, 0x9d, 0xc5,
  0x00, 0x4c, 0x00, 0x00, 0x00, 0xa5, 0x00, 0x00, 0x00, 0x00, 0x00, 0x00,
  0x7f, 0x00, 0x00, 0x00, 0xa5, 0x00, 0x00, 0x44, 0x00, 0xae, 0xae, 0x9d,
  0xbd, 0x00, 0x00, 0x99, 0xad, 0x00, 0x00, 0x00, 0x7f, 0xad, 0x00, 0x60,
  0x00, 0xbd, 0x4d, 0x56, 0x4d, 0x00, 0xb5, 0xbd, 0x00, 0x00, 0x8f, 0xa3,
  0x00, 0x00, 0x00, 0x00, 0x00, 0x6a, 0x00, 0x00, 0x56, 0x00, 0x4d, 0x6a,
  0x6a, 0x56, 0x00, 0x60, 0x00, 0x44, 0x00, 0x00, 0x00, 0xbd, 0x00, 0x00,
  0x00, 0x00, 0x00, 0x6a, 0x00, 0x00, 0x00, 0xbd, 0x00, 0x00, 0x00, 0x99,
  0x74, 0x00, 0xa3, 0x56, 0x5d, 0x00, 0x00, 0x00, 0x00, 0x00, 0x00, 0x44,
  0x00, 0x54, 0x3c, 0x8a, 0x00, 0x00, 0x95, 0x5d, 0x00, 0x70, 0x00, 0x4c,
  0x3c, 0xbe, 0x00, 0xbe, 0x00, 0xae, 0x9d, 0x00, 0x00, 0x7f, 0xc5, 0xbe,
  0x00, 0xae, 0x7f, 0x00, 0x3c, 0x00, 0xa5, 0xbe, 0xae, 0x00, 0x00, 0x00,
  0xbe, 0xc5, 0x00, 0x44, 0x66, 0x00, 0xb7, 0x00, 0x5d, 0x7f, 0xae, 0x00,
  0x00, 0x66, 0x54, 0x00, 0x00, 0x00, 0x00, 0x00, 0x00, 0x3c, 0x66, 0x95,
  0x00, 0x00, 0x00, 0xae, 0x00, 0x00, 0x00, 0xc5, 0x5d, 0x4c, 0x54, 0xc5,
  0x7f, 0x00, 0x00, 0x00, 0x3c, 0x00, 0xc5, 0xbe, 0x5d, 0x5d, 0x44, 0xae,
  0xb7, 0xa5, 0x7f, 0x00, 0x00, 0x00, 0x5d, 0x54, 0xa5, 0x00, 0x9d, 0x00,
  0x44, 0x00, 0x8a, 0xae, 0x95, 0x00, 0x00, 0xbe, 0x00, 0x00, 0x00, 0x00,
  0xa5, 0x54, 0x00, 0x00, 0xb7, 0x9d, 0x00, 0x5d, 0xae, 0x3c, 0x5d, 0xb7,
  0x00, 0x00, 0x81, 0x9e, 0x00, 0x95, 0x9e, 0x00, 0xa8, 0x81, 0x81, 0xb1,
  0x64, 0x00, 0x00, 0x9e, 0x00, 0x81, 0xb1, 0x6e, 0x5b, 0x00, 0x00, 0xc0,
  0x9e, 0x00, 0x00, 0xc0, 0x00, 0xb1, 0x00, 0x00, 0x00, 0x00, 0x64, 0x00,
  0x00, 0x6e, 0x00, 0x00, 0x00, 0x00, 0xb1, 0x00, 0x49, 0xb9, 0x00, 0x00,
  0x81, 0x00, 0x00, 0x9e, 0xc0, 0x41, 0xb1, 0x5b, 0x00, 0x9e, 0x6e, 0x00,
  0x00, 0x00, 0xb9, 0x79, 0xbe, 0x00, 0x00, 0x00, 0x9d, 0x00, 0x00, 0x3c,
  0x95, 0x5d, 0x54, 0x44, 0xc5, 0x66, 0x54, 0xbe, 0x00, 0x00, 0x00, 0x00,
  0x44, 0x00, 0x5d, 0x00, 0x5d, 0x4c, 0x70, 0x00, 0x00, 0x00, 0x7f, 0x5d,
  0x00, 0xbe, 0x00, 0x54, 0xbe, 0x5d, 0x8a, 0x00, 0xc5, 0x66, 0x00, 0xbe,
  0x54, 0x00, 0x00, 0x00, 0x00, 0x00, 0x00, 0x4c, 0xae, 0x70, 0xb7, 0x66,
  0x00, 0x00, 0x00, 0x9d, 0x8a, 0x00, 0x00, 0xc5, 0x00, 0x00, 0x00, 0x00,
  0x00, 0x00, 0x00, 0x3c, 0x00, 0x00, 0x00, 0x00, 0x3c, 0x00, 0x66, 0x00,
  0x00, 0xb7, 0xae, 0xb7, 0xb7, 0xc5, 0xa5, 0x54, 0x70, 0x00, 0x00, 0x00,
  0x54, 0x66, 0x00, 0x00, 0x44, 0x54, 0x5d, 0x00, 0x00, 0xb7, 0x00, 0x00,
  0x00, 0xc5, 0x00, 0x00, 0x54, 0x00, 0x70, 0x00, 0x00, 0x00, 0x7f, 0x00,
  0x9d, 0x9d, 0x00, 0xc5, 0x00, 0x3c, 0x00, 0xc5, 0x00, 0x00, 0x44, 0x44,
  0x95, 0x00, 0x00, 0x00, 0xc5, 0xa5, 0x00, 0x00, 0x70, 0x8a, 0x95, 0xb7,
  0x00, 0xc5, 0x00, 0x3c, 0x4c, 0x44, 0x00, 0x00, 0xb7, 0x66, 0x00, 0x00,
  0x54, 0x00, 0xb7, 0x00, 0x00, 0x9d, 0x54, 0x44, 0xae, 0xb7, 0xae, 0x66,
  0x00, 0x00, 0x00, 0x4c, 0x9d, 0x00, 0x7f, 0x44, 0x00, 0x8a, 0x95, 0x54,
  0xa5, 0x00, 0x00, 0x4c, 0x00, 0xae, 0x00, 0x54, 0x00, 0x4c, 0x00, 0x5d,
  0x70, 0x00, 0x00, 0x00, 0x49, 0x00, 0x49, 0x81, 0x64, 0x00, 0x00, 0x00,
  0x00, 0x00, 0x00, 0xb9, 0x00, 0x00, 0x00, 0x00, 0x79, 0x5b, 0x00, 0x49,
  0x8c, 0x64, 0x00, 0x00, 0x00, 0x81, 0x00, 0xb1, 0x9e, 0x00, 0x51, 0x00,
  0x00, 0xb9, 0x41, 0x00, 0x00, 0x00, 0x00, 0x00, 0x00, 0x51, 0x49, 0x9e,
  0x00, 0x00, 0x00, 0x51, 0x64, 0x9e, 0x51, 0x00, 0x00, 0x49, 0x64, 0x95,
  0x00, 0x51, 0x00, 0x79, 0x9e, 0x5b, 0x00, 0x51, 0x8c, 0x8c, 0x41, 0x41,
  0x00, 0x51, 0x00, 0xb9, 0x00, 0x00, 0x00, 0x00, 0x00, 0x00, 0x00, 0x00,
  0x9e, 0x41, 0xb1, 0x9e, 0x00, 0x00, 0x00, 0x00, 0x00, 0x00, 0x79, 0xa8,
  0x00, 0x64, 0xb9, 0x00, 0x00, 0x9e, 0x81, 0x00, 0x00, 0x00, 0x64, 0x6e,
  0x79, 0x00, 0x51, 0x00, 0x00, 0x41, 0x00, 0x00, 0x81, 0x79, 0x95, 0x6e,
  0x64, 0x49, 0x79, 0x49, 0x00, 0x00, 0x00, 0x00, 0xc0, 0x51, 0x49, 0x00,
  0xc5, 0x00, 0xae, 0x4c, 0x4c, 0x00, 0x00, 0x00, 0x8a, 0x00, 0xc5, 0x00,
  0x9d, 0x00, 0x95, 0x3c, 0x00, 0x5d, 0x00, 0x5d, 0x00, 0xbe, 0x66, 0x00,
  0xae, 0x00, 0x70, 0x4c, 0x00, 0x00, 0x00, 0xae, 0x00, 0x95, 0x00, 0xae,
  0xb7, 0xbe, 0x00, 0xa5, 0x00, 0x00, 0x4c, 0x00, 0x8a, 0x70, 0xa5, 0x00,
  0x54, 0xb7, 0x00, 0x7f, 0x00, 0x66, 0xb7, 0x3c, 0x00, 0x00, 0x44, 0x9d,
  0x00, 0xc5, 0x66, 0x66, 0x56, 0x99, 0x99, 0x00, 0x00, 0x00, 0x60, 0x00,
  0x00, 0x00, 0x00, 0x86, 0x00, 0x99, 0x7f, 0x74, 0x00, 0x7f, 0x00, 0x86,
  0x44, 0x00, 0x00, 0x99, 0xbd, 0x00, 0x00, 0x00, 0xa3, 0x74, 0x00, 0xbd,
  0x00, 0x00, 0x00, 0xa3, 0x00, 0x4d, 0x4d, 0x00, 0xa3, 0x00, 0x00, 0x00,
  0x56, 0xa3, 0x00, 0x00, 0x00, 0xb5, 0x60, 0x00, 0xad, 0xbd, 0x99, 0xa3,
  0xbd, 0x00, 0x00, 0x00, 0x00, 0x00, 0x00, 0x00, 0x86, 0x60, 0x00, 0xa3,
  0x00, 0x8f, 0x4d, 0x00, 0x6a, 0x00, 0x60, 0x86, 0x00, 0x7f, 0x00, 0x6a,
  0x00, 0x8f, 0x86, 0x6a, 0xb5, 0x00, 0x56, 0x44, 0x8f, 0x00, 0x00, 0x00,
  0x00, 0x00, 0x6a, 0x00, 0x00, 0xad, 0x44, 0x00, 0x60, 0x00, 0x6a, 0x4d,
  0x56, 0x00, 0x00, 0x44, 0x00, 0x00, 0x00, 0x56, 0x00, 0x8f, 0x8f, 0x8f,
  0x74, 0x00, 0x60, 0x00, 0x00, 0x60, 0xb5, 0x86, 0xbd, 0x00, 0x00, 0x00,
  0x00, 0x00, 0x00, 0x95, 0x51, 0x00, 0x00, 0x00, 0x5b, 0xa8, 0x49, 0x79,
  0x00, 0x49, 0x5b, 0x00, 0xa8, 0x9e, 0x5b, 0xb1, 0xc0, 0x95, 0xa8, 0x79,
  0x00, 0x95, 0x00, 0x6e, 0xa8, 0x00, 0x00, 0x00, 0x41, 0x79, 0x00, 0x00,
  0x00, 0x51, 0x51, 0x5b, 0xc0, 0xa8, 0x6e, 0x5b, 0x00, 0x00, 0x00, 0x00,
  0x41, 0x00, 0x00, 0x00, 0x64, 0x00, 0x00, 0x00, 0x81, 0x5b, 0x00, 0x95,
  0x00, 0x5b, 0x51, 0x95, 0x51, 0x51, 0x00, 0x64, 0x6e, 0x00, 0x79, 0x00,
  0x00, 0xb1, 0xb1, 0x6e, 0x95, 0xc0, 0x64, 0x00, 0xb1, 0x00, 0xb1, 0x00,
  0xb1, 0x79, 0x00, 0x95, 0x00, 0x95, 0x00, 0x00, 0x00, 0x00, 0xa8, 0x00,
  0x00, 0x79, 0xb1, 0xb9, 0x8c, 0x00, 0x81, 0x49, 0x00, 0x00, 0xb1, 0x64,
  0x49, 0xb1, 0x00, 0x95, 0x00, 0x00, 0x00, 0x00, 0x00, 0x00, 0x5b, 0x00,
  0x00, 0x81, 0x00, 0x00, 0x00, 0xb1, 0x00, 0x00, 0xa5, 0x8f, 0x00, 0xa5,
  0x00, 0x00, 0x9a, 0xa5, 0x00, 0x00, 0xa5, 0x00, 0x00, 0x69, 0x00, 0x7f,
  0x00, 0x74, 0x00, 0x00, 0xb6, 0x9a, 0x00, 0x00, 0x7f, 0x5e, 0x00, 0x00,
  0x69, 0x9a, 0x00, 0x00, 0xae, 0x00, 0x4b, 0x9a, 0x00, 0x00, 0x5e, 0x00,
  0x69, 0x84, 0x00, 0x74, 0x00, 0x00, 0x00, 0x7f, 0x00, 0xb6, 0x00, 0x7f,
  0x54, 0x7f, 0x00, 0x00, 0x00, 0x69, 0x74, 0x00, 0x00, 0x4b, 0x9a, 0x54,
  0x00, 0x7f, 0x70, 0x00, 0x8a, 0x00, 0x9d, 0xa5, 0x00, 0x8a, 0x00, 0x00,
  0x00, 0x00, 0x00, 0xc5, 0x00, 0x4c, 0xa5, 0x00, 0x5d, 0xbe, 0x00, 0xb7,
  0x00, 0x00, 0x00, 0x5d, 0x66, 0x66, 0x00, 0x00, 0x00, 0x54, 0xb7, 0x00,
  0x00, 0x00, 0x00, 0xa5, 0x66, 0x00, 0x00, 0x00, 0x00, 0xb7, 0x3c, 0x00,
  0x4c, 0x00, 0x54, 0x54, 0x66, 0x44, 0x00, 0x00, 0x00, 0x00, 0x00, 0x00,
  0x9d, 0xae, 0x4c, 0xae, 0x51, 0x00, 0x00, 0x00, 0x00, 0x00, 0xb1, 0x00,
  0x41, 0x8c, 0xa8, 0x00, 0xc0, 0x79, 0xb9, 0x8c, 0x81, 0x00, 0x00, 0x00,
  0x00, 0x00, 0x00, 0x00, 0x00, 0x00, 0x00, 0x95, 0x51, 0x00, 0xb1, 0x9e,
  0xc0, 0x41, 0xb1, 0x00, 0xb1, 0x00, 0xc0, 0x00, 0xb1, 0x79, 0xb1, 0x00,
  0x00, 0x00, 0xc0, 0x79, 0xb9, 0x00, 0xb9, 0x00, 0x00, 0x00, 0x00, 0x9e,
  0xa8, 0x00, 0x00, 0x00, 0x00, 0x6e, 0x00, 0xb9, 0x00, 0x00, 0x00, 0x41,
  0x64, 0x49, 0x00, 0x00, 0x64, 0x00, 0x6e, 0x00, 0x51, 0x00, 0x9e, 0x00,
  0x00, 0xb1, 0x00, 0x64, 0x9e, 0xb1, 0xc0, 0x00, 0x00, 0x79, 0x51, 0x00,
  0x00, 0xb9, 0x00, 0xc0, 0xb9, 0x6e, 0x00, 0xb9, 0x00, 0x41, 0x00, 0x6e,
  0x41, 0x00, 0xb1, 0x00, 0x9e, 0x00, 0x41, 0x79, 0x00, 0x00, 0x9e, 0x00,
  0x00, 0x51, 0x00, 0x95, 0x6e, 0x64, 0x00, 0x79, 0x79, 0x41, 0x81, 0x00,
  0xae, 0x00, 0x4c, 0x00, 0xbe, 0x00, 0x9d, 0x00, 0x8a, 0x4c, 0x4c, 0x00,
  0x00, 0x8a, 0x66, 0xa5, 0x00, 0x66, 0x00, 0x00, 0x8a, 0xbe, 0x00, 0x00,
  0xc5, 0x9d, 0x3c, 0x00, 0x9d, 0x00, 0x66, 0x5d, 0xb7, 0x00, 0xae, 0x7f,
  0xb7, 0xc5, 0x00, 0x00, 0x00, 0x54, 0x00, 0x00, 0x00, 0x00, 0xae, 0x00,
  0xbe, 0x95, 0xbe, 0x54, 0x00, 0x5d, 0x00, 0x00, 0x00, 0x00, 0x00, 0x66,
  0x54, 0x8a, 0x54, 0x70, 0x66, 0x54, 0xae, 0x00, 0x4c, 0x4c, 0x00, 0x8a,
  0x3c, 0x00, 0x5d, 0x4c, 0x00, 0x00, 0x3c, 0xb7, 0x00, 0x00, 0xc5, 0xae,
  0x00, 0x00, 0x00, 0x9d, 0x00, 0x54, 0x00, 0x9d, 0x00, 0x00, 0x00, 0x00,
  0xa5, 0xb7, 0x00, 0x00, 0x00, 0x00, 0xae, 0x66, 0x00, 0x00, 0x9d, 0x00,
  0x00, 0x00, 0x66, 0x3c, 0x95, 0x7f, 0x00, 0x00, 0x54, 0x4c, 0x44, 0x4c,
  0x00, 0xa5, 0x00, 0xb7, 0x00, 0x9d, 0x00, 0x00, 0xbe, 0x66, 0x00, 0x00,
  0x4c, 0x00, 0xae, 0x00, 0x00, 0x44, 0x54, 0x00, 0x44, 0xbe, 0x00, 0x70,
  0x00, 0x00, 0x00, 0x00, 0x00, 0x9d, 0x00, 0xc5, 0x00, 0x7f, 0x00, 0x00,
  0x00, 0xa5, 0x00, 0xa5, 0x00, 0x00, 0xc5, 0x00, 0x00, 0x00, 0x00, 0x00,
  0x00, 0x00, 0x00, 0x3c, 0xb7, 0x66, 0x00, 0x44, 0x00, 0x00, 0x54, 0x00,
  0x70, 0x00, 0x00, 0xa5, 0x5d, 0x95, 0x00, 0x00, 0x00, 0x66, 0x4c, 0xae,
  0x00, 0x00, 0x00, 0x00, 0x74, 0x00, 0x8f, 0x6a, 0x6a, 0x8f, 0x00, 0x00,
  0x44, 0x74, 0x74, 0x00, 0x8f, 0x00, 0x00, 0x00, 0x56, 0x00, 0x7f, 0x8f,
  0x99, 0x99, 0x00, 0x00, 0x00, 0x99, 0x00, 0x8f, 0x00, 0x00, 0x00, 0x8f,
  0x00, 0xb5, 0x00, 0x44, 0x99, 0x00, 0x60, 0x44, 0x00, 0x00, 0x00, 0x60,
  0x00, 0x00, 0x44, 0xbd, 0x00, 0x00, 0x00, 0x00, 0x99, 0x00, 0x6a, 0x99,
  0xb5, 0x00, 0x60, 0x00, 0x51, 0x00, 0x9e, 0x5b, 0x9e, 0x00, 0x79, 0x00,
  0x00, 0xc0, 0x95, 0xb9, 0x00, 0x00, 0xc0, 0x00, 0x00, 0x6e, 0x79, 0x00,
  0x00, 0x95, 0x00, 0x00, 0x5b, 0xb9, 0x41, 0x00, 0x00, 0x00, 0xb9, 0x00,
  0x00, 0x00, 0xb1, 0x00, 0x00, 0x00, 0x64, 0x00, 0x00, 0x79, 0x00, 0x00,
  0x81, 0x00, 0x00, 0x00, 0x41, 0x6e, 0xb9, 0x00, 0x8c, 0x00, 0x6e, 0x00,
  0x00, 0xa8, 0x00, 0x00, 0x00, 0x6e, 0x00, 0x95, 0x81, 0x00, 0x41, 0xb9,
  0x00, 0x64, 0x95, 0x00, 0x41, 0x81, 0x8c, 0xc0, 0x00, 0xb9, 0x00, 0x00,
  0x00, 0x00, 0x00, 0x5b, 0x5b, 0x00, 0x00, 0x00, 0x00, 0x49, 0x8c, 0x6e,
  0xa8, 0x00, 0x00, 0x9e, 0x00, 0x00, 0xb1, 0x00, 0x00, 0x00, 0x00, 0x00,
  0x00, 0x79, 0x00, 0x00, 0x81, 0x00, 0x00, 0x79, 0x79, 0x8c, 0x00, 0x00,
  0x79, 0x00, 0x41, 0x81, 0x00, 0xb1, 0x00, 0x00, 0x81, 0x00, 0xa8, 0x95,
  0x99, 0x00, 0x00, 0x6a, 0x00, 0x6a, 0x86, 0x00, 0x7f, 0x00, 0x00, 0x00,
  0x60, 0x6a, 0x00, 0x6a, 0x00, 0x56, 0x00, 0x74, 0x00, 0x99, 0x4d, 0xad,
  0x99, 0x00, 0x99, 0x60, 0x00, 0x86, 0x00, 0x00, 0x00, 0x00, 0x00, 0x4d,
  0x8f, 0xb5, 0x6a, 0x00, 0xbd, 0x6a, 0x99, 0x8f, 0x00, 0x99, 0x00, 0x7f,
  0x00, 0x00, 0x00, 0x00, 0x00, 0x8f, 0x00, 0x60, 0x00, 0x74, 0x4d, 0xbd,
  0xb5, 0x00, 0x00, 0xa3, 0x3c, 0x54, 0x00, 0x95, 0x4c, 0x70, 0x00, 0x00,
  0xb7, 0x00, 0xbe, 0x00, 0x00, 0x00, 0x9d, 0x95, 0x00, 0xae, 0x00, 0x54,
  0x3c, 0x00, 0x44, 0x9d, 0x00, 0x4c, 0x00, 0x00, 0x00, 0x9d, 0x00, 0x3c,
  0xae, 0x00, 0x00, 0x70, 0xbe, 0x00, 0x95, 0x00, 0x44, 0x4c, 0x00, 0x00,
  0x00, 0x00, 0x00, 0xc5, 0xae, 0x00, 0x5d, 0x00, 0x00, 0xc5, 0x00, 0x00,
  0xbe, 0x00, 0x70, 0x00, 0xbe, 0x7f, 0x00, 0x00, 0x00, 0x00, 0x00, 0x5b,
  0x00, 0x79, 0x00, 0x00, 0xa8, 0x00, 0x49, 0xa8, 0x00, 0x00, 0x00, 0x00,
  0x5b, 0x6e, 0x00, 0xa8, 0x00, 0x95, 0xa8, 0x00, 0x00, 0x9e, 0x00, 0x00,
  0x51, 0x00, 0x51, 0x00, 0x41, 0x00, 0x00, 0x9e, 0x79, 0x00, 0x51, 0x41,
  0x00, 0x51, 0x00, 0x6e, 0x00, 0x41, 0x00, 0x64, 0xc0, 0x95, 0x00, 0x00,
  0xa8, 0x00, 0x64, 0x00, 0x00, 0x8c, 0x79, 0x00, 0x00, 0x81, 0x64, 0x6e,
  0x00, 0x00, 0x66, 0x8a, 0x00, 0x00, 0x00, 0x5d, 0x00, 0x00, 0xae, 0xc5,
  0x00, 0x00, 0x3c, 0x66, 0xbe, 0x00, 0x00, 0xa5, 0x00, 0x00, 0x4c, 0x00,
  0x00, 0x44, 0x00, 0x00, 0xbe, 0x9d, 0x00, 0x00, 0x00, 0x4c, 0xae, 0x8a,
  0x00, 0x4c, 0xc5, 0x7f, 0x70, 0xc5, 0x00, 0x00, 0xbe, 0x00, 0x44, 0x44,
  0xa5, 0x3c, 0x00, 0x00, 0x44, 0x00, 0xa5, 0x9d, 0x4c, 0x66, 0x00, 0x44,
  0x00, 0x3c, 0x5d, 0x00, 0x00, 0x00, 0x51, 0x00, 0x5b, 0xc0, 0x00, 0x00,
  0x95, 0xa8, 0x51, 0x00, 0x00, 0x64, 0x6e, 0x49, 0x00, 0x00, 0x64, 0x00,
  0xb1, 0x00, 0x00, 0x00, 0x41, 0x00, 0x00, 0xb1, 0x00, 0x00, 0x51, 0x00,
  0x00, 0x00, 0x00, 0x00, 0x5b, 0xb1, 0x51, 0x00, 0x41, 0xa8, 0x49, 0x81,
  0x00, 0x00, 0x49, 0x51, 0x00, 0x8c, 0x00, 0xb1, 0x64, 0x51, 0x51, 0x00,
  0x00, 0xa8, 0x00, 0x51, 0x00, 0x51, 0x49, 0x8c, 0x00, 0x8b, 0x00, 0x00,
  0x6e, 0x6e, 0x00, 0x00, 0x00, 0x00, 0x00, 0x79, 0x50, 0x9f, 0x79, 0x00,
  0x00, 0x8b, 0x00, 0x00, 0x00, 0x00, 0x00, 0x59, 0x00, 0x00, 0x00, 0x00,
  0x00, 0xb2, 0x00, 0x00, 0x00, 0x50, 0x00, 0xaa, 0x00, 0x79, 0x81, 0xaa,
  0x00, 0x9f, 0x8b, 0xaa, 0x00, 0xb2, 0x00, 0x50, 0xba, 0x79, 0x00, 0x00,
  0x00, 0x64, 0x79, 0x00, 0x00, 0x00, 0x00, 0x00, 0x00, 0x50, 0xb2, 0x50,
  0x00, 0x00, 0x00, 0xc0, 0x00, 0x49, 0x00, 0x00, 0x5b, 0x00, 0x51, 0x51,
  0x5b, 0x51, 0x00, 0x6e, 0x00, 0x49, 0x00, 0x00, 0xb9, 0x95, 0x00, 0x64,
  0x00, 0x00, 0x00, 0x6e, 0x00, 0x6e, 0x00, 0x81, 0xb9, 0xc0, 0x6e, 0x79,
  0x41, 0x00, 0x00, 0x00, 0xb1, 0xb9, 0xa8, 0x00, 0x51, 0x51, 0xc0, 0x00,
  0x51, 0x5b, 0x00, 0x81, 0x00, 0x79, 0x00, 0x9e, 0x00, 0x00, 0xc0, 0xa8,
  0x00, 0x00, 0xb9, 0x00, 0x4e, 0x52, 0xff, 0xff, 0x00, 0x00, 0x02, 0x01,
  0x74, 0x00, 0x00, 0x00, 0x1c, 0x00, 0x00, 0x00, 0x08, 0x00, 0x00, 0x00,
  0x70, 0x00, 0x00, 0x00, 0x5c, 0x00, 0x00, 0x00, 0x74, 0x69, 0x6e, 0x79,
  0x5f, 0x6e, 0x69, 0x64, 0x73, 0x5f, 0x74, 0x72, 0x61, 0x6e, 0x73, 0x66,
  0x6f, 0x72, 0x6d, 0x65, 0x72, 0x5f, 0x31, 0x2f, 0x65, 0x6e, 0x63, 0x6f,
  0x64, 0x65, 0x72, 0x5f, 0x62, 0x6c, 0x6f, 0x63, 0x6b, 0x5f, 0x31, 0x5f,
  0x31, 0x2f, 0x6d, 0x75, 0x6c, 0x74, 0x69, 0x5f, 0x68, 0x65, 0x61, 0x64,
  0x5f, 0x6c, 0x69, 0x6e, 0x65, 0x61, 0x72, 0x5f, 0x61, 0x74, 0x74, 0x65,
  0x6e, 0x74, 0x69, 0x6f, 0x6e, 0x5f, 0x33, 0x5f, 0x31, 0x2f, 0x64, 0x65,
  0x6e, 0x73, 0x65, 0x5f, 0x31, 0x39, 0x5f, 0x31, 0x2f, 0x42, 0x69, 0x61,
  0x73, 0x41, 0x64, 0x64, 0x00, 0x00, 0x00, 0x00, 0x01, 0x00, 0x00, 0x00,
  0x40, 0x00, 0x00, 0x00, 0xec, 0x55, 0xff, 0xff, 0x0c, 0x02, 0x00, 0x00,
  0x04, 0x00, 0x00, 0x00, 0x40, 0x00, 0x00, 0x00, 0x00, 0x00, 0x00, 0x00,
  0x00, 0x00, 0x00, 0x00, 0x00, 0x00, 0x00, 0x00, 0x00, 0x00, 0x00, 0x00,
  0x00, 0x00, 0x00, 0x00, 0x00, 0x00, 0x00, 0x00, 0x00, 0x00, 0x00, 0x00,
  0x00, 0x00, 0x00, 0x00, 0x00, 0x00, 0x00, 0x00, 0x00, 0x00, 0x00, 0x00,
  0x00, 0x00, 0x00, 0x00, 0x00, 0x00, 0x00, 0x00, 0x00, 0x00, 0x00, 0x00,
  0x00, 0x00, 0x00, 0x00, 0x00, 0x00, 0x00, 0x00, 0x00, 0x00, 0x00, 0x00,
  0x00, 0x00, 0x00, 0x00, 0x00, 0x00, 0x00, 0x00, 0x00, 0x00, 0x00, 0x00,
  0x00, 0x00, 0x00, 0x00, 0x00, 0x00, 0x00, 0x00, 0x00, 0x00, 0x00, 0x00,
  0x00, 0x00, 0x00, 0x00, 0x00, 0x00, 0x00, 0x00, 0x00, 0x00, 0x00, 0x00,
  0x00, 0x00, 0x00, 0x00, 0x00, 0x00, 0x00, 0x00, 0x00, 0x00, 0x00, 0x00,
  0x00, 0x00, 0x00, 0x00, 0x00, 0x00, 0x00, 0x00, 0x00, 0x00, 0x00, 0x00,
  0x00, 0x00, 0x00, 0x00, 0x00, 0x00, 0x00, 0x00, 0x00, 0x00, 0x00, 0x00,
  0x00, 0x00, 0x00, 0x00, 0x00, 0x00, 0x00, 0x00, 0x00, 0x00, 0x00, 0x00,
  0x00, 0x00, 0x00, 0x00, 0x00, 0x00, 0x00, 0x00, 0x00, 0x00, 0x00, 0x00,
  0x00, 0x00, 0x00, 0x00, 0x00, 0x00, 0x00, 0x00, 0x00, 0x00, 0x00, 0x00,
  0x00, 0x00, 0x00, 0x00, 0x00, 0x00, 0x00, 0x00, 0x00, 0x00, 0x00, 0x00,
  0x00, 0x00, 0x00, 0x00, 0x00, 0x00, 0x00, 0x00, 0x00, 0x00, 0x00, 0x00,
  0x00, 0x00, 0x00, 0x00, 0x00, 0x00, 0x00, 0x00, 0x00, 0x00, 0x00, 0x00,
  0x00, 0x00, 0x00, 0x00, 0x00, 0x00, 0x00, 0x00, 0x00, 0x00, 0x00, 0x00,
  0x00, 0x00, 0x00, 0x00, 0x00, 0x00, 0x00, 0x00, 0x00, 0x00, 0x00, 0x00,
  0x00, 0x00, 0x00, 0x00, 0x00, 0x00, 0x00, 0x00, 0x00, 0x00, 0x00, 0x00,
  0x00, 0x00, 0x00, 0x00, 0x00, 0x00, 0x00, 0x00, 0x00, 0x00, 0x00, 0x00,
  0x00, 0x00, 0x00, 0x00, 0x00, 0x00, 0x00, 0x00, 0x00, 0x00, 0x00, 0x00,
  0x00, 0x00, 0x00, 0x00, 0x00, 0x00, 0x00, 0x00, 0x00, 0x00, 0x00, 0x00,
  0x00, 0x00, 0x00, 0x00, 0x00, 0x00, 0x00, 0x00, 0x00, 0x00, 0x00, 0x00,
  0x00, 0x00, 0x00, 0x00, 0x00, 0x00, 0x00, 0x00, 0x00, 0x00, 0x00, 0x00,
  0x00, 0x00, 0x00, 0x00, 0x00, 0x00, 0x00, 0x00, 0x00, 0x00, 0x00, 0x00,
  0x00, 0x00, 0x00, 0x00, 0x00, 0x00, 0x00, 0x00, 0x00, 0x00, 0x00, 0x00,
  0x00, 0x00, 0x00, 0x00, 0x00, 0x00, 0x00, 0x00, 0x00, 0x00, 0x00, 0x00,
  0x00, 0x00, 0x00, 0x00, 0x00, 0x00, 0x00, 0x00, 0x00, 0x00, 0x00, 0x00,
  0x00, 0x00, 0x00, 0x00, 0x00, 0x00, 0x00, 0x00, 0x00, 0x00, 0x00, 0x00,
  0x00, 0x00, 0x00, 0x00, 0x00, 0x00, 0x00, 0x00, 0x00, 0x00, 0x00, 0x00,
  0x00, 0x00, 0x00, 0x00, 0x00, 0x00, 0x00, 0x00, 0x00, 0x00, 0x00, 0x00,
  0x00, 0x00, 0x00, 0x00, 0x00, 0x00, 0x00, 0x00, 0x00, 0x00, 0x00, 0x00,
  0x00, 0x00, 0x00, 0x00, 0x00, 0x00, 0x00, 0x00, 0x00, 0x00, 0x00, 0x00,
  0x00, 0x00, 0x00, 0x00, 0x00, 0x00, 0x00, 0x00, 0x00, 0x00, 0x00, 0x00,
  0x00, 0x00, 0x00, 0x00, 0x00, 0x00, 0x00, 0x00, 0x00, 0x00, 0x00, 0x00,
  0x00, 0x00, 0x00, 0x00, 0x00, 0x00, 0x00, 0x00, 0x00, 0x00, 0x00, 0x00,
  0x00, 0x00, 0x00, 0x00, 0x00, 0x00, 0x00, 0x00, 0x00, 0x00, 0x00, 0x00,
  0x00, 0x00, 0x00, 0x00, 0x00, 0x00, 0x00, 0x00, 0x00, 0x00, 0x00, 0x00,
  0x00, 0x00, 0x00, 0x00, 0x00, 0x00, 0x00, 0x00, 0x00, 0x00, 0x00, 0x00,
  0x00, 0x00, 0x00, 0x00, 0x00, 0x00, 0x00, 0x00, 0x00, 0x00, 0x00, 0x00,
  0x00, 0x00, 0x00, 0x00, 0x00, 0x00, 0x00, 0x00, 0x00, 0x00, 0x00, 0x00,
  0x00, 0x00, 0x00, 0x00, 0x40, 0x00, 0x00, 0x00, 0x7a, 0x1b, 0x45, 0x38,
  0x27, 0x85, 0x54, 0x38, 0xea, 0x26, 0x3b, 0x38, 0xea, 0x26, 0x3b, 0x38,
  0x27, 0x85, 0x54, 0x38, 0x7a, 0x1b, 0x45, 0x38, 0xea, 0x26, 0x3b, 0x38,
  0x7a, 0x1b, 0x45, 0x38, 0xea, 0x26, 0x3b, 0x38, 0x27, 0x85, 0x54, 0x38,
  0x27, 0x85, 0x54, 0x38, 0xea, 0x26, 0x3b, 0x38, 0x27, 0x85, 0x54, 0x38,
  0x27, 0x85, 0x54, 0x38, 0x27, 0x85, 0x54, 0x38, 0x27, 0x85, 0x54, 0x38,
  0xea, 0x26, 0x3b, 0x38, 0x7a, 0x1b, 0x45, 0x38, 0x7a, 0x1b, 0x45, 0x38,
  0x7a, 0x1b, 0x45, 0x38, 0x7a, 0x1b, 0x45, 0x38, 0x7a, 0x1b, 0x45, 0x38,
  0xea, 0x26, 0x3b, 0x38, 0x27, 0x85, 0x54, 0x38, 0xea, 0x26, 0x3b, 0x38,
  0xea, 0x26, 0x3b, 0x38, 0xea, 0x26, 0x3b, 0x38, 0x7a, 0x1b, 0x45, 0x38,
  0xea, 0x26, 0x3b, 0x38, 0x00, 0xaf, 0x33, 0x38, 0x7a, 0x1b, 0x45, 0x38,
  0x27, 0x85, 0x54, 0x38, 0x27, 0x85, 0x54, 0x38, 0xea, 0x26, 0x3b, 0x38,
  0x27, 0x85, 0x54, 0x38, 0x27, 0x85, 0x54, 0x38, 0x7a, 0x1b, 0x45, 0x38,
  0x27, 0x85, 0x54, 0x38, 0x27, 0x85, 0x54, 0x38, 0x27, 0x85, 0x54, 0x38,
  0x7a, 0x1b, 0x45, 0x38, 0x7a, 0x1b, 0x45, 0x38, 0x27, 0x85, 0x54, 0x38,
  0xea, 0x26, 0x3b, 0x38, 0xea, 0x26, 0x3b, 0x38, 0x7a, 0x1b, 0x45, 0x38,
  0x7a, 0x1b, 0x45, 0x38, 0x9b, 0x93, 0x2a, 0x38, 0x27, 0x85, 0x54, 0x38,
  0x7a, 0x1b, 0x45, 0x38, 0x7a, 0x1b, 0x45, 0x38, 0x27, 0x85, 0x54, 0x38,
  0x27, 0x85, 0x54, 0x38, 0x27, 0x85, 0x54, 0x38, 0xea, 0x26, 0x3b, 0x38,
  0x7a, 0x1b, 0x45, 0x38, 0x7a, 0x1b, 0x45, 0x38, 0xea, 0x26, 0x3b, 0x38,
  0x27, 0x85, 0x54, 0x38, 0x7a, 0x1b, 0x45, 0x38, 0x27, 0x85, 0x54, 0x38,
  0x7a, 0x1b, 0x45, 0x38, 0x00, 0xaf, 0x33, 0x38, 0x7a, 0x1b, 0x45, 0x38,
  0x8e, 0x55, 0xff, 0xff, 0x04, 0x00, 0x00, 0x00, 0x00, 0x01, 0x00, 0x00,
  0xdf, 0xfe, 0xff, 0xff, 0x53, 0x00, 0x00, 0x00, 0x79, 0x00, 0x00, 0x00,
  0x5a, 0x00, 0x00, 0x00, 0x62, 0x00, 0x00, 0x00, 0x59, 0xff, 0xff, 0xff,
  0x7a, 0xff, 0xff, 0xff, 0x61, 0x00, 0x00, 0x00, 0xa1, 0xfd, 0xff, 0xff,
  0x5a, 0x00, 0x00, 0x00, 0x15, 0x02, 0x00, 0x00, 0x58, 0xfe, 0xff, 0xff,
  0xb2, 0xfd, 0xff, 0xff, 0x19, 0x02, 0x00, 0x00, 0x11, 0xfd, 0xff, 0xff,
  0x02, 0x02, 0x00, 0x00, 0x45, 0x00, 0x00, 0x00, 0xe4, 0x00, 0x00, 0x00,
  0x9d, 0x00, 0x00, 0x00, 0xb4, 0x00, 0x00, 0x00, 0x3a, 0xfe, 0xff, 0xff,
  0xf8, 0x00, 0x00, 0x00, 0xb1, 0xff, 0xff, 0xff, 0xd0, 0xff, 0xff, 0xff,
  0xec, 0x00, 0x00, 0x00, 0x4f, 0xff, 0xff, 0xff, 0xcb, 0x00, 0x00, 0x00,
  0x5d, 0xff, 0xff, 0xff, 0x98, 0x01, 0x00, 0x00, 0x92, 0xff, 0xff, 0xff,
  0x04, 0xfe, 0xff, 0xff, 0xbd, 0x00, 0x00, 0x00, 0x59, 0x00, 0x00, 0x00,
  0xfc, 0xfe, 0xff, 0xff, 0x15, 0x03, 0x00, 0x00, 0x8d, 0xff, 0xff, 0xff,
  0x7b, 0x02, 0x00, 0x00, 0x17, 0x01, 0x00, 0x00, 0x96, 0x00, 0x00, 0x00,
  0xca, 0xff, 0xff, 0xff, 0xf4, 0xff, 0xff, 0xff, 0xe8, 0x00, 0x00, 0x00,
  0xd6, 0x01, 0x00, 0x00, 0x52, 0xff, 0xff, 0xff, 0xc1, 0x01, 0x00, 0x00,
  0xc1, 0xff, 0xff, 0xff, 0x8f, 0xff, 0xff, 0xff, 0x22, 0xff, 0xff, 0xff,
  0x38, 0x01, 0x00, 0x00, 0x78, 0xfe, 0xff, 0xff, 0xf6, 0xfc, 0xff, 0xff,
  0xbd, 0x01, 0x00, 0x00, 0xbc, 0xff, 0xff, 0xff, 0x16, 0x00, 0x00, 0x00,
  0xbd, 0xff, 0xff, 0xff, 0x97, 0x00, 0x00, 0x00, 0x72, 0x02, 0x00, 0x00,
  0x51, 0xfe, 0xff, 0xff, 0x46, 0xff, 0xff, 0xff, 0x79, 0xff, 0xff, 0xff,
  0x40, 0x00, 0x00, 0x00, 0xa1, 0xff, 0xff, 0xff, 0xde, 0x01, 0x00, 0x00,
  0xeb, 0xff, 0xff, 0xff, 0xf2, 0x56, 0xff, 0xff, 0x00, 0x00, 0x09, 0x01,
  0x7c, 0x00, 0x00, 0x00, 0x1b, 0x00, 0x00, 0x00, 0x08, 0x00, 0x00, 0x00,
  0x7c, 0x00, 0x00, 0x00, 0x65, 0x00, 0x00, 0x00, 0x74, 0x69, 0x6e, 0x79,
  0x5f, 0x6e, 0x69, 0x64, 0x73, 0x5f, 0x74, 0x72, 0x61, 0x6e, 0x73, 0x66,
  0x6f, 0x72, 0x6d, 0x65, 0x72, 0x5f, 0x31, 0x2f, 0x65, 0x6e, 0x63, 0x6f,
  0x64, 0x65, 0x72, 0x5f, 0x62, 0x6c, 0x6f, 0x63, 0x6b, 0x5f, 0x31, 0x5f,
  0x31, 0x2f, 0x6d, 0x75, 0x6c, 0x74, 0x69, 0x5f, 0x68, 0x65, 0x61, 0x64,
  0x5f, 0x6c, 0x69, 0x6e, 0x65, 0x61, 0x72, 0x5f, 0x61, 0x74, 0x74, 0x65,
  0x6e, 0x74, 0x69, 0x6f, 0x6e, 0x5f, 0x33, 0x5f, 0x31, 0x2f, 0x64, 0x65,
  0x6e, 0x73, 0x65, 0x5f, 0x32, 0x30, 0x5f, 0x31, 0x2f, 0x54, 0x65, 0x6e,
  0x73, 0x6f, 0x72, 0x64, 0x6f, 0x74, 0x2f, 0x4d, 0x61, 0x74, 0x4d, 0x75,
  0x6c, 0x00, 0x00, 0x00, 0x02, 0x00, 0x00, 0x00, 0x40, 0x00, 0x00, 0x00,
  0x40, 0x00, 0x00, 0x00, 0x9c, 0x5a, 0xff, 0xff, 0x10, 0x02, 0x00, 0x00,
  0x04, 0x00, 0x00, 0x00, 0x40, 0x00, 0x00, 0x00, 0x00, 0x00, 0x00, 0x00,
  0x00, 0x00, 0x00, 0x00, 0x00, 0x00, 0x00, 0x00, 0x00, 0x00, 0x00, 0x00,
  0x00, 0x00, 0x00, 0x00, 0x00, 0x00, 0x00, 0x00, 0x00, 0x00, 0x00, 0x00,
  0x00, 0x00, 0x00, 0x00, 0x00, 0x00, 0x00, 0x00, 0x00, 0x00, 0x00, 0x00,
  0x00, 0x00, 0x00, 0x00, 0x00, 0x00, 0x00, 0x00, 0x00, 0x00, 0x00, 0x00,
  0x00, 0x00, 0x00, 0x00, 0x00, 0x00, 0x00, 0x00, 0x00, 0x00, 0x00, 0x00,
  0x00, 0x00, 0x00, 0x00, 0x00, 0x00, 0x00, 0x00, 0x00, 0x00, 0x00, 0x00,
  0x00, 0x00, 0x00, 0x00, 0x00, 0x00, 0x00, 0x00, 0x00, 0x00, 0x00, 0x00,
  0x00, 0x00, 0x00, 0x00, 0x00, 0x00, 0x00, 0x00, 0x00, 0x00, 0x00, 0x00,
  0x00, 0x00, 0x00, 0x00, 0x00, 0x00, 0x00, 0x00, 0x00, 0x00, 0x00, 0x00,
  0x00, 0x00, 0x00, 0x00, 0x00, 0x00, 0x00, 0x00, 0x00, 0x00, 0x00, 0x00,
  0x00, 0x00, 0x00, 0x00, 0x00, 0x00, 0x00, 0x00, 0x00, 0x00, 0x00, 0x00,
  0x00, 0x00, 0x00, 0x00, 0x00, 0x00, 0x00, 0x00, 0x00, 0x00, 0x00, 0x00,
  0x00, 0x00, 0x00, 0x00, 0x00, 0x00, 0x00, 0x00, 0x00, 0x00, 0x00, 0x00,
  0x00, 0x00, 0x00, 0x00, 0x00, 0x00, 0x00, 0x00, 0x00, 0x00, 0x00, 0x00,
  0x00, 0x00, 0x00, 0x00, 0x00, 0x00, 0x00, 0x00, 0x00, 0x00, 0x00, 0x00,
  0x00, 0x00, 0x00, 0x00, 0x00, 0x00, 0x00, 0x00, 0x00, 0x00, 0x00, 0x00,
  0x00, 0x00, 0x00, 0x00, 0x00, 0x00, 0x00, 0x00, 0x00, 0x00, 0x00, 0x00,
  0x00, 0x00, 0x00, 0x00, 0x00, 0x00, 0x00, 0x00, 0x00, 0x00, 0x00, 0x00,
  0x00, 0x00, 0x00, 0x00, 0x00, 0x00, 0x00, 0x00, 0x00, 0x00, 0x00, 0x00,
  0x00, 0x00, 0x00, 0x00, 0x00, 0x00, 0x00, 0x00, 0x00, 0x00, 0x00, 0x00,
  0x00, 0x00, 0x00, 0x00, 0x00, 0x00, 0x00, 0x00, 0x00, 0x00, 0x00, 0x00,
  0x00, 0x00, 0x00, 0x00, 0x00, 0x00, 0x00, 0x00, 0x00, 0x00, 0x00, 0x00,
  0x00, 0x00, 0x00, 0x00, 0x00, 0x00, 0x00, 0x00, 0x00, 0x00, 0x00, 0x00,
  0x00, 0x00, 0x00, 0x00, 0x00, 0x00, 0x00, 0x00, 0x00, 0x00, 0x00, 0x00,
  0x00, 0x00, 0x00, 0x00, 0x00, 0x00, 0x00, 0x00, 0x00, 0x00, 0x00, 0x00,
  0x00, 0x00, 0x00, 0x00, 0x00, 0x00, 0x00, 0x00, 0x00, 0x00, 0x00, 0x00,
  0x00, 0x00, 0x00, 0x00, 0x00, 0x00, 0x00, 0x00, 0x00, 0x00, 0x00, 0x00,
  0x00, 0x00, 0x00, 0x00, 0x00, 0x00, 0x00, 0x00, 0x00, 0x00, 0x00, 0x00,
  0x00, 0x00, 0x00, 0x00, 0x00, 0x00, 0x00, 0x00, 0x00, 0x00, 0x00, 0x00,
  0x00, 0x00, 0x00, 0x00, 0x00, 0x00, 0x00, 0x00, 0x00, 0x00, 0x00, 0x00,
  0x00, 0x00, 0x00, 0x00, 0x00, 0x00, 0x00, 0x00, 0x00, 0x00, 0x00, 0x00,
  0x00, 0x00, 0x00, 0x00, 0x00, 0x00, 0x00, 0x00, 0x00, 0x00, 0x00, 0x00,
  0x00, 0x00, 0x00, 0x00, 0x00, 0x00, 0x00, 0x00, 0x00, 0x00, 0x00, 0x00,
  0x00, 0x00, 0x00, 0x00, 0x00, 0x00, 0x00, 0x00, 0x00, 0x00, 0x00, 0x00,
  0x00, 0x00, 0x00, 0x00, 0x00, 0x00, 0x00, 0x00, 0x00, 0x00, 0x00, 0x00,
  0x00, 0x00, 0x00, 0x00, 0x00, 0x00, 0x00, 0x00, 0x00, 0x00, 0x00, 0x00,
  0x00, 0x00, 0x00, 0x00, 0x00, 0x00, 0x00, 0x00, 0x00, 0x00, 0x00, 0x00,
  0x00, 0x00, 0x00, 0x00, 0x00, 0x00, 0x00, 0x00, 0x00, 0x00, 0x00, 0x00,
  0x00, 0x00, 0x00, 0x00, 0x00, 0x00, 0x00, 0x00, 0x00, 0x00, 0x00, 0x00,
  0x00, 0x00, 0x00, 0x00, 0x00, 0x00, 0x00, 0x00, 0x00, 0x00, 0x00, 0x00,
  0x00, 0x00, 0x00, 0x00, 0x00, 0x00, 0x00, 0x00, 0x00, 0x00, 0x00, 0x00,
  0x00, 0x00, 0x00, 0x00, 0x00, 0x00, 0x00, 0x00, 0x00, 0x00, 0x00, 0x00,
  0x00, 0x00, 0x00, 0x00, 0x00, 0x00, 0x00, 0x00, 0x40, 0x00, 0x00, 0x00,
  0xc6, 0x38, 0xdc, 0x3a, 0xc6, 0x38, 0xdc, 0x3a, 0xe0, 0x60, 0xf8, 0x3a,
  0xc6, 0x38, 0xdc, 0x3a, 0xe0, 0x60, 0xf8, 0x3a, 0xc6, 0x38, 0xdc, 0x3a,
  0xc6, 0x38, 0xdc, 0x3a, 0xe0, 0x60, 0xf8, 0x3a, 0xe0, 0x60, 0xf8, 0x3a,
  0x3d, 0x16, 0xf5, 0x3a, 0xe0, 0x60, 0xf8, 0x3a, 0xe0, 0x60, 0xf8, 0x3a,
  0xc6, 0x38, 0xdc, 0x3a, 0xe0, 0x60, 0xf8, 0x3a, 0x1c, 0xdb, 0xd8, 0x3a,
  0x3d, 0x16, 0xf5, 0x3a, 0xc6, 0x38, 0xdc, 0x3a, 0x3d, 0x16, 0xf5, 0x3a,
  0xc6, 0x38, 0xdc, 0x3a, 0xc6, 0x38, 0xdc, 0x3a, 0xc6, 0x38, 0xdc, 0x3a,
  0xc6, 0x38, 0xdc, 0x3a, 0xc6, 0x38, 0xdc, 0x3a, 0x3d, 0x16, 0xf5, 0x3a,
  0xe0, 0x60, 0xf8, 0x3a, 0xc6, 0x38, 0xdc, 0x3a, 0xe0, 0x60, 0xf8, 0x3a,
  0xe0, 0x60, 0xf8, 0x3a, 0xc6, 0x38, 0xdc, 0x3a, 0xc6, 0x38, 0xdc, 0x3a,
  0x1c, 0xdb, 0xd8, 0x3a, 0xc6, 0x38, 0xdc, 0x3a, 0xe0, 0x60, 0xf8, 0x3a,
  0xe0, 0x60, 0xf8, 0x3a, 0xc6, 0x38, 0xdc, 0x3a, 0xe0, 0x60, 0xf8, 0x3a,
  0xe0, 0x60, 0xf8, 0x3a, 0x3d, 0x16, 0xf5, 0x3a, 0xe0, 0x60, 0xf8, 0x3a,
  0xe0, 0x60, 0xf8, 0x3a, 0x3d, 0x16, 0xf5, 0x3a, 0xe0, 0x60, 0xf8, 0x3a,
  0xe0, 0x60, 0xf8, 0x3a, 0xc6, 0x38, 0xdc, 0x3a, 0xe0, 0x60, 0xf8, 0x3a,
  0xc6, 0x38, 0xdc, 0x3a, 0xc6, 0x38, 0xdc, 0x3a, 0xc6, 0x38, 0xdc, 0x3a,
  0x3d, 0x16, 0xf5, 0x3a, 0xc6, 0x38, 0xdc, 0x3a, 0xe0, 0x60, 0xf8, 0x3a,
  0xe0, 0x60, 0xf8, 0x3a, 0x3d, 0x16, 0xf5, 0x3a, 0xc6, 0x38, 0xdc, 0x3a,
  0x3d, 0x16, 0xf5, 0x3a, 0xc6, 0x38, 0xdc, 0x3a, 0xe0, 0x60, 0xf8, 0x3a,
  0x3d, 0x16, 0xf5, 0x3a, 0xe0, 0x60, 0xf8, 0x3a, 0xe0, 0x60, 0xf8, 0x3a,
  0xe0, 0x60, 0xf8, 0x3a, 0xe0, 0x60, 0xf8, 0x3a, 0xe0, 0x60, 0xf8, 0x3a,
  0xe0, 0x60, 0xf8, 0x3a, 0x42, 0x5a, 0xff, 0xff, 0x04, 0x00, 0x00, 0x00,
  0x00, 0x10, 0x00, 0x00, 0xa8, 0x00, 0x00, 0x00, 0x5e, 0x00, 0x00, 0x7d,
  0x81, 0x00, 0x00, 0x00, 0x00, 0x9e, 0x55, 0x00, 0xb2, 0x00, 0x00, 0x67,
  0x7d, 0x00, 0x00, 0x00, 0x00, 0x81, 0x00, 0x00, 0x44, 0x71, 0x44, 0x5e,
  0xa8, 0x00, 0x8b, 0x00, 0xb2, 0xbc, 0x81, 0x00, 0x7d, 0x00, 0xb2, 0x00,
  0x71, 0x00, 0x00, 0x00, 0x00, 0x8b, 0x44, 0x00, 0x7d, 0x00, 0x00, 0x55,
  0x95, 0x00, 0xbc, 0x00, 0x00, 0x00, 0x00, 0x00, 0x71, 0x7d, 0x67, 0x00,
  0x00, 0x00, 0x00, 0x7d, 0x00, 0x4c, 0xb2, 0x00, 0x00, 0x8b, 0x5e, 0x4c,
  0x95, 0x55, 0x9e, 0x8b, 0xb2, 0x67, 0xb2, 0xbc, 0xa8, 0x00, 0x5e, 0x00,
  0x00, 0x4c, 0xbc, 0x9e, 0x67, 0x55, 0x00, 0x81, 0x95, 0x00, 0x55, 0x00,
  0xb2, 0x55, 0x00, 0x00, 0x8b, 0x5e, 0x55, 0xbc, 0x5e, 0x00, 0xb2, 0x00,
  0x95, 0xbc, 0x00, 0x55, 0x55, 0x55, 0x7d, 0x00, 0x00, 0xbc, 0x00, 0x5e,
  0x98, 0x00, 0x00, 0xb2, 0x98, 0xa9, 0x00, 0xbb, 0x4c, 0x3c, 0xa9, 0xb2,
  0x00, 0x54, 0x00, 0x00, 0x00, 0xa9, 0x5b, 0x6f, 0x00, 0x00, 0x4c, 0x00,
  0x5b, 0x00, 0x00, 0x98, 0x00, 0x3c, 0x00, 0xa1, 0x00, 0x00, 0x00, 0x3c,
  0x44, 0x5b, 0x00, 0x00, 0x4c, 0x00, 0x98, 0x00, 0x00, 0x00, 0x00, 0x98,
  0x00, 0x00, 0x00, 0x4c, 0x00, 0x00, 0x7f, 0xb2, 0x00, 0x64, 0x6f, 0x00,
  0xa1, 0x00, 0xa1, 0x00, 0x71, 0x00, 0x67, 0x81, 0x00, 0x00, 0x67, 0x5e,
  0x81, 0x00, 0x00, 0x00, 0x00, 0x55, 0x00, 0x00, 0x95, 0x00, 0xb2, 0x00,
  0x00, 0x00, 0x00, 0x00, 0xa8, 0x95, 0x5e, 0x00, 0x81, 0x00, 0x00, 0x00,
  0x00, 0x44, 0x00, 0x4c, 0xa8, 0x00, 0x71, 0x00, 0x00, 0x00, 0xbc, 0x55,
  0x8b, 0x9e, 0x67, 0x00, 0x00, 0xbc, 0x00, 0x00, 0x00, 0x00, 0x00, 0x8b,
  0xa8, 0xa8, 0x67, 0x55, 0x00, 0x00, 0x00, 0x95, 0xb2, 0x00, 0x00, 0x44,
  0x5b, 0x00, 0x98, 0x00, 0x00, 0x00, 0x8f, 0x8f, 0xb2, 0xa9, 0x00, 0xc3,
  0x00, 0x00, 0x00, 0xa1, 0x00, 0x00, 0x00, 0x00, 0x54, 0x00, 0xa9, 0xb2,
  0xb2, 0x54, 0x00, 0x00, 0x00, 0x4c, 0x00, 0xb2, 0x00, 0x64, 0xc3, 0x00,
  0x00, 0x00, 0xb2, 0x00, 0x8f, 0x00, 0x00, 0x00, 0x7f, 0xc3, 0x00, 0x00,
  0x00, 0x54, 0x00, 0x44, 0x5b, 0x00, 0xa1, 0x00, 0x00, 0x00, 0x00, 0x00,
  0x95, 0x55, 0x4c, 0xbc, 0x00, 0x9e, 0x00, 0x00, 0xa8, 0x00, 0x00, 0xbc,
  0x8b, 0x00, 0x00, 0x00, 0x5e, 0x7d, 0x8b, 0x8b, 0x5e, 0x00, 0x00, 0x00,
  0x4c, 0x00, 0x67, 0x9e, 0x00, 0x00, 0x00, 0x55, 0x5e, 0xb2, 0x81, 0x00,
  0x55, 0x00, 0x00, 0x00, 0x00, 0x00, 0x00, 0x00, 0x00, 0x00, 0x00, 0x7d,
  0x00, 0xa8, 0x00, 0x9e, 0x00, 0x55, 0x00, 0x00, 0xb2, 0xa8, 0x5e, 0x00,
  0x4c, 0x00, 0x7d, 0x00, 0x95, 0x00, 0x67, 0x00, 0x00, 0xa8, 0x4c, 0x7d,
  0x00, 0xb2, 0xbc, 0x00, 0x00, 0x00, 0x4c, 0x55, 0x00, 0x00, 0x44, 0x00,
  0x67, 0x5e, 0x00, 0x00, 0x00, 0x00, 0xb2, 0x81, 0x00, 0x55, 0x00, 0x00,
  0x00, 0x00, 0x00, 0x71, 0x00, 0x95, 0xb2, 0x71, 0x7d, 0x00, 0xa8, 0x00,
  0x00, 0x00, 0xa8, 0xa8, 0x4c, 0x00, 0x4c, 0xb2, 0x95, 0x00, 0x5e, 0x00,
  0x00, 0x00, 0x95, 0x7d, 0x00, 0x67, 0x00, 0x71, 0x00, 0xbb, 0x00, 0x00,
  0x5b, 0x98, 0x5b, 0x00, 0x00, 0x00, 0x64, 0x00, 0x00, 0x00, 0x00, 0x3c,
  0x00, 0x00, 0xa9, 0x00, 0x44, 0x98, 0x98, 0x00, 0x00, 0x3c, 0x98, 0x00,
  0xa1, 0x00, 0x00, 0x00, 0x00, 0xa1, 0x4c, 0x00, 0x00, 0x00, 0x3c, 0x98,
  0x00, 0x00, 0x00, 0x00, 0xbb, 0xc3, 0x00, 0xbb, 0x7f, 0x98, 0x00, 0x00,
  0xc3, 0xbb, 0x00, 0x00, 0x00, 0x00, 0x00, 0x00, 0x00, 0xa9, 0x00, 0x00,
  0x00, 0x3c, 0x7f, 0xbb, 0x00, 0xbb, 0xc3, 0xb2, 0x00, 0x64, 0xa9, 0x00,
  0x00, 0xb2, 0x00, 0xb2, 0x00, 0xa9, 0x54, 0xb2, 0xa1, 0x4c, 0x00, 0x00,
  0xbb, 0x00, 0x00, 0x5b, 0xa1, 0x64, 0x00, 0x4c, 0x00, 0x00, 0x64, 0x00,
  0x7f, 0xc3, 0x98, 0x00, 0x4c, 0x00, 0x4c, 0xa9, 0x00, 0x00, 0x98, 0xa9,
  0xb2, 0xb2, 0x54, 0x00, 0x00, 0x64, 0x00, 0x00, 0xbb, 0x00, 0x64, 0x00,
  0x00, 0xc3, 0x5b, 0xa9, 0x00, 0xa8, 0x70, 0xba, 0x00, 0xba, 0x00, 0x00,
  0x00, 0x00, 0xba, 0x00, 0x81, 0x45, 0x8e, 0x00, 0x00, 0x4d, 0xba, 0x00,
  0x4d, 0x00, 0xa0, 0x00, 0x00, 0x00, 0x00, 0x00, 0x00, 0x00, 0x00, 0x00,
  0x8e, 0xb1, 0xc3, 0x00, 0x00, 0x00, 0x00, 0x00, 0x3d, 0x00, 0x00, 0xa8,
  0xa0, 0x00, 0xba, 0x00, 0x00, 0x00, 0x00, 0x00, 0x00, 0x65, 0x97, 0xc3,
  0x00, 0x00, 0xc3, 0x97, 0x65, 0x00, 0x65, 0x00, 0x00, 0x98, 0xa9, 0xbb,
  0x64, 0x44, 0xa9, 0x00, 0x54, 0x4c, 0x64, 0x44, 0x00, 0x4c, 0x3c, 0x64,
  0x00, 0xa9, 0x00, 0x5b, 0x00, 0xbb, 0x00, 0x3c, 0x8f, 0x00, 0x00, 0x54,
  0x00, 0x6f, 0x00, 0xb2, 0xc3, 0xb2, 0x5b, 0x8f, 0x00, 0x3c, 0x3c, 0x44,
  0x00, 0x5b, 0x00, 0xa1, 0x00, 0x00, 0xb2, 0x00, 0x7f, 0x00, 0xc3, 0x00,
  0x00, 0x6f, 0x00, 0x00, 0x7f, 0x00, 0x00, 0xa1, 0x5b, 0x00, 0x00, 0x00,
  0x98, 0x00, 0x00, 0x54, 0xbb, 0x6f, 0xb2, 0x7f, 0x00, 0x00, 0x98, 0x64,
  0x3c, 0xb2, 0x54, 0x00, 0x6f, 0x44, 0x00, 0xa9, 0xa1, 0x54, 0xb2, 0x00,
  0xc3, 0xc3, 0x00, 0xb2, 0x00, 0x98, 0x00, 0x44, 0x00, 0x4c, 0x5b, 0x00,
  0x00, 0x3c, 0x00, 0xbb, 0x44, 0x00, 0x00, 0x00, 0x3c, 0x00, 0x98, 0x98,
  0x00, 0x00, 0x4c, 0x00, 0x00, 0x44, 0x00, 0x44, 0xbb, 0xbb, 0x00, 0xb2,
  0xbb, 0x00, 0x3c, 0x00, 0x00, 0x9e, 0x00, 0x00, 0x00, 0x5e, 0x00, 0x9e,
  0x00, 0x7d, 0x00, 0x7d, 0x44, 0xa8, 0x81, 0xb2, 0x71, 0xbc, 0x8b, 0x67,
  0x00, 0x00, 0x00, 0xb2, 0xbc, 0x5e, 0x95, 0x00, 0x00, 0x00, 0x5e, 0x00,
  0x4c, 0x44, 0x00, 0x00, 0x00, 0x00, 0x00, 0x00, 0x71, 0xbc, 0x00, 0x00,
  0x81, 0x7d, 0x00, 0x81, 0x9e, 0x67, 0x4c, 0x81, 0x44, 0x00, 0x00, 0x00,
  0xbc, 0xbc, 0x00, 0x00, 0x00, 0x00, 0x95, 0xb2, 0x4c, 0x00, 0x00, 0xa1,
  0x54, 0xa1, 0x00, 0x00, 0xc3, 0x64, 0x00, 0x00, 0x5b, 0x7f, 0x54, 0x5b,
  0x00, 0x00, 0x00, 0x64, 0x00, 0x5b, 0xb2, 0xb2, 0x00, 0x00, 0x98, 0x54,
  0x4c, 0xa9, 0x00, 0x8f, 0x4c, 0x00, 0xbb, 0xc3, 0x00, 0x00, 0x00, 0x6f,
  0x00, 0x00, 0x5b, 0x00, 0x8f, 0xa1, 0x00, 0x98, 0x7f, 0x00, 0x00, 0x64,
  0xbb, 0x3c, 0xc3, 0x4c, 0x7f, 0x00, 0x98, 0x00, 0x00, 0x00, 0x4c, 0xa1,
  0xb1, 0x89, 0x7f, 0x00, 0x9d, 0x93, 0x7f, 0x9d, 0x00, 0x00, 0x00, 0x4e,
  0x60, 0x00, 0x69, 0x00, 0xb1, 0x00, 0x4e, 0x69, 0x00, 0x89, 0x60, 0x69,
  0x89, 0x00, 0x89, 0x00, 0x9d, 0xbb, 0x00, 0xb1, 0x00, 0x00, 0x00, 0x73,
  0x00, 0x00, 0x60, 0x00, 0x4e, 0x00, 0x57, 0x00, 0x00, 0x93, 0x93, 0xbb,
  0x00, 0xb1, 0x57, 0x9d, 0x00, 0x00, 0x57, 0x00, 0x00, 0x9d, 0x00, 0x00,
  0xa7, 0x60, 0x00, 0x73, 0x8e, 0x00, 0x00, 0x00, 0x3d, 0x5d, 0x97, 0x00,
  0x00, 0x97, 0x70, 0x00, 0xb1, 0x5d, 0x70, 0x00, 0x8e, 0xa0, 0x00, 0x00,
  0x00, 0x00, 0x81, 0x00, 0x00, 0x70, 0x00, 0x00, 0x00, 0x00, 0x00, 0xc3,
  0x00, 0xa8, 0x97, 0x00, 0x65, 0x00, 0x55, 0x00, 0x00, 0x5d, 0x00, 0x55,
  0x8e, 0x00, 0x00, 0x00, 0x00, 0xb1, 0xba, 0x00, 0x00, 0x8e, 0x00, 0x55,
  0x65, 0x00, 0x70, 0x8e, 0x00, 0x97, 0x3d, 0x65, 0x00, 0xa8, 0x44, 0x00,
  0x95, 0xbc, 0x00, 0xb2, 0xb2, 0x00, 0x71, 0x7d, 0x81, 0x00, 0x81, 0x00,
  0x00, 0xb2, 0x00, 0x00, 0x00, 0xb2, 0x00, 0x00, 0x00, 0x8b, 0x00, 0x00,
  0x00, 0x00, 0x00, 0xa8, 0x00, 0x00, 0x00, 0x55, 0x4c, 0x00, 0xb2, 0x00,
  0x67, 0x44, 0xa8, 0x00, 0xa8, 0x00, 0x67, 0x67, 0x00, 0x71, 0xb2, 0x00,
  0x00, 0x00, 0x4c, 0x00, 0xb2, 0x00, 0x00, 0x81, 0x55, 0x00, 0x71, 0x8b,
  0x00, 0x00, 0x3d, 0xc3, 0x55, 0x00, 0xb1, 0x00, 0x65, 0x00, 0x00, 0x00,
  0xa8, 0x00, 0x00, 0x00, 0x8e, 0x55, 0x00, 0x00, 0x81, 0x8e, 0x4d, 0x70,
  0xba, 0x00, 0xa8, 0x5d, 0x00, 0x00, 0xa0, 0x5d, 0x5d, 0x00, 0x45, 0x00,
  0x00, 0x70, 0x00, 0x65, 0x00, 0x00, 0x00, 0x00, 0xba, 0xb1, 0x00, 0x00,
  0x55, 0x00, 0xba, 0x00, 0xba, 0x00, 0x97, 0x00, 0xc3, 0x00, 0x00, 0x00,
  0x00, 0x45, 0x8e, 0xb1, 0xa8, 0x00, 0x00, 0x9e, 0x8b, 0xa8, 0x00, 0x67,
  0x7d, 0x00, 0x44, 0xa8, 0x00, 0x7d, 0x71, 0x00, 0x00, 0x7d, 0x00, 0x44,
  0x81, 0x00, 0x8b, 0x55, 0xa8, 0x00, 0x00, 0x9e, 0x5e, 0x00, 0xbc, 0xb2,
  0x00, 0x00, 0x00, 0x00, 0x00, 0x00, 0x95, 0x00, 0x5e, 0x00, 0x00, 0x4c,
  0x95, 0x00, 0x00, 0x95, 0x00, 0x00, 0x00, 0x00, 0x00, 0x00, 0x00, 0x81,
  0x00, 0x8b, 0x9e, 0x67, 0x00, 0x00, 0x95, 0x44, 0x7d, 0x95, 0x4c, 0x00,
  0x00, 0x67, 0x5e, 0x44, 0x00, 0x00, 0x44, 0x00, 0x00, 0x00, 0x81, 0x00,
  0x00, 0x5e, 0x00, 0x44, 0x4c, 0x00, 0x55, 0x67, 0x8b, 0xa8, 0x00, 0xbc,
  0x55, 0x9e, 0x00, 0x00, 0x00, 0xb2, 0x00, 0xa8, 0x5e, 0x00, 0x00, 0x55,
  0x00, 0x7d, 0x00, 0x95, 0x00, 0xb2, 0x00, 0x00, 0x00, 0x95, 0x00, 0x00,
  0x00, 0x00, 0x8b, 0x95, 0x00, 0x00, 0x00, 0x00, 0x55, 0x5e, 0x71, 0x00,
  0xbc, 0x00, 0x9e, 0x81, 0x00, 0x4c, 0x00, 0x00, 0x9e, 0x9e, 0x44, 0x00,
  0x00, 0x67, 0x44, 0x00, 0x00, 0x00, 0x5e, 0x5e, 0x00, 0x95, 0x00, 0x55,
  0x81, 0x00, 0x71, 0xbc, 0x00, 0x00, 0x00, 0x5e, 0x7d, 0x00, 0x00, 0x00,
  0x67, 0x00, 0x55, 0x00, 0x55, 0x5e, 0x00, 0x4c, 0x00, 0x00, 0x00, 0x5e,
  0x00, 0x00, 0x81, 0x00, 0xa8, 0x00, 0x55, 0xbc, 0x8b, 0x00, 0x67, 0x00,
  0xb2, 0x44, 0xb2, 0x00, 0x00, 0xbc, 0x00, 0x00, 0x00, 0x00, 0x71, 0xb2,
  0x00, 0x00, 0xb2, 0x00, 0xa8, 0x00, 0x00, 0x00, 0x00, 0x55, 0x00, 0x00,
  0x00, 0x9e, 0x71, 0x00, 0x95, 0x00, 0xa8, 0x81, 0x8b, 0x5e, 0x4c, 0x9e,
  0xb2, 0x8b, 0x00, 0xb2, 0x00, 0x71, 0x7d, 0x00, 0x7d, 0xa8, 0x00, 0x81,
  0x55, 0xb2, 0x00, 0x00, 0x9e, 0x00, 0x00, 0x00, 0x00, 0x55, 0x00, 0x00,
  0xa8, 0x00, 0x00, 0x95, 0x7d, 0x4c, 0x00, 0x00, 0x00, 0xa8, 0x4c, 0x00,
  0x00, 0x00, 0x95, 0xa8, 0x00, 0x9e, 0x00, 0x67, 0xa8, 0x00, 0xa8, 0xb2,
  0x7d, 0x00, 0x00, 0xb2, 0x00, 0x9e, 0x81, 0x00, 0x9e, 0x9e, 0x00, 0x00,
  0x00, 0x00, 0x00, 0x00, 0x00, 0x00, 0x00, 0x00, 0x00, 0x00, 0xa8, 0x00,
  0x5e, 0xb2, 0x00, 0x00, 0x00, 0x00, 0x4c, 0x00, 0x4c, 0x44, 0x00, 0x00,
  0xbc, 0x00, 0x00, 0x00, 0x00, 0x00, 0x67, 0x71, 0xa8, 0x00, 0x00, 0x95,
  0x65, 0xa8, 0x00, 0x00, 0x00, 0x70, 0x00, 0x00, 0x00, 0x65, 0x00, 0x97,
  0x00, 0x00, 0xc3, 0xa8, 0x4d, 0x55, 0x4d, 0xa0, 0xc3, 0x45, 0x00, 0x65,
  0x00, 0x00, 0x00, 0x55, 0x00, 0x4d, 0x3d, 0x5d, 0x65, 0x00, 0x00, 0x55,
  0xb1, 0x00, 0x00, 0xba, 0x00, 0x4d, 0x8e, 0xc3, 0x00, 0x70, 0x45, 0x81,
  0x00, 0x00, 0xb1, 0x00, 0x70, 0x5d, 0x00, 0xc3, 0xa8, 0x00, 0x55, 0x45,
  0x00, 0x00, 0x00, 0xc3, 0xb2, 0x00, 0xbb, 0x7f, 0x00, 0x98, 0x3c, 0x00,
  0x44, 0x00, 0x00, 0x00, 0x00, 0xbb, 0x00, 0x00, 0x3c, 0x6f, 0x00, 0xa9,
  0x00, 0x98, 0xb2, 0x00, 0x00, 0x5b, 0x5b, 0x54, 0x00, 0x3c, 0x5b, 0x98,
  0x00, 0x00, 0x00, 0xbb, 0x00, 0x00, 0xc3, 0x00, 0x00, 0xa9, 0x6f, 0xa1,
  0xc3, 0x00, 0xc3, 0x00, 0x5b, 0x54, 0x00, 0x5b, 0xc3, 0x64, 0x00, 0x3c,
  0x00, 0x00, 0x64, 0xa9, 0xb2, 0xa1, 0x00, 0x00, 0x8b, 0x00, 0x00, 0x4c,
  0x00, 0x00, 0x7d, 0x71, 0x00, 0x44, 0x00, 0x00, 0x00, 0x00, 0x81, 0x00,
  0x8b, 0x00, 0x44, 0x00, 0x00, 0x00, 0xa8, 0x44, 0x00, 0x00, 0x55, 0x71,
  0x9e, 0x00, 0xbc, 0x9e, 0xb2, 0x00, 0x7d, 0xbc, 0x00, 0x4c, 0x00, 0x00,
  0x00, 0x00, 0x95, 0x7d, 0x7d, 0x8b, 0x00, 0xb2, 0x00, 0x9e, 0xb2, 0x00,
  0x00, 0x00, 0x00, 0x4c, 0x00, 0xbc, 0x00, 0x00, 0x00, 0x00, 0x00, 0x00,
  0xc3, 0x5b, 0x00, 0x6f, 0x98, 0x00, 0xc3, 0x00, 0x5b, 0xa9, 0x00, 0x00,
  0xa9, 0xb2, 0x44, 0x00, 0xa1, 0xa1, 0x00, 0x00, 0x54, 0x00, 0x00, 0x00,
  0xa9, 0x00, 0x8f, 0xa1, 0x44, 0x3c, 0x00, 0x00, 0x00, 0x6f, 0x00, 0xbb,
  0x00, 0x5b, 0x00, 0x00, 0x00, 0x83, 0x5b, 0x6f, 0x00, 0x00, 0xc3, 0x00,
  0xb2, 0x64, 0x00, 0x4c, 0x00, 0x54, 0x5b, 0x3c, 0x5b, 0x00, 0x44, 0xa1,
  0x00, 0x00, 0x7f, 0x00, 0x3c, 0xbb, 0x00, 0x00, 0x54, 0x00, 0xa9, 0x00,
  0x00, 0x64, 0x00, 0x5b, 0x00, 0x00, 0x4c, 0x00, 0x00, 0x44, 0x00, 0x00,
  0x44, 0x3c, 0x44, 0x00, 0x00, 0x00, 0x8f, 0x00, 0x00, 0xb2, 0x00, 0x00,
  0x00, 0x00, 0x00, 0x54, 0x98, 0x00, 0x00, 0x5b, 0x44, 0x00, 0xbb, 0x00,
  0x00, 0x00, 0x4c, 0x00, 0x00, 0xc3, 0xb2, 0x6f, 0x00, 0x00, 0x7f, 0x54,
  0xa9, 0x00, 0x64, 0x00, 0x00, 0x00, 0x00, 0xbb, 0x00, 0x00, 0x5e, 0x00,
  0x00, 0xa8, 0x00, 0x00, 0x81, 0x4c, 0x55, 0x44, 0x00, 0x00, 0x00, 0x7d,
  0x67, 0x00, 0x5e, 0xb2, 0x00, 0x00, 0x55, 0x00, 0x00, 0xb2, 0x00, 0x81,
  0x67, 0x8b, 0x00, 0x00, 0x00, 0x00, 0x00, 0x00, 0xa8, 0x8b, 0x71, 0x00,
  0x00, 0x00, 0x00, 0x95, 0x9e, 0x81, 0x7d, 0xa8, 0x55, 0x00, 0x00, 0x7d,
  0x00, 0x00, 0x00, 0x44, 0xbc, 0xb2, 0x4c, 0x81, 0x67, 0x00, 0x00, 0x9e,
  0x8b, 0x00, 0xa8, 0x00, 0x8b, 0x55, 0x9e, 0xbc, 0x9e, 0x95, 0xbc, 0x5e,
  0x00, 0x00, 0x44, 0x7d, 0x00, 0x5e, 0x5e, 0x00, 0xb2, 0x00, 0x55, 0x71,
  0x71, 0x00, 0xa8, 0x00, 0xbc, 0x71, 0x00, 0xbc, 0x00, 0x00, 0x9e, 0x00,
  0x67, 0x81, 0x55, 0xbc, 0xa8, 0x00, 0x55, 0x00, 0x00, 0x00, 0x00, 0x00,
  0x00, 0x00, 0x00, 0xa8, 0x00, 0x9e, 0xa8, 0x7d, 0x81, 0x44, 0x00, 0x00,
  0x00, 0x8b, 0x00, 0xb2, 0x89, 0x9d, 0x60, 0x00, 0x89, 0x00, 0x00, 0x00,
  0x69, 0x93, 0x00, 0x00, 0x9d, 0x00, 0x00, 0x45, 0x00, 0x93, 0x00, 0x00,
  0x00, 0x7f, 0x00, 0x73, 0x00, 0x69, 0x57, 0x9d, 0x7f, 0x00, 0x00, 0x60,
  0x00, 0x00, 0x69, 0x00, 0x57, 0x00, 0x00, 0x69, 0x00, 0x00, 0x00, 0x7f,
  0x00, 0xbb, 0x9d, 0x00, 0x00, 0x00, 0x00, 0x00, 0x00, 0xbb, 0x00, 0x00,
  0x73, 0x60, 0xa7, 0x00, 0x45, 0x69, 0x00, 0x60, 0xb2, 0x9e, 0x67, 0x5e,
  0x5e, 0x7d, 0x44, 0x00, 0x00, 0x00, 0x00, 0x5e, 0x00, 0x7d, 0x4c, 0x00,
  0x00, 0x00, 0x9e, 0x00, 0x00, 0x7d, 0xa8, 0x00, 0x5e, 0x81, 0x00, 0x00,
  0x81, 0x67, 0x55, 0x81, 0x00, 0x00, 0x7d, 0x00, 0xbc, 0x00, 0x00, 0x00,
  0x71, 0x00, 0x00, 0xbc, 0x00, 0x00, 0x00, 0x00, 0x00, 0x44, 0x5e, 0x9e,
  0xb2, 0x00, 0x00, 0x00, 0x95, 0x00, 0x00, 0xbc, 0x4c, 0xb2, 0xbc, 0x71,
  0x00, 0x00, 0x00, 0x3c, 0x00, 0x00, 0xb2, 0xc3, 0x5b, 0x00, 0x5b, 0x7f,
  0xa9, 0x6f, 0x8f, 0x00, 0x3c, 0x00, 0xb2, 0x00, 0x00, 0x64, 0x83, 0xbb,
  0x4c, 0x00, 0x3c, 0x00, 0x00, 0x64, 0xa1, 0x00, 0xa1, 0x00, 0xa1, 0x00,
  0x98, 0x00, 0x00, 0x00, 0x00, 0x00, 0x00, 0x00, 0xc3, 0xa1, 0x00, 0x00,
  0x00, 0x00, 0xb2, 0x00, 0x00, 0x4c, 0x6f, 0x54, 0xb2, 0xa1, 0x6f, 0x00,
  0x00, 0x00, 0x00, 0x00, 0x3c, 0x4c, 0xa1, 0x00, 0x00, 0xb2, 0x54, 0x00,
  0xbb, 0x00, 0x00, 0xb2, 0x00, 0xbb, 0xb2, 0x4c, 0x00, 0x00, 0x00, 0x00,
  0x4c, 0x00, 0x4c, 0x8f, 0x00, 0x54, 0x98, 0x44, 0x00, 0x00, 0x00, 0x00,
  0x44, 0x00, 0x8f, 0xb2, 0x00, 0x7f, 0x4c, 0x00, 0x5b, 0x00, 0x00, 0x00,
  0x5b, 0x98, 0x00, 0x00, 0x6f, 0xb2, 0x00, 0x00, 0x6f, 0xa9, 0x98, 0x00,
  0x6f, 0x44, 0x00, 0x8f, 0x98, 0x98, 0x44, 0x44, 0x4c, 0x8b, 0x8b, 0x00,
  0x44, 0x9e, 0x9e, 0xb2, 0x9e, 0x00, 0x00, 0x44, 0x00, 0x00, 0xbc, 0x4c,
  0x7d, 0x71, 0xa8, 0x00, 0x00, 0x71, 0x00, 0x00, 0x67, 0x00, 0x55, 0x00,
  0x67, 0xbc, 0x7d, 0x00, 0xa8, 0x55, 0x00, 0x00, 0x00, 0x00, 0x00, 0x00,
  0x00, 0x00, 0x00, 0x00, 0xbc, 0x00, 0x95, 0x00, 0x00, 0xa8, 0x00, 0x00,
  0x00, 0x00, 0x00, 0x00, 0x7d, 0x00, 0x55, 0x9e, 0x00, 0x00, 0x81, 0x67,
  0x00, 0x4c, 0x98, 0x44, 0x00, 0x00, 0x00, 0x54, 0x98, 0x00, 0x00, 0x00,
  0x00, 0x98, 0x00, 0x00, 0xa1, 0x00, 0x00, 0x6f, 0x00, 0x4c, 0x3c, 0x00,
  0x64, 0x64, 0x00, 0x4c, 0x00, 0x5b, 0x00, 0x00, 0x00, 0xb2, 0x4c, 0x8f,
  0x00, 0xb2, 0x98, 0xa1, 0xa9, 0x00, 0x00, 0x4c, 0xa9, 0x00, 0x00, 0xa9,
  0x64, 0x8f, 0x00, 0x00, 0xa1, 0x00, 0xa1, 0x00, 0x6f, 0x54, 0x7f, 0x00,
  0x00, 0x00, 0x00, 0x00, 0x00, 0x00, 0x64, 0x98, 0x00, 0xa1, 0xc3, 0x8f,
  0x00, 0x3c, 0xb2, 0x54, 0x00, 0x00, 0x44, 0xbb, 0x00, 0x64, 0x00, 0x5b,
  0xa9, 0x00, 0x98, 0x00, 0x00, 0x00, 0x64, 0x00, 0x00, 0x4c, 0x7f, 0x98,
  0x4c, 0x00, 0x00, 0x00, 0x8f, 0x00, 0x00, 0xbb, 0xa1, 0x98, 0x98, 0x00,
  0x00, 0x5b, 0x00, 0x44, 0x64, 0x6f, 0x00, 0x7f, 0x4c, 0xc3, 0x4c, 0xc3,
  0xc3, 0x00, 0x00, 0x64, 0x83, 0xa1, 0x00, 0x00, 0x00, 0xb1, 0xa8, 0x00,
  0x00, 0x4d, 0xa0, 0x00, 0xc3, 0x00, 0x00, 0x00, 0x00, 0x00, 0x00, 0x70,
  0x3d, 0x00, 0x5d, 0x00, 0x55, 0x00, 0x00, 0x00, 0x00, 0x00, 0x70, 0x00,
  0x97, 0x00, 0x4d, 0x8e, 0x55, 0x00, 0x00, 0x00, 0x00, 0x00, 0x5d, 0x70,
  0x00, 0x00, 0xba, 0x00, 0x00, 0x00, 0x00, 0xb1, 0x55, 0x3d, 0x81, 0xba,
  0x00, 0xa0, 0x81, 0x00, 0x65, 0x00, 0x00, 0x00, 0x97, 0xa0, 0x55, 0x5d,
  0x98, 0x98, 0xbb, 0x00, 0x00, 0x8f, 0x00, 0x00, 0x98, 0x00, 0xbb, 0x5b,
  0x00, 0xa1, 0x00, 0x64, 0x8f, 0x64, 0x54, 0x54, 0x8f, 0x00, 0x00, 0x64,
  0x54, 0x7f, 0x00, 0x00, 0xb2, 0x00, 0x00, 0x00, 0x00, 0x54, 0x83, 0x4c,
  0x00, 0x00, 0xa1, 0x54, 0x00, 0x00, 0x00, 0xbb, 0x54, 0xb2, 0x00, 0xb2,
  0x64, 0x00, 0x00, 0x00, 0x00, 0x00, 0x00, 0x00, 0x98, 0x5b, 0x00, 0x8f,
  0x3c, 0x6f, 0x00, 0x00, 0x00, 0xbb, 0x4c, 0x5b, 0x00, 0xa1, 0x00, 0x44,
  0x64, 0x00, 0x54, 0x00, 0x4c, 0x00, 0x00, 0xb2, 0x3c, 0x4c, 0xbb, 0x00,
  0x00, 0xc3, 0x00, 0x00, 0x00, 0x64, 0x00, 0x44, 0x00, 0x00, 0x00, 0x64,
  0x8f, 0x00, 0xbb, 0x00, 0xb2, 0x64, 0xc3, 0x00, 0x00, 0x54, 0x00, 0x00,
  0x44, 0x98, 0x3c, 0x00, 0x8f, 0x00, 0xbb, 0x00, 0x00, 0x00, 0x00, 0x00,
  0x00, 0x6f, 0x7f, 0x00, 0x00, 0x00, 0x00, 0x00, 0xb1, 0xb1, 0x00, 0x65,
  0x00, 0xb1, 0x97, 0x00, 0xb1, 0x55, 0xa8, 0x00, 0x00, 0x8e, 0x00, 0x00,
  0x00, 0xba, 0x00, 0x00, 0x45, 0x81, 0x00, 0x97, 0xa0, 0x00, 0x00, 0xa8,
  0xa8, 0x55, 0x00, 0x5d, 0x00, 0xb1, 0x4d, 0x00, 0x00, 0xc3, 0x00, 0x00,
  0x00, 0x00, 0x00, 0x5d, 0x00, 0x00, 0x00, 0x8e, 0x00, 0x97, 0x00, 0x97,
  0x00, 0x00, 0x00, 0x00, 0x45, 0x45, 0x00, 0x45, 0x00, 0xa0, 0x00, 0xc3,
  0x00, 0x00, 0xa9, 0x8f, 0x00, 0xbb, 0x6f, 0x00, 0x64, 0x00, 0x5b, 0x4c,
  0x00, 0x00, 0x00, 0x7f, 0xb2, 0x00, 0x00, 0x00, 0x00, 0x44, 0x00, 0x5b,
  0x00, 0x6f, 0x44, 0x00, 0x00, 0x00, 0x64, 0x00, 0x6f, 0x00, 0xa1, 0x00,
  0x00, 0x7f, 0xa1, 0x5b, 0x54, 0x00, 0x5b, 0x00, 0x00, 0x98, 0x00, 0x00,
  0x00, 0x4c, 0x6f, 0x00, 0xc3, 0xc3, 0x5b, 0x00, 0x5b, 0x6f, 0x00, 0xb2,
  0x98, 0xb2, 0x00, 0xbb, 0x4c, 0x00, 0x64, 0x00, 0x44, 0x54, 0x64, 0xb2,
  0x00, 0xc3, 0x98, 0x3c, 0x00, 0x00, 0x64, 0x3c, 0x00, 0x5b, 0x00, 0x00,
  0x00, 0xbb, 0x00, 0x00, 0x00, 0x00, 0xc3, 0x6f, 0x00, 0x00, 0x54, 0xa1,
  0x00, 0x7f, 0x00, 0xb2, 0xb2, 0x00, 0x3c, 0x6f, 0xbb, 0x5b, 0x00, 0x64,
  0x00, 0x4c, 0xb2, 0x00, 0x6f, 0xb2, 0x00, 0x00, 0x4c, 0x98, 0x44, 0x00,
  0x7f, 0x00, 0x00, 0x6f, 0x00, 0x00, 0xa9, 0xa9, 0x95, 0x9e, 0x00, 0x67,
  0xb2, 0x95, 0x9e, 0x7d, 0x4c, 0xa8, 0x00, 0x00, 0x00, 0xb2, 0x00, 0xb2,
  0x00, 0x4c, 0x00, 0x95, 0x00, 0x9e, 0x9e, 0x67, 0x7d, 0x44, 0x71, 0x00,
  0x00, 0x7d, 0x00, 0x95, 0x5e, 0x00, 0x67, 0x00, 0x95, 0x00, 0x00, 0x00,
  0x00, 0x95, 0x44, 0x00, 0x00, 0x00, 0x00, 0x00, 0x8b, 0x81, 0x5e, 0x71,
  0x44, 0x81, 0x55, 0x00, 0x00, 0x00, 0x00, 0x4c, 0x9e, 0x4c, 0xb2, 0x67,
  0x00, 0x00, 0x00, 0x00, 0xbb, 0x00, 0x00, 0x00, 0x5b, 0x00, 0x4c, 0x5b,
  0xa1, 0x00, 0x00, 0xc3, 0x6f, 0x00, 0x00, 0x00, 0x5b, 0x00, 0x64, 0x44,
  0x00, 0x00, 0x00, 0x6f, 0x00, 0x00, 0x00, 0x00, 0xa1, 0x6f, 0x98, 0x00,
  0x00, 0x7f, 0x00, 0x54, 0x4c, 0x00, 0x00, 0x00, 0xc3, 0x5b, 0x00, 0x00,
  0x00, 0x00, 0xa9, 0x5b, 0xbb, 0x00, 0x44, 0x64, 0x00, 0x00, 0x00, 0x00,
  0xbb, 0xa1, 0xa1, 0x00, 0x00, 0x95, 0x00, 0x00, 0xb2, 0xb2, 0x8b, 0x00,
  0x00, 0x00, 0x00, 0x00, 0x00, 0x71, 0x81, 0x7d, 0x8b, 0x9e, 0x00, 0x4c,
  0x00, 0x00, 0x00, 0x00, 0x00, 0x81, 0x7d, 0x44, 0x00, 0x00, 0x00, 0x00,
  0x67, 0x00, 0x44, 0x00, 0x00, 0x9e, 0x00, 0x00, 0xbc, 0x00, 0x71, 0x67,
  0x00, 0x44, 0x67, 0x00, 0x00, 0x71, 0x67, 0x00, 0x71, 0x00, 0x00, 0x00,
  0x67, 0x00, 0xa8, 0x00, 0x95, 0x00, 0x00, 0x81, 0x00, 0x00, 0xa8, 0x00,
  0x95, 0x00, 0x00, 0x00, 0x71, 0x00, 0x00, 0x00, 0x00, 0x71, 0xa8, 0xb2,
  0xbc, 0x00, 0x00, 0x00, 0x00, 0x00, 0x9e, 0x00, 0x8b, 0x00, 0xa8, 0x00,
  0x00, 0xa8, 0x7d, 0x00, 0x00, 0x00, 0x71, 0x71, 0x95, 0x4c, 0x67, 0x00,
  0x44, 0x00, 0x9e, 0x00, 0x81, 0xb2, 0x55, 0x9e, 0x00, 0xb2, 0x00, 0x44,
  0x55, 0x00, 0x5e, 0x00, 0x95, 0xb2, 0x00, 0x7d, 0x00, 0x00, 0x00, 0x00,
  0x00, 0x81, 0x00, 0x8b, 0xa8, 0x00, 0x4c, 0x71, 0x55, 0x00, 0x7d, 0x00,
  0x95, 0x00, 0x00, 0xb2, 0x00, 0x71, 0x9e, 0xb2, 0x00, 0xa8, 0x67, 0x00,
  0x5e, 0x5e, 0x44, 0x00, 0x95, 0x00, 0x00, 0x95, 0x67, 0x00, 0x44, 0x95,
  0x00, 0x55, 0x81, 0x00, 0x00, 0x00, 0x00, 0x8b, 0x00, 0x00, 0x71, 0x00,
  0x00, 0x71, 0x00, 0x8b, 0x00, 0x5e, 0x44, 0x81, 0x00, 0x00, 0x9e, 0x00,
  0x00, 0x5e, 0x00, 0x00, 0x65, 0xc3, 0x00, 0x00, 0xa0, 0x55, 0x00, 0x65,
  0x4d, 0x70, 0x00, 0x5d, 0xa0, 0x00, 0x97, 0x00, 0x00, 0x45, 0x8e, 0x00,
  0xba, 0xa0, 0x00, 0xc3, 0x97, 0x00, 0x00, 0xa8, 0x00, 0x00, 0xa0, 0x00,
  0x5d, 0x00, 0x00, 0x00, 0x00, 0x00, 0x00, 0x00, 0xa8, 0x70, 0x55, 0x00,
  0x8e, 0x3d, 0x81, 0x00, 0xb1, 0x5d, 0x00, 0x00, 0x00, 0x00, 0x00, 0xb1,
  0x00, 0xb1, 0x00, 0x00, 0xa8, 0x65, 0x00, 0x00, 0x00, 0x00, 0x00, 0x81,
  0x00, 0xa8, 0x00, 0x00, 0x00, 0x71, 0x00, 0x4c, 0x00, 0x00, 0x81, 0x5e,
  0x00, 0x8b, 0x00, 0x00, 0x5e, 0x00, 0x00, 0x00, 0x00, 0x00, 0x67, 0x9e,
  0x00, 0x00, 0x9e, 0x95, 0x00, 0x00, 0x00, 0x95, 0x55, 0x55, 0x00, 0x81,
  0x95, 0x81, 0x00, 0x9e, 0x00, 0x00, 0x00, 0x00, 0x00, 0xa8, 0x55, 0x00,
  0xb2, 0x67, 0x00, 0x00, 0x71, 0x00, 0x00, 0x7d, 0x00, 0x00, 0x00, 0x00,
  0x7f, 0x00, 0x00, 0x98, 0x00, 0x00, 0x5b, 0x00, 0xc3, 0x00, 0xa9, 0xb2,
  0x44, 0x00, 0x64, 0xa9, 0x8f, 0x4c, 0x00, 0x00, 0x00, 0xc3, 0x00, 0x44,
  0x00, 0x3c, 0x00, 0x00, 0x4c, 0xb2, 0x98, 0x00, 0xa1, 0x00, 0x98, 0xbb,
  0xc3, 0x00, 0x00, 0x54, 0x64, 0xa9, 0x00, 0x00, 0x00, 0x00, 0x8f, 0x00,
  0x00, 0x00, 0x00, 0x00, 0x00, 0xa9, 0x00, 0x00, 0x00, 0x00, 0x00, 0x00,
  0xa1, 0x4c, 0xa1, 0x00, 0x54, 0x6f, 0x00, 0x00, 0x64, 0xc3, 0xa9, 0x6f,
  0x7f, 0x00, 0x3c, 0x00, 0x00, 0xbb, 0x00, 0x00, 0x6f, 0x8f, 0x6f, 0x00,
  0xbb, 0xa9, 0x00, 0xa9, 0xa1, 0x00, 0x00, 0x00, 0x00, 0x00, 0xa9, 0x00,
  0x00, 0x98, 0x98, 0xc3, 0x00, 0x83, 0x00, 0x98, 0x00, 0x00, 0xc3, 0x00,
  0x00, 0x4c, 0x00, 0x98, 0x6f, 0x6f, 0x83, 0xbb, 0x64, 0x00, 0xa9, 0xbb,
  0x00, 0x54, 0x00, 0xb2, 0x64, 0x00, 0x00, 0x00, 0x8e, 0xa8, 0x00, 0x65,
  0x3d, 0x4d, 0x97, 0xa0, 0x00, 0x00, 0x00, 0xa8, 0x00, 0x3d, 0x00, 0xc3,
  0xba, 0x00, 0x8e, 0x3d, 0x00, 0x00, 0x81, 0xa0, 0x00, 0x00, 0x97, 0x00,
  0xb1, 0x00, 0x3d, 0x00, 0x97, 0x55, 0xa8, 0x00, 0x00, 0x00, 0x00, 0x8e,
  0x4d, 0x00, 0xa8, 0x00, 0x00, 0x00, 0x45, 0x00, 0x00, 0x00, 0x00, 0x00,
  0x00, 0xb1, 0x00, 0x00, 0x45, 0x00, 0x65, 0x3d, 0x00, 0x00, 0xba, 0xa0,
  0x5e, 0x00, 0x55, 0x00, 0x00, 0x00, 0x00, 0x00, 0x8b, 0x00, 0x00, 0x4c,
  0x9e, 0x81, 0x00, 0x55, 0x00, 0x00, 0x00, 0x00, 0x44, 0x4c, 0x8b, 0x00,
  0x67, 0x00, 0x00, 0x8b, 0x8b, 0x00, 0x44, 0x00, 0x44, 0x00, 0x00, 0x00,
  0x00, 0x81, 0x00, 0x00, 0x71, 0xa8, 0x00, 0xa8, 0x00, 0x5e, 0x44, 0x7d,
  0x00, 0x4c, 0x00, 0x00, 0xb2, 0x00, 0x81, 0x00, 0x4c, 0x00, 0x5e, 0x67,
  0x4c, 0x00, 0x81, 0x44, 0x8e, 0xba, 0x00, 0x4d, 0x00, 0x00, 0xb1, 0xc3,
  0x00, 0x00, 0x00, 0x97, 0xb1, 0x00, 0x00, 0x00, 0x45, 0x70, 0x00, 0x45,
  0xa0, 0xba, 0x00, 0x00, 0x00, 0x70, 0x00, 0x00, 0x00, 0x00, 0x00, 0x00,
  0x00, 0x81, 0x00, 0xa8, 0x00, 0x00, 0x00, 0x45, 0x3d, 0x00, 0xa8, 0x00,
  0x8e, 0x00, 0x00, 0x5d, 0x97, 0x00, 0x4d, 0x00, 0xc3, 0x45, 0x00, 0xa0,
  0x00, 0x00, 0x55, 0x55, 0xa0, 0x55, 0x00, 0x00, 0x5e, 0x55, 0xb2, 0x00,
  0x00, 0x00, 0x00, 0x00, 0x7d, 0x7d, 0x00, 0x00, 0x00, 0x00, 0xa8, 0x67,
  0xbc, 0xbc, 0x00, 0x8b, 0x00, 0x5e, 0x00, 0x55, 0x00, 0x00, 0x00, 0x9e,
  0x9e, 0x00, 0x00, 0x00, 0x4c, 0x44, 0x00, 0x81, 0xa8, 0x5e, 0x00, 0x5e,
  0x00, 0xb2, 0x00, 0x00, 0x00, 0x55, 0x00, 0x55, 0x00, 0x00, 0x81, 0x00,
  0x44, 0x00, 0x00, 0x55, 0x00, 0x00, 0x81, 0x00, 0x71, 0x67, 0xb2, 0xbc,
  0x00, 0x00, 0xa1, 0x00, 0x5b, 0x00, 0x54, 0xa1, 0x00, 0x4c, 0xbb, 0x64,
  0xa9, 0x83, 0x00, 0x7f, 0x00, 0x00, 0x00, 0xb2, 0x98, 0xbb, 0x00, 0x00,
  0x6f, 0x00, 0x00, 0x00, 0xa9, 0xa9, 0x00, 0x00, 0x5b, 0xa9, 0x00, 0x5b,
  0x6f, 0x00, 0xc3, 0x4c, 0x6f, 0x00, 0x5b, 0x98, 0x4c, 0x54, 0x5b, 0x5b,
  0x7f, 0x64, 0x5b, 0x00, 0x64, 0xb2, 0x83, 0x00, 0x00, 0xbb, 0x00, 0x00,
  0x00, 0x00, 0x00, 0x00, 0x00, 0x00, 0x00, 0x00, 0x00, 0x5d, 0xa0, 0x65,
  0x45, 0x00, 0x00, 0x55, 0x4d, 0x00, 0x00, 0x00, 0x00, 0x65, 0x00, 0xa8,
  0x00, 0x00, 0x00, 0x00, 0xc3, 0x00, 0x00, 0x65, 0x97, 0x5d, 0x00, 0x70,
  0x4d, 0x00, 0xb1, 0x00, 0xc3, 0x00, 0x00, 0x00, 0xa8, 0x3d, 0x5d, 0x00,
  0xa0, 0x70, 0x00, 0x55, 0xa0, 0x3d, 0x00, 0x00, 0x70, 0x81, 0x00, 0x00,
  0x00, 0x55, 0x00, 0x45, 0x8e, 0x00, 0x00, 0x00, 0x00, 0xb2, 0x6f, 0xa1,
  0x00, 0x44, 0xa9, 0x54, 0x00, 0x00, 0x00, 0x00, 0x00, 0xbb, 0x00, 0x4c,
  0x83, 0x00, 0x00, 0x64, 0xb2, 0x00, 0x98, 0x6f, 0x00, 0x00, 0x00, 0x98,
  0x00, 0xa1, 0x8f, 0x3c, 0x5b, 0x7f, 0x00, 0x00, 0xc3, 0x00, 0x00, 0x44,
  0x00, 0x64, 0x00, 0xa1, 0x00, 0xb2, 0x00, 0x00, 0x00, 0x8f, 0x00, 0x00,
  0x00, 0xb2, 0x00, 0x00, 0x00, 0x98, 0xb2, 0x54, 0x6f, 0x00, 0x00, 0x64,
  0x4c, 0x00, 0x44, 0x00, 0x00, 0x00, 0x64, 0x00, 0x4c, 0x00, 0x00, 0x00,
  0xa1, 0x00, 0x00, 0x3c, 0x00, 0x00, 0x00, 0x00, 0x4c, 0x00, 0xa1, 0x00,
  0x00, 0x5b, 0x00, 0xa9, 0x54, 0x00, 0x6f, 0xbb, 0x00, 0x00, 0x00, 0x54,
  0x6f, 0x4c, 0x7f, 0x00, 0x64, 0x00, 0xa9, 0x00, 0x00, 0x00, 0x00, 0xa9,
  0x00, 0x44, 0x4c, 0x4c, 0x00, 0x00, 0x5b, 0x8f, 0x64, 0xbb, 0xa9, 0x8f,
  0x00, 0x64, 0x00, 0xc3, 0x00, 0x00, 0x00, 0x4c, 0x54, 0x00, 0x6f, 0xc3,
  0x00, 0x00, 0xbb, 0x00, 0x00, 0x64, 0x98, 0x5b, 0x6f, 0xa9, 0x00, 0xbb,
  0x00, 0x00, 0x83, 0xbb, 0xbb, 0xa9, 0xbb, 0x00, 0xb2, 0xa1, 0xb2, 0x00,
  0x00, 0xa9, 0x6f, 0x00, 0xbb, 0x00, 0x00, 0xb2, 0x00, 0x00, 0x44, 0x44,
  0xa9, 0x44, 0x64, 0x00, 0x7f, 0xa1, 0x83, 0x00, 0x00, 0x54, 0x83, 0x6f,
  0x00, 0x00, 0x4c, 0x00, 0x98, 0x00, 0x00, 0x00, 0x3c, 0x00, 0x54, 0x00,
  0xb2, 0x98, 0x00, 0x00, 0x00, 0x00, 0x00, 0x4c, 0x98, 0x3c, 0x98, 0x3c,
  0x00, 0x00, 0x00, 0xc3, 0x3c, 0x00, 0x3c, 0x64, 0x6f, 0xa1, 0xb2, 0x00,
  0x83, 0x00, 0x00, 0x00, 0xc3, 0x00, 0xa1, 0xa9, 0x64, 0x00, 0x7f, 0xb2,
  0xbb, 0x8f, 0x00, 0x00, 0x00, 0x00, 0x3c, 0x00, 0x54, 0x54, 0x00, 0xbb,
  0xa9, 0x00, 0x00, 0x00, 0x00, 0x54, 0x00, 0x54, 0x00, 0xa9, 0x44, 0x00,
  0xbb, 0xbb, 0x4c, 0xbb, 0x00, 0xbb, 0x00, 0xb2, 0x3c, 0x5b, 0x00, 0x00,
  0x4c, 0x44, 0xa1, 0x00, 0x00, 0x00, 0x3c, 0xa1, 0x83, 0x54, 0x98, 0x6f,
  0x00, 0x00, 0x00, 0xbb, 0x00, 0x00, 0xa9, 0x00, 0x00, 0x7f, 0xc3, 0xa9,
  0x00, 0x6f, 0x4c, 0x00, 0x6f, 0x6f, 0x00, 0x00, 0xc3, 0x7f, 0x00, 0xbb,
  0x5b, 0x00, 0x54, 0x4c, 0x00, 0xb2, 0x98, 0x6f, 0xbb, 0x3c, 0x5b, 0x5b,
  0x00, 0x54, 0xa9, 0xc3, 0x00, 0x00, 0x3c, 0xa1, 0xb2, 0x00, 0x98, 0xa1,
  0x7f, 0x64, 0x00, 0x64, 0x00, 0x00, 0x00, 0x00, 0x00, 0x00, 0x98, 0x00,
  0x00, 0x00, 0x00, 0xb2, 0x00, 0x83, 0x5b, 0x00, 0x98, 0x00, 0x00, 0x5b,
  0x00, 0x00, 0x3c, 0x00, 0x00, 0x00, 0x4c, 0x00, 0xa1, 0x00, 0x64, 0x00,
  0x6f, 0x98, 0x4c, 0x00, 0x7f, 0xb2, 0x83, 0xbb, 0xc3, 0x00, 0x00, 0x00,
  0x00, 0xa9, 0x44, 0x00, 0x00, 0x00, 0x00, 0xa9, 0xa6, 0x6a, 0xff, 0xff,
  0x00, 0x00, 0x02, 0x01, 0x74, 0x00, 0x00, 0x00, 0x1a, 0x00, 0x00, 0x00,
  0x08, 0x00, 0x00, 0x00, 0x70, 0x00, 0x00, 0x00, 0x5c, 0x00, 0x00, 0x00,
  0x74, 0x69, 0x6e, 0x79, 0x5f, 0x6e, 0x69, 0x64, 0x73, 0x5f, 0x74, 0x72,
  0x61, 0x6e, 0x73, 0x66, 0x6f, 0x72, 0x6d, 0x65, 0x72, 0x5f, 0x31, 0x2f,
  0x65, 0x6e, 0x63, 0x6f, 0x64, 0x65, 0x72, 0x5f, 0x62, 0x6c, 0x6f, 0x63,
  0x6b, 0x5f, 0x31, 0x5f, 0x31, 0x2f, 0x6d, 0x75, 0x6c, 0x74, 0x69, 0x5f,
  0x68, 0x65, 0x61, 0x64, 0x5f, 0x6c, 0x69, 0x6e, 0x65, 0x61, 0x72, 0x5f,
  0x61, 0x74, 0x74, 0x65, 0x6e, 0x74, 0x69, 0x6f, 0x6e, 0x5f, 0x33, 0x5f,
  0x31, 0x2f, 0x64, 0x65, 0x6e, 0x73, 0x65, 0x5f, 0x32, 0x30, 0x5f, 0x31,
  0x2f, 0x42, 0x69, 0x61, 0x73, 0x41, 0x64, 0x64, 0x00, 0x00, 0x00, 0x00,
  0x01, 0x00, 0x00, 0x00, 0x40, 0x00, 0x00, 0x00, 0x44, 0x6e, 0xff, 0xff,
  0x0c, 0x02, 0x00, 0x00, 0x04, 0x00, 0x00, 0x00, 0x40, 0x00, 0x00, 0x00,
  0x00, 0x00, 0x00, 0x00, 0x00, 0x00, 0x00, 0x00, 0x00, 0x00, 0x00, 0x00,
  0x00, 0x00, 0x00, 0x00, 0x00, 0x00, 0x00, 0x00, 0x00, 0x00, 0x00, 0x00,
  0x00, 0x00, 0x00, 0x00, 0x00, 0x00, 0x00, 0x00, 0x00, 0x00, 0x00, 0x00,
  0x00, 0x00, 0x00, 0x00, 0x00, 0x00, 0x00, 0x00, 0x00, 0x00, 0x00, 0x00,
  0x00, 0x00, 0x00, 0x00, 0x00, 0x00, 0x00, 0x00, 0x00, 0x00, 0x00, 0x00,
  0x00, 0x00, 0x00, 0x00, 0x00, 0x00, 0x00, 0x00, 0x00, 0x00, 0x00, 0x00,
  0x00, 0x00, 0x00, 0x00, 0x00, 0x00, 0x00, 0x00, 0x00, 0x00, 0x00, 0x00,
  0x00, 0x00, 0x00, 0x00, 0x00, 0x00, 0x00, 0x00, 0x00, 0x00, 0x00, 0x00,
  0x00, 0x00, 0x00, 0x00, 0x00, 0x00, 0x00, 0x00, 0x00, 0x00, 0x00, 0x00,
  0x00, 0x00, 0x00, 0x00, 0x00, 0x00, 0x00, 0x00, 0x00, 0x00, 0x00, 0x00,
  0x00, 0x00, 0x00, 0x00, 0x00, 0x00, 0x00, 0x00, 0x00, 0x00, 0x00, 0x00,
  0x00, 0x00, 0x00, 0x00, 0x00, 0x00, 0x00, 0x00, 0x00, 0x00, 0x00, 0x00,
  0x00, 0x00, 0x00, 0x00, 0x00, 0x00, 0x00, 0x00, 0x00, 0x00, 0x00, 0x00,
  0x00, 0x00, 0x00, 0x00, 0x00, 0x00, 0x00, 0x00, 0x00, 0x00, 0x00, 0x00,
  0x00, 0x00, 0x00, 0x00, 0x00, 0x00, 0x00, 0x00, 0x00, 0x00, 0x00, 0x00,
  0x00, 0x00, 0x00, 0x00, 0x00, 0x00, 0x00, 0x00, 0x00, 0x00, 0x00, 0x00,
  0x00, 0x00, 0x00, 0x00, 0x00, 0x00, 0x00, 0x00, 0x00, 0x00, 0x00, 0x00,
  0x00, 0x00, 0x00, 0x00, 0x00, 0x00, 0x00, 0x00, 0x00, 0x00, 0x00, 0x00,
  0x00, 0x00, 0x00, 0x00, 0x00, 0x00, 0x00, 0x00, 0x00, 0x00, 0x00, 0x00,
  0x00, 0x00, 0x00, 0x00, 0x00, 0x00, 0x00, 0x00, 0x00, 0x00, 0x00, 0x00,
  0x00, 0x00, 0x00, 0x00, 0x00, 0x00, 0x00, 0x00, 0x00, 0x00, 0x00, 0x00,
  0x00, 0x00, 0x00, 0x00, 0x00, 0x00, 0x00, 0x00, 0x00, 0x00, 0x00, 0x00,
  0x00, 0x00, 0x00, 0x00, 0x00, 0x00, 0x00, 0x00, 0x00, 0x00, 0x00, 0x00,
  0x00, 0x00, 0x00, 0x00, 0x00, 0x00, 0x00, 0x00, 0x00, 0x00, 0x00, 0x00,
  0x00, 0x00, 0x00, 0x00, 0x00, 0x00, 0x00, 0x00, 0x00, 0x00, 0x00, 0x00,
  0x00, 0x00, 0x00, 0x00, 0x00, 0x00, 0x00, 0x00, 0x00, 0x00, 0x00, 0x00,
  0x00, 0x00, 0x00, 0x00, 0x00, 0x00, 0x00, 0x00, 0x00, 0x00, 0x00, 0x00,
  0x00, 0x00, 0x00, 0x00, 0x00, 0x00, 0x00, 0x00, 0x00, 0x00, 0x00, 0x00,
  0x00, 0x00, 0x00, 0x00, 0x00, 0x00, 0x00, 0x00, 0x00, 0x00, 0x00, 0x00,
  0x00, 0x00, 0x00, 0x00, 0x00, 0x00, 0x00, 0x00, 0x00, 0x00, 0x00, 0x00,
  0x00, 0x00, 0x00, 0x00, 0x00, 0x00, 0x00, 0x00, 0x00, 0x00, 0x00, 0x00,
  0x00, 0x00, 0x00, 0x00, 0x00, 0x00, 0x00, 0x00, 0x00, 0x00, 0x00, 0x00,
  0x00, 0x00, 0x00, 0x00, 0x00, 0x00, 0x00, 0x00, 0x00, 0x00, 0x00, 0x00,
  0x00, 0x00, 0x00, 0x00, 0x00, 0x00, 0x00, 0x00, 0x00, 0x00, 0x00, 0x00,
  0x00, 0x00, 0x00, 0x00, 0x00, 0x00, 0x00, 0x00, 0x00, 0x00, 0x00, 0x00,
  0x00, 0x00, 0x00, 0x00, 0x00, 0x00, 0x00, 0x00, 0x00, 0x00, 0x00, 0x00,
  0x00, 0x00, 0x00, 0x00, 0x00, 0x00, 0x00, 0x00, 0x00, 0x00, 0x00, 0x00,
  0x00, 0x00, 0x00, 0x00, 0x00, 0x00, 0x00, 0x00, 0x00, 0x00, 0x00, 0x00,
  0x00, 0x00, 0x00, 0x00, 0x00, 0x00, 0x00, 0x00, 0x00, 0x00, 0x00, 0x00,
  0x00, 0x00, 0x00, 0x00, 0x00, 0x00, 0x00, 0x00, 0x00, 0x00, 0x00, 0x00,
  0x00, 0x00, 0x00, 0x00, 0x00, 0x00, 0x00, 0x00, 0x00, 0x00, 0x00, 0x00,
  0x00, 0x00, 0x00, 0x00, 0x00, 0x00, 0x00, 0x00, 0x00, 0x00, 0x00, 0x00,
  0x00, 0x00, 0x00, 0x00, 0x00, 0x00, 0x00, 0x00, 0x40, 0x00, 0x00, 0x00,
  0x2b, 0x57, 0x39, 0x38, 0x2b, 0x57, 0x39, 0x38, 0x91, 0x09, 0x51, 0x38,
  0x2b, 0x57, 0x39, 0x38, 0x91, 0x09, 0x51, 0x38, 0x2b, 0x57, 0x39, 0x38,
  0x2b, 0x57, 0x39, 0x38, 0x91, 0x09, 0x51, 0x38, 0x91, 0x09, 0x51, 0x38,
  0x65, 0x44, 0x4e, 0x38, 0x91, 0x09, 0x51, 0x38, 0x91, 0x09, 0x51, 0x38,
  0x2b, 0x57, 0x39, 0x38, 0x91, 0x09, 0x51, 0x38, 0xfc, 0x81, 0x36, 0x38,
  0x65, 0x44, 0x4e, 0x38, 0x2b, 0x57, 0x39, 0x38, 0x65, 0x44, 0x4e, 0x38,
  0x2b, 0x57, 0x39, 0x38, 0x2b, 0x57, 0x39, 0x38, 0x2b, 0x57, 0x39, 0x38,
  0x2b, 0x57, 0x39, 0x38, 0x2b, 0x57, 0x39, 0x38, 0x65, 0x44, 0x4e, 0x38,
  0x91, 0x09, 0x51, 0x38, 0x2b, 0x57, 0x39, 0x38, 0x91, 0x09, 0x51, 0x38,
  0x91, 0x09, 0x51, 0x38, 0x2b, 0x57, 0x39, 0x38, 0x2b, 0x57, 0x39, 0x38,
  0xfc, 0x81, 0x36, 0x38, 0x2b, 0x57, 0x39, 0x38, 0x91, 0x09, 0x51, 0x38,
  0x91, 0x09, 0x51, 0x38, 0x2b, 0x57, 0x39, 0x38, 0x91, 0x09, 0x51, 0x38,
  0x91, 0x09, 0x51, 0x38, 0x65, 0x44, 0x4e, 0x38, 0x91, 0x09, 0x51, 0x38,
  0x91, 0x09, 0x51, 0x38, 0x65, 0x44, 0x4e, 0x38, 0x91, 0x09, 0x51, 0x38,
  0x91, 0x09, 0x51, 0x38, 0x2b, 0x57, 0x39, 0x38, 0x91, 0x09, 0x51, 0x38,
  0x2b, 0x57, 0x39, 0x38, 0x2b, 0x57, 0x39, 0x38, 0x2b, 0x57, 0x39, 0x38,
  0x65, 0x44, 0x4e, 0x38, 0x2b, 0x57, 0x39, 0x38, 0x91, 0x09, 0x51, 0x38,
  0x91, 0x09, 0x51, 0x38, 0x65, 0x44, 0x4e, 0x38, 0x2b, 0x57, 0x39, 0x38,
  0x65, 0x44, 0x4e, 0x38, 0x2b, 0x57, 0x39, 0x38, 0x91, 0x09, 0x51, 0x38,
  0x65, 0x44, 0x4e, 0x38, 0x91, 0x09, 0x51, 0x38, 0x91, 0x09, 0x51, 0x38,
  0x91, 0x09, 0x51, 0x38, 0x91, 0x09, 0x51, 0x38, 0x91, 0x09, 0x51, 0x38,
  0x91, 0x09, 0x51, 0x38, 0xe6, 0x6d, 0xff, 0xff, 0x04, 0x00, 0x00, 0x00,
  0x00, 0x01, 0x00, 0x00, 0x55, 0x00, 0x00, 0x00, 0xfd, 0x00, 0x00, 0x00,
  0xb2, 0xff, 0xff, 0xff, 0xaf, 0xff, 0xff, 0xff, 0xaa, 0x01, 0x00, 0x00,
  0xee, 0xfe, 0xff, 0xff, 0xa9, 0x00, 0x00, 0x00, 0xb2, 0xff, 0xff, 0xff,
  0xc6, 0xff, 0xff, 0xff, 0xbe, 0x00, 0x00, 0x00, 0xea, 0x01, 0x00, 0x00,
  0xb7, 0xfe, 0xff, 0xff, 0x6d, 0xfd, 0xff, 0xff, 0x4a, 0x02, 0x00, 0x00,
  0x40, 0xfe, 0xff, 0xff, 0xaf, 0x01, 0x00, 0x00, 0xf5, 0xff, 0xff, 0xff,
  0xc0, 0x00, 0x00, 0x00, 0x8f, 0x00, 0x00, 0x00, 0xff, 0x00, 0x00, 0x00,
  0xe0, 0xfe, 0xff, 0xff, 0xd8, 0x00, 0x00, 0x00, 0xa4, 0xff, 0xff, 0xff,
  0xed, 0xfd, 0xff, 0xff, 0x19, 0x01, 0x00, 0x00, 0x72, 0xff, 0xff, 0xff,
  0x05, 0x01, 0x00, 0x00, 0xfb, 0xfe, 0xff, 0xff, 0x9f, 0x00, 0x00, 0x00,
  0x14, 0xff, 0xff, 0xff, 0xa8, 0x00, 0x00, 0x00, 0x59, 0x01, 0x00, 0x00,
  0xab, 0xfe, 0xff, 0xff, 0x30, 0x01, 0x00, 0x00, 0x3e, 0x02, 0x00, 0x00,
  0x95, 0xff, 0xff, 0xff, 0x99, 0x02, 0x00, 0x00, 0xd8, 0xff, 0xff, 0xff,
  0x3d, 0x01, 0x00, 0x00, 0x31, 0x01, 0x00, 0x00, 0x37, 0x00, 0x00, 0x00,
  0x6e, 0x00, 0x00, 0x00, 0x63, 0x02, 0x00, 0x00, 0xbe, 0xff, 0xff, 0xff,
  0xce, 0x00, 0x00, 0x00, 0x13, 0x00, 0x00, 0x00, 0x96, 0xfe, 0xff, 0xff,
  0xaf, 0xff, 0xff, 0xff, 0x2c, 0x01, 0x00, 0x00, 0xff, 0xfe, 0xff, 0xff,
  0xa0, 0xfc, 0xff, 0xff, 0x01, 0xff, 0xff, 0xff, 0xe3, 0xff, 0xff, 0xff,
  0x74, 0x00, 0x00, 0x00, 0xf4, 0xff, 0xff, 0xff, 0x50, 0x00, 0x00, 0x00,
  0xfb, 0x02, 0x00, 0x00, 0x38, 0xfe, 0xff, 0xff, 0xf6, 0xff, 0xff, 0xff,
  0xe1, 0xff, 0xff, 0xff, 0x31, 0x00, 0x00, 0x00, 0x4e, 0xff, 0xff, 0xff,
  0x60, 0x02, 0x00, 0x00, 0x87, 0xff, 0xff, 0xff, 0x4a, 0x6f, 0xff, 0xff,
  0x00, 0x00, 0x09, 0x01, 0x7c, 0x00, 0x00, 0x00, 0x19, 0x00, 0x00, 0x00,
  0x08, 0x00, 0x00, 0x00, 0x7c, 0x00, 0x00, 0x00, 0x65, 0x00, 0x00, 0x00,
  0x74, 0x69, 0x6e, 0x79, 0x5f, 0x6e, 0x69, 0x64, 0x73, 0x5f, 0x74, 0x72,
  0x61, 0x6e, 0x73, 0x66, 0x6f, 0x72, 0x6d, 0x65, 0x72, 0x5f, 0x31, 0x2f,
  0x65, 0x6e, 0x63, 0x6f, 0x64, 0x65, 0x72, 0x5f, 0x62, 0x6c, 0x6f, 0x63,
  0x6b, 0x5f, 0x31, 0x5f, 0x31, 0x2f, 0x6d, 0x75, 0x6c, 0x74, 0x69, 0x5f,
  0x68, 0x65, 0x61, 0x64, 0x5f, 0x6c, 0x69, 0x6e, 0x65, 0x61, 0x72, 0x5f,
  0x61, 0x74, 0x74, 0x65, 0x6e, 0x74, 0x69, 0x6f, 0x6e, 0x5f, 0x33, 0x5f,
  0x31, 0x2f, 0x64, 0x65, 0x6e, 0x73, 0x65, 0x5f, 0x32, 0x31, 0x5f, 0x31,
  0x2f, 0x54, 0x65, 0x6e, 0x73, 0x6f, 0x72, 0x64, 0x6f, 0x74, 0x2f, 0x4d,
  0x61, 0x74, 0x4d, 0x75, 0x6c, 0x00, 0x00, 0x00, 0x02, 0x00, 0x00, 0x00,
  0x40, 0x00, 0x00, 0x00, 0x40, 0x00, 0x00, 0x00, 0xf4, 0x72, 0xff, 0xff,
  0x10, 0x02, 0x00, 0x00, 0x04, 0x00, 0x00, 0x00, 0x40, 0x00, 0x00, 0x00,
  0x00, 0x00, 0x00, 0x00, 0x00, 0x00, 0x00, 0x00, 0x00, 0x00, 0x00, 0x00,
  0x00, 0x00, 0x00, 0x00, 0x00, 0x00, 0x00, 0x00, 0x00, 0x00, 0x00, 0x00,
  0x00, 0x00, 0x00, 0x00, 0x00, 0x00, 0x00, 0x00, 0x00, 0x00, 0x00, 0x00,
  0x00, 0x00, 0x00, 0x00, 0x00, 0x00, 0x00, 0x00, 0x00, 0x00, 0x00, 0x00,
  0x00, 0x00, 0x00, 0x00, 0x00, 0x00, 0x00, 0x00, 0x00, 0x00, 0x00, 0x00,
  0x00, 0x00, 0x00, 0x00, 0x00, 0x00, 0x00, 0x00, 0x00, 0x00, 0x00, 0x00,
  0x00, 0x00, 0x00, 0x00, 0x00, 0x00, 0x00, 0x00, 0x00, 0x00, 0x00, 0x00,
  0x00, 0x00, 0x00, 0x00, 0x00, 0x00, 0x00, 0x00, 0x00, 0x00, 0x00, 0x00,
  0x00, 0x00, 0x00, 0x00, 0x00, 0x00, 0x00, 0x00, 0x00, 0x00, 0x00, 0x00,
  0x00, 0x00, 0x00, 0x00, 0x00, 0x00, 0x00, 0x00, 0x00, 0x00, 0x00, 0x00,
  0x00, 0x00, 0x00, 0x00, 0x00, 0x00, 0x00, 0x00, 0x00, 0x00, 0x00, 0x00,
  0x00, 0x00, 0x00, 0x00, 0x00, 0x00, 0x00, 0x00, 0x00, 0x00, 0x00, 0x00,
  0x00, 0x00, 0x00, 0x00, 0x00, 0x00, 0x00, 0x00, 0x00, 0x00, 0x00, 0x00,
  0x00, 0x00, 0x00, 0x00, 0x00, 0x00, 0x00, 0x00, 0x00, 0x00, 0x00, 0x00,
  0x00, 0x00, 0x00, 0x00, 0x00, 0x00, 0x00, 0x00, 0x00, 0x00, 0x00, 0x00,
  0x00, 0x00, 0x00, 0x00, 0x00, 0x00, 0x00, 0x00, 0x00, 0x00, 0x00, 0x00,
  0x00, 0x00, 0x00, 0x00, 0x00, 0x00, 0x00, 0x00, 0x00, 0x00, 0x00, 0x00,
  0x00, 0x00, 0x00, 0x00, 0x00, 0x00, 0x00, 0x00, 0x00, 0x00, 0x00, 0x00,
  0x00, 0x00, 0x00, 0x00, 0x00, 0x00, 0x00, 0x00, 0x00, 0x00, 0x00, 0x00,
  0x00, 0x00, 0x00, 0x00, 0x00, 0x00, 0x00, 0x00, 0x00, 0x00, 0x00, 0x00,
  0x00, 0x00, 0x00, 0x00, 0x00, 0x00, 0x00, 0x00, 0x00, 0x00, 0x00, 0x00,
  0x00, 0x00, 0x00, 0x00, 0x00, 0x00, 0x00, 0x00, 0x00, 0x00, 0x00, 0x00,
  0x00, 0x00, 0x00, 0x00, 0x00, 0x00, 0x00, 0x00, 0x00, 0x00, 0x00, 0x00,
  0x00, 0x00, 0x00, 0x00, 0x00, 0x00, 0x00, 0x00, 0x00, 0x00, 0x00, 0x00,
  0x00, 0x00, 0x00, 0x00, 0x00, 0x00, 0x00, 0x00, 0x00, 0x00, 0x00, 0x00,
  0x00, 0x00, 0x00, 0x00, 0x00, 0x00, 0x00, 0x00, 0x00, 0x00, 0x00, 0x00,
  0x00, 0x00, 0x00, 0x00, 0x00, 0x00, 0x00, 0x00, 0x00, 0x00, 0x00, 0x00,
  0x00, 0x00, 0x00, 0x00, 0x00, 0x00, 0x00, 0x00, 0x00, 0x00, 0x00, 0x00,
  0x00, 0x00, 0x00, 0x00, 0x00, 0x00, 0x00, 0x00, 0x00, 0x00, 0x00, 0x00,
  0x00, 0x00, 0x00, 0x00, 0x00, 0x00, 0x00, 0x00, 0x00, 0x00, 0x00, 0x00,
  0x00, 0x00, 0x00, 0x00, 0x00, 0x00, 0x00, 0x00, 0x00, 0x00, 0x00, 0x00,
  0x00, 0x00, 0x00, 0x00, 0x00, 0x00, 0x00, 0x00, 0x00, 0x00, 0x00, 0x00,
  0x00, 0x00, 0x00, 0x00, 0x00, 0x00, 0x00, 0x00, 0x00, 0x00, 0x00, 0x00,
  0x00, 0x00, 0x00, 0x00, 0x00, 0x00, 0x00, 0x00, 0x00, 0x00, 0x00, 0x00,
  0x00, 0x00, 0x00, 0x00, 0x00, 0x00, 0x00, 0x00, 0x00, 0x00, 0x00, 0x00,
  0x00, 0x00, 0x00, 0x00, 0x00, 0x00, 0x00, 0x00, 0x00, 0x00, 0x00, 0x00,
  0x00, 0x00, 0x00, 0x00, 0x00, 0x00, 0x00, 0x00, 0x00, 0x00, 0x00, 0x00,
  0x00, 0x00, 0x00, 0x00, 0x00, 0x00, 0x00, 0x00, 0x00, 0x00, 0x00, 0x00,
  0x00, 0x00, 0x00, 0x00, 0x00, 0x00, 0x00, 0x00, 0x00, 0x00, 0x00, 0x00,
  0x00, 0x00, 0x00, 0x00, 0x00, 0x00, 0x00, 0x00, 0x00, 0x00, 0x00, 0x00,
  0x00, 0x00, 0x00, 0x00, 0x00, 0x00, 0x00, 0x00, 0x00, 0x00, 0x00, 0x00,
  0x00, 0x00, 0x00, 0x00, 0x00, 0x00, 0x00, 0x00, 0x00, 0x00, 0x00, 0x00,
  0x00, 0x00, 0x00, 0x00, 0x00, 0x00, 0x00, 0x00, 0x00, 0x00, 0x00, 0x00,
  0x40, 0x00, 0x00, 0x00, 0xc8, 0xfb, 0xe1, 0x3a, 0x1d, 0x28, 0xf7, 0x3a,
  0xc8, 0xfb, 0xe1, 0x3a, 0x1d, 0x28, 0xf7, 0x3a, 0xe0, 0x9e, 0xdb, 0x3a,
  0x53, 0x31, 0xfe, 0x3a, 0x1d, 0x28, 0xf7, 0x3a, 0x53, 0x31, 0xfe, 0x3a,
  0x1d, 0x28, 0xf7, 0x3a, 0x53, 0x31, 0xfe, 0x3a, 0x53, 0x31, 0xfe, 0x3a,
  0x1d, 0x28, 0xf7, 0x3a, 0xe0, 0x9e, 0xdb, 0x3a, 0x53, 0x31, 0xfe, 0x3a,
  0xc8, 0xfb, 0xe1, 0x3a, 0xc8, 0xfb, 0xe1, 0x3a, 0x53, 0x31, 0xfe, 0x3a,
  0xc8, 0xfb, 0xe1, 0x3a, 0x53, 0x31, 0xfe, 0x3a, 0xc8, 0xfb, 0xe1, 0x3a,
  0x1d, 0x28, 0xf7, 0x3a, 0x53, 0x31, 0xfe, 0x3a, 0xc8, 0xfb, 0xe1, 0x3a,
  0x53, 0x31, 0xfe, 0x3a, 0x53, 0x31, 0xfe, 0x3a, 0x53, 0x31, 0xfe, 0x3a,
  0x53, 0x31, 0xfe, 0x3a, 0xc8, 0xfb, 0xe1, 0x3a, 0xf9, 0xb5, 0xcd, 0x3a,
  0x1d, 0x28, 0xf7, 0x3a, 0x1d, 0x28, 0xf7, 0x3a, 0xc8, 0xfb, 0xe1, 0x3a,
  0x53, 0x31, 0xfe, 0x3a, 0x53, 0x31, 0xfe, 0x3a, 0xc8, 0xfb, 0xe1, 0x3a,
  0xc8, 0xfb, 0xe1, 0x3a, 0x1d, 0x28, 0xf7, 0x3a, 0x53, 0x31, 0xfe, 0x3a,
  0x53, 0x31, 0xfe, 0x3a, 0xc8, 0xfb, 0xe1, 0x3a, 0xe0, 0x9e, 0xdb, 0x3a,
  0xc8, 0xfb, 0xe1, 0x3a, 0x53, 0x31, 0xfe, 0x3a, 0xf9, 0xb5, 0xcd, 0x3a,
  0xc8, 0xfb, 0xe1, 0x3a, 0x53, 0x31, 0xfe, 0x3a, 0x53, 0x31, 0xfe, 0x3a,
  0xe0, 0x9e, 0xdb, 0x3a, 0x53, 0x31, 0xfe, 0x3a, 0x53, 0x31, 0xfe, 0x3a,
  0xc8, 0xfb, 0xe1, 0x3a, 0xe0, 0x9e, 0xdb, 0x3a, 0x1d, 0x28, 0xf7, 0x3a,
  0x53, 0x31, 0xfe, 0x3a, 0x1d, 0x28, 0xf7, 0x3a, 0x53, 0x31, 0xfe, 0x3a,
  0x1d, 0x28, 0xf7, 0x3a, 0xc8, 0xfb, 0xe1, 0x3a, 0x53, 0x31, 0xfe, 0x3a,
  0xc8, 0xfb, 0xe1, 0x3a, 0xe0, 0x9e, 0xdb, 0x3a, 0xe0, 0x9e, 0xdb, 0x3a,
  0x53, 0x31, 0xfe, 0x3a, 0x53, 0x31, 0xfe, 0x3a, 0x9a, 0x72, 0xff, 0xff,
  0x04, 0x00, 0x00, 0x00, 0x00, 0x10, 0x00, 0x00, 0xbd, 0x9a, 0xbd, 0x00,
  0x00, 0xa3, 0x5e, 0x7f, 0x74, 0x00, 0x00, 0x00, 0x7f, 0x74, 0x68, 0x43,
  0x00, 0x43, 0x00, 0x43, 0x00, 0x00, 0x00, 0xa3, 0x90, 0x90, 0x00, 0x00,
  0x4b, 0x5e, 0x00, 0x00, 0x74, 0x5e, 0x68, 0x4b, 0x00, 0x00, 0x5e, 0x74,
  0x00, 0xbd, 0x00, 0x55, 0x00, 0x00, 0x68, 0xbd, 0x00, 0x43, 0x68, 0x9a,
  0x00, 0x55, 0x74, 0x43, 0x5e, 0x55, 0xbd, 0xa3, 0x00, 0x00, 0x43, 0x00,
  0x00, 0x00, 0x00, 0x00, 0x8f, 0x00, 0x00, 0x4e, 0x5f, 0x00, 0x00, 0xbb,
  0x81, 0x00, 0x00, 0xab, 0x00, 0x00, 0xb3, 0x3d, 0x6a, 0x99, 0x5f, 0x00,
  0x00, 0xb3, 0xa3, 0x6a, 0x00, 0xb3, 0x00, 0xa3, 0x45, 0x5f, 0x00, 0x99,
  0x00, 0x74, 0x00, 0x00, 0xab, 0x45, 0x56, 0x99, 0x00, 0x8f, 0x99, 0x5f,
  0x00, 0x00, 0x00, 0x6a, 0xab, 0x8f, 0x00, 0x5f, 0x00, 0x00, 0x00, 0x00,
  0x00, 0x00, 0x00, 0x99, 0x00, 0xb4, 0x00, 0x00, 0x00, 0x55, 0x4b, 0x00,
  0xac, 0x00, 0x00, 0x43, 0x00, 0x68, 0x74, 0x00, 0x00, 0x00, 0x00, 0x00,
  0x00, 0x00, 0x55, 0x00, 0x5e, 0x00, 0x00, 0x00, 0x00, 0x00, 0x7f, 0x9a,
  0x4b, 0x7f, 0x4b, 0x5e, 0x00, 0x00, 0x00, 0xbd, 0xb4, 0x00, 0x00, 0x00,
  0x00, 0xa3, 0x00, 0xbd, 0xbd, 0x00, 0x00, 0xa3, 0x00, 0x55, 0xb4, 0xb4,
  0x00, 0x00, 0x5e, 0x00, 0x00, 0x00, 0x00, 0x00, 0x00, 0x00, 0xa3, 0xbb,
  0x00, 0x00, 0x00, 0x00, 0x00, 0x99, 0x99, 0x45, 0xa3, 0x4e, 0xb3, 0x99,
  0x00, 0x45, 0xb3, 0x00, 0xb3, 0x8f, 0x81, 0xc2, 0xb3, 0xa3, 0xc2, 0x00,
  0x00, 0x00, 0x8f, 0x3d, 0xab, 0x99, 0x00, 0x00, 0x3d, 0x8f, 0x00, 0x00,
  0x4e, 0x56, 0x00, 0x00, 0x00, 0x00, 0x00, 0x45, 0x45, 0x00, 0x00, 0x00,
  0xb3, 0xb3, 0x45, 0x00, 0x00, 0x00, 0xa3, 0xb3, 0x00, 0x3d, 0x00, 0x00,
  0x81, 0xa0, 0x00, 0x57, 0x81, 0x77, 0x00, 0x00, 0x8c, 0xb2, 0x77, 0x00,
  0x00, 0x00, 0x97, 0x97, 0x00, 0xa9, 0xa9, 0x00, 0x00, 0x00, 0x00, 0x00,
  0x00, 0xa0, 0x00, 0x00, 0x00, 0x00, 0x97, 0x4e, 0xbb, 0xa0, 0x00, 0x00,
  0x81, 0x00, 0x4e, 0x61, 0x57, 0x00, 0x57, 0x77, 0x57, 0xbb, 0x81, 0x00,
  0x00, 0xa0, 0xb2, 0x97, 0x00, 0x00, 0xa0, 0x00, 0x00, 0x4e, 0x45, 0x00,
  0x8c, 0x00, 0x00, 0xa0, 0x92, 0xbd, 0x00, 0x67, 0x00, 0x3b, 0xa6, 0x00,
  0x54, 0x00, 0x00, 0x00, 0x9c, 0x3b, 0x00, 0x00, 0x00, 0x00, 0xb5, 0x00,
  0x5d, 0x67, 0x71, 0xa6, 0x71, 0x00, 0x43, 0x5d, 0x00, 0x00, 0x4b, 0x00,
  0x54, 0x00, 0xad, 0x85, 0x00, 0xa6, 0xad, 0x00, 0x00, 0x3b, 0x00, 0x00,
  0x3b, 0x4b, 0x54, 0x00, 0xa6, 0x00, 0x7f, 0x00, 0x00, 0x92, 0x67, 0x00,
  0x00, 0x67, 0x71, 0x00, 0x00, 0xc4, 0x00, 0xad, 0xc2, 0x00, 0x6a, 0x00,
  0x00, 0x74, 0x00, 0x00, 0x00, 0x6a, 0xb3, 0x4e, 0xc2, 0x6a, 0x56, 0x00,
  0x3d, 0x00, 0x56, 0x99, 0x00, 0x00, 0x00, 0x4e, 0x00, 0x00, 0x99, 0x8f,
  0x4e, 0xa3, 0x45, 0x00, 0x00, 0x00, 0x99, 0x74, 0xb3, 0x6a, 0x56, 0x00,
  0x00, 0x00, 0x00, 0x99, 0x00, 0x56, 0x00, 0xbb, 0x81, 0xc2, 0xbb, 0x00,
  0x6a, 0x00, 0xa3, 0x99, 0xbb, 0x00, 0x00, 0x00, 0x4e, 0x00, 0xbb, 0x5f,
  0x9c, 0x54, 0x00, 0x00, 0x67, 0x00, 0xb5, 0x00, 0x4b, 0x00, 0x00, 0x00,
  0x54, 0xad, 0x00, 0x00, 0x00, 0x5d, 0x67, 0x4b, 0x00, 0x00, 0xb5, 0x00,
  0x00, 0x00, 0x00, 0x00, 0x00, 0x67, 0x00, 0x00, 0xc4, 0x00, 0x00, 0x67,
  0x00, 0x00, 0x00, 0x9c, 0x4b, 0x85, 0x00, 0x00, 0x67, 0x00, 0x00, 0x92,
  0x7f, 0xc4, 0x54, 0x92, 0x00, 0x4b, 0xad, 0xbd, 0x00, 0x9c, 0x00, 0x00,
  0xad, 0x3b, 0x67, 0xad, 0x00, 0x00, 0xbb, 0x00, 0x00, 0x00, 0x00, 0x00,
  0xc2, 0xa3, 0x00, 0xbb, 0x00, 0x00, 0x00, 0x00, 0x00, 0xa3, 0x00, 0x00,
  0x00, 0x74, 0x00, 0x4e, 0xab, 0x00, 0x6a, 0x4e, 0x74, 0xc2, 0x81, 0x00,
  0x4e, 0x00, 0x8f, 0xb3, 0xa3, 0x45, 0xb3, 0x4e, 0x99, 0x56, 0x74, 0x3d,
  0x5f, 0x8f, 0xb3, 0x00, 0x00, 0x74, 0x00, 0x5f, 0x74, 0x5f, 0x00, 0xa3,
  0x99, 0xa3, 0x00, 0x5f, 0x00, 0x00, 0x74, 0x6a, 0x5d, 0x00, 0x71, 0x00,
  0x00, 0x4b, 0x00, 0x00, 0xa6, 0x00, 0x00, 0xad, 0xbd, 0x00, 0x43, 0x00,
  0x00, 0x00, 0x00, 0x00, 0x00, 0x00, 0x54, 0x00, 0x00, 0x92, 0x00, 0xa6,
  0xb5, 0xc4, 0xbd, 0x00, 0x00, 0x3b, 0x00, 0x00, 0xad, 0x00, 0x71, 0x00,
  0x5d, 0x00, 0x00, 0x54, 0x71, 0xc4, 0x00, 0x00, 0x7f, 0x00, 0x00, 0x85,
  0x00, 0x67, 0x9c, 0x00, 0x67, 0x43, 0xa6, 0xb5, 0xa6, 0x00, 0x92, 0x00,
  0x67, 0x00, 0x00, 0x67, 0xc4, 0x00, 0x00, 0xb5, 0x00, 0x67, 0x00, 0xa6,
  0xbd, 0x00, 0x9c, 0x71, 0x00, 0x00, 0x00, 0x54, 0x00, 0x00, 0x00, 0x00,
  0xad, 0x00, 0x00, 0x5d, 0x92, 0x00, 0x00, 0xb5, 0x00, 0x5d, 0x00, 0x67,
  0x00, 0x00, 0xb5, 0x9c, 0x00, 0x43, 0x00, 0x00, 0x00, 0x00, 0x00, 0xa6,
  0x4b, 0x9c, 0x4b, 0x85, 0x43, 0x67, 0x9c, 0xb5, 0x7f, 0x00, 0x00, 0x4b,
  0x54, 0x00, 0xad, 0x00, 0x00, 0x5f, 0xb3, 0x3d, 0x00, 0x56, 0x56, 0x00,
  0x99, 0x3d, 0x99, 0xbb, 0x00, 0x00, 0x6a, 0x00, 0x8f, 0x00, 0x3d, 0x00,
  0xc2, 0x00, 0xc2, 0x00, 0x00, 0x5f, 0x00, 0x81, 0x99, 0x56, 0x00, 0x74,
  0x4e, 0x5f, 0x00, 0x00, 0x5f, 0xab, 0x00, 0x00, 0x00, 0x00, 0x00, 0x00,
  0x00, 0x00, 0x00, 0x99, 0x00, 0x00, 0x3d, 0x56, 0x00, 0x56, 0x4e, 0x00,
  0x00, 0x00, 0x4e, 0x00, 0x6a, 0x99, 0x56, 0xa3, 0x00, 0x00, 0x81, 0x00,
  0x4e, 0x6b, 0x77, 0xbb, 0x00, 0xb2, 0x77, 0x00, 0x97, 0x8c, 0x8c, 0xbb,
  0x00, 0x00, 0x00, 0x00, 0x00, 0xa9, 0x00, 0xb2, 0xa9, 0x00, 0x00, 0x77,
  0x00, 0x8c, 0x57, 0x4e, 0x00, 0x77, 0x00, 0x00, 0x00, 0x00, 0x61, 0x00,
  0xa0, 0x00, 0x00, 0x00, 0x6b, 0x00, 0x00, 0x00, 0x00, 0xb2, 0x00, 0xa0,
  0x00, 0x81, 0x4e, 0xbb, 0x4e, 0x6b, 0x00, 0x00, 0x45, 0xa0, 0x00, 0x77,
  0x00, 0x00, 0x43, 0x00, 0xad, 0x00, 0x71, 0x00, 0x00, 0x00, 0x00, 0xbd,
  0x7f, 0x00, 0x00, 0x71, 0x67, 0x00, 0x5d, 0x00, 0xa6, 0x00, 0x43, 0x92,
  0x00, 0x92, 0x43, 0x00, 0x00, 0x92, 0x4b, 0x00, 0xb5, 0x4b, 0x3b, 0x00,
  0xbd, 0x00, 0x00, 0xad, 0xbd, 0x4b, 0x00, 0x71, 0x00, 0x54, 0x00, 0x00,
  0x5d, 0x00, 0x00, 0x5d, 0x54, 0x00, 0x00, 0x67, 0x00, 0x00, 0x5d, 0x00,
  0x43, 0x00, 0x00, 0x00, 0x68, 0x00, 0x00, 0x00, 0xb4, 0x5e, 0x00, 0x00,
  0x00, 0x43, 0x00, 0x4b, 0x00, 0x00, 0x00, 0x55, 0x00, 0x9a, 0xac, 0x5e,
  0x55, 0x9a, 0x00, 0xac, 0x43, 0x00, 0x00, 0x00, 0xa3, 0x00, 0x7f, 0x00,
  0x00, 0x4b, 0x74, 0x00, 0x00, 0x00, 0x00, 0x68, 0x00, 0x00, 0x00, 0x00,
  0x55, 0x74, 0x00, 0x55, 0x00, 0x00, 0x85, 0x00, 0x9a, 0x90, 0xb4, 0x9a,
  0x00, 0x85, 0x9a, 0x5e, 0x00, 0x43, 0x00, 0x90, 0x00, 0xa3, 0x00, 0x00,
  0x00, 0x00, 0x00, 0x74, 0x90, 0x00, 0x00, 0x00, 0x5e, 0x55, 0x00, 0x00,
  0x00, 0x00, 0x90, 0x7f, 0x00, 0x00, 0x00, 0x00, 0x00, 0x4b, 0x00, 0x00,
  0x85, 0xac, 0x00, 0xa3, 0x00, 0x00, 0x00, 0x9a, 0x7f, 0x43, 0xa3, 0x85,
  0x00, 0x00, 0x00, 0x9a, 0x5e, 0x43, 0x00, 0x55, 0x00, 0x00, 0x00, 0x00,
  0x9a, 0x00, 0x00, 0x00, 0x5e, 0x00, 0x43, 0x00, 0x68, 0x43, 0xb4, 0x4b,
  0x00, 0x00, 0x00, 0xa6, 0x00, 0x5d, 0xbd, 0x00, 0xbd, 0x00, 0x00, 0x00,
  0x00, 0x00, 0x00, 0x54, 0x00, 0x3b, 0x00, 0xb5, 0x00, 0xb5, 0xc4, 0x67,
  0x00, 0xbd, 0x00, 0x00, 0x5d, 0xc4, 0x71, 0x54, 0x00, 0x43, 0x00, 0x00,
  0x00, 0xad, 0x9c, 0xb5, 0x00, 0x00, 0x3b, 0x5d, 0x4b, 0x00, 0x43, 0xad,
  0xad, 0xbd, 0x00, 0x00, 0xbd, 0x9c, 0x00, 0xbd, 0x43, 0x3b, 0x7f, 0x00,
  0x00, 0x9c, 0x00, 0x00, 0x00, 0x74, 0x00, 0x00, 0xa3, 0x00, 0x9a, 0x00,
  0xb4, 0x00, 0x00, 0x5e, 0x00, 0x00, 0x00, 0x00, 0x00, 0x5e, 0x9a, 0x00,
  0xb4, 0x9a, 0x68, 0x00, 0x00, 0x9a, 0x00, 0x00, 0x00, 0x00, 0x00, 0x00,
  0x90, 0x00, 0x00, 0x7f, 0x00, 0x9a, 0x00, 0x90, 0x4b, 0x00, 0x68, 0x00,
  0x68, 0xac, 0x00, 0x00, 0x5e, 0x4b, 0x85, 0x00, 0x9a, 0x00, 0x00, 0x00,
  0x7f, 0x00, 0x00, 0x00, 0x5e, 0xb4, 0x00, 0x00, 0xad, 0x85, 0x67, 0x00,
  0x3b, 0x3b, 0x9c, 0x00, 0x00, 0x00, 0xad, 0x00, 0x00, 0x5d, 0x85, 0x67,
  0xb5, 0x00, 0xad, 0x00, 0xad, 0x00, 0xa6, 0x00, 0x4b, 0x00, 0x67, 0x3b,
  0x92, 0x00, 0x3b, 0x00, 0x00, 0x00, 0x7f, 0x00, 0x00, 0x00, 0x00, 0x00,
  0x00, 0x54, 0x00, 0x7f, 0x00, 0x00, 0x00, 0x00, 0x00, 0x00, 0xa6, 0xad,
  0x54, 0xc4, 0x3b, 0x5d, 0x00, 0xa6, 0x3b, 0x00, 0x00, 0x00, 0x43, 0x71,
  0x00, 0x00, 0x00, 0x00, 0x00, 0x00, 0x4b, 0x00, 0x74, 0xa3, 0xac, 0x00,
  0x00, 0x55, 0x00, 0xac, 0x00, 0x00, 0x5e, 0x5e, 0x85, 0x00, 0x00, 0x00,
  0x00, 0xac, 0xb4, 0x7f, 0xbd, 0x90, 0x68, 0x00, 0x00, 0x00, 0xa3, 0xac,
  0x00, 0xbd, 0xa3, 0x74, 0x4b, 0x90, 0x43, 0xbd, 0x85, 0xa3, 0x68, 0x4b,
  0x00, 0xb4, 0x00, 0x00, 0x43, 0x9a, 0x00, 0x00, 0x00, 0x9a, 0x74, 0x00,
  0x00, 0x00, 0x00, 0x00, 0x00, 0xa3, 0x99, 0xbb, 0x4e, 0x6a, 0x4e, 0xbb,
  0x00, 0x00, 0x00, 0x99, 0x00, 0xbb, 0x00, 0x00, 0x00, 0x00, 0x00, 0x00,
  0x99, 0x00, 0x00, 0x6a, 0x00, 0x00, 0xc2, 0x45, 0x00, 0x99, 0x00, 0x00,
  0x45, 0x00, 0xa3, 0x00, 0x00, 0x99, 0x45, 0x00, 0xa3, 0x00, 0x74, 0x00,
  0x00, 0x00, 0xc2, 0xc2, 0xa3, 0x56, 0x00, 0x81, 0x4e, 0x00, 0x56, 0x99,
  0x3d, 0x00, 0x81, 0x74, 0xab, 0x00, 0xab, 0xc2, 0x00, 0x00, 0x00, 0x9c,
  0xa6, 0x43, 0x4b, 0x85, 0x00, 0xb5, 0x54, 0xc4, 0x00, 0x3b, 0x00, 0x00,
  0x00, 0xb5, 0xb5, 0x00, 0xbd, 0x9c, 0x00, 0x00, 0xbd, 0x71, 0x00, 0xad,
  0x5d, 0xa6, 0x43, 0x92, 0x4b, 0x00, 0x5d, 0x00, 0x00, 0xbd, 0x00, 0xa6,
  0x00, 0x7f, 0x00, 0x00, 0x00, 0x00, 0x00, 0x00, 0x9c, 0x43, 0x00, 0x00,
  0x00, 0x54, 0x00, 0x5d, 0x00, 0xa6, 0xbd, 0x43, 0x00, 0x43, 0x54, 0xc4,
  0x00, 0x00, 0x43, 0x55, 0x90, 0xac, 0x00, 0x00, 0x5e, 0x5e, 0xa3, 0x00,
  0x00, 0x85, 0x00, 0x43, 0x43, 0x9a, 0x00, 0x4b, 0x00, 0x00, 0x43, 0xbd,
  0x74, 0x90, 0x00, 0xac, 0x00, 0x00, 0x00, 0x9a, 0x00, 0x7f, 0x00, 0x00,
  0xb4, 0x74, 0x00, 0x00, 0xbd, 0x00, 0x55, 0x00, 0x00, 0x00, 0xbd, 0x43,
  0x00, 0x00, 0x00, 0x74, 0x00, 0x74, 0x90, 0x9a, 0x5e, 0xac, 0x00, 0xa3,
  0x00, 0x00, 0x00, 0x5e, 0x00, 0x67, 0x00, 0x00, 0x00, 0x4b, 0x00, 0x00,
  0x00, 0x00, 0x00, 0x4b, 0x9c, 0x00, 0x00, 0x00, 0x00, 0xad, 0x00, 0x3b,
  0x3b, 0x92, 0x00, 0x00, 0x00, 0x43, 0x00, 0xa6, 0xa6, 0x00, 0x00, 0x00,
  0x43, 0x00, 0x92, 0xc4, 0x92, 0x00, 0x00, 0x00, 0xc4, 0x00, 0x54, 0x00,
  0xa6, 0x92, 0x4b, 0x67, 0x9c, 0x7f, 0x00, 0x00, 0x00, 0x92, 0x00, 0xa6,
  0x00, 0x00, 0x54, 0x43, 0x00, 0x00, 0x00, 0xad, 0x00, 0x43, 0x00, 0xad,
  0xbd, 0xa6, 0x00, 0x00, 0x00, 0x00, 0xc4, 0xbd, 0x00, 0x00, 0x00, 0x9c,
  0xbd, 0x9c, 0x00, 0x00, 0x00, 0x3b, 0x00, 0x00, 0x5d, 0x00, 0x00, 0x00,
  0x3b, 0x43, 0x3b, 0x5d, 0x00, 0xbd, 0x00, 0x5d, 0x4b, 0x00, 0x5d, 0x00,
  0xad, 0xc4, 0xad, 0x00, 0x54, 0x67, 0x00, 0x00, 0x92, 0x67, 0x00, 0x00,
  0x00, 0xbd, 0x00, 0x00, 0x85, 0x54, 0xc4, 0x71, 0x00, 0xad, 0x7f, 0x00,
  0xbd, 0x00, 0x00, 0x00, 0x67, 0x00, 0x54, 0xad, 0x00, 0x00, 0x00, 0xc4,
  0xad, 0x92, 0xc4, 0x00, 0x00, 0x00, 0x00, 0x00, 0xb5, 0x00, 0xb5, 0x3b,
  0x5d, 0x00, 0x54, 0x71, 0x00, 0x00, 0x00, 0xa6, 0x00, 0x00, 0x4b, 0x00,
  0x00, 0xad, 0xa6, 0x00, 0x00, 0xa6, 0x00, 0xa6, 0x00, 0x00, 0x00, 0x00,
  0x00, 0x92, 0x54, 0x3b, 0xc4, 0x00, 0x4b, 0x00, 0x7f, 0x00, 0x00, 0x00,
  0x92, 0x00, 0x54, 0x00, 0xa6, 0x3b, 0x43, 0x43, 0x3b, 0xa6, 0xa6, 0x00,
  0x00, 0x00, 0x00, 0x00, 0x54, 0x4b, 0x00, 0x71, 0x00, 0x00, 0x67, 0x4b,
  0x4b, 0x00, 0x43, 0x92, 0x00, 0x43, 0x85, 0x00, 0xa6, 0x00, 0x67, 0x00,
  0x00, 0x00, 0x00, 0xbd, 0x54, 0x00, 0x3b, 0x92, 0x00, 0x00, 0x3b, 0x00,
  0x00, 0x3b, 0x00, 0x3b, 0xbd, 0x85, 0xbd, 0x85, 0x00, 0x7f, 0x67, 0xa6,
  0x00, 0xbd, 0x00, 0x92, 0x00, 0x00, 0x00, 0x67, 0x00, 0x00, 0x4b, 0x00,
  0x55, 0x43, 0xb4, 0x00, 0x74, 0x90, 0x00, 0x00, 0x5e, 0x00, 0x00, 0xb4,
  0xac, 0x00, 0x74, 0x00, 0x00, 0xac, 0x85, 0x68, 0x90, 0x00, 0x00, 0x55,
  0x00, 0x00, 0xac, 0x00, 0x00, 0x00, 0x00, 0x00, 0x4b, 0x00, 0x00, 0x55,
  0x7f, 0xbd, 0x00, 0x00, 0x00, 0x00, 0x43, 0x00, 0x00, 0x00, 0x00, 0x5e,
  0x55, 0x00, 0x00, 0x43, 0x43, 0x00, 0x90, 0x00, 0x00, 0x85, 0x00, 0x9a,
  0xa3, 0x00, 0xad, 0xb6, 0x49, 0xb6, 0xa3, 0x68, 0x00, 0x85, 0xad, 0xad,
  0x53, 0x00, 0x00, 0x00, 0x85, 0x00, 0x00, 0x00, 0x00, 0x00, 0x00, 0x7f,
  0x73, 0x00, 0x00, 0x7f, 0x5d, 0x00, 0xad, 0x00, 0x00, 0x5d, 0xb6, 0x00,
  0x00, 0x00, 0x00, 0x53, 0x00, 0x00, 0x9a, 0x00, 0x00, 0x00, 0x00, 0x00,
  0x90, 0x00, 0x53, 0x00, 0x53, 0x00, 0x9a, 0x73, 0x9a, 0x00, 0xa3, 0x00,
  0x00, 0x00, 0x00, 0x00, 0x00, 0x00, 0xa3, 0xc2, 0xb3, 0xb3, 0x00, 0x00,
  0x00, 0xab, 0x99, 0x99, 0x00, 0x00, 0x00, 0x00, 0x00, 0x00, 0x00, 0x00,
  0x81, 0x00, 0x00, 0x00, 0xb3, 0x99, 0x00, 0x8f, 0x00, 0x8f, 0x45, 0x00,
  0x74, 0x3d, 0x00, 0x99, 0x00, 0x00, 0x00, 0xbb, 0x00, 0x3d, 0x00, 0x00,
  0x00, 0x00, 0xbb, 0x00, 0x5f, 0xb3, 0xab, 0x56, 0x3d, 0x00, 0x3d, 0x00,
  0x00, 0x4e, 0x00, 0x00, 0x45, 0xc2, 0xab, 0x00, 0x00, 0x00, 0x00, 0xa3,
  0x00, 0x00, 0x99, 0x3d, 0x00, 0x00, 0x00, 0x00, 0x8f, 0x8f, 0x00, 0x99,
  0x6a, 0xa3, 0x00, 0xb3, 0x00, 0x00, 0x00, 0x4e, 0x00, 0x00, 0x45, 0x00,
  0x00, 0x45, 0x00, 0x4e, 0x00, 0xa3, 0xa3, 0x00, 0xc2, 0x99, 0x00, 0xbb,
  0xc2, 0x00, 0xbb, 0x8f, 0x00, 0xc2, 0x00, 0x4e, 0x00, 0x00, 0x6a, 0x00,
  0x56, 0x6a, 0x00, 0x00, 0x81, 0x3d, 0x4e, 0x6a, 0x00, 0x00, 0x00, 0x00,
  0x68, 0x00, 0x4b, 0x4b, 0xa3, 0x00, 0xa3, 0x4b, 0x00, 0x00, 0x74, 0x00,
  0x00, 0x00, 0x00, 0x00, 0x68, 0x74, 0x55, 0x00, 0x00, 0x43, 0x00, 0x68,
  0x9a, 0x00, 0xa3, 0x5e, 0x74, 0xbd, 0xbd, 0x9a, 0x9a, 0x00, 0x00, 0x00,
  0xbd, 0x4b, 0x00, 0x00, 0x00, 0x00, 0x00, 0x00, 0x00, 0xbd, 0x00, 0x5e,
  0x00, 0x55, 0xa3, 0x00, 0x7f, 0x5e, 0x00, 0x90, 0x00, 0x00, 0x00, 0x00,
  0x00, 0x5e, 0x55, 0x85, 0xa6, 0x54, 0x00, 0x9c, 0x00, 0x00, 0xad, 0x00,
  0x00, 0x4b, 0xad, 0x5d, 0x00, 0x00, 0x00, 0x00, 0x00, 0x67, 0xc4, 0x92,
  0x00, 0x4b, 0x00, 0x00, 0x00, 0xad, 0x54, 0x5d, 0xb5, 0xa6, 0xc4, 0x00,
  0x00, 0x4b, 0x00, 0x9c, 0x00, 0x00, 0x00, 0x00, 0xad, 0x92, 0x00, 0xbd,
  0x71, 0x5d, 0x00, 0x00, 0x7f, 0xbd, 0x54, 0x67, 0x67, 0x00, 0x00, 0x00,
  0x00, 0xa6, 0x00, 0x00, 0x00, 0x00, 0x00, 0x3b, 0x00, 0x00, 0x00, 0xb5,
  0x54, 0xa6, 0x54, 0x00, 0x00, 0xad, 0x00, 0x5d, 0x00, 0x67, 0x9c, 0x4b,
  0xc4, 0x00, 0x00, 0x00, 0x00, 0x43, 0x00, 0x00, 0x00, 0x00, 0xad, 0x00,
  0x00, 0xb5, 0x92, 0x00, 0xa6, 0x00, 0x85, 0x92, 0x00, 0x43, 0x00, 0x00,
  0x00, 0x00, 0x00, 0x92, 0x43, 0xb5, 0xad, 0xbd, 0x92, 0x7f, 0x00, 0x00,
  0x54, 0x00, 0x00, 0x3b, 0xb5, 0x71, 0x43, 0x00, 0x5d, 0x00, 0x54, 0x54,
  0x5e, 0x00, 0x00, 0x00, 0x00, 0x00, 0x68, 0x7f, 0x9a, 0x00, 0x5e, 0x9a,
  0x00, 0x4b, 0x00, 0x00, 0x00, 0xac, 0x00, 0x00, 0x55, 0xb4, 0x4b, 0x85,
  0x00, 0x00, 0x68, 0x00, 0x00, 0x74, 0x00, 0x00, 0x4b, 0x9a, 0xa3, 0x68,
  0x5e, 0x68, 0x00, 0x43, 0x00, 0x00, 0x00, 0x00, 0xbd, 0x55, 0x90, 0x00,
  0x00, 0x9a, 0x00, 0x00, 0x00, 0x9a, 0x00, 0x00, 0x00, 0x00, 0x9a, 0x00,
  0x00, 0x43, 0xbd, 0x4b, 0x00, 0x43, 0x00, 0x74, 0x55, 0x4b, 0x74, 0x00,
  0xbd, 0x90, 0x00, 0x7f, 0x90, 0x00, 0x7f, 0x00, 0x00, 0x4b, 0x85, 0x74,
  0x5e, 0x00, 0x00, 0x00, 0x68, 0x00, 0x74, 0x85, 0x00, 0x00, 0x85, 0x00,
  0xa3, 0x00, 0x5e, 0x00, 0x68, 0x85, 0x4b, 0x00, 0x4b, 0x7f, 0x00, 0x00,
  0x00, 0x90, 0x00, 0x00, 0x00, 0x68, 0x7f, 0x68, 0x7f, 0x85, 0x00, 0xa3,
  0x55, 0x00, 0x00, 0x85, 0x00, 0x55, 0x00, 0xbd, 0x00, 0xa3, 0x00, 0x00,
  0x00, 0x00, 0x5f, 0x00, 0x00, 0x99, 0x00, 0x74, 0x56, 0x00, 0x00, 0x99,
  0xa3, 0xc2, 0xab, 0xb3, 0x3d, 0x6a, 0x45, 0x99, 0x00, 0x99, 0x00, 0xc2,
  0x5f, 0x00, 0x81, 0x00, 0xbb, 0x00, 0x00, 0x6a, 0x00, 0x00, 0x00, 0x00,
  0x00, 0x00, 0x00, 0x45, 0x00, 0x00, 0x45, 0x4e, 0xab, 0x00, 0x74, 0x8f,
  0x00, 0x00, 0x6a, 0x6a, 0x99, 0x00, 0x4e, 0x00, 0x00, 0x00, 0x00, 0x00,
  0x00, 0x00, 0x43, 0xad, 0x00, 0x00, 0x00, 0x7f, 0xb5, 0x00, 0x54, 0x00,
  0x00, 0x9c, 0x00, 0x00, 0x67, 0x4b, 0x00, 0xad, 0x00, 0x00, 0x00, 0x4b,
  0x3b, 0xa6, 0x00, 0x00, 0x00, 0x00, 0x7f, 0xb5, 0x7f, 0x00, 0x00, 0xad,
  0x71, 0xbd, 0xbd, 0x4b, 0x00, 0xad, 0xb5, 0x5d, 0x00, 0x92, 0x00, 0xa6,
  0x7f, 0x85, 0x00, 0x3b, 0x9c, 0x00, 0x00, 0x00, 0x7f, 0x00, 0x00, 0x00,
  0xc4, 0x00, 0x92, 0x00, 0x67, 0x00, 0x00, 0x00, 0x00, 0x92, 0xbd, 0x7f,
  0x00, 0x00, 0x00, 0x00, 0x00, 0xad, 0x92, 0xc4, 0x00, 0x00, 0xc4, 0x00,
  0x00, 0x00, 0x67, 0x67, 0x00, 0x00, 0xa6, 0xad, 0x92, 0x00, 0x7f, 0x3b,
  0xbd, 0x00, 0x00, 0x4b, 0x00, 0x54, 0x00, 0x00, 0x71, 0x00, 0x00, 0x00,
  0x00, 0xa6, 0xb5, 0xc4, 0x7f, 0x9c, 0x00, 0xad, 0x43, 0x00, 0x00, 0x3b,
  0x67, 0xbd, 0x00, 0x00, 0x00, 0x5d, 0x54, 0x00, 0x00, 0x90, 0xac, 0x00,
  0x00, 0x00, 0x74, 0x55, 0x74, 0x5e, 0x55, 0x68, 0xbd, 0xac, 0xac, 0x9a,
  0x74, 0x74, 0x00, 0xbd, 0x00, 0x00, 0x00, 0x9a, 0x00, 0x00, 0x90, 0x00,
  0x00, 0x90, 0xa3, 0x9a, 0x85, 0x00, 0x00, 0x00, 0x90, 0x00, 0x00, 0x7f,
  0x9a, 0xb4, 0x5e, 0x00, 0x00, 0x7f, 0x00, 0x00, 0x00, 0x00, 0x74, 0x00,
  0x00, 0x00, 0x00, 0x00, 0x5e, 0x00, 0x00, 0x00, 0x00, 0x5e, 0x00, 0x00,
  0x77, 0x57, 0x77, 0x4e, 0x00, 0x00, 0x00, 0x00, 0x45, 0x00, 0x00, 0x45,
  0xa0, 0x77, 0x00, 0xbb, 0x81, 0x57, 0x00, 0x00, 0x00, 0x00, 0x00, 0x45,
  0xa0, 0x00, 0x57, 0x45, 0x00, 0x00, 0x00, 0x00, 0x00, 0x00, 0x00, 0x00,
  0x45, 0x97, 0x8c, 0x00, 0xa9, 0x00, 0x57, 0x00, 0x6b, 0x77, 0x57, 0xa9,
  0xa0, 0x00, 0x00, 0xbb, 0x00, 0x4e, 0x00, 0x00, 0x00, 0x97, 0x8c, 0x57,
  0x61, 0x4e, 0x00, 0x57, 0xa3, 0x00, 0x00, 0xa3, 0x43, 0x4b, 0x00, 0x00,
  0x00, 0x00, 0x00, 0x00, 0x00, 0x00, 0xb4, 0x00, 0x00, 0x00, 0x00, 0x68,
  0xa3, 0x00, 0x4b, 0x90, 0xa3, 0x74, 0x00, 0x00, 0xbd, 0x68, 0x00, 0x00,
  0x00, 0x00, 0x55, 0xb4, 0x00, 0x74, 0x00, 0x9a, 0x68, 0x55, 0x00, 0x00,
  0x68, 0x00, 0x00, 0x00, 0xa3, 0x85, 0x00, 0xbd, 0xbd, 0x00, 0xb4, 0x4b,
  0x90, 0x90, 0x00, 0x7f, 0x00, 0x00, 0x68, 0x74, 0x00, 0x00, 0x4b, 0xb5,
  0xbd, 0x00, 0x00, 0x00, 0x71, 0x92, 0x00, 0x3b, 0xbd, 0x9c, 0xa6, 0x00,
  0x00, 0x00, 0xbd, 0x00, 0x00, 0x00, 0xa6, 0x00, 0x9c, 0xad, 0x00, 0x3b,
  0x00, 0x00, 0xa6, 0x00, 0x3b, 0x3b, 0x92, 0x00, 0xbd, 0x54, 0xad, 0x5d,
  0x00, 0x00, 0x00, 0xa6, 0x00, 0x43, 0x00, 0x5d, 0xb5, 0x7f, 0x00, 0x00,
  0xc4, 0x00, 0x00, 0x00, 0xa6, 0x71, 0x00, 0x00, 0x67, 0x00, 0xc4, 0x71,
  0x00, 0x9a, 0x00, 0xa3, 0x00, 0x00, 0x7f, 0x00, 0x00, 0x00, 0x73, 0x00,
  0x00, 0xa3, 0x68, 0x00, 0x00, 0x7f, 0x90, 0x00, 0x68, 0x53, 0x00, 0x00,
  0x00, 0x5d, 0x7f, 0x00, 0xad, 0x49, 0x90, 0x00, 0x5d, 0x00, 0x00, 0x00,
  0x00, 0x00, 0x00, 0xb6, 0x68, 0x00, 0x90, 0x00, 0x5d, 0x00, 0x00, 0x00,
  0x73, 0x00, 0xa3, 0x68, 0x00, 0x5d, 0x00, 0x00, 0x00, 0x00, 0x00, 0x00,
  0x53, 0x00, 0x90, 0x5d, 0x00, 0x00, 0x4b, 0x9a, 0x00, 0x00, 0x90, 0xb4,
  0x00, 0x00, 0xa3, 0x00, 0xb4, 0xbd, 0x74, 0x00, 0x00, 0xb4, 0x7f, 0xa3,
  0xb4, 0x74, 0x4b, 0x5e, 0x00, 0x00, 0xbd, 0x00, 0x00, 0x5e, 0x43, 0x00,
  0x00, 0x9a, 0x00, 0x00, 0x90, 0x00, 0x43, 0x85, 0x00, 0xa3, 0xa3, 0x85,
  0xb4, 0x00, 0xb4, 0x90, 0x00, 0x85, 0x5e, 0x4b, 0xbd, 0x00, 0x55, 0x00,
  0x74, 0xb4, 0xb4, 0x00, 0x00, 0x90, 0x00, 0x4b, 0x00, 0x00, 0x5d, 0x5d,
  0xc4, 0xbd, 0xbd, 0x00, 0x00, 0x00, 0x00, 0x85, 0x00, 0x00, 0x00, 0x00,
  0x00, 0x00, 0x5d, 0x54, 0x9c, 0xbd, 0xad, 0x00, 0x00, 0x5d, 0x00, 0x3b,
  0x5d, 0x00, 0x71, 0x00, 0x00, 0x5d, 0x00, 0x9c, 0x00, 0x92, 0x00, 0x00,
  0x3b, 0x54, 0x00, 0x00, 0x00, 0x00, 0x00, 0xb5, 0x00, 0x00, 0x85, 0x00,
  0x00, 0xa6, 0x92, 0x00, 0x7f, 0x3b, 0xc4, 0x00, 0x00, 0x9c, 0x85, 0x00,
  0x00, 0x43, 0x67, 0xb5, 0xbd, 0x00, 0xb5, 0x00, 0x00, 0xa6, 0xa6, 0x00,
  0x00, 0x71, 0x00, 0x00, 0x7f, 0xa6, 0xc4, 0x43, 0x00, 0x43, 0x00, 0x00,
  0x9c, 0x00, 0xad, 0x54, 0x00, 0x00, 0x71, 0xbd, 0x43, 0x9c, 0x71, 0x00,
  0x00, 0x00, 0x4b, 0x00, 0x00, 0x00, 0x4b, 0x5d, 0x71, 0x00, 0x00, 0x00,
  0x4b, 0x3b, 0x00, 0x00, 0xbd, 0xa6, 0x54, 0x00, 0x54, 0x00, 0x00, 0xa6,
  0x00, 0x4b, 0x00, 0x71, 0x8c, 0x00, 0x00, 0x00, 0x00, 0x8c, 0x00, 0x4e,
  0x00, 0x00, 0x00, 0x00, 0x00, 0xa9, 0x6b, 0x00, 0x57, 0xb2, 0x00, 0x8c,
  0x00, 0x61, 0x00, 0x4e, 0xa9, 0x8c, 0x4e, 0x00, 0xb2, 0x00, 0x00, 0xbb,
  0xa9, 0xb2, 0xbb, 0x00, 0x81, 0x97, 0xbb, 0x81, 0x00, 0x81, 0x81, 0xa0,
  0x00, 0x4e, 0x61, 0xb2, 0x00, 0x00, 0x8c, 0xb2, 0x4e, 0x00, 0x00, 0x00,
  0x00, 0xbb, 0x00, 0x00, 0x00, 0x00, 0x77, 0x00, 0x4b, 0x4b, 0x00, 0x00,
  0x00, 0x00, 0x00, 0x71, 0x00, 0xa6, 0x00, 0x00, 0x00, 0x00, 0xc4, 0x71,
  0x00, 0x00, 0x7f, 0x00, 0xbd, 0xbd, 0x54, 0x00, 0xad, 0x00, 0x43, 0xad,
  0x85, 0xbd, 0x43, 0x00, 0xb5, 0x71, 0x43, 0x00, 0x71, 0x00, 0xc4, 0x43,
  0x4b, 0x54, 0x00, 0x00, 0x00, 0x54, 0x00, 0x9c, 0x00, 0xa6, 0x92, 0xa6,
  0x67, 0x4b, 0xad, 0x67, 0x5d, 0xb5, 0x00, 0x00, 0x54, 0x00, 0x00, 0x4b,
  0x43, 0x00, 0x00, 0x00, 0x00, 0x7f, 0x00, 0x00, 0x00, 0xc4, 0x00, 0xad,
  0x00, 0xa6, 0x3b, 0x85, 0x92, 0x00, 0x85, 0x00, 0xb5, 0x00, 0x67, 0x00,
  0x00, 0x71, 0x00, 0x5d, 0xad, 0x5d, 0x43, 0x00, 0x00, 0x00, 0x00, 0xb5,
  0x4b, 0x43, 0x00, 0x00, 0x00, 0x00, 0x00, 0x00, 0x92, 0x3b, 0x00, 0x00,
  0x3b, 0xad, 0x4b, 0x7f, 0x00, 0x00, 0x00, 0xa6, 0x43, 0x00, 0x00, 0x9c,
  0xad, 0x00, 0x00, 0x4b, 0x90, 0x4b, 0x55, 0x74, 0x00, 0x7f, 0x00, 0x00,
  0x74, 0xa3, 0x00, 0x74, 0x00, 0x00, 0x00, 0x68, 0x00, 0x43, 0x90, 0xa3,
  0xa3, 0x90, 0x68, 0xac, 0x5e, 0x68, 0x00, 0x00, 0x00, 0xbd, 0xbd, 0x00,
  0x00, 0x43, 0x00, 0x00, 0x4b, 0x74, 0x74, 0x00, 0xb4, 0x00, 0x4b, 0x4b,
  0x00, 0x00, 0x68, 0x00, 0x00, 0x00, 0x68, 0x00, 0x00, 0xa3, 0x00, 0x9a,
  0xac, 0x55, 0x74, 0x68, 0x00, 0x00, 0x00, 0x9a, 0x00, 0x00, 0x00, 0x61,
  0x4e, 0xa0, 0x00, 0x4e, 0x8c, 0x97, 0x00, 0x97, 0x4e, 0x8c, 0x00, 0xa0,
  0x77, 0x00, 0x00, 0xa0, 0x00, 0x8c, 0x00, 0xa0, 0x8c, 0x00, 0x00, 0x00,
  0x00, 0x45, 0xb2, 0x00, 0x00, 0x00, 0x61, 0x97, 0x00, 0x8c, 0xbb, 0x00,
  0x00, 0x00, 0xb2, 0x00, 0x00, 0x00, 0x00, 0x77, 0x00, 0x00, 0x6b, 0x00,
  0x00, 0xbb, 0x00, 0x81, 0x00, 0x81, 0x00, 0x00, 0x00, 0x77, 0x00, 0x8c,
  0x00, 0xab, 0x00, 0x4e, 0x99, 0x00, 0x4e, 0xc2, 0x00, 0x00, 0x99, 0xbb,
  0x00, 0x00, 0xb3, 0x3d, 0x00, 0x00, 0xbb, 0x00, 0x00, 0x8f, 0x81, 0x8f,
  0x4e, 0x56, 0xc2, 0x00, 0x00, 0x45, 0x00, 0x56, 0x00, 0x00, 0x6a, 0x00,
  0x45, 0x00, 0xa3, 0x00, 0x74, 0x00, 0x99, 0x4e, 0xa3, 0x00, 0x00, 0xbb,
  0x6a, 0x56, 0x00, 0x00, 0x00, 0x00, 0x8f, 0xb3, 0x6a, 0x00, 0x00, 0x6a,
  0x5f, 0x00, 0x99, 0x00, 0x7f, 0xad, 0x54, 0x00, 0x43, 0x00, 0x67, 0x00,
  0x00, 0x00, 0xa6, 0x00, 0x00, 0x00, 0xb5, 0x00, 0x00, 0xbd, 0x00, 0x00,
  0x00, 0x00, 0xad, 0x00, 0x00, 0xa6, 0x00, 0x00, 0xc4, 0x43, 0x71, 0x00,
  0x43, 0x4b, 0x00, 0x71, 0x54, 0x00, 0x67, 0x00, 0xb5, 0x85, 0xb5, 0x00,
  0x00, 0xbd, 0x00, 0x00, 0x67, 0x43, 0x85, 0xbd, 0x00, 0xc4, 0x85, 0x5d,
  0x00, 0x00, 0x00, 0xa6, 0x00, 0x00, 0x00, 0x54, 0x8f, 0x00, 0x4e, 0x00,
  0x00, 0x74, 0x00, 0xc2, 0x74, 0x00, 0x56, 0x00, 0x8f, 0x00, 0x00, 0x00,
  0x00, 0x00, 0x81, 0x99, 0x5f, 0x45, 0x00, 0x6a, 0x56, 0xab, 0x00, 0x5f,
  0x00, 0x00, 0x00, 0x4e, 0xa3, 0x00, 0x00, 0xb3, 0xb3, 0x00, 0xc2, 0x00,
  0x00, 0x5f, 0xc2, 0x00, 0xab, 0x00, 0x00, 0x00, 0xbb, 0xbb, 0xa3, 0x45,
  0x00, 0x8f, 0x00, 0x3d, 0x00, 0x4e, 0x4e, 0x56, 0x45, 0x45, 0x00, 0x00,
  0x00, 0xad, 0x54, 0x67, 0xad, 0x54, 0x00, 0x85, 0x00, 0xbd, 0x00, 0x00,
  0x00, 0x00, 0xa6, 0x00, 0x3b, 0x54, 0x00, 0x54, 0x00, 0xc4, 0x92, 0x7f,
  0x67, 0x67, 0x00, 0x92, 0x7f, 0x5d, 0xbd, 0x92, 0x3b, 0x00, 0x00, 0x00,
  0x4b, 0x00, 0x54, 0x00, 0x92, 0xbd, 0x4b, 0x00, 0x00, 0x00, 0x00, 0x00,
  0x3b, 0x43, 0x00, 0x00, 0x54, 0x00, 0x00, 0x00, 0x00, 0x71, 0x71, 0x00,
  0xc4, 0x00, 0x71, 0x00, 0x00, 0x00, 0x00, 0x00, 0x00, 0x4e, 0x4e, 0xa3,
  0x00, 0x8f, 0xab, 0x6a, 0x00, 0x00, 0x00, 0x00, 0x00, 0xc2, 0x3d, 0x00,
  0x3d, 0xc2, 0x00, 0x00, 0x6a, 0x00, 0x00, 0x00, 0xc2, 0xab, 0x00, 0x4e,
  0x00, 0x56, 0x4e, 0x00, 0x8f, 0x4e, 0x00, 0x00, 0x00, 0x00, 0x6a, 0x8f,
  0x81, 0x00, 0x00, 0x5f, 0x00, 0x00, 0x00, 0x00, 0x74, 0xbb, 0x99, 0x45,
  0xbb, 0x00, 0x00, 0x00, 0x56, 0x3d, 0x4e, 0x00, 0x85, 0xa3, 0xbd, 0x43,
  0x74, 0x00, 0x00, 0x9a, 0x00, 0xb4, 0x00, 0xbd, 0x00, 0x00, 0x4b, 0x00,
  0x00, 0x00, 0xac, 0x4b, 0x55, 0x00, 0x00, 0x74, 0x90, 0x00, 0x55, 0x4b,
  0x68, 0xac, 0x00, 0x43, 0x00, 0xac, 0xac, 0x00, 0x74, 0x55, 0x00, 0x00,
  0xbd, 0x00, 0x00, 0xbd, 0x00, 0x00, 0x00, 0xa3, 0x85, 0xbd, 0x7f, 0x7f,
  0x5e, 0x00, 0x7f, 0x43, 0x00, 0x5e, 0x00, 0x00, 0xb4, 0xac, 0x68, 0x4b,
  0x67, 0x00, 0x00, 0xc4, 0x00, 0x92, 0x00, 0xc4, 0x00, 0x5d, 0x92, 0x4b,
  0xb5, 0x00, 0x92, 0x4b, 0x00, 0x00, 0x71, 0x4b, 0x00, 0x00, 0x9c, 0x5d,
  0x00, 0x4b, 0x00, 0x00, 0xa6, 0x00, 0x00, 0xb5, 0x00, 0x00, 0xb5, 0x00,
  0x71, 0xc4, 0x00, 0xbd, 0xbd, 0xad, 0x3b, 0x00, 0x00, 0x00, 0x00, 0xc4,
  0x7f, 0x00, 0x00, 0x00, 0xa6, 0x43, 0x00, 0x00, 0x54, 0x00, 0x4b, 0x00,
  0x3b, 0x5d, 0xa6, 0x71, 0x9a, 0x00, 0x00, 0x55, 0x00, 0x55, 0xb4, 0xac,
  0x43, 0x7f, 0x00, 0x5e, 0x00, 0xac, 0x7f, 0x00, 0x68, 0x7f, 0x68, 0x90,
  0xac, 0x00, 0x85, 0x43, 0x00, 0xbd, 0xbd, 0x00, 0x00, 0x9a, 0x00, 0xb4,
  0x55, 0x5e, 0x7f, 0x00, 0x00, 0x68, 0x00, 0x90, 0x7f, 0x00, 0x00, 0x00,
  0x7f, 0x00, 0x4b, 0xb4, 0x68, 0x00, 0x00, 0xac, 0x00, 0x7f, 0x00, 0x74,
  0x00, 0x00, 0x00, 0x00, 0x00, 0xac, 0x00, 0x5e, 0x00, 0x00, 0x77, 0x45,
  0x00, 0x57, 0x00, 0x00, 0x8c, 0x00, 0xb2, 0x00, 0x00, 0xb2, 0x00, 0x4e,
  0x8c, 0x00, 0x00, 0x00, 0x00, 0x61, 0xa9, 0x00, 0xbb, 0x4e, 0x77, 0x00,
  0x97, 0xa0, 0x00, 0x8c, 0x00, 0x81, 0x00, 0x00, 0x8c, 0x61, 0x77, 0x45,
  0x81, 0x61, 0x00, 0x45, 0x6b, 0x00, 0xa9, 0x00, 0x00, 0x00, 0x97, 0x00,
  0x00, 0x97, 0x77, 0x00, 0x00, 0xbb, 0x4e, 0xbb, 0x00, 0x00, 0x00, 0x97,
  0x00, 0x00, 0x45, 0x00, 0x00, 0x6b, 0x00, 0x6b, 0xa0, 0x00, 0x00, 0xbb,
  0x00, 0xbb, 0x8c, 0x00, 0x61, 0x97, 0x00, 0xb2, 0x00, 0x57, 0x4e, 0x00,
  0x00, 0x00, 0x45, 0x81, 0x6b, 0x00, 0x81, 0xb2, 0x00, 0x00, 0x00, 0x00,
  0x57, 0x00, 0x00, 0x00, 0x00, 0x00, 0x57, 0x8c, 0x00, 0x00, 0x61, 0x81,
  0x00, 0x81, 0x00, 0x00, 0x45, 0x00, 0x00, 0x97, 0x00, 0x00, 0x00, 0x00,
  0x00, 0x00, 0x77, 0x00, 0x7f, 0x00, 0x00, 0x3b, 0xbd, 0x67, 0x00, 0x43,
  0x4b, 0x00, 0x00, 0x9c, 0x4b, 0x00, 0x54, 0x7f, 0x5d, 0x00, 0x7f, 0x00,
  0x00, 0x00, 0x00, 0x00, 0xad, 0x00, 0x00, 0x67, 0x85, 0x00, 0x00, 0xb5,
  0x00, 0x00, 0x00, 0x00, 0x4b, 0x5d, 0x00, 0xa6, 0x00, 0x92, 0x67, 0x67,
  0x00, 0xc4, 0x00, 0x00, 0x71, 0x00, 0x92, 0x00, 0x3b, 0xad, 0xa6, 0x00,
  0x67, 0x5d, 0x00, 0x00, 0x00, 0x00, 0x00, 0x00, 0xad, 0x85, 0x00, 0x00,
  0x92, 0x00, 0x54, 0x00, 0x9c, 0x00, 0x00, 0xbd, 0x67, 0x00, 0x00, 0x00,
  0x00, 0x3b, 0x00, 0x00, 0x00, 0x00, 0xa6, 0x00, 0x00, 0x85, 0x00, 0x00,
  0x00, 0xad, 0x43, 0xc4, 0x00, 0x92, 0x43, 0x43, 0x00, 0x92, 0x54, 0xad,
  0x00, 0x3b, 0x00, 0x43, 0x00, 0x54, 0x00, 0x00, 0x71, 0x00, 0xad, 0x00,
  0x00, 0xad, 0x92, 0x5d, 0x7f, 0x00, 0xbd, 0x00, 0xb5, 0x00, 0x00, 0x00,
  0xfe, 0x82, 0xff, 0xff, 0x00, 0x00, 0x02, 0x01, 0x74, 0x00, 0x00, 0x00,
  0x18, 0x00, 0x00, 0x00, 0x08, 0x00, 0x00, 0x00, 0x70, 0x00, 0x00, 0x00,
  0x5c, 0x00, 0x00, 0x00, 0x74, 0x69, 0x6e, 0x79, 0x5f, 0x6e, 0x69, 0x64,
  0x73, 0x5f, 0x74, 0x72, 0x61, 0x6e, 0x73, 0x66, 0x6f, 0x72, 0x6d, 0x65,
  0x72, 0x5f, 0x31, 0x2f, 0x65, 0x6e, 0x63, 0x6f, 0x64, 0x65, 0x72, 0x5f,
  0x62, 0x6c, 0x6f, 0x63, 0x6b, 0x5f, 0x31, 0x5f, 0x31, 0x2f, 0x6d, 0x75,
  0x6c, 0x74, 0x69, 0x5f, 0x68, 0x65, 0x61, 0x64, 0x5f, 0x6c, 0x69, 0x6e,
  0x65, 0x61, 0x72, 0x5f, 0x61, 0x74, 0x74, 0x65, 0x6e, 0x74, 0x69, 0x6f,
  0x6e, 0x5f, 0x33, 0x5f, 0x31, 0x2f, 0x64, 0x65, 0x6e, 0x73, 0x65, 0x5f,
  0x32, 0x31, 0x5f, 0x31, 0x2f, 0x42, 0x69, 0x61, 0x73, 0x41, 0x64, 0x64,
  0x00, 0x00, 0x00, 0x00, 0x01, 0x00, 0x00, 0x00, 0x40, 0x00, 0x00, 0x00,
  0x9c, 0x86, 0xff, 0xff, 0x0c, 0x02, 0x00, 0x00, 0x04, 0x00, 0x00, 0x00,
  0x40, 0x00, 0x00, 0x00, 0x00, 0x00, 0x00, 0x00, 0x00, 0x00, 0x00, 0x00,
  0x00, 0x00, 0x00, 0x00, 0x00, 0x00, 0x00, 0x00, 0x00, 0x00, 0x00, 0x00,
  0x00, 0x00, 0x00, 0x00, 0x00, 0x00, 0x00, 0x00, 0x00, 0x00, 0x00, 0x00,
  0x00, 0x00, 0x00, 0x00, 0x00, 0x00, 0x00, 0x00, 0x00, 0x00, 0x00, 0x00,
  0x00, 0x00, 0x00, 0x00, 0x00, 0x00, 0x00, 0x00, 0x00, 0x00, 0x00, 0x00,
  0x00, 0x00, 0x00, 0x00, 0x00, 0x00, 0x00, 0x00, 0x00, 0x00, 0x00, 0x00,
  0x00, 0x00, 0x00, 0x00, 0x00, 0x00, 0x00, 0x00, 0x00, 0x00, 0x00, 0x00,
  0x00, 0x00, 0x00, 0x00, 0x00, 0x00, 0x00, 0x00, 0x00, 0x00, 0x00, 0x00,
  0x00, 0x00, 0x00, 0x00, 0x00, 0x00, 0x00, 0x00, 0x00, 0x00, 0x00, 0x00,
  0x00, 0x00, 0x00, 0x00, 0x00, 0x00, 0x00, 0x00, 0x00, 0x00, 0x00, 0x00,
  0x00, 0x00, 0x00, 0x00, 0x00, 0x00, 0x00, 0x00, 0x00, 0x00, 0x00, 0x00,
  0x00, 0x00, 0x00, 0x00, 0x00, 0x00, 0x00, 0x00, 0x00, 0x00, 0x00, 0x00,
  0x00, 0x00, 0x00, 0x00, 0x00, 0x00, 0x00, 0x00, 0x00, 0x00, 0x00, 0x00,
  0x00, 0x00, 0x00, 0x00, 0x00, 0x00, 0x00, 0x00, 0x00, 0x00, 0x00, 0x00,
  0x00, 0x00, 0x00, 0x00, 0x00, 0x00, 0x00, 0x00, 0x00, 0x00, 0x00, 0x00,
  0x00, 0x00, 0x00, 0x00, 0x00, 0x00, 0x00, 0x00, 0x00, 0x00, 0x00, 0x00,
  0x00, 0x00, 0x00, 0x00, 0x00, 0x00, 0x00, 0x00, 0x00, 0x00, 0x00, 0x00,
  0x00, 0x00, 0x00, 0x00, 0x00, 0x00, 0x00, 0x00, 0x00, 0x00, 0x00, 0x00,
  0x00, 0x00, 0x00, 0x00, 0x00, 0x00, 0x00, 0x00, 0x00, 0x00, 0x00, 0x00,
  0x00, 0x00, 0x00, 0x00, 0x00, 0x00, 0x00, 0x00, 0x00, 0x00, 0x00, 0x00,
  0x00, 0x00, 0x00, 0x00, 0x00, 0x00, 0x00, 0x00, 0x00, 0x00, 0x00, 0x00,
  0x00, 0x00, 0x00, 0x00, 0x00, 0x00, 0x00, 0x00, 0x00, 0x00, 0x00, 0x00,
  0x00, 0x00, 0x00, 0x00, 0x00, 0x00, 0x00, 0x00, 0x00, 0x00, 0x00, 0x00,
  0x00, 0x00, 0x00, 0x00, 0x00, 0x00, 0x00, 0x00, 0x00, 0x00, 0x00, 0x00,
  0x00, 0x00, 0x00, 0x00, 0x00, 0x00, 0x00, 0x00, 0x00, 0x00, 0x00, 0x00,
  0x00, 0x00, 0x00, 0x00, 0x00, 0x00, 0x00, 0x00, 0x00, 0x00, 0x00, 0x00,
  0x00, 0x00, 0x00, 0x00, 0x00, 0x00, 0x00, 0x00, 0x00, 0x00, 0x00, 0x00,
  0x00, 0x00, 0x00, 0x00, 0x00, 0x00, 0x00, 0x00, 0x00, 0x00, 0x00, 0x00,
  0x00, 0x00, 0x00, 0x00, 0x00, 0x00, 0x00, 0x00, 0x00, 0x00, 0x00, 0x00,
  0x00, 0x00, 0x00, 0x00, 0x00, 0x00, 0x00, 0x00, 0x00, 0x00, 0x00, 0x00,
  0x00, 0x00, 0x00, 0x00, 0x00, 0x00, 0x00, 0x00, 0x00, 0x00, 0x00, 0x00,
  0x00, 0x00, 0x00, 0x00, 0x00, 0x00, 0x00, 0x00, 0x00, 0x00, 0x00, 0x00,
  0x00, 0x00, 0x00, 0x00, 0x00, 0x00, 0x00, 0x00, 0x00, 0x00, 0x00, 0x00,
  0x00, 0x00, 0x00, 0x00, 0x00, 0x00, 0x00, 0x00, 0x00, 0x00, 0x00, 0x00,
  0x00, 0x00, 0x00, 0x00, 0x00, 0x00, 0x00, 0x00, 0x00, 0x00, 0x00, 0x00,
  0x00, 0x00, 0x00, 0x00, 0x00, 0x00, 0x00, 0x00, 0x00, 0x00, 0x00, 0x00,
  0x00, 0x00, 0x00, 0x00, 0x00, 0x00, 0x00, 0x00, 0x00, 0x00, 0x00, 0x00,
  0x00, 0x00, 0x00, 0x00, 0x00, 0x00, 0x00, 0x00, 0x00, 0x00, 0x00, 0x00,
  0x00, 0x00, 0x00, 0x00, 0x00, 0x00, 0x00, 0x00, 0x00, 0x00, 0x00, 0x00,
  0x00, 0x00, 0x00, 0x00, 0x00, 0x00, 0x00, 0x00, 0x00, 0x00, 0x00, 0x00,
  0x00, 0x00, 0x00, 0x00, 0x00, 0x00, 0x00, 0x00, 0x00, 0x00, 0x00, 0x00,
  0x00, 0x00, 0x00, 0x00, 0x00, 0x00, 0x00, 0x00, 0x00, 0x00, 0x00, 0x00,
  0x00, 0x00, 0x00, 0x00, 0x00, 0x00, 0x00, 0x00, 0x00, 0x00, 0x00, 0x00,
  0x40, 0x00, 0x00, 0x00, 0x8c, 0x30, 0x3e, 0x38, 0x58, 0x02, 0x50, 0x38,
  0x8c, 0x30, 0x3e, 0x38, 0x58, 0x02, 0x50, 0x38, 0xa5, 0xd5, 0x38, 0x38,
  0x42, 0xee, 0x55, 0x38, 0x58, 0x02, 0x50, 0x38, 0x42, 0xee, 0x55, 0x38,
  0x58, 0x02, 0x50, 0x38, 0x42, 0xee, 0x55, 0x38, 0x42, 0xee, 0x55, 0x38,
  0x58, 0x02, 0x50, 0x38, 0xa5, 0xd5, 0x38, 0x38, 0x42, 0xee, 0x55, 0x38,
  0x8c, 0x30, 0x3e, 0x38, 0x8c, 0x30, 0x3e, 0x38, 0x42, 0xee, 0x55, 0x38,
  0x8c, 0x30, 0x3e, 0x38, 0x42, 0xee, 0x55, 0x38, 0x8c, 0x30, 0x3e, 0x38,
  0x58, 0x02, 0x50, 0x38, 0x42, 0xee, 0x55, 0x38, 0x8c, 0x30, 0x3e, 0x38,
  0x42, 0xee, 0x55, 0x38, 0x42, 0xee, 0x55, 0x38, 0x42, 0xee, 0x55, 0x38,
  0x42, 0xee, 0x55, 0x38, 0x8c, 0x30, 0x3e, 0x38, 0xc2, 0x20, 0x2d, 0x38,
  0x58, 0x02, 0x50, 0x38, 0x58, 0x02, 0x50, 0x38, 0x8c, 0x30, 0x3e, 0x38,
  0x42, 0xee, 0x55, 0x38, 0x42, 0xee, 0x55, 0x38, 0x8c, 0x30, 0x3e, 0x38,
  0x8c, 0x30, 0x3e, 0x38, 0x58, 0x02, 0x50, 0x38, 0x42, 0xee, 0x55, 0x38,
  0x42, 0xee, 0x55, 0x38, 0x8c, 0x30, 0x3e, 0x38, 0xa5, 0xd5, 0x38, 0x38,
  0x8c, 0x30, 0x3e, 0x38, 0x42, 0xee, 0x55, 0x38, 0xc2, 0x20, 0x2d, 0x38,
  0x8c, 0x30, 0x3e, 0x38, 0x42, 0xee, 0x55, 0x38, 0x42, 0xee, 0x55, 0x38,
  0xa5, 0xd5, 0x38, 0x38, 0x42, 0xee, 0x55, 0x38, 0x42, 0xee, 0x55, 0x38,
  0x8c, 0x30, 0x3e, 0x38, 0xa5, 0xd5, 0x38, 0x38, 0x58, 0x02, 0x50, 0x38,
  0x42, 0xee, 0x55, 0x38, 0x58, 0x02, 0x50, 0x38, 0x42, 0xee, 0x55, 0x38,
  0x58, 0x02, 0x50, 0x38, 0x8c, 0x30, 0x3e, 0x38, 0x42, 0xee, 0x55, 0x38,
  0x8c, 0x30, 0x3e, 0x38, 0xa5, 0xd5, 0x38, 0x38, 0xa5, 0xd5, 0x38, 0x38,
  0x42, 0xee, 0x55, 0x38, 0x42, 0xee, 0x55, 0x38, 0x3e, 0x86, 0xff, 0xff,
  0x04, 0x00, 0x00, 0x00, 0x00, 0x01, 0x00, 0x00, 0xa8, 0xff, 0xff, 0xff,
  0x6a, 0x00, 0x00, 0x00, 0x59, 0xff, 0xff, 0xff, 0xf6, 0x00, 0x00, 0x00,
  0x7e, 0x00, 0x00, 0x00, 0xf6, 0xff, 0xff, 0xff, 0x06, 0x00, 0x00, 0x00,
  0x61, 0x00, 0x00, 0x00, 0x1c, 0xff, 0xff, 0xff, 0x36, 0x00, 0x00, 0x00,
  0xa3, 0xff, 0xff, 0xff, 0xd5, 0xfe, 0xff, 0xff, 0x05, 0x00, 0x00, 0x00,
  0x95, 0x00, 0x00, 0x00, 0x58, 0x00, 0x00, 0x00, 0x43, 0xff, 0xff, 0xff,
  0x71, 0x00, 0x00, 0x00, 0xc9, 0xff, 0xff, 0xff, 0xbc, 0x00, 0x00, 0x00,
  0x56, 0x00, 0x00, 0x00, 0x65, 0x00, 0x00, 0x00, 0x77, 0x00, 0x00, 0x00,
  0x8b, 0x00, 0x00, 0x00, 0x27, 0x00, 0x00, 0x00, 0x39, 0x00, 0x00, 0x00,
  0xc4, 0xff, 0xff, 0xff, 0xc2, 0x00, 0x00, 0x00, 0x95, 0xff, 0xff, 0xff,
  0x9f, 0xfe, 0xff, 0xff, 0xb6, 0xff, 0xff, 0xff, 0x78, 0x00, 0x00, 0x00,
  0xd6, 0xfe, 0xff, 0xff, 0x69, 0xff, 0xff, 0xff, 0x27, 0x00, 0x00, 0x00,
  0xee, 0xff, 0xff, 0xff, 0x6c, 0x00, 0x00, 0x00, 0x03, 0x00, 0x00, 0x00,
  0xe9, 0xff, 0xff, 0xff, 0xcc, 0xff, 0xff, 0xff, 0x78, 0x00, 0x00, 0x00,
  0x4b, 0x00, 0x00, 0x00, 0xe0, 0x00, 0x00, 0x00, 0xa5, 0x00, 0x00, 0x00,
  0x7d, 0x00, 0x00, 0x00, 0x88, 0x00, 0x00, 0x00, 0x63, 0x00, 0x00, 0x00,
  0xf4, 0xff, 0xff, 0xff, 0x8f, 0x00, 0x00, 0x00, 0x1a, 0x01, 0x00, 0x00,
  0x02, 0x00, 0x00, 0x00, 0x37, 0xfe, 0xff, 0xff, 0x4a, 0x00, 0x00, 0x00,
  0x90, 0x00, 0x00, 0x00, 0x6b, 0x00, 0x00, 0x00, 0x93, 0xff, 0xff, 0xff,
  0x1d, 0x00, 0x00, 0x00, 0x5a, 0xff, 0xff, 0xff, 0xc5, 0xff, 0xff, 0xff,
  0xbd, 0x00, 0x00, 0x00, 0x8e, 0x00, 0x00, 0x00, 0x14, 0xff, 0xff, 0xff,
  0x03, 0xff, 0xff, 0xff, 0x61, 0xff, 0xff, 0xff, 0xdb, 0xff, 0xff, 0xff,
  0xa2, 0x87, 0xff, 0xff, 0x00, 0x00, 0x09, 0x01, 0x7c, 0x00, 0x00, 0x00,
  0x17, 0x00, 0x00, 0x00, 0x08, 0x00, 0x00, 0x00, 0x7c, 0x00, 0x00, 0x00,
  0x65, 0x00, 0x00, 0x00, 0x74, 0x69, 0x6e, 0x79, 0x5f, 0x6e, 0x69, 0x64,
  0x73, 0x5f, 0x74, 0x72, 0x61, 0x6e, 0x73, 0x66, 0x6f, 0x72, 0x6d, 0x65,
  0x72, 0x5f, 0x31, 0x2f, 0x65, 0x6e, 0x63, 0x6f, 0x64, 0x65, 0x72, 0x5f,
  0x62, 0x6c, 0x6f, 0x63, 0x6b, 0x5f, 0x31, 0x5f, 0x31, 0x2f, 0x6d, 0x75,
  0x6c, 0x74, 0x69, 0x5f, 0x68, 0x65, 0x61, 0x64, 0x5f, 0x6c, 0x69, 0x6e,
  0x65, 0x61, 0x72, 0x5f, 0x61, 0x74, 0x74, 0x65, 0x6e, 0x74, 0x69, 0x6f,
  0x6e, 0x5f, 0x33, 0x5f, 0x31, 0x2f, 0x64, 0x65, 0x6e, 0x73, 0x65, 0x5f,
  0x32, 0x32, 0x5f, 0x31, 0x2f, 0x54, 0x65, 0x6e, 0x73, 0x6f, 0x72, 0x64,
  0x6f, 0x74, 0x2f, 0x4d, 0x61, 0x74, 0x4d, 0x75, 0x6c, 0x00, 0x00, 0x00,
  0x02, 0x00, 0x00, 0x00, 0x40, 0x00, 0x00, 0x00, 0x40, 0x00, 0x00, 0x00,
  0x4c, 0x8b, 0xff, 0xff, 0x10, 0x02, 0x00, 0x00, 0x04, 0x00, 0x00, 0x00,
  0x40, 0x00, 0x00, 0x00, 0x00, 0x00, 0x00, 0x00, 0x00, 0x00, 0x00, 0x00,
  0x00, 0x00, 0x00, 0x00, 0x00, 0x00, 0x00, 0x00, 0x00, 0x00, 0x00, 0x00,
  0x00, 0x00, 0x00, 0x00, 0x00, 0x00, 0x00, 0x00, 0x00, 0x00, 0x00, 0x00,
  0x00, 0x00, 0x00, 0x00, 0x00, 0x00, 0x00, 0x00, 0x00, 0x00, 0x00, 0x00,
  0x00, 0x00, 0x00, 0x00, 0x00, 0x00, 0x00, 0x00, 0x00, 0x00, 0x00, 0x00,
  0x00, 0x00, 0x00, 0x00, 0x00, 0x00, 0x00, 0x00, 0x00, 0x00, 0x00, 0x00,
  0x00, 0x00, 0x00, 0x00, 0x00, 0x00, 0x00, 0x00, 0x00, 0x00, 0x00, 0x00,
  0x00, 0x00, 0x00, 0x00, 0x00, 0x00, 0x00, 0x00, 0x00, 0x00, 0x00, 0x00,
  0x00, 0x00, 0x00, 0x00, 0x00, 0x00, 0x00, 0x00, 0x00, 0x00, 0x00, 0x00,
  0x00, 0x00, 0x00, 0x00, 0x00, 0x00, 0x00, 0x00, 0x00, 0x00, 0x00, 0x00,
  0x00, 0x00, 0x00, 0x00, 0x00, 0x00, 0x00, 0x00, 0x00, 0x00, 0x00, 0x00,
  0x00, 0x00, 0x00, 0x00, 0x00, 0x00, 0x00, 0x00, 0x00, 0x00, 0x00, 0x00,
  0x00, 0x00, 0x00, 0x00, 0x00, 0x00, 0x00, 0x00, 0x00, 0x00, 0x00, 0x00,
  0x00, 0x00, 0x00, 0x00, 0x00, 0x00, 0x00, 0x00, 0x00, 0x00, 0x00, 0x00,
  0x00, 0x00, 0x00, 0x00, 0x00, 0x00, 0x00, 0x00, 0x00, 0x00, 0x00, 0x00,
  0x00, 0x00, 0x00, 0x00, 0x00, 0x00, 0x00, 0x00, 0x00, 0x00, 0x00, 0x00,
  0x00, 0x00, 0x00, 0x00, 0x00, 0x00, 0x00, 0x00, 0x00, 0x00, 0x00, 0x00,
  0x00, 0x00, 0x00, 0x00, 0x00, 0x00, 0x00, 0x00, 0x00, 0x00, 0x00, 0x00,
  0x00, 0x00, 0x00, 0x00, 0x00, 0x00, 0x00, 0x00, 0x00, 0x00, 0x00, 0x00,
  0x00, 0x00, 0x00, 0x00, 0x00, 0x00, 0x00, 0x00, 0x00, 0x00, 0x00, 0x00,
  0x00, 0x00, 0x00, 0x00, 0x00, 0x00, 0x00, 0x00, 0x00, 0x00, 0x00, 0x00,
  0x00, 0x00, 0x00, 0x00, 0x00, 0x00, 0x00, 0x00, 0x00, 0x00, 0x00, 0x00,
  0x00, 0x00, 0x00, 0x00, 0x00, 0x00, 0x00, 0x00, 0x00, 0x00, 0x00, 0x00,
  0x00, 0x00, 0x00, 0x00, 0x00, 0x00, 0x00, 0x00, 0x00, 0x00, 0x00, 0x00,
  0x00, 0x00, 0x00, 0x00, 0x00, 0x00, 0x00, 0x00, 0x00, 0x00, 0x00, 0x00,
  0x00, 0x00, 0x00, 0x00, 0x00, 0x00, 0x00, 0x00, 0x00, 0x00, 0x00, 0x00,
  0x00, 0x00, 0x00, 0x00, 0x00, 0x00, 0x00, 0x00, 0x00, 0x00, 0x00, 0x00,
  0x00, 0x00, 0x00, 0x00, 0x00, 0x00, 0x00, 0x00, 0x00, 0x00, 0x00, 0x00,
  0x00, 0x00, 0x00, 0x00, 0x00, 0x00, 0x00, 0x00, 0x00, 0x00, 0x00, 0x00,
  0x00, 0x00, 0x00, 0x00, 0x00, 0x00, 0x00, 0x00, 0x00, 0x00, 0x00, 0x00,
  0x00, 0x00, 0x00, 0x00, 0x00, 0x00, 0x00, 0x00, 0x00, 0x00, 0x00, 0x00,
  0x00, 0x00, 0x00, 0x00, 0x00, 0x00, 0x00, 0x00, 0x00, 0x00, 0x00, 0x00,
  0x00, 0x00, 0x00, 0x00, 0x00, 0x00, 0x00, 0x00, 0x00, 0x00, 0x00, 0x00,
  0x00, 0x00, 0x00, 0x00, 0x00, 0x00, 0x00, 0x00, 0x00, 0x00, 0x00, 0x00,
  0x00, 0x00, 0x00, 0x00, 0x00, 0x00, 0x00, 0x00, 0x00, 0x00, 0x00, 0x00,
  0x00, 0x00, 0x00, 0x00, 0x00, 0x00, 0x00, 0x00, 0x00, 0x00, 0x00, 0x00,
  0x00, 0x00, 0x00, 0x00, 0x00, 0x00, 0x00, 0x00, 0x00, 0x00, 0x00, 0x00,
  0x00, 0x00, 0x00, 0x00, 0x00, 0x00, 0x00, 0x00, 0x00, 0x00, 0x00, 0x00,
  0x00, 0x00, 0x00, 0x00, 0x00, 0x00, 0x00, 0x00, 0x00, 0x00, 0x00, 0x00,
  0x00, 0x00, 0x00, 0x00, 0x00, 0x00, 0x00, 0x00, 0x00, 0x00, 0x00, 0x00,
  0x00, 0x00, 0x00, 0x00, 0x00, 0x00, 0x00, 0x00, 0x00, 0x00, 0x00, 0x00,
  0x00, 0x00, 0x00, 0x00, 0x00, 0x00, 0x00, 0x00, 0x00, 0x00, 0x00, 0x00,
  0x00, 0x00, 0x00, 0x00, 0x00, 0x00, 0x00, 0x00, 0x00, 0x00, 0x00, 0x00,
  0x00, 0x00, 0x00, 0x00, 0x40, 0x00, 0x00, 0x00, 0x2b, 0x75, 0xd4, 0x3a,
  0x68, 0x40, 0x09, 0x3b, 0x1c, 0x4b, 0xec, 0x3a, 0x1c, 0x4b, 0xec, 0x3a,
  0x2b, 0x75, 0xd4, 0x3a, 0x1c, 0x4b, 0xec, 0x3a, 0x25, 0x94, 0x0e, 0x3b,
  0x1c, 0x4b, 0xec, 0x3a, 0x68, 0x40, 0x09, 0x3b, 0x2b, 0x75, 0xd4, 0x3a,
  0x25, 0x94, 0x0e, 0x3b, 0x25, 0x94, 0x0e, 0x3b, 0x1c, 0x4b, 0xec, 0x3a,
  0xac, 0x6d, 0xee, 0x3a, 0xac, 0x6d, 0xee, 0x3a, 0xac, 0x6d, 0xee, 0x3a,
  0x68, 0x40, 0x09, 0x3b, 0x1c, 0x4b, 0xec, 0x3a, 0xac, 0x6d, 0xee, 0x3a,
  0x25, 0x94, 0x0e, 0x3b, 0x25, 0x94, 0x0e, 0x3b, 0xac, 0x6d, 0xee, 0x3a,
  0x1c, 0x4b, 0xec, 0x3a, 0x68, 0x40, 0x09, 0x3b, 0xac, 0x6d, 0xee, 0x3a,
  0x25, 0x94, 0x0e, 0x3b, 0xac, 0x6d, 0xee, 0x3a, 0xac, 0x6d, 0xee, 0x3a,
  0x25, 0x94, 0x0e, 0x3b, 0x2b, 0x75, 0xd4, 0x3a, 0x25, 0x94, 0x0e, 0x3b,
  0x1c, 0x4b, 0xec, 0x3a, 0x2b, 0x75, 0xd4, 0x3a, 0x2b, 0x75, 0xd4, 0x3a,
  0xac, 0x6d, 0xee, 0x3a, 0x25, 0x94, 0x0e, 0x3b, 0x25, 0x94, 0x0e, 0x3b,
  0x25, 0x94, 0x0e, 0x3b, 0x2b, 0x75, 0xd4, 0x3a, 0x68, 0x40, 0x09, 0x3b,
  0xac, 0x6d, 0xee, 0x3a, 0x25, 0x94, 0x0e, 0x3b, 0x25, 0x94, 0x0e, 0x3b,
  0xac, 0x6d, 0xee, 0x3a, 0x2b, 0x75, 0xd4, 0x3a, 0x25, 0x94, 0x0e, 0x3b,
  0xac, 0x6d, 0xee, 0x3a, 0x1c, 0x4b, 0xec, 0x3a, 0x1c, 0x4b, 0xec, 0x3a,
  0x25, 0x94, 0x0e, 0x3b, 0x25, 0x94, 0x0e, 0x3b, 0xac, 0x6d, 0xee, 0x3a,
  0xac, 0x6d, 0xee, 0x3a, 0xac, 0x6d, 0xee, 0x3a, 0x68, 0x40, 0x09, 0x3b,
  0x2b, 0x75, 0xd4, 0x3a, 0x1c, 0x4b, 0xec, 0x3a, 0x1c, 0x4b, 0xec, 0x3a,
  0x68, 0x40, 0x09, 0x3b, 0x25, 0x94, 0x0e, 0x3b, 0xac, 0x6d, 0xee, 0x3a,
  0x68, 0x40, 0x09, 0x3b, 0xac, 0x6d, 0xee, 0x3a, 0x68, 0x40, 0x09, 0x3b,
  0xf2, 0x8a, 0xff, 0xff, 0x04, 0x00, 0x00, 0x00, 0x00, 0x10, 0x00, 0x00,
  0x73, 0x00, 0x81, 0x00, 0x81, 0x00, 0x00, 0xa6, 0x00, 0x48, 0x00, 0x73,
  0x52, 0x68, 0x00, 0xaf, 0x68, 0x48, 0x9b, 0x00, 0x00, 0x00, 0x48, 0x00,
  0x5d, 0x00, 0x00, 0x5d, 0x68, 0x00, 0xb9, 0x7f, 0x52, 0x00, 0x7f, 0x00,
  0x00, 0xa6, 0x73, 0x52, 0x00, 0x73, 0x52, 0x00, 0x00, 0x00, 0x52, 0x00,
  0x00, 0x00, 0x7f, 0x8f, 0xa6, 0x00, 0x00, 0xa6, 0x68, 0xb9, 0x5d, 0x00,
  0xaf, 0x00, 0x00, 0x81, 0x00, 0x62, 0x00, 0x00, 0x00, 0x00, 0x51, 0x00,
  0x00, 0x00, 0x92, 0x38, 0xba, 0x81, 0x92, 0xba, 0x38, 0x59, 0x00, 0x00,
  0x62, 0x00, 0x00, 0xa8, 0x00, 0x00, 0x00, 0x40, 0xc1, 0x00, 0x62, 0x6d,
  0xba, 0x62, 0x00, 0x00, 0x00, 0x81, 0xba, 0x40, 0x00, 0x59, 0xb2, 0x00,
  0x00, 0x00, 0x00, 0x00, 0x9e, 0x00, 0xb2, 0x00, 0x40, 0x00, 0x6d, 0x00,
  0x51, 0x00, 0x00, 0x00, 0x00, 0xc9, 0xc9, 0x00, 0x72, 0x00, 0x00, 0x5e,
  0x00, 0x41, 0x9a, 0x67, 0x00, 0xaf, 0x00, 0x54, 0x67, 0xaf, 0x00, 0x00,
  0xc0, 0xb7, 0x00, 0x00, 0x7f, 0x00, 0x00, 0x8e, 0xaf, 0x00, 0xa5, 0x5e,
  0x00, 0x00, 0x9a, 0xa5, 0x5e, 0x5e, 0xa5, 0x00, 0x00, 0x00, 0x67, 0x00,
  0xaf, 0x00, 0x00, 0x00, 0x72, 0x5e, 0x00, 0x00, 0x4a, 0xaf, 0x00, 0xc0,
  0x00, 0x9a, 0x00, 0x00, 0x00, 0xa5, 0x00, 0x9a, 0x00, 0x8e, 0x00, 0x00,
  0x00, 0x00, 0x9a, 0x00, 0x00, 0x00, 0x8e, 0x72, 0x67, 0xc0, 0x72, 0x00,
  0xaf, 0x5e, 0x00, 0x9a, 0x67, 0x67, 0x00, 0x9a, 0x00, 0xb7, 0x00, 0x8e,
  0x67, 0x9a, 0xa5, 0x00, 0xa5, 0x67, 0x8e, 0xb7, 0x00, 0x00, 0xaf, 0x41,
  0x00, 0x00, 0x7f, 0x00, 0xb7, 0x00, 0x00, 0xa5, 0xc0, 0x00, 0x41, 0xa5,
  0x7f, 0x67, 0xaf, 0x72, 0x00, 0x41, 0x00, 0x00, 0x00, 0x00, 0x00, 0xb7,
  0x00, 0xa5, 0x00, 0x4a, 0x00, 0x48, 0xa6, 0x8f, 0x7f, 0xa6, 0xaf, 0x00,
  0x48, 0x81, 0x9b, 0x48, 0x00, 0x00, 0x52, 0x00, 0x00, 0x00, 0x00, 0xaf,
  0x48, 0x00, 0x00, 0x68, 0x81, 0x00, 0x00, 0x68, 0x00, 0x00, 0x00, 0x81,
  0xb9, 0x73, 0x7f, 0x00, 0x00, 0x00, 0x00, 0x00, 0x73, 0x00, 0x5d, 0x5d,
  0x68, 0x00, 0x00, 0x00, 0x48, 0x00, 0x7f, 0x00, 0xb9, 0x00, 0x00, 0xaf,
  0x5d, 0xa6, 0x81, 0x48, 0x68, 0x00, 0x8f, 0x52, 0x00, 0xc0, 0x7f, 0x72,
  0x72, 0x00, 0xa5, 0x00, 0xa5, 0x00, 0x00, 0x4a, 0x8e, 0x00, 0x00, 0x00,
  0x00, 0x00, 0x00, 0x00, 0x41, 0x00, 0x00, 0x00, 0x00, 0x00, 0x54, 0xa5,
  0x41, 0x00, 0x4a, 0x00, 0x00, 0xc0, 0x8e, 0x67, 0x00, 0x54, 0x00, 0x00,
  0x00, 0x00, 0x00, 0x5e, 0x8e, 0x8e, 0x8e, 0x00, 0x54, 0x00, 0x00, 0x41,
  0x00, 0x00, 0x5e, 0x00, 0x4a, 0x7f, 0x00, 0xaf, 0x5e, 0x41, 0x8e, 0xa5,
  0x00, 0x3d, 0x56, 0x46, 0xcb, 0xa2, 0xb5, 0xb5, 0xcb, 0x56, 0x7f, 0xcb,
  0x00, 0x00, 0x56, 0x00, 0x00, 0x5f, 0x5f, 0x56, 0x4e, 0x3d, 0x00, 0x00,
  0x4e, 0x00, 0x00, 0x00, 0xac, 0x3d, 0x00, 0x00, 0x5f, 0x00, 0x35, 0x00,
  0x00, 0x35, 0x00, 0x00, 0x00, 0x00, 0x00, 0x00, 0x00, 0xb5, 0x00, 0x00,
  0x00, 0x00, 0x96, 0x56, 0xc4, 0x5f, 0x56, 0x00, 0x00, 0xa2, 0x00, 0xb5,
  0x00, 0x00, 0xcb, 0x69, 0x00, 0x00, 0xa5, 0x00, 0x00, 0x00, 0xc0, 0x7f,
  0x00, 0x9a, 0x00, 0x41, 0x00, 0x00, 0x00, 0x00, 0x00, 0x00, 0x72, 0x00,
  0x54, 0xaf, 0xc0, 0x9a, 0xaf, 0x67, 0x00, 0x8e, 0xc0, 0x00, 0x00, 0xa5,
  0x54, 0x4a, 0x00, 0xc0, 0x00, 0x67, 0x67, 0x00, 0x9a, 0x00, 0x00, 0x5e,
  0x5e, 0x00, 0xa5, 0x00, 0x9a, 0x00, 0x00, 0x00, 0x9a, 0x00, 0x00, 0x00,
  0x54, 0x5e, 0x8e, 0x9a, 0x54, 0x00, 0x41, 0x9a, 0x00, 0xb2, 0xc9, 0xc1,
  0x62, 0x62, 0xb2, 0x00, 0x51, 0x00, 0x00, 0x00, 0x00, 0xc9, 0x9e, 0x00,
  0x48, 0x00, 0x00, 0x48, 0x00, 0x51, 0x9e, 0x00, 0x00, 0xba, 0x38, 0x00,
  0x38, 0x9e, 0x00, 0x00, 0x40, 0x59, 0x00, 0xc9, 0x51, 0x00, 0x81, 0x00,
  0x62, 0x92, 0x00, 0x00, 0x00, 0x00, 0x9e, 0x00, 0x00, 0x00, 0x40, 0x9e,
  0x9e, 0x00, 0x00, 0x00, 0x48, 0x00, 0x00, 0x81, 0x48, 0x00, 0x00, 0x81,
  0x52, 0x00, 0x73, 0x00, 0x52, 0x00, 0x7f, 0x00, 0xaf, 0x5d, 0x5d, 0x00,
  0x00, 0x00, 0xb9, 0x81, 0x7f, 0x00, 0x8f, 0xaf, 0x68, 0xa6, 0x00, 0x00,
  0x00, 0x00, 0x00, 0x00, 0x00, 0x00, 0x00, 0x00, 0xb9, 0x00, 0x00, 0x00,
  0x7f, 0x00, 0x00, 0x00, 0x00, 0x00, 0xa6, 0x00, 0x52, 0x00, 0x00, 0x00,
  0x48, 0x73, 0x00, 0x00, 0x00, 0x00, 0x00, 0x00, 0x00, 0x00, 0x00, 0x00,
  0x68, 0x00, 0x48, 0x9b, 0x56, 0x56, 0x00, 0x00, 0xcb, 0x00, 0xb5, 0x46,
  0x00, 0x00, 0x00, 0xac, 0x00, 0x69, 0xac, 0xb5, 0x69, 0xb5, 0xbd, 0x00,
  0x00, 0x69, 0x00, 0x00, 0xb5, 0x56, 0x5f, 0x00, 0x46, 0x00, 0x00, 0xcb,
  0xcb, 0x00, 0xac, 0xac, 0x96, 0x00, 0xbd, 0xac, 0x00, 0xb5, 0x00, 0x00,
  0x00, 0x00, 0x5f, 0x00, 0x56, 0x00, 0xa2, 0x00, 0x46, 0x00, 0x00, 0x00,
  0xcb, 0x00, 0x00, 0x00, 0x00, 0x7f, 0x00, 0x56, 0x3d, 0x00, 0x69, 0x00,
  0xbd, 0x00, 0x5f, 0x00, 0x5f, 0x00, 0x00, 0x00, 0x5f, 0x00, 0x00, 0x4e,
  0xb5, 0x96, 0xac, 0x00, 0xcb, 0x00, 0xcb, 0x7f, 0xbd, 0x46, 0x4e, 0xbd,
  0x5f, 0xa2, 0x35, 0x3d, 0x00, 0x35, 0x00, 0x00, 0x00, 0x00, 0xbd, 0x00,
  0xac, 0x00, 0x00, 0x00, 0x00, 0x00, 0xa2, 0xa2, 0xac, 0x00, 0xcb, 0xac,
  0x00, 0x00, 0x00, 0x69, 0x00, 0x46, 0x00, 0xcb, 0x3d, 0x00, 0x4e, 0x96,
  0x67, 0x00, 0x4a, 0x00, 0x00, 0x00, 0x67, 0x9a, 0x9a, 0x00, 0x00, 0x54,
  0x00, 0xaf, 0x00, 0x9a, 0xa5, 0xa5, 0x00, 0x00, 0xa5, 0x7f, 0x00, 0xaf,
  0x4a, 0x00, 0x00, 0x00, 0xb7, 0x4a, 0x00, 0x00, 0xb7, 0x00, 0x00, 0x00,
  0xaf, 0xc0, 0x9a, 0x4a, 0x5e, 0x00, 0x00, 0x00, 0x00, 0x00, 0x00, 0xaf,
  0x00, 0x41, 0x00, 0xaf, 0xc0, 0x00, 0x00, 0x00, 0x00, 0x9a, 0x41, 0xc0,
  0x5e, 0x67, 0xc0, 0x72, 0x7e, 0x5d, 0x5d, 0x71, 0x00, 0x00, 0x00, 0x71,
  0x00, 0x71, 0x00, 0x00, 0xc1, 0xc1, 0x00, 0x00, 0x49, 0x7e, 0x00, 0x00,
  0x66, 0x00, 0x00, 0x00, 0x00, 0xa6, 0x00, 0x71, 0x00, 0x00, 0x53, 0x00,
  0x00, 0x00, 0x00, 0x81, 0x40, 0x00, 0x40, 0x00, 0x00, 0x40, 0x00, 0x00,
  0x66, 0x00, 0x00, 0x53, 0x7e, 0xb8, 0x00, 0x00, 0x66, 0x71, 0x00, 0x00,
  0x9b, 0x81, 0x53, 0x71, 0x53, 0x00, 0x00, 0x53, 0x00, 0x8f, 0x49, 0x00,
  0x00, 0x00, 0xb8, 0x49, 0x00, 0x71, 0x00, 0xc1, 0xa6, 0x00, 0x00, 0x00,
  0x00, 0xa6, 0xb8, 0xc1, 0x00, 0x53, 0x9b, 0xc1, 0x00, 0x00, 0x5d, 0xa6,
  0x00, 0x00, 0x00, 0x00, 0x5d, 0x8f, 0x49, 0x8f, 0x9b, 0x66, 0x49, 0x53,
  0x00, 0x00, 0xc1, 0x8f, 0x53, 0x00, 0x00, 0x7e, 0x00, 0x00, 0x00, 0x40,
  0xc1, 0x40, 0x00, 0x8f, 0x49, 0x81, 0x66, 0x00, 0xa6, 0xa6, 0xb0, 0x49,
  0x7e, 0xa6, 0xc1, 0x00, 0x00, 0x00, 0x00, 0x00, 0x00, 0x00, 0x00, 0x66,
  0x49, 0x00, 0x00, 0x00, 0x71, 0x66, 0x00, 0x9b, 0x00, 0x00, 0x8f, 0x8f,
  0x00, 0x00, 0x00, 0x00, 0x00, 0xc1, 0x00, 0x00, 0x00, 0x00, 0x71, 0x81,
  0x00, 0x00, 0xa6, 0x00, 0x00, 0x00, 0x00, 0x00, 0x00, 0x00, 0x00, 0x00,
  0x66, 0x00, 0x81, 0xb0, 0x00, 0x00, 0x00, 0xb0, 0x00, 0x00, 0x53, 0x00,
  0x66, 0x00, 0x7e, 0x00, 0x00, 0x38, 0x00, 0x00, 0x9e, 0x81, 0xb2, 0x59,
  0x40, 0x00, 0x6d, 0x62, 0x00, 0x6d, 0x00, 0x40, 0x00, 0x00, 0x00, 0x00,
  0x00, 0xc1, 0x00, 0x9e, 0x92, 0x48, 0x00, 0x00, 0x00, 0x48, 0x00, 0x38,
  0xba, 0x00, 0x00, 0x38, 0x92, 0x00, 0x38, 0x00, 0x00, 0x00, 0x00, 0x51,
  0x00, 0x59, 0x00, 0x48, 0x00, 0xba, 0x38, 0x00, 0x48, 0x00, 0x00, 0x00,
  0xb2, 0x00, 0x00, 0xc1, 0x00, 0x59, 0x38, 0x00, 0x54, 0x00, 0x5e, 0x00,
  0x00, 0x00, 0x4a, 0x00, 0x00, 0x00, 0x5e, 0xc0, 0x72, 0xc0, 0x7f, 0x00,
  0x00, 0x00, 0x00, 0x00, 0x00, 0x72, 0x00, 0x8e, 0x00, 0x00, 0x00, 0xaf,
  0x00, 0x00, 0xa5, 0x67, 0x5e, 0x00, 0x9a, 0x8e, 0x8e, 0x00, 0x7f, 0x00,
  0xb7, 0x00, 0xc0, 0x5e, 0xa5, 0x54, 0x41, 0xb7, 0x00, 0xb7, 0x41, 0x4a,
  0x00, 0x00, 0x00, 0x5e, 0x9a, 0x00, 0x00, 0x72, 0x9a, 0x54, 0x00, 0x00,
  0xb8, 0x00, 0x00, 0x8f, 0x00, 0x00, 0x00, 0x9b, 0x00, 0x66, 0x5d, 0x00,
  0x00, 0x00, 0x00, 0x00, 0xa6, 0x49, 0xa6, 0x00, 0xb8, 0x00, 0x8f, 0x00,
  0x00, 0x66, 0xb8, 0x00, 0x66, 0x66, 0x00, 0x00, 0x00, 0xc1, 0x71, 0xb0,
  0x00, 0x00, 0x00, 0x00, 0x49, 0x00, 0xb8, 0x00, 0xa6, 0x00, 0xb8, 0xb0,
  0x00, 0x81, 0x66, 0x00, 0xb0, 0x00, 0x00, 0x5d, 0x00, 0x00, 0xb0, 0xa6,
  0x00, 0x66, 0x00, 0x00, 0xbd, 0x00, 0x00, 0x00, 0x00, 0x00, 0xb5, 0xc4,
  0x00, 0xb5, 0xcb, 0x00, 0x00, 0x00, 0x46, 0x00, 0x00, 0x00, 0x3d, 0xcb,
  0xc4, 0x00, 0x00, 0x5f, 0x00, 0xac, 0x00, 0x00, 0x00, 0xac, 0x00, 0x00,
  0x00, 0x7f, 0xac, 0x00, 0x46, 0x00, 0xac, 0x00, 0x00, 0xa2, 0x69, 0x00,
  0x00, 0x00, 0x5f, 0x00, 0xc4, 0x00, 0x5f, 0x35, 0xac, 0x00, 0xb5, 0x46,
  0x4e, 0x7f, 0xac, 0x00, 0x56, 0x56, 0x00, 0x00, 0x46, 0x00, 0x56, 0x69,
  0x00, 0x00, 0xc4, 0x46, 0x35, 0xb5, 0xa2, 0x00, 0x3d, 0x96, 0x00, 0x00,
  0x00, 0x00, 0x00, 0xac, 0x00, 0x4e, 0x4e, 0x4e, 0x00, 0x00, 0xa2, 0x00,
  0x00, 0x35, 0x00, 0xac, 0x00, 0x00, 0x00, 0x00, 0x00, 0xa2, 0x00, 0xbd,
  0x56, 0x00, 0x00, 0x00, 0xa2, 0xb5, 0xac, 0x46, 0x00, 0x00, 0x35, 0xbd,
  0xb5, 0xcb, 0x00, 0x46, 0x46, 0x7f, 0x00, 0x96, 0xb5, 0x46, 0x00, 0xac,
  0x00, 0x00, 0xb0, 0x40, 0x00, 0x9b, 0x49, 0x00, 0x00, 0x53, 0xb8, 0x8f,
  0x5d, 0x8f, 0x00, 0x00, 0x00, 0x00, 0x00, 0x00, 0x00, 0x5d, 0x66, 0xb8,
  0x7e, 0xb0, 0x9b, 0xc1, 0x00, 0x00, 0xc1, 0x00, 0xb0, 0x7e, 0x00, 0x49,
  0x00, 0x81, 0x00, 0x00, 0x00, 0x00, 0x49, 0x00, 0x53, 0x71, 0xc1, 0x9b,
  0x00, 0x00, 0x71, 0x66, 0x00, 0x49, 0x53, 0x40, 0xb8, 0x40, 0x00, 0xb0,
  0xb0, 0xb0, 0x49, 0x00, 0x00, 0x67, 0xa5, 0xa5, 0x00, 0xb7, 0x8e, 0x00,
  0x00, 0xa5, 0xaf, 0x4a, 0x00, 0x00, 0x00, 0x8e, 0x00, 0x00, 0x00, 0x00,
  0x00, 0x00, 0x54, 0xc0, 0x9a, 0x00, 0x00, 0x00, 0xaf, 0x00, 0x72, 0xc0,
  0x00, 0x00, 0x00, 0x00, 0x00, 0x00, 0x00, 0x7f, 0x00, 0xb7, 0x00, 0x00,
  0x8e, 0x00, 0x00, 0xaf, 0x00, 0x00, 0xc0, 0x4a, 0x00, 0x8e, 0x5e, 0x00,
  0x00, 0x00, 0x8e, 0x00, 0x00, 0x00, 0xc0, 0x00, 0x38, 0x00, 0x00, 0x59,
  0xc9, 0x00, 0x38, 0xa8, 0x6d, 0xc9, 0x81, 0x00, 0x00, 0x92, 0x92, 0x00,
  0xba, 0x59, 0x9e, 0x38, 0x00, 0x00, 0x00, 0x00, 0x48, 0x48, 0x48, 0xba,
  0x00, 0x00, 0x59, 0x40, 0x62, 0x00, 0x40, 0x48, 0x6d, 0x00, 0x00, 0x00,
  0x00, 0x00, 0x00, 0x00, 0x00, 0x00, 0xb2, 0x00, 0x00, 0x9e, 0xa8, 0x00,
  0x51, 0xc1, 0x00, 0x00, 0xba, 0x00, 0x00, 0x00, 0x48, 0x00, 0x38, 0x00,
  0x00, 0x00, 0x7e, 0x00, 0x00, 0x49, 0x00, 0xc1, 0x66, 0xb8, 0x66, 0xc1,
  0xb8, 0x00, 0xc1, 0x00, 0x00, 0x9b, 0xb0, 0x00, 0xc1, 0x00, 0x53, 0x00,
  0x00, 0x00, 0x00, 0xc1, 0x00, 0x5d, 0x00, 0xa6, 0xa6, 0x49, 0x71, 0x00,
  0x00, 0x81, 0x9b, 0x9b, 0x00, 0x71, 0x7e, 0x00, 0x66, 0x00, 0x8f, 0x00,
  0x53, 0x40, 0x00, 0x5d, 0x53, 0x5d, 0x00, 0x8f, 0xa6, 0x00, 0x81, 0xb0,
  0x66, 0xb0, 0x5d, 0x00, 0xc4, 0x56, 0x00, 0xbd, 0x4e, 0x00, 0x5f, 0x46,
  0x00, 0x00, 0x86, 0x69, 0x00, 0x00, 0x00, 0x00, 0x00, 0x00, 0x00, 0xac,
  0x4e, 0x00, 0x00, 0x00, 0x5f, 0x56, 0x00, 0x00, 0x00, 0xa2, 0xbd, 0x00,
  0x00, 0x7f, 0x35, 0x35, 0x00, 0x00, 0xcb, 0x00, 0x00, 0xac, 0x00, 0x96,
  0x96, 0x00, 0x00, 0xac, 0x96, 0x46, 0x00, 0x00, 0xbd, 0x00, 0x00, 0x00,
  0xc4, 0x56, 0xcb, 0x86, 0x4e, 0x35, 0xbd, 0xbd, 0x00, 0x9b, 0x5d, 0x00,
  0x00, 0x40, 0x71, 0x00, 0x5d, 0xc1, 0x00, 0x71, 0xa6, 0x00, 0x00, 0xc1,
  0x9b, 0x8f, 0xa6, 0xc1, 0x00, 0x66, 0x5d, 0x5d, 0x00, 0xa6, 0xb0, 0x00,
  0x00, 0x00, 0xa6, 0x9b, 0x00, 0xc1, 0x8f, 0x00, 0xa6, 0x9b, 0x81, 0xc1,
  0x00, 0x00, 0x00, 0x66, 0x00, 0x8f, 0x00, 0xa6, 0x8f, 0x00, 0x9b, 0x00,
  0x00, 0x9b, 0x71, 0x00, 0x00, 0x71, 0x81, 0x00, 0xb8, 0x49, 0xb0, 0x00,
  0x40, 0x40, 0xa6, 0x53, 0x66, 0x00, 0xc1, 0x00, 0xb0, 0x00, 0x00, 0xb0,
  0x00, 0x49, 0x00, 0x8f, 0x00, 0xb8, 0x00, 0x66, 0x71, 0x00, 0x00, 0x00,
  0x00, 0x00, 0xc1, 0x00, 0x00, 0x66, 0xb0, 0x00, 0x00, 0xa6, 0x00, 0x9b,
  0x5d, 0x53, 0x66, 0xb8, 0x66, 0x00, 0x8f, 0x00, 0x00, 0x00, 0x00, 0xa6,
  0x7e, 0x00, 0x00, 0x00, 0x00, 0x00, 0x9b, 0x00, 0x00, 0x81, 0x00, 0x00,
  0x00, 0x5d, 0x71, 0x00, 0xbd, 0x00, 0xc4, 0x00, 0xbd, 0x3d, 0xac, 0x00,
  0x00, 0xc4, 0xbd, 0xcb, 0xa2, 0x00, 0x00, 0x00, 0x00, 0x00, 0x00, 0x00,
  0x00, 0x00, 0xc4, 0x69, 0x5f, 0xcb, 0x00, 0xb5, 0xa2, 0xcb, 0x7f, 0x00,
  0x00, 0x7f, 0x56, 0x69, 0x00, 0x96, 0x86, 0x00, 0x00, 0x00, 0x00, 0xac,
  0x00, 0x46, 0x3d, 0x00, 0xc4, 0x3d, 0x69, 0xac, 0x00, 0x00, 0x00, 0x3d,
  0x3d, 0x5f, 0xbd, 0x00, 0x00, 0x4e, 0xac, 0xcb, 0x9b, 0x8f, 0x00, 0x00,
  0x00, 0xb9, 0x9b, 0x00, 0x00, 0x5d, 0x00, 0x00, 0x00, 0xb9, 0x68, 0x00,
  0x00, 0x00, 0x5d, 0x52, 0x00, 0x00, 0x8f, 0x9b, 0x9b, 0x68, 0x00, 0x5d,
  0x81, 0x68, 0x00, 0x00, 0x00, 0x7f, 0x00, 0x00, 0x00, 0x00, 0x81, 0x00,
  0xaf, 0x5d, 0x00, 0xa6, 0x68, 0x7f, 0x00, 0x5d, 0x00, 0x00, 0x00, 0x7f,
  0x5d, 0x00, 0x00, 0x48, 0x52, 0x73, 0x00, 0xaf, 0x00, 0x00, 0x00, 0xaf,
  0x00, 0x46, 0x3d, 0x00, 0x00, 0x00, 0x00, 0x00, 0x00, 0x00, 0x00, 0x3d,
  0xc4, 0x69, 0xb5, 0x00, 0xbd, 0xb5, 0x00, 0xc4, 0x00, 0x5f, 0x56, 0x00,
  0xbd, 0x46, 0x00, 0x5f, 0xb5, 0x46, 0x00, 0xbd, 0x00, 0xbd, 0x00, 0x00,
  0xa2, 0x00, 0x00, 0xb5, 0x00, 0x00, 0xac, 0x4e, 0x7f, 0x00, 0x00, 0x00,
  0x56, 0x00, 0xa2, 0x00, 0x4e, 0x00, 0xcb, 0x00, 0xac, 0x86, 0x69, 0x00,
  0x00, 0x5f, 0x35, 0x00, 0x00, 0x72, 0x00, 0x00, 0x41, 0x54, 0x00, 0x5e,
  0x00, 0x00, 0x00, 0x5e, 0x9a, 0xb7, 0x00, 0x72, 0x00, 0x5e, 0x5e, 0x00,
  0x00, 0x5e, 0x00, 0xaf, 0x9a, 0x00, 0x00, 0x00, 0x00, 0x7f, 0x7f, 0x00,
  0x41, 0x00, 0xaf, 0x7f, 0x4a, 0x00, 0x4a, 0x5e, 0x5e, 0xaf, 0x00, 0x00,
  0x00, 0xc0, 0x00, 0x00, 0x4a, 0x9a, 0x00, 0x54, 0xc0, 0x7f, 0x67, 0x9a,
  0x00, 0x7f, 0x00, 0x67, 0x00, 0x00, 0x00, 0x8e, 0x73, 0x8f, 0x5d, 0x00,
  0x7f, 0x00, 0x00, 0x52, 0xa6, 0x00, 0x8f, 0x00, 0xb9, 0x68, 0x00, 0x00,
  0x00, 0x00, 0x00, 0x8f, 0x00, 0x00, 0xb9, 0xaf, 0x00, 0x8f, 0x00, 0x00,
  0x00, 0x68, 0x48, 0x00, 0x00, 0x00, 0x00, 0x00, 0x48, 0x00, 0xaf, 0x00,
  0x00, 0x9b, 0x48, 0x81, 0x73, 0xa6, 0x81, 0x00, 0x00, 0x00, 0x81, 0x00,
  0x00, 0x00, 0x00, 0x00, 0x00, 0x8f, 0x00, 0x9b, 0x00, 0x7f, 0x8f, 0x00,
  0x00, 0xaf, 0x00, 0x9b, 0x73, 0x00, 0x00, 0xb9, 0x00, 0x00, 0x00, 0x00,
  0x00, 0x00, 0x00, 0x81, 0x00, 0xb9, 0x00, 0x00, 0x00, 0x00, 0x00, 0x00,
  0x00, 0x00, 0x5d, 0x00, 0x00, 0x7f, 0x48, 0x00, 0x73, 0x00, 0x5d, 0x00,
  0x48, 0x68, 0x5d, 0x00, 0x9b, 0x81, 0x7f, 0x5d, 0x00, 0x7f, 0x00, 0x00,
  0x00, 0x8f, 0x5d, 0x7f, 0x7f, 0x00, 0x8f, 0x00, 0x00, 0xa6, 0x00, 0x00,
  0x00, 0xaf, 0x00, 0x00, 0x00, 0x9b, 0x00, 0x81, 0x8f, 0x8f, 0x00, 0x9b,
  0x00, 0x00, 0x40, 0x8f, 0x49, 0x5d, 0xb8, 0x00, 0x00, 0x00, 0x00, 0x00,
  0x49, 0x00, 0x00, 0x00, 0x00, 0x40, 0x00, 0x7e, 0x9b, 0x00, 0x8f, 0x00,
  0xb8, 0x00, 0x00, 0x00, 0x00, 0xb0, 0x00, 0x00, 0x00, 0x00, 0x00, 0x5d,
  0xa6, 0x00, 0x9b, 0x00, 0x9b, 0x9b, 0x71, 0x71, 0xb0, 0x40, 0x00, 0xc1,
  0x00, 0x40, 0x00, 0x53, 0x9b, 0xb0, 0xa6, 0x49, 0x46, 0x00, 0x4e, 0x56,
  0x00, 0x96, 0xbd, 0x00, 0xc4, 0x00, 0x00, 0x00, 0x00, 0x00, 0x5f, 0x00,
  0x35, 0x69, 0x69, 0x00, 0x00, 0xb5, 0x00, 0x00, 0xc4, 0x35, 0x46, 0x00,
  0x4e, 0x4e, 0x00, 0x00, 0x4e, 0x86, 0xbd, 0x3d, 0xac, 0x5f, 0x00, 0xac,
  0x56, 0x00, 0xb5, 0x3d, 0x00, 0x00, 0xac, 0xac, 0x00, 0xac, 0x00, 0x00,
  0x00, 0x00, 0x00, 0x00, 0xa2, 0x00, 0x7f, 0x00, 0x00, 0x35, 0x00, 0x00,
  0xbd, 0xa2, 0xcb, 0x00, 0x00, 0x86, 0x00, 0x00, 0x96, 0x7f, 0x35, 0x00,
  0x00, 0x4e, 0x00, 0x00, 0x00, 0xbd, 0x00, 0xbd, 0x00, 0xbd, 0xac, 0xac,
  0x00, 0x56, 0x5f, 0x00, 0x00, 0x00, 0x96, 0x5f, 0xb5, 0x86, 0x3d, 0x00,
  0x00, 0x00, 0x46, 0x00, 0x3d, 0x35, 0x00, 0x96, 0x3d, 0xc4, 0xb5, 0x00,
  0x00, 0x00, 0x35, 0x00, 0xcb, 0x5f, 0x00, 0xcb, 0x00, 0x86, 0x56, 0x00,
  0x00, 0x00, 0x00, 0x35, 0x00, 0xcb, 0x35, 0xac, 0x56, 0x00, 0x4e, 0x00,
  0x00, 0x46, 0x3d, 0x00, 0x00, 0x7f, 0x3d, 0x00, 0x00, 0x69, 0x00, 0x00,
  0x00, 0x00, 0x56, 0x00, 0xbd, 0x56, 0x00, 0x46, 0xa2, 0x00, 0x00, 0x35,
  0xc4, 0x86, 0x35, 0x96, 0x00, 0x00, 0x00, 0xac, 0x00, 0xbd, 0xa2, 0xb5,
  0x00, 0x69, 0x3d, 0x69, 0x00, 0x35, 0x4e, 0xbd, 0x00, 0x00, 0x00, 0xb5,
  0x00, 0x00, 0x5f, 0x00, 0x00, 0x00, 0x00, 0x00, 0x00, 0xaf, 0x8f, 0x00,
  0x00, 0x48, 0x52, 0x48, 0x73, 0x00, 0x00, 0x8f, 0x00, 0x00, 0x5d, 0x00,
  0xa6, 0x8f, 0x68, 0x00, 0xaf, 0x00, 0x73, 0x00, 0x73, 0x00, 0x00, 0x00,
  0x52, 0x00, 0x73, 0x00, 0x8f, 0x00, 0x5d, 0x81, 0xa6, 0x00, 0x7f, 0x8f,
  0x00, 0x00, 0x9b, 0x00, 0x00, 0x00, 0x00, 0x00, 0x68, 0x7f, 0x00, 0x00,
  0x7f, 0x00, 0x00, 0x00, 0x48, 0x52, 0x7f, 0x5d, 0x00, 0x7f, 0x00, 0x8f,
  0x40, 0x00, 0x38, 0x00, 0x00, 0x00, 0x00, 0xb2, 0x62, 0x00, 0xb2, 0x00,
  0x62, 0xa8, 0x00, 0x51, 0xc1, 0xc1, 0x92, 0x00, 0x00, 0x92, 0x00, 0xba,
  0x00, 0x00, 0x9e, 0x51, 0x00, 0x00, 0x00, 0x48, 0x00, 0x00, 0x00, 0x00,
  0x62, 0x00, 0xb2, 0x00, 0x00, 0xba, 0x00, 0xc1, 0x92, 0x00, 0x00, 0xc1,
  0xc9, 0x00, 0x6d, 0xa8, 0xc9, 0x00, 0x40, 0x00, 0x6d, 0x62, 0x00, 0xba,
  0xba, 0x00, 0x51, 0x81, 0x00, 0x8f, 0xb0, 0x00, 0x49, 0x53, 0x00, 0x66,
  0xb8, 0x49, 0xb0, 0x00, 0x00, 0x00, 0x00, 0x00, 0x53, 0x71, 0x00, 0xa6,
  0x53, 0x00, 0x00, 0x00, 0x00, 0x5d, 0x00, 0x00, 0xb0, 0x9b, 0x8f, 0x00,
  0xb0, 0x00, 0x9b, 0x00, 0x00, 0xb8, 0x00, 0x00, 0x00, 0x00, 0x00, 0x00,
  0x00, 0x49, 0x40, 0x00, 0x00, 0x00, 0x00, 0x66, 0xc1, 0x5d, 0x49, 0xa6,
  0xb8, 0x81, 0xa6, 0x71, 0xc1, 0x49, 0x00, 0x71, 0x3d, 0x00, 0x35, 0x00,
  0x00, 0x56, 0x00, 0x00, 0xcb, 0x00, 0x00, 0x56, 0xac, 0x86, 0x3d, 0x00,
  0x3d, 0xb5, 0xac, 0x56, 0x69, 0x00, 0x3d, 0x00, 0x00, 0x00, 0xa2, 0xb5,
  0x4e, 0x00, 0x3d, 0x4e, 0x3d, 0x00, 0x00, 0x4e, 0x56, 0x00, 0x00, 0x00,
  0x00, 0x00, 0x00, 0xb5, 0xa2, 0xb5, 0x00, 0xc4, 0xb5, 0x35, 0xcb, 0xac,
  0x3d, 0xac, 0x4e, 0x00, 0x00, 0x7f, 0x35, 0xbd, 0x4e, 0x96, 0xc4, 0x00,
  0x00, 0x5f, 0x00, 0x3d, 0xcb, 0x7f, 0x4e, 0x96, 0x56, 0x00, 0x3d, 0x46,
  0x00, 0x00, 0xcb, 0x00, 0x00, 0x00, 0xc4, 0xa2, 0xcb, 0x56, 0x00, 0x00,
  0x00, 0xc4, 0x00, 0x4e, 0xcb, 0x00, 0x35, 0x00, 0x00, 0x00, 0xbd, 0x5f,
  0x3d, 0x46, 0xa2, 0x00, 0xb5, 0x00, 0x46, 0xcb, 0x35, 0xc4, 0x00, 0x00,
  0x00, 0x00, 0x00, 0x4e, 0x46, 0x00, 0x46, 0x00, 0xb5, 0x7f, 0x00, 0xac,
  0x00, 0x00, 0x00, 0x00, 0x00, 0xa6, 0x00, 0xb0, 0x71, 0x00, 0x00, 0xb0,
  0x00, 0x00, 0x00, 0x00, 0x00, 0xb0, 0x00, 0x00, 0x00, 0x00, 0x00, 0x53,
  0x9b, 0x00, 0x00, 0x00, 0x00, 0x49, 0x40, 0x00, 0x00, 0x00, 0x8f, 0x00,
  0xb0, 0x00, 0x00, 0x49, 0x81, 0xc1, 0x00, 0x00, 0xb8, 0xb0, 0x00, 0x00,
  0x40, 0x00, 0x00, 0xb0, 0x00, 0x7e, 0x00, 0x00, 0x49, 0x00, 0x00, 0x5d,
  0x00, 0x9b, 0x00, 0x00, 0xc1, 0x00, 0xb0, 0x00, 0x00, 0x00, 0x00, 0x00,
  0x5d, 0x81, 0x68, 0x00, 0x00, 0x52, 0x9b, 0x00, 0x8f, 0x48, 0x5d, 0x81,
  0x7f, 0x00, 0x68, 0x00, 0x8f, 0x00, 0x68, 0x9b, 0x00, 0x00, 0x00, 0x9b,
  0x00, 0x8f, 0x00, 0x5d, 0x00, 0x9b, 0x48, 0x00, 0x9b, 0x8f, 0xaf, 0x52,
  0x81, 0x00, 0x68, 0x00, 0x00, 0x00, 0x52, 0xb9, 0x00, 0x5d, 0x9b, 0x00,
  0x00, 0x00, 0x5d, 0x00, 0xaf, 0x00, 0x7f, 0x9b, 0x8f, 0x8f, 0x00, 0x00,
  0x00, 0xa2, 0x00, 0xbd, 0xcb, 0xa2, 0x00, 0x00, 0xbd, 0x00, 0x00, 0x5f,
  0x3d, 0x69, 0x69, 0x5f, 0x56, 0x00, 0x4e, 0x00, 0x00, 0x00, 0xcb, 0x86,
  0xcb, 0x4e, 0xc4, 0x00, 0x00, 0x4e, 0xb5, 0x00, 0x00, 0x00, 0x56, 0x00,
  0x46, 0x00, 0x7f, 0x00, 0x00, 0x00, 0xa2, 0x00, 0x00, 0x00, 0x00, 0x00,
  0x35, 0x00, 0xcb, 0x00, 0x00, 0x00, 0x86, 0x00, 0x00, 0x00, 0x5f, 0x7f,
  0x56, 0x00, 0x00, 0x5f, 0x71, 0x00, 0x00, 0x00, 0x49, 0xc1, 0x5d, 0xb0,
  0x00, 0x7e, 0x00, 0x66, 0x49, 0xa6, 0xa6, 0x00, 0x9b, 0x00, 0x00, 0x66,
  0xa6, 0x00, 0x5d, 0x00, 0xa6, 0x49, 0xb8, 0x00, 0x00, 0x49, 0x81, 0x53,
  0x49, 0xc1, 0x00, 0x8f, 0x49, 0x00, 0x00, 0x5d, 0x8f, 0xc1, 0x00, 0x00,
  0x00, 0x71, 0x00, 0xb8, 0x00, 0x71, 0x71, 0x00, 0x00, 0x00, 0x00, 0x00,
  0xb8, 0x00, 0x66, 0x00, 0x5d, 0x00, 0x66, 0x00, 0x5e, 0x00, 0x67, 0x00,
  0x00, 0x00, 0x00, 0x00, 0x00, 0x00, 0xc0, 0x00, 0x8e, 0x00, 0xb7, 0x00,
  0xa5, 0x5e, 0x00, 0x00, 0x54, 0x00, 0x41, 0x72, 0xb7, 0x00, 0x00, 0xaf,
  0x7f, 0x00, 0x00, 0x00, 0x9a, 0x00, 0x00, 0x00, 0x00, 0x4a, 0x00, 0x00,
  0x00, 0x00, 0x00, 0x00, 0x8e, 0x00, 0xc0, 0x00, 0x00, 0x4a, 0x00, 0x4a,
  0x00, 0x00, 0x00, 0x00, 0x54, 0x00, 0x9a, 0x00, 0x00, 0x00, 0x00, 0x00,
  0x72, 0xaf, 0x5e, 0xb7, 0x5e, 0x00, 0x00, 0x00, 0x00, 0x00, 0x41, 0xb7,
  0x7f, 0xb7, 0x67, 0x67, 0xaf, 0x41, 0x00, 0x00, 0x00, 0x9a, 0x00, 0x00,
  0x8e, 0x00, 0x00, 0xa5, 0xb7, 0x4a, 0x8e, 0x00, 0x8e, 0xc0, 0x00, 0x9a,
  0x8e, 0x67, 0x00, 0xaf, 0xb7, 0x00, 0x00, 0x00, 0x00, 0x67, 0x00, 0x54,
  0x4a, 0x41, 0xb7, 0x00, 0x00, 0x00, 0x4a, 0x00, 0xc0, 0x00, 0x00, 0x7f,
  0x00, 0x54, 0x00, 0x41, 0x00, 0x00, 0x00, 0x5f, 0x00, 0x00, 0xa2, 0x00,
  0x00, 0xa2, 0x96, 0x00, 0x3d, 0x00, 0x35, 0x00, 0x3d, 0x00, 0xbd, 0x00,
  0x00, 0x00, 0x00, 0x7f, 0x00, 0x00, 0x96, 0x56, 0x5f, 0x56, 0x00, 0x00,
  0x00, 0x00, 0x00, 0x35, 0x7f, 0x00, 0xbd, 0x00, 0x00, 0x00, 0x5f, 0x00,
  0x00, 0x96, 0x00, 0x00, 0x00, 0x00, 0x00, 0xac, 0x00, 0xbd, 0x00, 0x5f,
  0xac, 0x00, 0x00, 0x86, 0x00, 0x3d, 0x00, 0xa2, 0xcb, 0x3d, 0x00, 0x00,
  0xbd, 0x56, 0x00, 0x00, 0x4e, 0x86, 0x00, 0x00, 0x00, 0xac, 0x3d, 0xbd,
  0x4e, 0x00, 0x46, 0x00, 0x00, 0x00, 0xa2, 0x7f, 0x00, 0xbd, 0x00, 0x00,
  0x00, 0x96, 0x00, 0x4e, 0x00, 0x7f, 0x00, 0x69, 0x69, 0x00, 0xa2, 0xc4,
  0x46, 0x96, 0xb5, 0x00, 0x00, 0x96, 0x00, 0x00, 0x4e, 0x00, 0x00, 0x00,
  0x46, 0x00, 0x4e, 0x4e, 0x4e, 0x00, 0x00, 0x00, 0x35, 0x00, 0x00, 0x86,
  0x00, 0x00, 0x00, 0x49, 0xc1, 0x9b, 0x00, 0x00, 0xa6, 0x00, 0x00, 0x00,
  0x00, 0x00, 0xa6, 0x66, 0x00, 0x00, 0x66, 0x00, 0x71, 0xa6, 0x00, 0x00,
  0x5d, 0x00, 0x53, 0x00, 0x00, 0x00, 0x00, 0x5d, 0xb8, 0x00, 0x00, 0x00,
  0x00, 0x00, 0x00, 0x71, 0x9b, 0x00, 0x66, 0x00, 0x8f, 0xb8, 0x00, 0x00,
  0x00, 0x00, 0x53, 0x00, 0x00, 0x00, 0x00, 0x53, 0xb0, 0xb8, 0x53, 0x00,
  0x00, 0xa6, 0x8f, 0x81, 0x53, 0xb8, 0x81, 0x00, 0x00, 0x00, 0x53, 0x71,
  0x00, 0x53, 0x00, 0x40, 0xa6, 0xa6, 0x00, 0x00, 0x00, 0x40, 0xb8, 0xb0,
  0x00, 0x53, 0xa6, 0x53, 0xc1, 0x00, 0x00, 0x66, 0xa6, 0xb0, 0x00, 0x00,
  0x00, 0x81, 0x00, 0x00, 0x00, 0x7e, 0x66, 0x00, 0x49, 0x00, 0x8f, 0x8f,
  0x49, 0x00, 0x00, 0x00, 0x00, 0x00, 0x00, 0xa6, 0x5d, 0x5d, 0x00, 0x8f,
  0x00, 0x81, 0x00, 0x66, 0x9b, 0x7e, 0x5d, 0x00, 0xb0, 0x00, 0x00, 0xc1,
  0x00, 0x00, 0x00, 0x5d, 0xa6, 0x00, 0x00, 0xb0, 0x00, 0x00, 0x9b, 0x00,
  0x00, 0xc1, 0x49, 0x5d, 0x00, 0x00, 0x66, 0x00, 0x00, 0x71, 0xb0, 0x00,
  0xb0, 0x5d, 0x00, 0x00, 0x9b, 0x81, 0x00, 0xb8, 0x53, 0x7e, 0x00, 0x00,
  0x5d, 0xb0, 0xa6, 0x71, 0x66, 0x00, 0x00, 0x00, 0x66, 0x49, 0x00, 0x00,
  0x7e, 0x00, 0x00, 0x00, 0x00, 0x00, 0x00, 0x00, 0x00, 0xc1, 0x7e, 0x00,
  0x00, 0x00, 0x00, 0x62, 0x51, 0x6d, 0x9e, 0x00, 0x00, 0x51, 0xc9, 0x00,
  0x00, 0xb2, 0xc1, 0x00, 0x00, 0xba, 0x00, 0xc9, 0x00, 0x59, 0x51, 0x38,
  0x00, 0x00, 0x00, 0x00, 0x38, 0x00, 0xc9, 0x40, 0x00, 0x62, 0x40, 0x59,
  0x00, 0x81, 0xb2, 0xc9, 0x00, 0x00, 0x00, 0x00, 0x48, 0x00, 0x00, 0xa8,
  0x00, 0xa8, 0x00, 0x00, 0xb2, 0xc9, 0x00, 0x48, 0xc9, 0x59, 0x51, 0xba,
  0x00, 0x48, 0x48, 0x81, 0x00, 0x00, 0x00, 0x00, 0x68, 0x00, 0x00, 0x73,
  0xaf, 0x00, 0x00, 0x00, 0x5d, 0x00, 0x00, 0x00, 0x00, 0x5d, 0x48, 0xb9,
  0x73, 0x52, 0x00, 0x7f, 0x00, 0x00, 0x00, 0x9b, 0x73, 0x00, 0x00, 0x9b,
  0x48, 0x00, 0x73, 0x52, 0xb9, 0x68, 0x00, 0xb9, 0x81, 0x00, 0xaf, 0x9b,
  0x48, 0x9b, 0x5d, 0x00, 0x8f, 0x00, 0x00, 0x9b, 0x48, 0x7f, 0x73, 0x00,
  0x9b, 0x00, 0x00, 0x68, 0x7f, 0xaf, 0x00, 0x9b, 0x00, 0x00, 0x00, 0x41,
  0x00, 0x00, 0x00, 0x41, 0x00, 0x4a, 0x4a, 0xb7, 0x00, 0xb7, 0xc0, 0x72,
  0x00, 0x00, 0x67, 0x00, 0x8e, 0x00, 0x8e, 0x00, 0x00, 0x54, 0xa5, 0x72,
  0x00, 0x9a, 0xa5, 0x00, 0x00, 0x00, 0xc0, 0x5e, 0x00, 0x7f, 0x00, 0x00,
  0x00, 0x00, 0xaf, 0x67, 0x67, 0xc0, 0x00, 0x41, 0x7f, 0x00, 0x00, 0x5e,
  0x00, 0x00, 0x00, 0x00, 0x41, 0x00, 0x00, 0x54, 0x00, 0x00, 0x7f, 0x00,
  0x00, 0x9a, 0x00, 0xaf, 0x4a, 0x8e, 0x5e, 0xaf, 0x00, 0x8e, 0xa5, 0x00,
  0x00, 0x4a, 0x00, 0x5e, 0x00, 0xb7, 0xa5, 0x00, 0xa5, 0x00, 0x00, 0x00,
  0xa5, 0xb7, 0x00, 0x00, 0xa5, 0x00, 0x00, 0x00, 0x00, 0x00, 0x00, 0x00,
  0x7f, 0x00, 0x00, 0x00, 0x00, 0x00, 0x00, 0x00, 0x5e, 0x00, 0x00, 0x4a,
  0x00, 0xaf, 0xa5, 0x00, 0x00, 0x67, 0xa5, 0x00, 0xc0, 0x00, 0x5e, 0x00,
  0x00, 0xa5, 0xaf, 0x00, 0x00, 0x00, 0xc1, 0x00, 0x48, 0x00, 0xc1, 0x00,
  0x00, 0x9e, 0x00, 0x00, 0x38, 0x00, 0x00, 0xa8, 0x00, 0x00, 0x92, 0x00,
  0x00, 0x62, 0x00, 0x62, 0x40, 0x38, 0xba, 0x00, 0xb2, 0x00, 0x48, 0x00,
  0xc9, 0x00, 0x00, 0x00, 0xc9, 0xc1, 0xc1, 0x00, 0x00, 0xb2, 0x00, 0x9e,
  0x00, 0x00, 0xc9, 0x48, 0x81, 0x59, 0xba, 0x40, 0x00, 0xba, 0x40, 0xa8,
  0xa8, 0x00, 0x38, 0x00, 0x00, 0x00, 0x00, 0xc1, 0x00, 0x3d, 0x00, 0x00,
  0xcb, 0x69, 0x00, 0x00, 0x3d, 0x00, 0x00, 0x00, 0x00, 0x00, 0x00, 0x96,
  0x00, 0xc4, 0x00, 0x00, 0x3d, 0xcb, 0x00, 0x69, 0x00, 0x46, 0x00, 0xbd,
  0x35, 0x00, 0xbd, 0x4e, 0x00, 0x5f, 0x46, 0x00, 0x69, 0xac, 0x86, 0x00,
  0x00, 0x3d, 0x00, 0xa2, 0xa2, 0x00, 0x3d, 0xbd, 0xcb, 0x56, 0x00, 0xcb,
  0x00, 0x00, 0x3d, 0x00, 0xb5, 0x7f, 0x00, 0xcb, 0x69, 0x5f, 0x00, 0x00,
  0xb0, 0x00, 0x81, 0x00, 0x00, 0x00, 0x00, 0x00, 0x00, 0xa6, 0x71, 0x00,
  0x71, 0x40, 0xa6, 0x00, 0x00, 0x8f, 0x53, 0x00, 0x00, 0x49, 0x71, 0xa6,
  0x66, 0xc1, 0x00, 0x00, 0xb8, 0xb0, 0x00, 0x40, 0x00, 0x00, 0x00, 0x00,
  0x9b, 0xa6, 0x00, 0xa6, 0x49, 0x00, 0x00, 0x66, 0x5d, 0x40, 0x49, 0xb0,
  0xc1, 0x00, 0x71, 0x00, 0x00, 0x9b, 0x8f, 0x40, 0xa6, 0x40, 0x7e, 0xb8,
  0x40, 0x49, 0x00, 0x00, 0x00, 0x00, 0xb2, 0xc1, 0x48, 0x6d, 0x00, 0x00,
  0x6d, 0x51, 0x9e, 0x00, 0xa8, 0xc1, 0x00, 0xc9, 0x48, 0xa8, 0x00, 0x38,
  0x00, 0x00, 0xba, 0x51, 0x6d, 0x00, 0x00, 0xc9, 0x00, 0x00, 0xb2, 0x00,
  0xc9, 0x6d, 0x00, 0x00, 0x00, 0x81, 0x92, 0xc9, 0x00, 0xb2, 0x51, 0x40,
  0xc9, 0x00, 0x51, 0xc9, 0x00, 0xc9, 0x62, 0x00, 0xb2, 0x00, 0x00, 0x6d,
  0x6d, 0x6d, 0xba, 0xba, 0xb2, 0x38, 0x92, 0x92, 0x53, 0x00, 0x71, 0x00,
  0x00, 0x00, 0x5d, 0x00, 0x53, 0x66, 0x00, 0x40, 0x40, 0x00, 0x40, 0xc1,
  0x66, 0x81, 0x00, 0x7e, 0x9b, 0x53, 0x00, 0x00, 0x00, 0x00, 0x00, 0x71,
  0x00, 0x00, 0x00, 0xb0, 0x66, 0xb0, 0x8f, 0x5d, 0x00, 0x00, 0x00, 0xb0,
  0x00, 0x00, 0x53, 0x00, 0x00, 0x00, 0x00, 0x53, 0x00, 0x00, 0x9b, 0x00,
  0xa6, 0x00, 0xb0, 0x00, 0x5d, 0x00, 0x00, 0x00, 0x53, 0x00, 0x8f, 0x00,
  0x62, 0xb2, 0xc9, 0x00, 0x9e, 0x00, 0x00, 0x6d, 0x81, 0xb2, 0x6d, 0x51,
  0x6d, 0x38, 0x51, 0x00, 0x00, 0x62, 0x00, 0x38, 0x00, 0x00, 0x38, 0x48,
  0x9e, 0x00, 0x00, 0x00, 0x40, 0xb2, 0x81, 0x00, 0x00, 0x00, 0x00, 0x00,
  0x92, 0x00, 0x62, 0x9e, 0xb2, 0xba, 0xc9, 0x00, 0x00, 0x00, 0x00, 0x6d,
  0x00, 0x00, 0xba, 0x00, 0x6d, 0x48, 0xc9, 0x00, 0x00, 0x00, 0xc1, 0x00,
  0x00, 0x00, 0xc9, 0x00, 0x56, 0x9b, 0xff, 0xff, 0x00, 0x00, 0x02, 0x01,
  0x3c, 0x01, 0x00, 0x00, 0x16, 0x00, 0x00, 0x00, 0x08, 0x00, 0x00, 0x00,
  0x38, 0x01, 0x00, 0x00, 0x27, 0x01, 0x00, 0x00, 0x74, 0x69, 0x6e, 0x79,
  0x5f, 0x6e, 0x69, 0x64, 0x73, 0x5f, 0x74, 0x72, 0x61, 0x6e, 0x73, 0x66,
  0x6f, 0x72, 0x6d, 0x65, 0x72, 0x5f, 0x31, 0x2f, 0x65, 0x6e, 0x63, 0x6f,
  0x64, 0x65, 0x72, 0x5f, 0x62, 0x6c, 0x6f, 0x63, 0x6b, 0x5f, 0x31, 0x5f,
  0x31, 0x2f, 0x6d, 0x75, 0x6c, 0x74, 0x69, 0x5f, 0x68, 0x65, 0x61, 0x64,
  0x5f, 0x6c, 0x69, 0x6e, 0x65, 0x61, 0x72, 0x5f, 0x61, 0x74, 0x74, 0x65,
  0x6e, 0x74, 0x69, 0x6f, 0x6e, 0x5f, 0x33, 0x5f, 0x31, 0x2f, 0x64, 0x65,
  0x6e, 0x73, 0x65, 0x5f, 0x32, 0x32, 0x5f, 0x31, 0x2f, 0x42, 0x69, 0x61,
  0x73, 0x41, 0x64, 0x64, 0x3b, 0x74, 0x69, 0x6e, 0x79, 0x5f, 0x6e, 0x69,
  0x64, 0x73, 0x5f, 0x74, 0x72, 0x61, 0x6e, 0x73, 0x66, 0x6f, 0x72, 0x6d,
  0x65, 0x72, 0x5f, 0x31, 0x2f, 0x65, 0x6e, 0x63, 0x6f, 0x64, 0x65, 0x72,
  0x5f, 0x62, 0x6c, 0x6f, 0x63, 0x6b, 0x5f, 0x31, 0x5f, 0x31, 0x2f, 0x6d,
  0x75, 0x6c, 0x74, 0x69, 0x5f, 0x68, 0x65, 0x61, 0x64, 0x5f, 0x6c, 0x69,
  0x6e, 0x65, 0x61, 0x72, 0x5f, 0x61, 0x74, 0x74, 0x65, 0x6e, 0x74, 0x69,
  0x6f, 0x6e, 0x5f, 0x33, 0x5f, 0x31, 0x2f, 0x64, 0x65, 0x6e, 0x73, 0x65,
  0x5f, 0x32, 0x32, 0x5f, 0x31, 0x2f, 0x54, 0x65, 0x6e, 0x73, 0x6f, 0x72,
  0x64, 0x6f, 0x74, 0x3b, 0x74, 0x69, 0x6e, 0x79, 0x5f, 0x6e, 0x69, 0x64,
  0x73, 0x5f, 0x74, 0x72, 0x61, 0x6e, 0x73, 0x66, 0x6f, 0x72, 0x6d, 0x65,
  0x72, 0x5f, 0x31, 0x2f, 0x65, 0x6e, 0x63, 0x6f, 0x64, 0x65, 0x72, 0x5f,
  0x62, 0x6c, 0x6f, 0x63, 0x6b, 0x5f, 0x31, 0x5f, 0x31, 0x2f, 0x6d, 0x75,
  0x6c, 0x74, 0x69, 0x5f, 0x68, 0x65, 0x61, 0x64, 0x5f, 0x6c, 0x69, 0x6e,
  0x65, 0x61, 0x72, 0x5f, 0x61, 0x74, 0x74, 0x65, 0x6e, 0x74, 0x69, 0x6f,
  0x6e, 0x5f, 0x33, 0x5f, 0x31, 0x2f, 0x64, 0x65, 0x6e, 0x73, 0x65, 0x5f,
  0x32, 0x32, 0x5f, 0x31, 0x2f, 0x42, 0x69, 0x61, 0x73, 0x41, 0x64, 0x64,
  0x2f, 0x52, 0x65, 0x61, 0x64, 0x56, 0x61, 0x72, 0x69, 0x61, 0x62, 0x6c,
  0x65, 0x4f, 0x70, 0x00, 0x01, 0x00, 0x00, 0x00, 0x40, 0x00, 0x00, 0x00,
  0xbc, 0x9f, 0xff, 0xff, 0x0c, 0x02, 0x00, 0x00, 0x04, 0x00, 0x00, 0x00,
  0x40, 0x00, 0x00, 0x00, 0x00, 0x00, 0x00, 0x00, 0x00, 0x00, 0x00, 0x00,
  0x00, 0x00, 0x00, 0x00, 0x00, 0x00, 0x00, 0x00, 0x00, 0x00, 0x00, 0x00,
  0x00, 0x00, 0x00, 0x00, 0x00, 0x00, 0x00, 0x00, 0x00, 0x00, 0x00, 0x00,
  0x00, 0x00, 0x00, 0x00, 0x00, 0x00, 0x00, 0x00, 0x00, 0x00, 0x00, 0x00,
  0x00, 0x00, 0x00, 0x00, 0x00, 0x00, 0x00, 0x00, 0x00, 0x00, 0x00, 0x00,
  0x00, 0x00, 0x00, 0x00, 0x00, 0x00, 0x00, 0x00, 0x00, 0x00, 0x00, 0x00,
  0x00, 0x00, 0x00, 0x00, 0x00, 0x00, 0x00, 0x00, 0x00, 0x00, 0x00, 0x00,
  0x00, 0x00, 0x00, 0x00, 0x00, 0x00, 0x00, 0x00, 0x00, 0x00, 0x00, 0x00,
  0x00, 0x00, 0x00, 0x00, 0x00, 0x00, 0x00, 0x00, 0x00, 0x00, 0x00, 0x00,
  0x00, 0x00, 0x00, 0x00, 0x00, 0x00, 0x00, 0x00, 0x00, 0x00, 0x00, 0x00,
  0x00, 0x00, 0x00, 0x00, 0x00, 0x00, 0x00, 0x00, 0x00, 0x00, 0x00, 0x00,
  0x00, 0x00, 0x00, 0x00, 0x00, 0x00, 0x00, 0x00, 0x00, 0x00, 0x00, 0x00,
  0x00, 0x00, 0x00, 0x00, 0x00, 0x00, 0x00, 0x00, 0x00, 0x00, 0x00, 0x00,
  0x00, 0x00, 0x00, 0x00, 0x00, 0x00, 0x00, 0x00, 0x00, 0x00, 0x00, 0x00,
  0x00, 0x00, 0x00, 0x00, 0x00, 0x00, 0x00, 0x00, 0x00, 0x00, 0x00, 0x00,
  0x00, 0x00, 0x00, 0x00, 0x00, 0x00, 0x00, 0x00, 0x00, 0x00, 0x00, 0x00,
  0x00, 0x00, 0x00, 0x00, 0x00, 0x00, 0x00, 0x00, 0x00, 0x00, 0x00, 0x00,
  0x00, 0x00, 0x00, 0x00, 0x00, 0x00, 0x00, 0x00, 0x00, 0x00, 0x00, 0x00,
  0x00, 0x00, 0x00, 0x00, 0x00, 0x00, 0x00, 0x00, 0x00, 0x00, 0x00, 0x00,
  0x00, 0x00, 0x00, 0x00, 0x00, 0x00, 0x00, 0x00, 0x00, 0x00, 0x00, 0x00,
  0x00, 0x00, 0x00, 0x00, 0x00, 0x00, 0x00, 0x00, 0x00, 0x00, 0x00, 0x00,
  0x00, 0x00, 0x00, 0x00, 0x00, 0x00, 0x00, 0x00, 0x00, 0x00, 0x00, 0x00,
  0x00, 0x00, 0x00, 0x00, 0x00, 0x00, 0x00, 0x00, 0x00, 0x00, 0x00, 0x00,
  0x00, 0x00, 0x00, 0x00, 0x00, 0x00, 0x00, 0x00, 0x00, 0x00, 0x00, 0x00,
  0x00, 0x00, 0x00, 0x00, 0x00, 0x00, 0x00, 0x00, 0x00, 0x00, 0x00, 0x00,
  0x00, 0x00, 0x00, 0x00, 0x00, 0x00, 0x00, 0x00, 0x00, 0x00, 0x00, 0x00,
  0x00, 0x00, 0x00, 0x00, 0x00, 0x00, 0x00, 0x00, 0x00, 0x00, 0x00, 0x00,
  0x00, 0x00, 0x00, 0x00, 0x00, 0x00, 0x00, 0x00, 0x00, 0x00, 0x00, 0x00,
  0x00, 0x00, 0x00, 0x00, 0x00, 0x00, 0x00, 0x00, 0x00, 0x00, 0x00, 0x00,
  0x00, 0x00, 0x00, 0x00, 0x00, 0x00, 0x00, 0x00, 0x00, 0x00, 0x00, 0x00,
  0x00, 0x00, 0x00, 0x00, 0x00, 0x00, 0x00, 0x00, 0x00, 0x00, 0x00, 0x00,
  0x00, 0x00, 0x00, 0x00, 0x00, 0x00, 0x00, 0x00, 0x00, 0x00, 0x00, 0x00,
  0x00, 0x00, 0x00, 0x00, 0x00, 0x00, 0x00, 0x00, 0x00, 0x00, 0x00, 0x00,
  0x00, 0x00, 0x00, 0x00, 0x00, 0x00, 0x00, 0x00, 0x00, 0x00, 0x00, 0x00,
  0x00, 0x00, 0x00, 0x00, 0x00, 0x00, 0x00, 0x00, 0x00, 0x00, 0x00, 0x00,
  0x00, 0x00, 0x00, 0x00, 0x00, 0x00, 0x00, 0x00, 0x00, 0x00, 0x00, 0x00,
  0x00, 0x00, 0x00, 0x00, 0x00, 0x00, 0x00, 0x00, 0x00, 0x00, 0x00, 0x00,
  0x00, 0x00, 0x00, 0x00, 0x00, 0x00, 0x00, 0x00, 0x00, 0x00, 0x00, 0x00,
  0x00, 0x00, 0x00, 0x00, 0x00, 0x00, 0x00, 0x00, 0x00, 0x00, 0x00, 0x00,
  0x00, 0x00, 0x00, 0x00, 0x00, 0x00, 0x00, 0x00, 0x00, 0x00, 0x00, 0x00,
  0x00, 0x00, 0x00, 0x00, 0x00, 0x00, 0x00, 0x00, 0x00, 0x00, 0x00, 0x00,
  0x00, 0x00, 0x00, 0x00, 0x00, 0x00, 0x00, 0x00, 0x00, 0x00, 0x00, 0x00,
  0x00, 0x00, 0x00, 0x00, 0x00, 0x00, 0x00, 0x00, 0x00, 0x00, 0x00, 0x00,
  0x40, 0x00, 0x00, 0x00, 0x77, 0xce, 0x4c, 0x38, 0x0c, 0x4f, 0x84, 0x38,
  0xa8, 0xc8, 0x63, 0x38, 0xa8, 0xc8, 0x63, 0x38, 0x77, 0xce, 0x4c, 0x38,
  0xa8, 0xc8, 0x63, 0x38, 0xac, 0x71, 0x89, 0x38, 0xa8, 0xc8, 0x63, 0x38,
  0x0c, 0x4f, 0x84, 0x38, 0x77, 0xce, 0x4c, 0x38, 0xac, 0x71, 0x89, 0x38,
  0xac, 0x71, 0x89, 0x38, 0xa8, 0xc8, 0x63, 0x38, 0x89, 0xd7, 0x65, 0x38,
  0x89, 0xd7, 0x65, 0x38, 0x89, 0xd7, 0x65, 0x38, 0x0c, 0x4f, 0x84, 0x38,
  0xa8, 0xc8, 0x63, 0x38, 0x89, 0xd7, 0x65, 0x38, 0xac, 0x71, 0x89, 0x38,
  0xac, 0x71, 0x89, 0x38, 0x89, 0xd7, 0x65, 0x38, 0xa8, 0xc8, 0x63, 0x38,
  0x0c, 0x4f, 0x84, 0x38, 0x89, 0xd7, 0x65, 0x38, 0xac, 0x71, 0x89, 0x38,
  0x89, 0xd7, 0x65, 0x38, 0x89, 0xd7, 0x65, 0x38, 0xac, 0x71, 0x89, 0x38,
  0x77, 0xce, 0x4c, 0x38, 0xac, 0x71, 0x89, 0x38, 0xa8, 0xc8, 0x63, 0x38,
  0x77, 0xce, 0x4c, 0x38, 0x77, 0xce, 0x4c, 0x38, 0x89, 0xd7, 0x65, 0x38,
  0xac, 0x71, 0x89, 0x38, 0xac, 0x71, 0x89, 0x38, 0xac, 0x71, 0x89, 0x38,
  0x77, 0xce, 0x4c, 0x38, 0x0c, 0x4f, 0x84, 0x38, 0x89, 0xd7, 0x65, 0x38,
  0xac, 0x71, 0x89, 0x38, 0xac, 0x71, 0x89, 0x38, 0x89, 0xd7, 0x65, 0x38,
  0x77, 0xce, 0x4c, 0x38, 0xac, 0x71, 0x89, 0x38, 0x89, 0xd7, 0x65, 0x38,
  0xa8, 0xc8, 0x63, 0x38, 0xa8, 0xc8, 0x63, 0x38, 0xac, 0x71, 0x89, 0x38,
  0xac, 0x71, 0x89, 0x38, 0x89, 0xd7, 0x65, 0x38, 0x89, 0xd7, 0x65, 0x38,
  0x89, 0xd7, 0x65, 0x38, 0x0c, 0x4f, 0x84, 0x38, 0x77, 0xce, 0x4c, 0x38,
  0xa8, 0xc8, 0x63, 0x38, 0xa8, 0xc8, 0x63, 0x38, 0x0c, 0x4f, 0x84, 0x38,
  0xac, 0x71, 0x89, 0x38, 0x89, 0xd7, 0x65, 0x38, 0x0c, 0x4f, 0x84, 0x38,
  0x89, 0xd7, 0x65, 0x38, 0x0c, 0x4f, 0x84, 0x38, 0x5e, 0x9f, 0xff, 0xff,
  0x04, 0x00, 0x00, 0x00, 0x00, 0x01, 0x00, 0x00, 0xcd, 0xff, 0xff, 0xff,
  0x7d, 0x00, 0x00, 0x00, 0x9a, 0xff, 0xff, 0xff, 0xdc, 0xff, 0xff, 0xff,
  0xfb, 0xff, 0xff, 0xff, 0x62, 0x00, 0x00, 0x00, 0x50, 0x00, 0x00, 0x00,
  0xb8, 0xff, 0xff, 0xff, 0xfd, 0xff, 0xff, 0xff, 0x04, 0x00, 0x00, 0x00,
  0x7a, 0xff, 0xff, 0xff, 0x8e, 0xff, 0xff, 0xff, 0x9f, 0xff, 0xff, 0xff,
  0xcf, 0xff, 0xff, 0xff, 0xe8, 0xff, 0xff, 0xff, 0x71, 0x00, 0x00, 0x00,
  0x67, 0x00, 0x00, 0x00, 0xcb, 0xff, 0xff, 0xff, 0x62, 0xff, 0xff, 0xff,
  0xfe, 0xfe, 0xff, 0xff, 0x39, 0x00, 0x00, 0x00, 0x7e, 0x00, 0x00, 0x00,
  0x9e, 0x00, 0x00, 0x00, 0x35, 0x00, 0x00, 0x00, 0xa3, 0x00, 0x00, 0x00,
  0xcb, 0xff, 0xff, 0xff, 0x0d, 0x00, 0x00, 0x00, 0xab, 0x00, 0x00, 0x00,
  0x56, 0xff, 0xff, 0xff, 0x43, 0x00, 0x00, 0x00, 0xdd, 0x00, 0x00, 0x00,
  0x20, 0xff, 0xff, 0xff, 0x81, 0x00, 0x00, 0x00, 0x4b, 0x00, 0x00, 0x00,
  0xeb, 0xfe, 0xff, 0xff, 0x66, 0xff, 0xff, 0xff, 0x3a, 0xff, 0xff, 0xff,
  0xe9, 0xff, 0xff, 0xff, 0x16, 0x00, 0x00, 0x00, 0xf1, 0xff, 0xff, 0xff,
  0xf7, 0xff, 0xff, 0xff, 0xbf, 0xfe, 0xff, 0xff, 0x6d, 0x00, 0x00, 0x00,
  0x39, 0x00, 0x00, 0x00, 0xd6, 0xff, 0xff, 0xff, 0xef, 0xfe, 0xff, 0xff,
  0x9d, 0xff, 0xff, 0xff, 0xba, 0x00, 0x00, 0x00, 0x0a, 0x00, 0x00, 0x00,
  0x6c, 0xfe, 0xff, 0xff, 0xdd, 0xfe, 0xff, 0xff, 0x98, 0x00, 0x00, 0x00,
  0x1e, 0x00, 0x00, 0x00, 0x0b, 0x01, 0x00, 0x00, 0x1a, 0x00, 0x00, 0x00,
  0x84, 0xff, 0xff, 0xff, 0xc2, 0xff, 0xff, 0xff, 0x7a, 0x00, 0x00, 0x00,
  0xc8, 0x00, 0x00, 0x00, 0xa7, 0xff, 0xff, 0xff, 0xc6, 0xff, 0xff, 0xff,
  0x3a, 0x00, 0x00, 0x00, 0x3f, 0x00, 0x00, 0x00, 0xd9, 0xff, 0xff, 0xff,
  0xc2, 0xa0, 0xff, 0xff, 0x00, 0x00, 0x09, 0x01, 0x60, 0x00, 0x00, 0x00,
  0x15, 0x00, 0x00, 0x00, 0x08, 0x00, 0x00, 0x00, 0x64, 0x00, 0x00, 0x00,
  0x49, 0x00, 0x00, 0x00, 0x74, 0x69, 0x6e, 0x79, 0x5f, 0x6e, 0x69, 0x64,
  0x73, 0x5f, 0x74, 0x72, 0x61, 0x6e, 0x73, 0x66, 0x6f, 0x72, 0x6d, 0x65,
  0x72, 0x5f, 0x31, 0x2f, 0x65, 0x6e, 0x63, 0x6f, 0x64, 0x65, 0x72, 0x5f,
  0x62, 0x6c, 0x6f, 0x63, 0x6b, 0x5f, 0x31, 0x5f, 0x31, 0x2f, 0x6c, 0x61,
  0x79, 0x65, 0x72, 0x5f, 0x6e, 0x6f, 0x72, 0x6d, 0x61, 0x6c, 0x69, 0x7a,
  0x61, 0x74, 0x69, 0x6f, 0x6e, 0x5f, 0x37, 0x5f, 0x31, 0x2f, 0x52, 0x65,
  0x73, 0x68, 0x61, 0x70, 0x65, 0x00, 0x00, 0x00, 0x03, 0x00, 0x00, 0x00,
  0x01, 0x00, 0x00, 0x00, 0x01, 0x00, 0x00, 0x00, 0x40, 0x00, 0x00, 0x00,
  0x54, 0xa4, 0xff, 0xff, 0x18, 0x00, 0x00, 0x00, 0x04, 0x00, 0x00, 0x00,
  0x01, 0x00, 0x00, 0x00, 0x80, 0xff, 0xff, 0xff, 0xff, 0xff, 0xff, 0xff,
  0x00, 0x00, 0x00, 0x00, 0x01, 0x00, 0x00, 0x00, 0x8d, 0x38, 0x87, 0x3b,
  0x06, 0xa1, 0xff, 0xff, 0x04, 0x00, 0x00, 0x00, 0x40, 0x00, 0x00, 0x00,
  0x70, 0x73, 0x71, 0x71, 0x6f, 0x70, 0x71, 0x78, 0x6f, 0x72, 0x72, 0x70,
  0x71, 0x74, 0x69, 0x6f, 0x73, 0x72, 0x70, 0x6e, 0x7d, 0x75, 0x6e, 0x77,
  0x6e, 0x74, 0x71, 0x75, 0x78, 0x75, 0x7f, 0x6e, 0x70, 0x73, 0x76, 0x71,
  0x77, 0x6f, 0x72, 0x72, 0x72, 0x72, 0x6f, 0x73, 0x71, 0x74, 0x73, 0x74,
  0x73, 0x6e, 0x71, 0x73, 0x76, 0x73, 0x6c, 0x74, 0x6e, 0x71, 0x71, 0x71,
  0x70, 0x70, 0x6e, 0x70, 0xaa, 0xa1, 0xff, 0xff, 0x00, 0x00, 0x09, 0x01,
  0x60, 0x00, 0x00, 0x00, 0x14, 0x00, 0x00, 0x00, 0x08, 0x00, 0x00, 0x00,
  0x64, 0x00, 0x00, 0x00, 0x4b, 0x00, 0x00, 0x00, 0x74, 0x69, 0x6e, 0x79,
  0x5f, 0x6e, 0x69, 0x64, 0x73, 0x5f, 0x74, 0x72, 0x61, 0x6e, 0x73, 0x66,
  0x6f, 0x72, 0x6d, 0x65, 0x72, 0x5f, 0x31, 0x2f, 0x65, 0x6e, 0x63, 0x6f,
  0x64, 0x65, 0x72, 0x5f, 0x62, 0x6c, 0x6f, 0x63, 0x6b, 0x5f, 0x31, 0x5f,
  0x31, 0x2f, 0x6c, 0x61, 0x79, 0x65, 0x72, 0x5f, 0x6e, 0x6f, 0x72, 0x6d,
  0x61, 0x6c, 0x69, 0x7a, 0x61, 0x74, 0x69, 0x6f, 0x6e, 0x5f, 0x37, 0x5f,
  0x31, 0x2f, 0x52, 0x65, 0x73, 0x68, 0x61, 0x70, 0x65, 0x5f, 0x31, 0x00,
  0x03, 0x00, 0x00, 0x00, 0x01, 0x00, 0x00, 0x00, 0x01, 0x00, 0x00, 0x00,
  0x40, 0x00, 0x00, 0x00, 0x3c, 0xa5, 0xff, 0xff, 0x18, 0x00, 0x00, 0x00,
  0x04, 0x00, 0x00, 0x00, 0x01, 0x00, 0x00, 0x00, 0x0c, 0x00, 0x00, 0x00,
  0x00, 0x00, 0x00, 0x00, 0x00, 0x00, 0x00, 0x00, 0x01, 0x00, 0x00, 0x00,
  0xe5, 0x4c, 0x53, 0x39, 0xee, 0xa1, 0xff, 0xff, 0x04, 0x00, 0x00, 0x00,
  0x40, 0x00, 0x00, 0x00, 0x16, 0x28, 0xef, 0x37, 0x5e, 0x38, 0xf6, 0xe9,
  0x36, 0x37, 0xb9, 0x27, 0x34, 0xfd, 0xb2, 0xd4, 0x05, 0x2c, 0xe8, 0xd1,
  0xae, 0x28, 0x08, 0xec, 0xf6, 0xc2, 0x1f, 0x2b, 0x16, 0x0b, 0x3c, 0xea,
  0xb1, 0x7f, 0x29, 0x5a, 0xd6, 0xc6, 0x17, 0x2a, 0x39, 0x00, 0xeb, 0x41,
  0x36, 0xe9, 0x1c, 0x4b, 0x19, 0xe3, 0xf4, 0x0d, 0x1c, 0x0d, 0x80, 0x0b,
  0x0a, 0x38, 0xe2, 0x1f, 0x0e, 0xb4, 0xe7, 0xed, 0x92, 0xa2, 0xff, 0xff,
  0x00, 0x00, 0x09, 0x01, 0x6c, 0x00, 0x00, 0x00, 0x13, 0x00, 0x00, 0x00,
  0x08, 0x00, 0x00, 0x00, 0x6c, 0x00, 0x00, 0x00, 0x54, 0x00, 0x00, 0x00,
  0x74, 0x69, 0x6e, 0x79, 0x5f, 0x6e, 0x69, 0x64, 0x73, 0x5f, 0x74, 0x72,
  0x61, 0x6e, 0x73, 0x66, 0x6f, 0x72, 0x6d, 0x65, 0x72, 0x5f, 0x31, 0x2f,
  0x65, 0x6e, 0x63, 0x6f, 0x64, 0x65, 0x72, 0x5f, 0x62, 0x6c, 0x6f, 0x63,
  0x6b, 0x5f, 0x31, 0x5f, 0x31, 0x2f, 0x73, 0x65, 0x71, 0x75, 0x65, 0x6e,
  0x74, 0x69, 0x61, 0x6c, 0x5f, 0x33, 0x5f, 0x31, 0x2f, 0x64, 0x65, 0x6e,
  0x73, 0x65, 0x5f, 0x32, 0x33, 0x5f, 0x31, 0x2f, 0x54, 0x65, 0x6e, 0x73,
  0x6f, 0x72, 0x64, 0x6f, 0x74, 0x2f, 0x4d, 0x61, 0x74, 0x4d, 0x75, 0x6c,
  0x00, 0x00, 0x00, 0x00, 0x02, 0x00, 0x00, 0x00, 0x80, 0x00, 0x00, 0x00,
  0x40, 0x00, 0x00, 0x00, 0x2c, 0xa6, 0xff, 0xff, 0x10, 0x04, 0x00, 0x00,
  0x04, 0x00, 0x00, 0x00, 0x80, 0x00, 0x00, 0x00, 0x00, 0x00, 0x00, 0x00,
  0x00, 0x00, 0x00, 0x00, 0x00, 0x00, 0x00, 0x00, 0x00, 0x00, 0x00, 0x00,
  0x00, 0x00, 0x00, 0x00, 0x00, 0x00, 0x00, 0x00, 0x00, 0x00, 0x00, 0x00,
  0x00, 0x00, 0x00, 0x00, 0x00, 0x00, 0x00, 0x00, 0x00, 0x00, 0x00, 0x00,
  0x00, 0x00, 0x00, 0x00, 0x00, 0x00, 0x00, 0x00, 0x00, 0x00, 0x00, 0x00,
  0x00, 0x00, 0x00, 0x00, 0x00, 0x00, 0x00, 0x00, 0x00, 0x00, 0x00, 0x00,
  0x00, 0x00, 0x00, 0x00, 0x00, 0x00, 0x00, 0x00, 0x00, 0x00, 0x00, 0x00,
  0x00, 0x00, 0x00, 0x00, 0x00, 0x00, 0x00, 0x00, 0x00, 0x00, 0x00, 0x00,
  0x00, 0x00, 0x00, 0x00, 0x00, 0x00, 0x00, 0x00, 0x00, 0x00, 0x00, 0x00,
  0x00, 0x00, 0x00, 0x00, 0x00, 0x00, 0x00, 0x00, 0x00, 0x00, 0x00, 0x00,
  0x00, 0x00, 0x00, 0x00, 0x00, 0x00, 0x00, 0x00, 0x00, 0x00, 0x00, 0x00,
  0x00, 0x00, 0x00, 0x00, 0x00, 0x00, 0x00, 0x00, 0x00, 0x00, 0x00, 0x00,
  0x00, 0x00, 0x00, 0x00, 0x00, 0x00, 0x00, 0x00, 0x00, 0x00, 0x00, 0x00,
  0x00, 0x00, 0x00, 0x00, 0x00, 0x00, 0x00, 0x00, 0x00, 0x00, 0x00, 0x00,
  0x00, 0x00, 0x00, 0x00, 0x00, 0x00, 0x00, 0x00, 0x00, 0x00, 0x00, 0x00,
  0x00, 0x00, 0x00, 0x00, 0x00, 0x00, 0x00, 0x00, 0x00, 0x00, 0x00, 0x00,
  0x00, 0x00, 0x00, 0x00, 0x00, 0x00, 0x00, 0x00, 0x00, 0x00, 0x00, 0x00,
  0x00, 0x00, 0x00, 0x00, 0x00, 0x00, 0x00, 0x00, 0x00, 0x00, 0x00, 0x00,
  0x00, 0x00, 0x00, 0x00, 0x00, 0x00, 0x00, 0x00, 0x00, 0x00, 0x00, 0x00,
  0x00, 0x00, 0x00, 0x00, 0x00, 0x00, 0x00, 0x00, 0x00, 0x00, 0x00, 0x00,
  0x00, 0x00, 0x00, 0x00, 0x00, 0x00, 0x00, 0x00, 0x00, 0x00, 0x00, 0x00,
  0x00, 0x00, 0x00, 0x00, 0x00, 0x00, 0x00, 0x00, 0x00, 0x00, 0x00, 0x00,
  0x00, 0x00, 0x00, 0x00, 0x00, 0x00, 0x00, 0x00, 0x00, 0x00, 0x00, 0x00,
  0x00, 0x00, 0x00, 0x00, 0x00, 0x00, 0x00, 0x00, 0x00, 0x00, 0x00, 0x00,
  0x00, 0x00, 0x00, 0x00, 0x00, 0x00, 0x00, 0x00, 0x00, 0x00, 0x00, 0x00,
  0x00, 0x00, 0x00, 0x00, 0x00, 0x00, 0x00, 0x00, 0x00, 0x00, 0x00, 0x00,
  0x00, 0x00, 0x00, 0x00, 0x00, 0x00, 0x00, 0x00, 0x00, 0x00, 0x00, 0x00,
  0x00, 0x00, 0x00, 0x00, 0x00, 0x00, 0x00, 0x00, 0x00, 0x00, 0x00, 0x00,
  0x00, 0x00, 0x00, 0x00, 0x00, 0x00, 0x00, 0x00, 0x00, 0x00, 0x00, 0x00,
  0x00, 0x00, 0x00, 0x00, 0x00, 0x00, 0x00, 0x00, 0x00, 0x00, 0x00, 0x00,
  0x00, 0x00, 0x00, 0x00, 0x00, 0x00, 0x00, 0x00, 0x00, 0x00, 0x00, 0x00,
  0x00, 0x00, 0x00, 0x00, 0x00, 0x00, 0x00, 0x00, 0x00, 0x00, 0x00, 0x00,
  0x00, 0x00, 0x00, 0x00, 0x00, 0x00, 0x00, 0x00, 0x00, 0x00, 0x00, 0x00,
  0x00, 0x00, 0x00, 0x00, 0x00, 0x00, 0x00, 0x00, 0x00, 0x00, 0x00, 0x00,
  0x00, 0x00, 0x00, 0x00, 0x00, 0x00, 0x00, 0x00, 0x00, 0x00, 0x00, 0x00,
  0x00, 0x00, 0x00, 0x00, 0x00, 0x00, 0x00, 0x00, 0x00, 0x00, 0x00, 0x00,
  0x00, 0x00, 0x00, 0x00, 0x00, 0x00, 0x00, 0x00, 0x00, 0x00, 0x00, 0x00,
  0x00, 0x00, 0x00, 0x00, 0x00, 0x00, 0x00, 0x00, 0x00, 0x00, 0x00, 0x00,
  0x00, 0x00, 0x00, 0x00, 0x00, 0x00, 0x00, 0x00, 0x00, 0x00, 0x00, 0x00,
  0x00, 0x00, 0x00, 0x00, 0x00, 0x00, 0x00, 0x00, 0x00, 0x00, 0x00, 0x00,
  0x00, 0x00, 0x00, 0x00, 0x00, 0x00, 0x00, 0x00, 0x00, 0x00, 0x00, 0x00,
  0x00, 0x00, 0x00, 0x00, 0x00, 0x00, 0x00, 0x00, 0x00, 0x00, 0x00, 0x00,
  0x00, 0x00, 0x00, 0x00, 0x00, 0x00, 0x00, 0x00, 0x00, 0x00, 0x00, 0x00,
  0x00, 0x00, 0x00, 0x00, 0x00, 0x00, 0x00, 0x00, 0x00, 0x00, 0x00, 0x00,
  0x00, 0x00, 0x00, 0x00, 0x00, 0x00, 0x00, 0x00, 0x00, 0x00, 0x00, 0x00,
  0x00, 0x00, 0x00, 0x00, 0x00, 0x00, 0x00, 0x00, 0x00, 0x00, 0x00, 0x00,
  0x00, 0x00, 0x00, 0x00, 0x00, 0x00, 0x00, 0x00, 0x00, 0x00, 0x00, 0x00,
  0x00, 0x00, 0x00, 0x00, 0x00, 0x00, 0x00, 0x00, 0x00, 0x00, 0x00, 0x00,
  0x00, 0x00, 0x00, 0x00, 0x00, 0x00, 0x00, 0x00, 0x00, 0x00, 0x00, 0x00,
  0x00, 0x00, 0x00, 0x00, 0x00, 0x00, 0x00, 0x00, 0x00, 0x00, 0x00, 0x00,
  0x00, 0x00, 0x00, 0x00, 0x00, 0x00, 0x00, 0x00, 0x00, 0x00, 0x00, 0x00,
  0x00, 0x00, 0x00, 0x00, 0x00, 0x00, 0x00, 0x00, 0x00, 0x00, 0x00, 0x00,
  0x00, 0x00, 0x00, 0x00, 0x00, 0x00, 0x00, 0x00, 0x00, 0x00, 0x00, 0x00,
  0x00, 0x00, 0x00, 0x00, 0x00, 0x00, 0x00, 0x00, 0x00, 0x00, 0x00, 0x00,
  0x00, 0x00, 0x00, 0x00, 0x00, 0x00, 0x00, 0x00, 0x00, 0x00, 0x00, 0x00,
  0x00, 0x00, 0x00, 0x00, 0x00, 0x00, 0x00, 0x00, 0x00, 0x00, 0x00, 0x00,
  0x00, 0x00, 0x00, 0x00, 0x00, 0x00, 0x00, 0x00, 0x00, 0x00, 0x00, 0x00,
  0x00, 0x00, 0x00, 0x00, 0x00, 0x00, 0x00, 0x00, 0x00, 0x00, 0x00, 0x00,
  0x00, 0x00, 0x00, 0x00, 0x00, 0x00, 0x00, 0x00, 0x00, 0x00, 0x00, 0x00,
  0x00, 0x00, 0x00, 0x00, 0x00, 0x00, 0x00, 0x00, 0x00, 0x00, 0x00, 0x00,
  0x00, 0x00, 0x00, 0x00, 0x00, 0x00, 0x00, 0x00, 0x00, 0x00, 0x00, 0x00,
  0x00, 0x00, 0x00, 0x00, 0x00, 0x00, 0x00, 0x00, 0x00, 0x00, 0x00, 0x00,
  0x00, 0x00, 0x00, 0x00, 0x00, 0x00, 0x00, 0x00, 0x00, 0x00, 0x00, 0x00,
  0x00, 0x00, 0x00, 0x00, 0x00, 0x00, 0x00, 0x00, 0x00, 0x00, 0x00, 0x00,
  0x00, 0x00, 0x00, 0x00, 0x00, 0x00, 0x00, 0x00, 0x00, 0x00, 0x00, 0x00,
  0x00, 0x00, 0x00, 0x00, 0x00, 0x00, 0x00, 0x00, 0x00, 0x00, 0x00, 0x00,
  0x00, 0x00, 0x00, 0x00, 0x00, 0x00, 0x00, 0x00, 0x00, 0x00, 0x00, 0x00,
  0x00, 0x00, 0x00, 0x00, 0x00, 0x00, 0x00, 0x00, 0x00, 0x00, 0x00, 0x00,
  0x00, 0x00, 0x00, 0x00, 0x00, 0x00, 0x00, 0x00, 0x00, 0x00, 0x00, 0x00,
  0x00, 0x00, 0x00, 0x00, 0x00, 0x00, 0x00, 0x00, 0x00, 0x00, 0x00, 0x00,
  0x00, 0x00, 0x00, 0x00, 0x00, 0x00, 0x00, 0x00, 0x00, 0x00, 0x00, 0x00,
  0x00, 0x00, 0x00, 0x00, 0x00, 0x00, 0x00, 0x00, 0x00, 0x00, 0x00, 0x00,
  0x00, 0x00, 0x00, 0x00, 0x00, 0x00, 0x00, 0x00, 0x00, 0x00, 0x00, 0x00,
  0x00, 0x00, 0x00, 0x00, 0x00, 0x00, 0x00, 0x00, 0x00, 0x00, 0x00, 0x00,
  0x00, 0x00, 0x00, 0x00, 0x00, 0x00, 0x00, 0x00, 0x00, 0x00, 0x00, 0x00,
  0x00, 0x00, 0x00, 0x00, 0x00, 0x00, 0x00, 0x00, 0x00, 0x00, 0x00, 0x00,
  0x00, 0x00, 0x00, 0x00, 0x00, 0x00, 0x00, 0x00, 0x00, 0x00, 0x00, 0x00,
  0x00, 0x00, 0x00, 0x00, 0x00, 0x00, 0x00, 0x00, 0x00, 0x00, 0x00, 0x00,
  0x00, 0x00, 0x00, 0x00, 0x00, 0x00, 0x00, 0x00, 0x00, 0x00, 0x00, 0x00,
  0x00, 0x00, 0x00, 0x00, 0x00, 0x00, 0x00, 0x00, 0x00, 0x00, 0x00, 0x00,
  0x00, 0x00, 0x00, 0x00, 0x00, 0x00, 0x00, 0x00, 0x00, 0x00, 0x00, 0x00,
  0x00, 0x00, 0x00, 0x00, 0x00, 0x00, 0x00, 0x00, 0x00, 0x00, 0x00, 0x00,
  0x00, 0x00, 0x00, 0x00, 0x00, 0x00, 0x00, 0x00, 0x00, 0x00, 0x00, 0x00,
  0x00, 0x00, 0x00, 0x00, 0x00, 0x00, 0x00, 0x00, 0x00, 0x00, 0x00, 0x00,
  0x00, 0x00, 0x00, 0x00, 0x00, 0x00, 0x00, 0x00, 0x00, 0x00, 0x00, 0x00,
  0x00, 0x00, 0x00, 0x00, 0x00, 0x00, 0x00, 0x00, 0x00, 0x00, 0x00, 0x00,
  0x00, 0x00, 0x00, 0x00, 0x80, 0x00, 0x00, 0x00, 0x32, 0xe9, 0xd9, 0x3a,
  0x41, 0x9b, 0xab, 0x3a, 0x32, 0xe9, 0xd9, 0x3a, 0xdf, 0xe9, 0xba, 0x3a,
  0x82, 0xbf, 0xbc, 0x3a, 0xbc, 0x54, 0xde, 0x3a, 0x32, 0xe9, 0xd9, 0x3a,
  0xbc, 0x54, 0xde, 0x3a, 0x82, 0xbf, 0xbc, 0x3a, 0xdf, 0xe9, 0xba, 0x3a,
  0x82, 0xbf, 0xbc, 0x3a, 0x32, 0xe9, 0xd9, 0x3a, 0x32, 0xe9, 0xd9, 0x3a,
  0x82, 0xbf, 0xbc, 0x3a, 0x82, 0xbf, 0xbc, 0x3a, 0x82, 0xbf, 0xbc, 0x3a,
  0x82, 0xbf, 0xbc, 0x3a, 0x82, 0xbf, 0xbc, 0x3a, 0xbc, 0x54, 0xde, 0x3a,
  0x82, 0xbf, 0xbc, 0x3a, 0x82, 0xbf, 0xbc, 0x3a, 0xdf, 0xe9, 0xba, 0x3a,
  0x32, 0xe9, 0xd9, 0x3a, 0x41, 0x9b, 0xab, 0x3a, 0x82, 0xbf, 0xbc, 0x3a,
  0xbc, 0x54, 0xde, 0x3a, 0x41, 0x9b, 0xab, 0x3a, 0x82, 0xbf, 0xbc, 0x3a,
  0x82, 0xbf, 0xbc, 0x3a, 0x41, 0x9b, 0xab, 0x3a, 0x82, 0xbf, 0xbc, 0x3a,
  0x32, 0xe9, 0xd9, 0x3a, 0x82, 0xbf, 0xbc, 0x3a, 0xdf, 0xe9, 0xba, 0x3a,
  0xbc, 0x54, 0xde, 0x3a, 0x82, 0xbf, 0xbc, 0x3a, 0xbc, 0x54, 0xde, 0x3a,
  0x82, 0xbf, 0xbc, 0x3a, 0x82, 0xbf, 0xbc, 0x3a, 0x82, 0xbf, 0xbc, 0x3a,
  0xdf, 0xe9, 0xba, 0x3a, 0x82, 0xbf, 0xbc, 0x3a, 0x82, 0xbf, 0xbc, 0x3a,
  0xbc, 0x54, 0xde, 0x3a, 0xdf, 0xe9, 0xba, 0x3a, 0x82, 0xbf, 0xbc, 0x3a,
  0x82, 0xbf, 0xbc, 0x3a, 0xbc, 0x54, 0xde, 0x3a, 0x32, 0xe9, 0xd9, 0x3a,
  0x32, 0xe9, 0xd9, 0x3a, 0x82, 0xbf, 0xbc, 0x3a, 0x82, 0xbf, 0xbc, 0x3a,
  0x82, 0xbf, 0xbc, 0x3a, 0x82, 0xbf, 0xbc, 0x3a, 0xdf, 0xe9, 0xba, 0x3a,
  0x82, 0xbf, 0xbc, 0x3a, 0x32, 0xe9, 0xd9, 0x3a, 0x82, 0xbf, 0xbc, 0x3a,
  0x82, 0xbf, 0xbc, 0x3a, 0x82, 0xbf, 0xbc, 0x3a, 0x82, 0xbf, 0xbc, 0x3a,
  0x82, 0xbf, 0xbc, 0x3a, 0x82, 0xbf, 0xbc, 0x3a, 0x82, 0xbf, 0xbc, 0x3a,
  0x41, 0x9b, 0xab, 0x3a, 0xbc, 0x54, 0xde, 0x3a, 0x32, 0xe9, 0xd9, 0x3a,
  0x82, 0xbf, 0xbc, 0x3a, 0xbc, 0x54, 0xde, 0x3a, 0x82, 0xbf, 0xbc, 0x3a,
  0x32, 0xe9, 0xd9, 0x3a, 0x82, 0xbf, 0xbc, 0x3a, 0xdf, 0xe9, 0xba, 0x3a,
  0x82, 0xbf, 0xbc, 0x3a, 0x41, 0x9b, 0xab, 0x3a, 0x82, 0xbf, 0xbc, 0x3a,
  0xdf, 0xe9, 0xba, 0x3a, 0x82, 0xbf, 0xbc, 0x3a, 0x82, 0xbf, 0xbc, 0x3a,
  0xbc, 0x54, 0xde, 0x3a, 0x82, 0xbf, 0xbc, 0x3a, 0xbc, 0x54, 0xde, 0x3a,
  0x82, 0xbf, 0xbc, 0x3a, 0x82, 0xbf, 0xbc, 0x3a, 0xdf, 0xe9, 0xba, 0x3a,
  0x82, 0xbf, 0xbc, 0x3a, 0xdf, 0xe9, 0xba, 0x3a, 0x82, 0xbf, 0xbc, 0x3a,
  0x32, 0xe9, 0xd9, 0x3a, 0x82, 0xbf, 0xbc, 0x3a, 0x82, 0xbf, 0xbc, 0x3a,
  0x82, 0xbf, 0xbc, 0x3a, 0x82, 0xbf, 0xbc, 0x3a, 0x32, 0xe9, 0xd9, 0x3a,
  0xdf, 0xe9, 0xba, 0x3a, 0x82, 0xbf, 0xbc, 0x3a, 0x82, 0xbf, 0xbc, 0x3a,
  0xdf, 0xe9, 0xba, 0x3a, 0xdf, 0xe9, 0xba, 0x3a, 0x82, 0xbf, 0xbc, 0x3a,
  0x82, 0xbf, 0xbc, 0x3a, 0x82, 0xbf, 0xbc, 0x3a, 0x32, 0xe9, 0xd9, 0x3a,
  0xdf, 0xe9, 0xba, 0x3a, 0xdf, 0xe9, 0xba, 0x3a, 0x41, 0x9b, 0xab, 0x3a,
  0x82, 0xbf, 0xbc, 0x3a, 0x41, 0x9b, 0xab, 0x3a, 0x82, 0xbf, 0xbc, 0x3a,
  0x82, 0xbf, 0xbc, 0x3a, 0xbc, 0x54, 0xde, 0x3a, 0x82, 0xbf, 0xbc, 0x3a,
  0xbc, 0x54, 0xde, 0x3a, 0xdf, 0xe9, 0xba, 0x3a, 0xbc, 0x54, 0xde, 0x3a,
  0xdf, 0xe9, 0xba, 0x3a, 0xdf, 0xe9, 0xba, 0x3a, 0xbc, 0x54, 0xde, 0x3a,
  0xdf, 0xe9, 0xba, 0x3a, 0xdf, 0xe9, 0xba, 0x3a, 0x82, 0xbf, 0xbc, 0x3a,
  0x82, 0xbf, 0xbc, 0x3a, 0x82, 0xbf, 0xbc, 0x3a, 0x82, 0xbf, 0xbc, 0x3a,
  0x41, 0x9b, 0xab, 0x3a, 0x32, 0xe9, 0xd9, 0x3a, 0xbc, 0x54, 0xde, 0x3a,
  0xdf, 0xe9, 0xba, 0x3a, 0xd2, 0xa8, 0xff, 0xff, 0x04, 0x00, 0x00, 0x00,
  0x00, 0x20, 0x00, 0x00, 0x00, 0x00, 0x00, 0x41, 0x5a, 0x00, 0x00, 0xae,
  0x5a, 0xb6, 0x9c, 0xa5, 0x00, 0xae, 0x41, 0x00, 0x49, 0x49, 0x6d, 0x00,
  0x7f, 0x00, 0x00, 0x00, 0x00, 0x00, 0x00, 0xbe, 0x41, 0x00, 0xb6, 0x00,
  0x00, 0x6d, 0x00, 0x00, 0x9c, 0xa5, 0x00, 0x00, 0x5a, 0x6d, 0xb6, 0x00,
  0x00, 0x00, 0x49, 0x00, 0x00, 0xb6, 0xbe, 0x00, 0x00, 0x00, 0x00, 0xb6,
  0x9c, 0x00, 0xa5, 0xc7, 0x39, 0x00, 0x00, 0x00, 0x00, 0x5d, 0x00, 0x00,
  0x00, 0x81, 0x81, 0x81, 0x00, 0x00, 0x00, 0x00, 0x00, 0x5d, 0x00, 0x00,
  0x00, 0x72, 0x00, 0x72, 0x72, 0x00, 0x00, 0x00, 0x00, 0x7d, 0x00, 0x67,
  0x7d, 0x00, 0x00, 0x53, 0x00, 0x49, 0x00, 0x72, 0x8d, 0x81, 0x00, 0x00,
  0x00, 0x7d, 0x00, 0x67, 0x97, 0x00, 0x00, 0x97, 0xa2, 0x8d, 0xa2, 0x00,
  0xa2, 0x00, 0x72, 0x8d, 0x67, 0x00, 0x00, 0x00, 0x53, 0x00, 0x00, 0x00,
  0x00, 0x00, 0xc7, 0xc7, 0xc7, 0x00, 0xc7, 0x00, 0x00, 0x00, 0xc7, 0x00,
  0x00, 0xc7, 0xbe, 0x00, 0x00, 0x00, 0xae, 0x00, 0x00, 0x41, 0xc7, 0x00,
  0x9c, 0x00, 0x00, 0x00, 0xae, 0x51, 0x49, 0x00, 0x00, 0x00, 0x41, 0x00,
  0x00, 0xbe, 0x51, 0x00, 0xa5, 0x9c, 0x39, 0x41, 0xc7, 0xb6, 0x00, 0xbe,
  0xa5, 0x00, 0x00, 0x00, 0xbe, 0x00, 0xc7, 0x00, 0x00, 0xb6, 0x7f, 0x00,
  0x00, 0x00, 0xae, 0xb6, 0x00, 0xb3, 0x00, 0x00, 0x00, 0x7f, 0x68, 0x4c,
  0x00, 0x00, 0xb3, 0xa0, 0xb3, 0x00, 0x00, 0x00, 0x00, 0x00, 0x00, 0x4c,
  0x00, 0x73, 0x73, 0x00, 0x4c, 0x00, 0x00, 0x00, 0x96, 0x00, 0x43, 0x96,
  0xbd, 0xaa, 0x55, 0x00, 0x00, 0x68, 0x00, 0x73, 0xbd, 0x00, 0x55, 0xa0,
  0xbd, 0x00, 0x00, 0x00, 0x00, 0xb3, 0x96, 0x00, 0x4c, 0x68, 0x00, 0xaa,
  0x96, 0xbd, 0x00, 0x43, 0x00, 0x00, 0x7f, 0x00, 0x00, 0x00, 0x4b, 0x97,
  0xa1, 0xab, 0x00, 0xa1, 0x00, 0x00, 0xbe, 0x81, 0x71, 0x5d, 0x7e, 0x54,
  0x5d, 0x00, 0x00, 0x00, 0x00, 0x8d, 0xbe, 0x00, 0x00, 0x00, 0xab, 0x00,
  0x42, 0x5d, 0x00, 0xab, 0x00, 0x00, 0xb4, 0x00, 0x00, 0x81, 0x00, 0x67,
  0x00, 0x81, 0x00, 0x00, 0x00, 0xab, 0xb4, 0x00, 0xb4, 0x67, 0x00, 0x00,
  0x00, 0x00, 0x00, 0x00, 0xa1, 0x00, 0x00, 0x7e, 0xb4, 0x00, 0x00, 0x00,
  0x00, 0x38, 0x00, 0x58, 0x00, 0x00, 0xaf, 0x38, 0x00, 0x40, 0x00, 0x00,
  0x00, 0x00, 0xa7, 0x81, 0x00, 0x00, 0x00, 0x00, 0x00, 0x4f, 0x00, 0x00,
  0x00, 0x38, 0x40, 0xa7, 0x48, 0x40, 0xb7, 0xc0, 0x00, 0x94, 0x00, 0x00,
  0xc0, 0xa7, 0x00, 0x00, 0x9e, 0x00, 0x00, 0x00, 0x00, 0x00, 0x4f, 0x00,
  0x9e, 0x00, 0x4f, 0x00, 0x00, 0x94, 0xb7, 0x00, 0x00, 0x00, 0x6b, 0x38,
  0x00, 0xaf, 0x7c, 0x00, 0x39, 0x5a, 0x00, 0x41, 0x00, 0x00, 0x00, 0x39,
  0x62, 0x00, 0x49, 0x5a, 0x00, 0x00, 0x00, 0x00, 0xb6, 0x00, 0x00, 0x00,
  0x9c, 0x62, 0x49, 0x00, 0x00, 0x00, 0x00, 0x00, 0x5a, 0x00, 0x49, 0x00,
  0x00, 0x00, 0x62, 0x00, 0x7f, 0x5a, 0x41, 0xae, 0xae, 0x00, 0xa5, 0x00,
  0xc7, 0x00, 0x00, 0x62, 0xae, 0xc7, 0x00, 0xb6, 0x00, 0x00, 0x00, 0x7f,
  0xae, 0xae, 0x00, 0xae, 0xbe, 0x00, 0x00, 0x9c, 0x00, 0x94, 0x40, 0x60,
  0x48, 0x00, 0x7c, 0x7c, 0x38, 0x6b, 0x40, 0xb7, 0x7c, 0x00, 0xb7, 0xc8,
  0x4f, 0x00, 0x00, 0xb7, 0x00, 0xaf, 0x00, 0x00, 0x4f, 0x00, 0x94, 0x38,
  0x00, 0xc8, 0x58, 0x58, 0x6b, 0x00, 0x58, 0x00, 0x4f, 0x00, 0x00, 0x00,
  0x40, 0x81, 0x94, 0xc0, 0x00, 0x40, 0x00, 0x00, 0x38, 0x00, 0x00, 0x94,
  0xaf, 0x00, 0x40, 0x00, 0x58, 0xc8, 0x00, 0x00, 0x00, 0x00, 0x48, 0x00,
  0x81, 0x7e, 0x00, 0x00, 0xa1, 0x00, 0x67, 0x00, 0x42, 0x00, 0x42, 0x97,
  0x00, 0x00, 0xa1, 0x4b, 0x00, 0x4b, 0x54, 0x7e, 0x54, 0x00, 0x97, 0x00,
  0x00, 0x00, 0x00, 0x00, 0x00, 0x00, 0xa1, 0x81, 0x5d, 0xa1, 0x4b, 0x54,
  0x5d, 0x00, 0x00, 0x00, 0x5d, 0x00, 0x00, 0x00, 0x00, 0x00, 0x00, 0x00,
  0x67, 0x71, 0x00, 0xab, 0x00, 0x42, 0x54, 0xbe, 0x00, 0xab, 0x00, 0x00,
  0x71, 0x8d, 0x00, 0x00, 0x00, 0xa0, 0xa0, 0x96, 0x00, 0x5e, 0x00, 0xbd,
  0x4c, 0x00, 0x00, 0xb3, 0x00, 0x5e, 0x00, 0x68, 0x00, 0x00, 0x00, 0x00,
  0x8b, 0x68, 0x00, 0x00, 0xa0, 0x00, 0x73, 0x73, 0x4c, 0x8b, 0x00, 0x00,
  0x00, 0x00, 0x68, 0xa0, 0x00, 0x96, 0x5e, 0x00, 0x00, 0x96, 0x00, 0x00,
  0x00, 0x00, 0x73, 0x00, 0x7f, 0xbd, 0x00, 0xb3, 0xbd, 0x68, 0x00, 0x00,
  0xa0, 0x73, 0x00, 0x55, 0x00, 0xa0, 0xbd, 0x5e, 0x67, 0x00, 0x00, 0x42,
  0x00, 0x00, 0x97, 0x00, 0xa1, 0x5d, 0x00, 0xab, 0x00, 0x4b, 0xbe, 0x00,
  0x7e, 0x00, 0x00, 0x97, 0x00, 0x81, 0xa1, 0x81, 0x00, 0x71, 0x00, 0xbe,
  0x81, 0x00, 0x00, 0x4b, 0x71, 0x4b, 0x00, 0x00, 0x00, 0xab, 0x42, 0x00,
  0x00, 0x81, 0x00, 0x54, 0x00, 0xa1, 0x97, 0x4b, 0x00, 0x00, 0x00, 0x71,
  0x5d, 0x00, 0x00, 0x00, 0x67, 0xa1, 0x5d, 0x00, 0x4b, 0x81, 0x81, 0x00,
  0x5a, 0x00, 0x00, 0x00, 0x00, 0x6d, 0x51, 0x92, 0xa5, 0x00, 0x00, 0x00,
  0x9c, 0x39, 0x00, 0x00, 0xa5, 0x00, 0x49, 0x49, 0x00, 0xae, 0x00, 0x51,
  0x51, 0x49, 0x00, 0x00, 0x00, 0x41, 0x00, 0x00, 0x00, 0x00, 0x6d, 0x00,
  0xae, 0x6d, 0x5a, 0x00, 0x9c, 0xae, 0x51, 0xbe, 0x00, 0x7f, 0xbe, 0x00,
  0x00, 0x00, 0x9c, 0x9c, 0xb6, 0x00, 0x00, 0x51, 0x00, 0x00, 0x00, 0x62,
  0x00, 0x00, 0xa5, 0x00, 0x51, 0x92, 0xb6, 0xbe, 0x00, 0xb6, 0x00, 0x00,
  0x00, 0x00, 0x00, 0xae, 0x00, 0x62, 0x00, 0x00, 0x00, 0x00, 0x00, 0xbe,
  0xc7, 0x00, 0xc7, 0x00, 0x00, 0x41, 0x9c, 0x62, 0x62, 0x49, 0x00, 0xbe,
  0xbe, 0xc7, 0x49, 0x00, 0x00, 0x6d, 0x00, 0xae, 0x00, 0x00, 0x00, 0x00,
  0xae, 0x00, 0x7f, 0x00, 0x00, 0x49, 0x62, 0x51, 0xb6, 0x00, 0xb6, 0x5a,
  0x00, 0x00, 0x92, 0xbe, 0x00, 0x00, 0xbe, 0x00, 0x00, 0x00, 0x4b, 0x81,
  0x00, 0xb4, 0x00, 0x00, 0xa1, 0x00, 0x00, 0x5d, 0x00, 0x7e, 0x00, 0x00,
  0x5d, 0x67, 0x00, 0x00, 0x00, 0x00, 0xb4, 0x54, 0x5d, 0x00, 0x54, 0x00,
  0xab, 0x67, 0x00, 0x5d, 0x67, 0x00, 0x42, 0x00, 0x7e, 0x00, 0x00, 0x00,
  0x71, 0x54, 0xa1, 0x54, 0xa1, 0x00, 0x67, 0xa1, 0x00, 0xab, 0x00, 0x67,
  0x42, 0x42, 0x71, 0x00, 0x54, 0x00, 0x7e, 0x00, 0x67, 0x42, 0x5d, 0x00,
  0x00, 0x00, 0x4b, 0x00, 0x54, 0x00, 0x00, 0x8d, 0x00, 0xb4, 0x00, 0x81,
  0x00, 0x00, 0x5d, 0x00, 0x00, 0x00, 0x00, 0xbe, 0x00, 0x00, 0xbe, 0x5d,
  0xbe, 0x00, 0x00, 0x00, 0x00, 0x00, 0x00, 0xab, 0x00, 0x00, 0x00, 0x71,
  0xbe, 0x00, 0x00, 0x00, 0x71, 0x00, 0xa1, 0x00, 0x4b, 0x00, 0x8d, 0x54,
  0x4b, 0x00, 0x5d, 0xb4, 0xbe, 0x42, 0x00, 0xb4, 0x00, 0x54, 0x00, 0x42,
  0x8d, 0xa1, 0x00, 0x00, 0xbe, 0x7e, 0x8d, 0x71, 0x97, 0x00, 0xa1, 0x67,
  0x81, 0x00, 0xb4, 0x5d, 0x00, 0xa1, 0x00, 0x00, 0x8d, 0x81, 0x00, 0xa1,
  0x00, 0x00, 0x97, 0x00, 0x97, 0x00, 0x00, 0x67, 0x00, 0x00, 0x00, 0x00,
  0x00, 0x00, 0x00, 0x4b, 0x54, 0x4b, 0x00, 0x7e, 0xab, 0xa1, 0x42, 0xab,
  0xb4, 0x8d, 0xb4, 0x54, 0x00, 0x00, 0xbe, 0x00, 0x54, 0x00, 0x00, 0x00,
  0x00, 0x5d, 0x5d, 0x00, 0xa1, 0x00, 0x00, 0x97, 0x00, 0x4b, 0x00, 0x00,
  0x00, 0x00, 0xbe, 0xab, 0xb4, 0x97, 0x71, 0x00, 0x00, 0x00, 0x00, 0x00,
  0x00, 0x00, 0x00, 0x8d, 0x00, 0xab, 0x00, 0x00, 0x71, 0x81, 0xb4, 0x00,
  0x8d, 0x00, 0xbe, 0x67, 0x42, 0x00, 0x67, 0x54, 0x4b, 0x00, 0x00, 0x00,
  0x00, 0x00, 0x8d, 0xb4, 0x00, 0xb4, 0x00, 0x00, 0x42, 0x00, 0x00, 0x00,
  0xa1, 0x00, 0xb4, 0x00, 0x97, 0x00, 0xbe, 0xa1, 0x4b, 0xa1, 0x00, 0x00,
  0xb4, 0x42, 0x00, 0x8d, 0x8d, 0x00, 0x00, 0x42, 0x00, 0xbe, 0x8d, 0xab,
  0xa1, 0x42, 0x00, 0x67, 0x7e, 0x42, 0xbe, 0x42, 0x00, 0x71, 0x54, 0x00,
  0x00, 0x4b, 0xbe, 0x5d, 0x97, 0x00, 0x67, 0x00, 0x00, 0x00, 0x00, 0x71,
  0x00, 0x71, 0x97, 0x81, 0x4b, 0x5d, 0x97, 0x00, 0xab, 0xa1, 0x4b, 0xbe,
  0x42, 0x00, 0x00, 0x00, 0x00, 0x54, 0xb4, 0x81, 0x8d, 0x00, 0x00, 0xbe,
  0x00, 0x00, 0x00, 0xa1, 0x00, 0xa7, 0x00, 0x00, 0x00, 0x40, 0x40, 0xaf,
  0x00, 0xc0, 0x40, 0xb7, 0x00, 0x40, 0x00, 0x00, 0x00, 0x48, 0x40, 0x00,
  0x81, 0x00, 0xc8, 0x9e, 0x00, 0x00, 0x40, 0x60, 0xaf, 0x00, 0x58, 0xb7,
  0x00, 0x00, 0x6b, 0x00, 0xc0, 0x00, 0x7c, 0x00, 0xc8, 0x00, 0x00, 0x00,
  0xa7, 0x6b, 0x00, 0x00, 0x00, 0x00, 0xc8, 0x00, 0x00, 0x00, 0x4f, 0xb7,
  0x00, 0x00, 0xb7, 0xc8, 0x00, 0x00, 0xa7, 0x4f, 0xab, 0xa1, 0x00, 0x00,
  0x00, 0x00, 0xbe, 0xbe, 0xa1, 0xa1, 0x4b, 0x00, 0x00, 0x00, 0x00, 0xbe,
  0x00, 0x00, 0x97, 0x97, 0xa1, 0x5d, 0x00, 0x5d, 0x00, 0xb4, 0x42, 0x7e,
  0x00, 0x81, 0x7e, 0x00, 0x00, 0x00, 0x00, 0x00, 0x4b, 0x7e, 0xa1, 0x8d,
  0x67, 0x81, 0x81, 0xbe, 0x71, 0x5d, 0x5d, 0xab, 0x00, 0xab, 0x8d, 0x7e,
  0x00, 0x54, 0x00, 0x00, 0xb4, 0x00, 0x5d, 0x00, 0x4b, 0x81, 0x00, 0x7e,
  0x8d, 0xa1, 0x00, 0x42, 0x00, 0x54, 0x00, 0x5d, 0xb4, 0x00, 0x00, 0x00,
  0xa1, 0xa1, 0x00, 0x81, 0x97, 0x97, 0x97, 0x71, 0x00, 0x71, 0x00, 0x00,
  0xa1, 0x00, 0xab, 0x00, 0x71, 0x42, 0xbe, 0x00, 0xab, 0x8d, 0xa1, 0xa1,
  0x81, 0xbe, 0xab, 0x5d, 0x71, 0x00, 0x71, 0x00, 0xbe, 0xbe, 0x00, 0x71,
  0x42, 0x7e, 0xa1, 0x00, 0x8d, 0x00, 0xab, 0x5d, 0x00, 0x00, 0x54, 0x67,
  0xbe, 0x00, 0x00, 0x54, 0x96, 0x00, 0x7f, 0xa0, 0x00, 0x8b, 0xbd, 0x00,
  0x00, 0x00, 0x00, 0x00, 0x00, 0x4c, 0x00, 0xaa, 0xaa, 0x5e, 0x00, 0x00,
  0x68, 0x00, 0x55, 0x00, 0x96, 0xb3, 0x4c, 0x00, 0x4c, 0x00, 0xbd, 0x68,
  0x00, 0x55, 0x7f, 0x00, 0x00, 0xa0, 0x68, 0x5e, 0x68, 0x00, 0xb3, 0x43,
  0x00, 0x43, 0xaa, 0x8b, 0x43, 0x43, 0x00, 0x00, 0x43, 0x00, 0x68, 0x00,
  0x00, 0x00, 0x00, 0x8b, 0xb3, 0xaa, 0x00, 0x96, 0x49, 0x00, 0x62, 0x00,
  0xbe, 0x00, 0x00, 0x00, 0xae, 0xb6, 0x62, 0x00, 0x00, 0x5a, 0x00, 0x49,
  0x00, 0x49, 0x49, 0xae, 0x00, 0x5a, 0xae, 0x00, 0x49, 0x00, 0x9c, 0x7f,
  0x00, 0x00, 0xb6, 0xbe, 0x00, 0x00, 0x5a, 0x00, 0x00, 0x62, 0x5a, 0x00,
  0x9c, 0x9c, 0xbe, 0x00, 0x00, 0x00, 0x00, 0x51, 0x49, 0x00, 0x39, 0x5a,
  0x62, 0xbe, 0x00, 0x00, 0x00, 0x00, 0x41, 0x00, 0xa5, 0x00, 0xbe, 0x00,
  0x00, 0x49, 0xa2, 0xad, 0x00, 0x00, 0x00, 0x00, 0x00, 0x00, 0x00, 0x00,
  0x7d, 0x00, 0x49, 0x00, 0x5d, 0x00, 0x00, 0x5d, 0x00, 0x72, 0x00, 0x00,
  0xad, 0x8d, 0x00, 0x81, 0x00, 0x00, 0x00, 0x00, 0x00, 0x8d, 0x00, 0x67,
  0x8d, 0x00, 0x00, 0x00, 0xa2, 0x00, 0x00, 0x7d, 0x49, 0x49, 0x00, 0x97,
  0x97, 0x81, 0x00, 0x00, 0xad, 0x5d, 0x00, 0x00, 0x00, 0x00, 0x00, 0x7d,
  0x00, 0x00, 0x00, 0x00, 0x00, 0x67, 0x00, 0x00, 0x00, 0x5d, 0x67, 0xab,
  0x00, 0x00, 0x5d, 0x8d, 0x00, 0x54, 0x00, 0x5d, 0x54, 0x00, 0x71, 0x4b,
  0x81, 0x00, 0x42, 0xb4, 0xb4, 0x00, 0x00, 0xb4, 0x00, 0x71, 0x00, 0x00,
  0xb4, 0x5d, 0xb4, 0xbe, 0x5d, 0x00, 0x42, 0x00, 0x5d, 0xa1, 0x00, 0x67,
  0x00, 0x00, 0x00, 0x8d, 0x7e, 0xa1, 0x81, 0x00, 0x00, 0x00, 0x00, 0x00,
  0x00, 0x00, 0x00, 0x00, 0xb4, 0x00, 0x8d, 0xb4, 0x00, 0x60, 0xaf, 0x00,
  0x40, 0x48, 0xb7, 0x00, 0x00, 0x00, 0x00, 0xc0, 0x00, 0x94, 0x00, 0x00,
  0x38, 0x4f, 0x00, 0x00, 0x00, 0x00, 0x00, 0x4f, 0xa7, 0x4f, 0x00, 0x40,
  0xc8, 0xb7, 0x00, 0xc8, 0x00, 0x9e, 0xc0, 0xaf, 0x48, 0x58, 0x00, 0xc8,
  0x00, 0xb7, 0xb7, 0xc8, 0x58, 0x00, 0x38, 0x00, 0x81, 0xb7, 0x00, 0x40,
  0x00, 0x00, 0x58, 0x00, 0x40, 0x00, 0x40, 0x00, 0x00, 0x00, 0x38, 0x00,
  0x49, 0x00, 0xad, 0xad, 0x81, 0x5d, 0x81, 0x81, 0x00, 0x72, 0x00, 0x72,
  0x00, 0x00, 0xa2, 0x00, 0x8d, 0xad, 0x8d, 0x7d, 0x00, 0x00, 0x53, 0x7d,
  0xa2, 0x53, 0x00, 0x00, 0xb7, 0x49, 0xb7, 0x5d, 0x7d, 0x5d, 0x00, 0x49,
  0xa2, 0x97, 0x00, 0x97, 0x97, 0x00, 0x00, 0x00, 0x7d, 0xb7, 0x67, 0x67,
  0x00, 0x5d, 0x00, 0x00, 0x97, 0x00, 0xad, 0x00, 0x00, 0x00, 0x81, 0x00,
  0x8d, 0x00, 0x81, 0x00, 0x00, 0x00, 0x42, 0x00, 0x42, 0x00, 0x7e, 0x00,
  0x00, 0xbe, 0x00, 0x71, 0x00, 0x71, 0x81, 0x00, 0x00, 0xb4, 0x67, 0x00,
  0x00, 0x00, 0x00, 0xb4, 0x97, 0xa1, 0x00, 0x00, 0x00, 0x00, 0xa1, 0x00,
  0x00, 0x54, 0x7e, 0x00, 0x67, 0x00, 0x4b, 0x00, 0xa1, 0x42, 0x00, 0x00,
  0xab, 0x00, 0x00, 0x00, 0x00, 0x00, 0x00, 0x8d, 0x00, 0xb4, 0x00, 0x00,
  0x00, 0x81, 0x00, 0xab, 0x00, 0x97, 0xbe, 0x8d, 0x00, 0x00, 0x00, 0xb4,
  0x00, 0x67, 0xa1, 0x97, 0x00, 0x00, 0x00, 0x67, 0x00, 0x54, 0xa1, 0xb4,
  0x00, 0x00, 0x81, 0x00, 0x00, 0xa1, 0x71, 0x54, 0x00, 0x8d, 0xab, 0x00,
  0x00, 0x5d, 0x97, 0x5d, 0x5d, 0x00, 0x00, 0x54, 0x00, 0x7e, 0x00, 0x00,
  0x71, 0x00, 0x00, 0x00, 0xab, 0x00, 0x00, 0x81, 0x5d, 0x00, 0x00, 0x4b,
  0x5d, 0x97, 0x00, 0x5d, 0xa1, 0xa1, 0x00, 0x00, 0x67, 0x00, 0x97, 0x00,
  0xb7, 0x00, 0x00, 0x00, 0x7d, 0x00, 0xad, 0x00, 0xad, 0x00, 0x00, 0x00,
  0x00, 0x00, 0x00, 0x00, 0x49, 0x53, 0x97, 0xb7, 0x00, 0x5d, 0x72, 0x00,
  0x00, 0x00, 0x7d, 0x53, 0x49, 0x00, 0x00, 0xad, 0x8d, 0x00, 0x00, 0x00,
  0x00, 0x97, 0xad, 0x00, 0x00, 0x53, 0x00, 0x72, 0x72, 0x5d, 0x81, 0x81,
  0x00, 0x00, 0xb7, 0x00, 0xb7, 0x67, 0xad, 0x00, 0x00, 0xad, 0x49, 0x00,
  0x49, 0x00, 0x00, 0x00, 0x00, 0x00, 0x97, 0x8d, 0x42, 0x00, 0x00, 0x00,
  0x4b, 0x71, 0x00, 0x00, 0xab, 0xbe, 0x71, 0xbe, 0x71, 0x00, 0x71, 0xb4,
  0x00, 0x4b, 0x00, 0x4b, 0x00, 0x42, 0x00, 0xab, 0x00, 0x00, 0x97, 0x00,
  0x00, 0x00, 0x00, 0x00, 0x5d, 0x00, 0xa1, 0xb4, 0x00, 0x54, 0x00, 0xb4,
  0x81, 0x00, 0x8d, 0x00, 0x7e, 0x5d, 0x00, 0x00, 0x00, 0x42, 0x00, 0x00,
  0xab, 0x00, 0x00, 0x5d, 0x00, 0x00, 0x67, 0x00, 0x00, 0xc7, 0x00, 0x62,
  0xc7, 0x51, 0x62, 0x00, 0x00, 0x6d, 0x6d, 0x00, 0x41, 0x49, 0x41, 0x00,
  0xae, 0x5a, 0x00, 0x00, 0xa5, 0x00, 0xc7, 0x9c, 0x00, 0x00, 0x9c, 0x7f,
  0xae, 0x00, 0x6d, 0x00, 0x6d, 0x00, 0x39, 0x00, 0x49, 0x00, 0x00, 0x00,
  0x6d, 0x92, 0x00, 0x9c, 0xc7, 0x7f, 0x00, 0x00, 0x5a, 0x9c, 0x49, 0x00,
  0x9c, 0x6d, 0x00, 0x9c, 0x00, 0x51, 0x00, 0x00, 0x00, 0x5a, 0xc7, 0x6d,
  0x00, 0x00, 0x42, 0x00, 0x54, 0x00, 0x5d, 0x00, 0x4b, 0x00, 0x97, 0xa1,
  0x4b, 0x54, 0x42, 0x71, 0xa1, 0x00, 0x00, 0x67, 0x00, 0xab, 0x00, 0x42,
  0x4b, 0xab, 0x00, 0x00, 0x00, 0x00, 0x00, 0x42, 0x00, 0x67, 0xbe, 0x00,
  0x00, 0x00, 0x8d, 0x00, 0x81, 0x00, 0x97, 0x00, 0x54, 0x00, 0x71, 0xbe,
  0x97, 0xb4, 0x42, 0x5d, 0xb4, 0x00, 0x67, 0x97, 0xbe, 0x00, 0x7e, 0x42,
  0x54, 0x00, 0x00, 0x00, 0xaa, 0x96, 0x00, 0x43, 0xbd, 0x96, 0x00, 0x00,
  0x43, 0x00, 0x00, 0x00, 0xbd, 0xb3, 0x5e, 0x00, 0x00, 0x00, 0x00, 0x55,
  0x00, 0xa0, 0x00, 0x00, 0x4c, 0x7f, 0x00, 0x43, 0x00, 0x96, 0xb3, 0x00,
  0x8b, 0x96, 0x00, 0x00, 0x00, 0xa0, 0x68, 0x00, 0x7f, 0x43, 0x5e, 0x55,
  0x96, 0xb3, 0x00, 0x8b, 0x5e, 0x7f, 0x00, 0x96, 0x5e, 0x00, 0x00, 0x5e,
  0x68, 0x00, 0x00, 0xb3, 0x68, 0x43, 0x00, 0x00, 0xb7, 0x60, 0x00, 0xa7,
  0x00, 0xb7, 0xb7, 0x00, 0x00, 0x40, 0x00, 0x48, 0x60, 0x00, 0x9e, 0xaf,
  0xc8, 0xaf, 0x00, 0xaf, 0x00, 0x4f, 0x4f, 0x9e, 0x9e, 0x00, 0x58, 0x00,
  0x00, 0x00, 0x9e, 0x58, 0x00, 0x60, 0xa7, 0x38, 0x00, 0x00, 0x81, 0x00,
  0x00, 0x4f, 0x00, 0x00, 0x40, 0x00, 0x00, 0xb7, 0x00, 0xb7, 0x58, 0xa7,
  0x60, 0x58, 0x00, 0x00, 0x38, 0x00, 0x00, 0x00, 0x9e, 0xb7, 0x9e, 0x00,
  0x00, 0x42, 0x00, 0x00, 0x00, 0x00, 0x54, 0x00, 0x00, 0x00, 0x00, 0x00,
  0xab, 0x42, 0x00, 0x00, 0x00, 0x00, 0x00, 0x97, 0x42, 0x00, 0x71, 0x54,
  0x8d, 0x00, 0x00, 0x42, 0x00, 0x97, 0x8d, 0x67, 0x00, 0x67, 0xb4, 0xa1,
  0x42, 0x00, 0xb4, 0x00, 0x81, 0x8d, 0x00, 0x00, 0x00, 0x00, 0x00, 0xb4,
  0x67, 0xab, 0x00, 0xb4, 0x97, 0x00, 0x00, 0x4b, 0x97, 0x54, 0x00, 0x00,
  0x8d, 0x5d, 0x97, 0x42, 0x00, 0x00, 0x4f, 0x48, 0x00, 0x00, 0x38, 0x00,
  0xc0, 0x00, 0x00, 0x00, 0x60, 0x00, 0x00, 0x9e, 0x00, 0x00, 0x6b, 0xb7,
  0xa7, 0x00, 0x00, 0x9e, 0x00, 0x00, 0x4f, 0x48, 0x58, 0x00, 0xc0, 0xb7,
  0x00, 0x4f, 0x38, 0x60, 0x00, 0x00, 0x00, 0x00, 0x00, 0x00, 0x00, 0x00,
  0x60, 0x6b, 0xa7, 0x40, 0x6b, 0x00, 0x00, 0x40, 0x9e, 0x38, 0x48, 0x00,
  0x81, 0x00, 0x00, 0x40, 0x00, 0x00, 0x00, 0xb7, 0x54, 0xbe, 0x81, 0xa1,
  0x00, 0xab, 0x67, 0x8d, 0x71, 0x00, 0x00, 0x5d, 0xb4, 0x00, 0x00, 0x00,
  0x00, 0x5d, 0xa1, 0x00, 0x00, 0xbe, 0x8d, 0xbe, 0x00, 0x8d, 0x54, 0x00,
  0x00, 0x00, 0xbe, 0x00, 0x67, 0xb4, 0x00, 0x00, 0x7e, 0x4b, 0x00, 0x00,
  0x00, 0x00, 0x00, 0x8d, 0x97, 0x71, 0x42, 0x00, 0x71, 0xab, 0x00, 0x00,
  0x7e, 0xbe, 0x4b, 0xbe, 0x8d, 0x00, 0x54, 0x00, 0x00, 0x5d, 0x71, 0x54,
  0x00, 0x00, 0x5d, 0x54, 0x00, 0x00, 0x00, 0x00, 0xab, 0x00, 0x00, 0x00,
  0x00, 0xb4, 0x8d, 0x4b, 0x97, 0x81, 0xb4, 0x00, 0x97, 0x54, 0x00, 0x5d,
  0x4b, 0x00, 0x5d, 0x00, 0x4b, 0x5d, 0x00, 0x71, 0x00, 0xa1, 0xa1, 0x42,
  0x00, 0x00, 0xbe, 0xa1, 0x00, 0x00, 0x00, 0x8d, 0xab, 0x42, 0x00, 0x00,
  0xa1, 0xa1, 0x00, 0x00, 0x00, 0x00, 0x00, 0x00, 0x00, 0x00, 0x97, 0x97,
  0x00, 0x00, 0x5d, 0xbe, 0x00, 0x00, 0xbe, 0x00, 0x97, 0x00, 0x00, 0xbe,
  0x00, 0x5d, 0x00, 0x00, 0x00, 0x8d, 0x4b, 0x00, 0xab, 0xbe, 0x00, 0xab,
  0x54, 0x00, 0xb4, 0x00, 0xb4, 0x71, 0x00, 0x00, 0x67, 0x00, 0x00, 0x42,
  0x00, 0x42, 0x00, 0x00, 0x42, 0xb4, 0x97, 0x00, 0x67, 0xbe, 0x00, 0x00,
  0x81, 0xab, 0x71, 0x00, 0x00, 0x5d, 0x97, 0x42, 0x00, 0x00, 0x00, 0x00,
  0xa1, 0x71, 0x42, 0x71, 0xa1, 0x5d, 0x97, 0x4b, 0x00, 0x00, 0x00, 0x00,
  0x00, 0x00, 0x00, 0x00, 0x68, 0xbd, 0x00, 0x4c, 0x00, 0x4c, 0xb3, 0x00,
  0x00, 0xb3, 0x43, 0x00, 0x43, 0x00, 0x5e, 0x00, 0x00, 0x5e, 0x00, 0x96,
  0x00, 0x00, 0x00, 0x00, 0x96, 0xaa, 0x00, 0xb3, 0x00, 0x00, 0x7f, 0x5e,
  0x00, 0x00, 0xa0, 0x00, 0xa0, 0x68, 0x5e, 0x00, 0x73, 0x55, 0x68, 0x00,
  0x00, 0x00, 0x68, 0x00, 0x00, 0xb3, 0x00, 0x55, 0x8b, 0x68, 0x00, 0x00,
  0x00, 0x00, 0x67, 0x54, 0x71, 0x42, 0x97, 0xb4, 0x8d, 0x00, 0x8d, 0xa1,
  0x4b, 0x00, 0x54, 0x00, 0x00, 0x00, 0x00, 0x00, 0x97, 0x00, 0x00, 0x42,
  0x00, 0x00, 0x00, 0x7e, 0x00, 0xb4, 0x00, 0x42, 0x00, 0x97, 0x67, 0xb4,
  0x7e, 0x00, 0x42, 0x00, 0xbe, 0x4b, 0x4b, 0x42, 0x54, 0x00, 0x8d, 0x00,
  0x4b, 0x00, 0x00, 0x00, 0x71, 0x4b, 0xab, 0x00, 0x00, 0x67, 0x54, 0x81,
  0x00, 0x00, 0x00, 0xbe, 0x00, 0x54, 0x00, 0xb4, 0x97, 0x4b, 0x4b, 0x97,
  0x8d, 0x8d, 0xa1, 0xa1, 0x00, 0x00, 0x5d, 0x00, 0x00, 0x00, 0x00, 0xa1,
  0x00, 0xa1, 0x00, 0x42, 0x67, 0x00, 0x00, 0x71, 0x00, 0xb4, 0x42, 0xb4,
  0x00, 0x5d, 0x00, 0x42, 0x42, 0x00, 0xb4, 0x00, 0x00, 0x00, 0x00, 0x00,
  0x00, 0x00, 0x00, 0x42, 0x00, 0x67, 0x5d, 0xab, 0x00, 0x00, 0xab, 0x81,
  0x4b, 0x97, 0x67, 0x54, 0x00, 0x00, 0x4b, 0x00, 0x9e, 0x00, 0x00, 0x00,
  0x58, 0x00, 0x00, 0x00, 0x4f, 0xc0, 0x00, 0x00, 0x4f, 0x00, 0x9e, 0x00,
  0x00, 0x94, 0x81, 0x00, 0x40, 0x00, 0x4f, 0x00, 0x38, 0xc8, 0x00, 0x00,
  0x00, 0x00, 0x00, 0x00, 0x00, 0x00, 0x81, 0x00, 0x00, 0xa7, 0xc8, 0xa7,
  0x00, 0x00, 0x48, 0xc8, 0x00, 0xc0, 0x94, 0x00, 0x00, 0x9e, 0x48, 0x60,
  0x7c, 0x48, 0x00, 0x00, 0x00, 0x40, 0x00, 0x00, 0x38, 0x00, 0xaf, 0x00,
  0x00, 0x8b, 0x00, 0x43, 0x00, 0x00, 0x55, 0x68, 0x96, 0x00, 0xaa, 0x00,
  0x00, 0x00, 0xb3, 0x55, 0x00, 0x73, 0x00, 0x00, 0x00, 0x00, 0x00, 0xbd,
  0x00, 0x8b, 0xbd, 0x7f, 0x8b, 0x00, 0x00, 0x00, 0x96, 0x5e, 0x00, 0x73,
  0xb3, 0x4c, 0x7f, 0x00, 0x68, 0x43, 0xbd, 0x73, 0x4c, 0x00, 0x00, 0xb3,
  0x00, 0xbd, 0x8b, 0x00, 0x00, 0xaa, 0x96, 0xbd, 0x55, 0x5e, 0x00, 0x4c,
  0xaa, 0x00, 0x00, 0x43, 0x00, 0xb4, 0x8d, 0x00, 0xb4, 0x81, 0x00, 0x00,
  0x00, 0x42, 0x8d, 0x54, 0x67, 0x42, 0x00, 0xab, 0x00, 0x00, 0x00, 0x97,
  0x00, 0x71, 0x7e, 0x54, 0xbe, 0x00, 0x00, 0x00, 0x42, 0x00, 0xa1, 0x00,
  0x00, 0xbe, 0x71, 0xa1, 0x8d, 0x00, 0x00, 0x00, 0x00, 0x00, 0x5d, 0x00,
  0x00, 0x00, 0x00, 0x42, 0x00, 0x5d, 0x71, 0x00, 0x8d, 0x97, 0x00, 0xa1,
  0xbe, 0x4b, 0xbe, 0x00, 0x00, 0x00, 0x00, 0x00, 0xab, 0xb4, 0xbe, 0x00,
  0xab, 0x00, 0x00, 0xbe, 0x00, 0x97, 0x97, 0xb4, 0x7e, 0x5d, 0x67, 0xbe,
  0x00, 0x97, 0xb4, 0x00, 0x00, 0x00, 0xab, 0xbe, 0xb4, 0x4b, 0x00, 0x00,
  0x00, 0x4b, 0x97, 0x00, 0x7e, 0xa1, 0xab, 0x97, 0x8d, 0x81, 0x54, 0xa1,
  0x5d, 0x8d, 0xbe, 0x00, 0x00, 0x00, 0x00, 0x00, 0x00, 0x00, 0x00, 0xbe,
  0x00, 0xbe, 0x00, 0x00, 0x00, 0x00, 0x00, 0x00, 0x00, 0x00, 0x00, 0x97,
  0x48, 0x58, 0x00, 0xc8, 0x58, 0x9e, 0x40, 0xc0, 0x58, 0x00, 0x00, 0x00,
  0x00, 0xa7, 0xc8, 0x00, 0x00, 0x00, 0x00, 0x00, 0x6b, 0x00, 0x00, 0x7c,
  0x00, 0xc8, 0x6b, 0x00, 0x38, 0x00, 0xb7, 0x6b, 0x00, 0x00, 0x00, 0x38,
  0x00, 0x94, 0x00, 0x40, 0xaf, 0x48, 0x58, 0xaf, 0x00, 0x00, 0xc0, 0x00,
  0x00, 0x7c, 0x40, 0x48, 0xc8, 0x81, 0x00, 0x00, 0x00, 0xc0, 0x7c, 0x00,
  0x48, 0x38, 0x40, 0x9e, 0x39, 0x9c, 0x00, 0x00, 0x5a, 0x9c, 0x00, 0x00,
  0x00, 0x00, 0x00, 0x00, 0xa5, 0xc7, 0xc7, 0x00, 0x00, 0xbe, 0x6d, 0x00,
  0x39, 0x00, 0x00, 0x00, 0x41, 0x00, 0xbe, 0x39, 0xc7, 0x39, 0x00, 0x00,
  0x9c, 0x5a, 0x49, 0x00, 0x00, 0x00, 0x6d, 0x00, 0x00, 0x00, 0x00, 0x00,
  0x62, 0x7f, 0x49, 0xc7, 0x00, 0x00, 0xbe, 0x00, 0x00, 0x39, 0x00, 0x00,
  0xb6, 0x62, 0x41, 0x51, 0x00, 0x00, 0x00, 0xc7, 0x49, 0xc7, 0x00, 0x00,
  0x00, 0x00, 0x00, 0x5a, 0x9c, 0x00, 0x9c, 0x00, 0x00, 0x00, 0xa5, 0x00,
  0x00, 0xc7, 0x6d, 0x00, 0xb6, 0x9c, 0xb6, 0x51, 0x51, 0x00, 0x41, 0x00,
  0x00, 0xb6, 0x00, 0x00, 0x00, 0xae, 0x00, 0x7f, 0x39, 0x41, 0xb6, 0x00,
  0x00, 0x9c, 0xc7, 0x00, 0xa5, 0x92, 0x00, 0x00, 0x00, 0x92, 0x00, 0x00,
  0x00, 0x6d, 0x00, 0x00, 0x00, 0xa5, 0x62, 0xc7, 0x62, 0x00, 0x39, 0x00,
  0x00, 0x00, 0x00, 0x00, 0x00, 0x00, 0x00, 0xbe, 0x5d, 0x00, 0x00, 0xbe,
  0x00, 0x00, 0x00, 0x00, 0x00, 0xa1, 0x00, 0x7e, 0xa1, 0x00, 0x8d, 0x00,
  0x00, 0x00, 0x97, 0xb4, 0x00, 0x42, 0x00, 0x00, 0x71, 0xab, 0xa1, 0x81,
  0x81, 0xb4, 0x42, 0x00, 0x71, 0x00, 0x00, 0xab, 0x00, 0x54, 0x71, 0x00,
  0x00, 0x00, 0x00, 0x00, 0x00, 0x81, 0x00, 0x00, 0x00, 0x00, 0x00, 0x00,
  0x97, 0x8d, 0x97, 0x00, 0x8d, 0xa1, 0x00, 0x00, 0x00, 0x71, 0x00, 0x00,
  0x54, 0x00, 0xb4, 0x00, 0x7e, 0x00, 0x00, 0x00, 0x00, 0x00, 0x00, 0x8d,
  0x8d, 0x00, 0x00, 0x00, 0x00, 0x00, 0x4b, 0xa1, 0x00, 0x00, 0x8d, 0x8d,
  0x4b, 0x00, 0x00, 0xa1, 0x81, 0x00, 0x00, 0x00, 0x00, 0x00, 0x00, 0x00,
  0x00, 0x97, 0x00, 0x00, 0x00, 0x00, 0x00, 0x97, 0xb4, 0x00, 0x00, 0x67,
  0x00, 0x00, 0x54, 0xa1, 0x00, 0x00, 0x00, 0xa1, 0x00, 0xa1, 0x42, 0x00,
  0x67, 0x42, 0x67, 0x00, 0x00, 0x00, 0x00, 0x00, 0x00, 0x00, 0x00, 0x71,
  0x97, 0xb4, 0x00, 0x00, 0x67, 0xa1, 0xbe, 0x00, 0x5d, 0x00, 0x42, 0x00,
  0x00, 0x00, 0x00, 0x00, 0xa1, 0x8d, 0xab, 0x4b, 0x5d, 0x00, 0x5d, 0x97,
  0xb4, 0x00, 0x00, 0x81, 0x00, 0x00, 0x00, 0x5d, 0x00, 0x00, 0x7e, 0x00,
  0x8d, 0x00, 0x54, 0x54, 0x00, 0x71, 0x00, 0x71, 0x00, 0x42, 0x00, 0x00,
  0x00, 0x00, 0x00, 0xab, 0x00, 0x54, 0x42, 0x7e, 0x8d, 0x00, 0x00, 0x42,
  0x00, 0x00, 0xa1, 0x00, 0x7e, 0x00, 0x00, 0xb4, 0x81, 0x00, 0x00, 0x00,
  0x97, 0x8d, 0x4b, 0xa1, 0x4b, 0x00, 0x00, 0x42, 0x7e, 0x00, 0x00, 0x00,
  0x00, 0x00, 0x5d, 0x00, 0x00, 0x00, 0x00, 0xb4, 0x00, 0x00, 0x00, 0xb4,
  0xb4, 0x42, 0x00, 0x7e, 0x00, 0x54, 0x00, 0xa1, 0x5d, 0x00, 0x71, 0x5d,
  0x00, 0x00, 0x00, 0x00, 0x5e, 0xa0, 0x00, 0x00, 0xaa, 0x68, 0x8b, 0x00,
  0x00, 0x00, 0xbd, 0x00, 0x00, 0x00, 0x00, 0x00, 0x73, 0x43, 0xa0, 0x00,
  0x00, 0x00, 0x7f, 0x00, 0x00, 0xb3, 0x00, 0x00, 0x5e, 0x00, 0x00, 0x55,
  0x00, 0x00, 0x00, 0x00, 0x68, 0x00, 0x5e, 0x73, 0xb3, 0x7f, 0x00, 0x55,
  0x00, 0xb3, 0xa0, 0x55, 0x00, 0x96, 0xb3, 0xbd, 0x8b, 0xb3, 0x8b, 0x00,
  0x00, 0xb3, 0x8b, 0x73, 0x00, 0xaa, 0x7f, 0x00, 0xb4, 0xb4, 0x00, 0x00,
  0x00, 0x00, 0x71, 0x00, 0x00, 0x42, 0x97, 0x54, 0xab, 0x67, 0x00, 0x00,
  0x00, 0x00, 0xbe, 0x67, 0x4b, 0x00, 0xa1, 0x00, 0x00, 0x5d, 0xa1, 0x54,
  0x00, 0xbe, 0x97, 0x00, 0xa1, 0x42, 0x00, 0x71, 0x00, 0xbe, 0x00, 0x81,
  0x97, 0x8d, 0x00, 0x67, 0x00, 0x4b, 0x00, 0xa1, 0xa1, 0xbe, 0x00, 0x00,
  0xa1, 0x00, 0x00, 0x42, 0x00, 0x00, 0xbe, 0x54, 0xa1, 0x42, 0x97, 0x00,
  0xbe, 0x00, 0x00, 0xb6, 0xae, 0x7f, 0x62, 0x51, 0x5a, 0x51, 0x6d, 0x00,
  0x00, 0xa5, 0x00, 0x00, 0xa5, 0x5a, 0x00, 0x00, 0xa5, 0x00, 0x00, 0xc7,
  0x62, 0x00, 0x00, 0x39, 0x00, 0x00, 0x00, 0x39, 0x00, 0x00, 0x5a, 0x00,
  0x00, 0xc7, 0x5a, 0x00, 0x62, 0x41, 0xb6, 0x00, 0x00, 0x41, 0x39, 0x41,
  0x00, 0x51, 0x00, 0x00, 0x00, 0x00, 0xbe, 0xb6, 0xae, 0xae, 0xa5, 0xa5,
  0x00, 0x00, 0xb6, 0x92, 0x00, 0x5d, 0x8d, 0x00, 0x00, 0x00, 0x67, 0x00,
  0x71, 0xab, 0x00, 0x5d, 0x00, 0x8d, 0x00, 0x81, 0x42, 0xb4, 0x8d, 0x71,
  0x00, 0xab, 0x00, 0x00, 0x5d, 0xab, 0x00, 0x54, 0x71, 0x00, 0xb4, 0x00,
  0x00, 0x00, 0x97, 0x00, 0x00, 0x8d, 0xab, 0x00, 0x00, 0x67, 0x00, 0x5d,
  0x00, 0xbe, 0x8d, 0x42, 0x00, 0x5d, 0x97, 0x00, 0x00, 0x81, 0x00, 0x4b,
  0xa1, 0xbe, 0x54, 0x00, 0x00, 0x42, 0x00, 0x00, 0x00, 0xa1, 0x67, 0x00,
  0x00, 0x00, 0x00, 0xb4, 0x00, 0x00, 0x5d, 0x81, 0x81, 0xab, 0x00, 0x00,
  0x00, 0x4b, 0x00, 0x00, 0x00, 0xb4, 0x00, 0xab, 0xa1, 0x97, 0x00, 0x00,
  0x4b, 0x00, 0xa1, 0x7e, 0xa1, 0x00, 0x00, 0x00, 0x00, 0x81, 0x67, 0x97,
  0x67, 0x5d, 0x00, 0x42, 0x54, 0x8d, 0x00, 0x00, 0x00, 0x54, 0x67, 0x97,
  0x00, 0x8d, 0x00, 0x00, 0x00, 0x00, 0x00, 0x5d, 0xbe, 0x00, 0x00, 0x71,
  0x00, 0x7e, 0x42, 0x00, 0x00, 0x00, 0x00, 0x00, 0x00, 0x00, 0x00, 0xa1,
  0x67, 0xa1, 0x00, 0x97, 0x7e, 0x00, 0xbe, 0x00, 0x00, 0x00, 0x67, 0xa1,
  0x00, 0xab, 0x7e, 0x00, 0x00, 0x71, 0x00, 0xbe, 0x00, 0x67, 0x00, 0xab,
  0x00, 0x7e, 0xa1, 0x00, 0xa1, 0x00, 0x00, 0x67, 0x00, 0x00, 0x00, 0xb4,
  0x00, 0x00, 0x00, 0x00, 0x00, 0x00, 0x00, 0x67, 0x00, 0xab, 0xa1, 0x81,
  0x00, 0x97, 0x67, 0x97, 0xa1, 0x7e, 0x8d, 0x67, 0x00, 0x00, 0x00, 0x00,
  0x00, 0x54, 0x5d, 0x00, 0x00, 0x00, 0x00, 0x81, 0x00, 0x81, 0x00, 0x71,
  0x42, 0x54, 0x00, 0xb4, 0x00, 0x7e, 0x42, 0x00, 0x5d, 0x00, 0x00, 0x4b,
  0x8d, 0x00, 0xab, 0x00, 0x00, 0x00, 0x00, 0x00, 0xab, 0x00, 0x97, 0x00,
  0x42, 0x5d, 0x00, 0x4b, 0xbe, 0x00, 0x00, 0x00, 0x81, 0x54, 0x00, 0xa1,
  0x5d, 0x4b, 0x00, 0x00, 0x54, 0x71, 0x71, 0xbe, 0x97, 0x00, 0x00, 0x00,
  0x71, 0x00, 0x00, 0x00, 0x00, 0xb4, 0x00, 0x5d, 0x4b, 0x00, 0x8d, 0xb4,
  0x00, 0xbe, 0x00, 0x4b, 0x00, 0x5d, 0x97, 0x97, 0x00, 0x00, 0x67, 0x97,
  0x54, 0x00, 0x97, 0x54, 0x54, 0x67, 0x00, 0x00, 0xbe, 0x00, 0x00, 0xab,
  0xa1, 0x00, 0x00, 0x4b, 0x67, 0x00, 0x00, 0x00, 0x00, 0x00, 0x00, 0x4b,
  0x54, 0x00, 0x00, 0x00, 0x81, 0x71, 0x5d, 0xa1, 0x00, 0x00, 0x00, 0x00,
  0x00, 0xb4, 0xbe, 0x00, 0x00, 0x4b, 0x5d, 0xa1, 0x00, 0x67, 0x00, 0x00,
  0x67, 0x00, 0xab, 0x00, 0xab, 0x00, 0x5d, 0xb4, 0x00, 0x00, 0x00, 0x00,
  0x81, 0x00, 0x5d, 0x5d, 0xa1, 0x00, 0x7e, 0x00, 0x00, 0x00, 0x00, 0x54,
  0xab, 0xbe, 0xab, 0x42, 0x42, 0x8d, 0x00, 0x81, 0xb4, 0x00, 0x5d, 0x4b,
  0xab, 0x00, 0x8d, 0x00, 0xb4, 0x00, 0x71, 0x00, 0x00, 0x97, 0x00, 0x97,
  0x00, 0x00, 0x00, 0x42, 0x00, 0xab, 0x00, 0xab, 0x00, 0xbe, 0xbe, 0x00,
  0x4b, 0x54, 0xb4, 0x00, 0x71, 0x81, 0x42, 0x67, 0x97, 0x42, 0x42, 0x00,
  0x00, 0x00, 0x00, 0x00, 0x81, 0x00, 0x00, 0x00, 0xab, 0x81, 0x81, 0xab,
  0x00, 0x97, 0x00, 0x00, 0x00, 0x00, 0x81, 0x00, 0x00, 0x00, 0x42, 0x00,
  0x42, 0x00, 0xb4, 0x00, 0x00, 0x00, 0x00, 0x00, 0xa1, 0x00, 0x4b, 0x00,
  0x00, 0x00, 0x00, 0x00, 0x00, 0x54, 0x00, 0x00, 0x00, 0x00, 0x72, 0x81,
  0x00, 0x81, 0x72, 0x7d, 0x00, 0x00, 0x00, 0x00, 0x7d, 0x00, 0x67, 0x53,
  0x00, 0x00, 0x00, 0x8d, 0xb7, 0x00, 0x00, 0x00, 0x67, 0x00, 0x00, 0x97,
  0x00, 0x00, 0xb7, 0x53, 0xb7, 0x53, 0x00, 0x81, 0x00, 0x00, 0x00, 0x67,
  0x72, 0x7d, 0x00, 0xad, 0x8d, 0x67, 0x00, 0x49, 0x00, 0x00, 0xb7, 0x8d,
  0x00, 0x00, 0x00, 0x67, 0xad, 0x7d, 0x81, 0x53, 0xad, 0x00, 0x00, 0x53,
  0xb7, 0xaf, 0x40, 0x00, 0x48, 0x4f, 0x4f, 0x40, 0x48, 0x00, 0xaf, 0x38,
  0x00, 0xc0, 0x38, 0x00, 0xa7, 0x00, 0x00, 0x6b, 0x58, 0x9e, 0x00, 0xc0,
  0x00, 0x40, 0x00, 0x4f, 0x00, 0x00, 0x9e, 0x00, 0x00, 0x9e, 0x58, 0xc8,
  0x00, 0x00, 0x00, 0x00, 0x00, 0x00, 0xc0, 0x00, 0xa7, 0x40, 0x40, 0x00,
  0x00, 0x00, 0x38, 0x00, 0x81, 0x00, 0x40, 0x58, 0xa7, 0x48, 0x00, 0x00,
  0x48, 0x00, 0x38, 0x00, 0xbe, 0x00, 0xc7, 0x00, 0x00, 0xbe, 0x00, 0xa5,
  0xa5, 0x5a, 0xc7, 0xbe, 0x41, 0x00, 0x39, 0x00, 0x00, 0x00, 0xae, 0x5a,
  0x00, 0x00, 0xb6, 0x5a, 0x00, 0x51, 0x00, 0x00, 0x00, 0x6d, 0xb6, 0x00,
  0xa5, 0x00, 0x00, 0x39, 0x00, 0x92, 0xa5, 0x5a, 0x00, 0x00, 0xc7, 0x00,
  0x49, 0x00, 0x00, 0x49, 0x00, 0x7f, 0x62, 0x9c, 0x49, 0xa5, 0x00, 0xbe,
  0x00, 0x00, 0x00, 0x00, 0xc7, 0x00, 0x00, 0x00, 0xbe, 0x00, 0x00, 0x00,
  0x00, 0xa1, 0x00, 0xab, 0x00, 0x7e, 0x4b, 0x5d, 0x00, 0x4b, 0xbe, 0x67,
  0x00, 0x00, 0x00, 0x81, 0x5d, 0x00, 0x81, 0x00, 0x00, 0xa1, 0x97, 0x00,
  0x8d, 0x00, 0x4b, 0x00, 0x81, 0xb4, 0x00, 0xbe, 0x00, 0x00, 0x00, 0xb4,
  0x97, 0x00, 0x00, 0xab, 0x00, 0x4b, 0x7e, 0xab, 0x42, 0x00, 0x00, 0x00,
  0x00, 0x00, 0x00, 0x5d, 0x5d, 0x00, 0x5d, 0x00, 0xbe, 0x00, 0x42, 0x8d,
  0xc8, 0xc0, 0x00, 0xc0, 0x00, 0xaf, 0x4f, 0x00, 0x4f, 0x6b, 0xb7, 0x94,
  0xaf, 0x00, 0x00, 0x00, 0x00, 0x00, 0x00, 0x81, 0x81, 0x94, 0x00, 0x00,
  0x00, 0x38, 0xaf, 0x00, 0x81, 0x00, 0x4f, 0x00, 0xb7, 0x6b, 0x60, 0x6b,
  0x00, 0x00, 0x00, 0x58, 0xb7, 0xc0, 0x00, 0x00, 0x00, 0x58, 0x58, 0x00,
  0x60, 0x00, 0x00, 0x00, 0x00, 0x00, 0xaf, 0xb7, 0x00, 0x4f, 0xc0, 0x48,
  0xb7, 0x94, 0x60, 0xb7, 0x00, 0x81, 0x00, 0x00, 0xbe, 0x00, 0x67, 0x00,
  0x97, 0x00, 0x54, 0x5d, 0x5d, 0x00, 0x97, 0x00, 0x7e, 0x00, 0x00, 0x8d,
  0xbe, 0xa1, 0x54, 0x67, 0x00, 0x00, 0x00, 0x00, 0x00, 0x00, 0x00, 0xb4,
  0x00, 0x00, 0x67, 0x00, 0x00, 0x00, 0x4b, 0x00, 0xbe, 0x00, 0x8d, 0x00,
  0x97, 0x00, 0xbe, 0x67, 0x7e, 0x00, 0x5d, 0x8d, 0x00, 0x5d, 0x4b, 0xbe,
  0x00, 0x00, 0x00, 0x00, 0x7e, 0x54, 0x00, 0x42, 0x00, 0x49, 0x00, 0x62,
  0x51, 0x00, 0x00, 0x00, 0x00, 0x00, 0xae, 0x00, 0x41, 0x00, 0x39, 0x00,
  0x00, 0xbe, 0x5a, 0x00, 0x00, 0x51, 0x00, 0x62, 0x9c, 0xc7, 0x5a, 0xc7,
  0x92, 0x92, 0x00, 0x00, 0x00, 0x00, 0x00, 0x00, 0x00, 0xb6, 0xbe, 0x00,
  0x00, 0x00, 0x5a, 0x00, 0x39, 0x39, 0x00, 0x00, 0x62, 0xc7, 0x00, 0x00,
  0x00, 0x7f, 0x39, 0x51, 0x51, 0x51, 0x00, 0x00, 0x00, 0x00, 0x51, 0xc7,
  0x42, 0x00, 0x97, 0xa1, 0x4b, 0x00, 0x8d, 0x7e, 0x00, 0x8d, 0x00, 0x00,
  0x00, 0x00, 0xab, 0xa1, 0x00, 0x00, 0x00, 0x00, 0x00, 0x97, 0x00, 0x00,
  0x00, 0x8d, 0xb4, 0x67, 0x5d, 0x81, 0x4b, 0x00, 0x00, 0x71, 0x00, 0x00,
  0x00, 0x00, 0x00, 0x54, 0x00, 0x4b, 0x00, 0x00, 0xab, 0x00, 0x00, 0x8d,
  0x00, 0x00, 0x97, 0x00, 0x81, 0x54, 0x00, 0x00, 0x42, 0x5d, 0x00, 0x97,
  0x00, 0x42, 0xa1, 0x54, 0x73, 0x8b, 0x68, 0x00, 0x00, 0xbd, 0x7f, 0xa0,
  0xaa, 0x00, 0x00, 0x5e, 0x4c, 0x00, 0x00, 0xa0, 0x00, 0x00, 0x00, 0x68,
  0x5e, 0x4c, 0x00, 0x00, 0x96, 0x00, 0x00, 0xb3, 0x00, 0x96, 0x4c, 0x00,
  0x00, 0x4c, 0x4c, 0x43, 0x00, 0x00, 0x4c, 0x00, 0x96, 0xb3, 0x5e, 0x00,
  0x00, 0x8b, 0x00, 0x96, 0x68, 0x00, 0xb3, 0x00, 0x68, 0x00, 0xb3, 0x96,
  0x00, 0x00, 0x00, 0x00, 0x5e, 0x00, 0x00, 0x00, 0x00, 0x4b, 0x00, 0x00,
  0x00, 0x8d, 0x00, 0x71, 0xab, 0x00, 0x00, 0x8d, 0x00, 0x71, 0x8d, 0x00,
  0x00, 0x00, 0x00, 0x00, 0x00, 0x00, 0x54, 0x00, 0xa1, 0x00, 0x00, 0x00,
  0x00, 0x00, 0xab, 0x42, 0x00, 0x00, 0x00, 0x00, 0x00, 0x00, 0x00, 0x00,
  0xb4, 0x54, 0x00, 0x00, 0x00, 0x00, 0x97, 0x81, 0xa1, 0x00, 0xab, 0x81,
  0xab, 0x00, 0x00, 0x00, 0xab, 0x67, 0xb4, 0x00, 0x42, 0x00, 0x5d, 0x4b,
  0x00, 0x00, 0x72, 0x00, 0x67, 0xa2, 0x00, 0x7d, 0x72, 0x72, 0xad, 0x53,
  0x00, 0xa2, 0x00, 0x8d, 0x72, 0x00, 0x00, 0xa2, 0x00, 0x00, 0x00, 0x8d,
  0x00, 0x8d, 0x00, 0x49, 0x8d, 0x00, 0xb7, 0x8d, 0x00, 0x53, 0x00, 0x00,
  0x00, 0xb7, 0x00, 0x00, 0x00, 0x00, 0x00, 0x00, 0x5d, 0x8d, 0x00, 0x00,
  0xa2, 0x00, 0x72, 0x53, 0x00, 0xb7, 0x00, 0x81, 0x00, 0x00, 0x00, 0x67,
  0xb7, 0x00, 0x00, 0x00, 0x00, 0x00, 0xa1, 0xa1, 0x00, 0x00, 0x00, 0x00,
  0x54, 0x81, 0x54, 0x00, 0x42, 0x00, 0x00, 0x00, 0x00, 0x00, 0x00, 0xbe,
  0x00, 0xa1, 0x00, 0x71, 0x8d, 0x71, 0x00, 0x67, 0x42, 0x00, 0x67, 0x5d,
  0xbe, 0x00, 0xab, 0x4b, 0x71, 0x67, 0xa1, 0x00, 0x00, 0x81, 0x5d, 0x00,
  0xa1, 0x00, 0xab, 0x00, 0x00, 0x00, 0x00, 0x00, 0xab, 0x00, 0xab, 0xb4,
  0x00, 0xbe, 0x00, 0x5d, 0x00, 0x00, 0x42, 0x4b, 0xa0, 0x5e, 0x00, 0x00,
  0x00, 0x00, 0x00, 0x00, 0x43, 0x73, 0x00, 0x73, 0x00, 0x00, 0x00, 0x00,
  0x68, 0x00, 0x5e, 0x68, 0xaa, 0x00, 0x00, 0x68, 0x4c, 0x73, 0x00, 0x00,
  0x68, 0x00, 0x00, 0x5e, 0x00, 0x00, 0x00, 0x00, 0x00, 0x5e, 0x00, 0x00,
  0x00, 0x00, 0x7f, 0x43, 0x5e, 0x8b, 0x8b, 0x55, 0xaa, 0x00, 0x00, 0x43,
  0x00, 0x00, 0x43, 0x00, 0x00, 0x68, 0x00, 0x00, 0x96, 0xa0, 0x00, 0x96,
  0x00, 0x97, 0xab, 0x00, 0x00, 0xbe, 0xa1, 0xab, 0x42, 0x8d, 0x42, 0x00,
  0xa1, 0xab, 0x97, 0x54, 0x81, 0x00, 0x00, 0x71, 0x54, 0x67, 0x97, 0x71,
  0x00, 0x00, 0x00, 0x00, 0xb4, 0x00, 0x00, 0x00, 0x00, 0x00, 0x00, 0x00,
  0x00, 0x00, 0xab, 0xb4, 0x4b, 0x00, 0x00, 0x4b, 0xab, 0x00, 0x00, 0xb4,
  0x4b, 0x54, 0x00, 0x00, 0x71, 0x81, 0x00, 0xab, 0x42, 0x00, 0x4b, 0x00,
  0x00, 0x71, 0x5d, 0x00, 0xbe, 0x00, 0xa1, 0x71, 0x00, 0x00, 0x00, 0x00,
  0x00, 0x00, 0xab, 0x81, 0xbe, 0x00, 0x4b, 0x00, 0xb4, 0xab, 0x00, 0x5d,
  0x42, 0x00, 0x00, 0x00, 0x00, 0x5d, 0x8d, 0x4b, 0x00, 0x81, 0x71, 0x00,
  0x42, 0x67, 0x00, 0x00, 0x00, 0x00, 0x00, 0x00, 0x5d, 0x00, 0x00, 0x00,
  0x67, 0x67, 0xab, 0x00, 0x00, 0x00, 0x54, 0x5d, 0xab, 0x42, 0xab, 0x67,
  0x00, 0xab, 0x00, 0x00, 0x00, 0x4b, 0x00, 0x00, 0x58, 0x81, 0x00, 0x00,
  0x00, 0x00, 0x40, 0x7c, 0x4f, 0x7c, 0x00, 0x40, 0x00, 0x40, 0xaf, 0x00,
  0x00, 0xb7, 0x00, 0x00, 0x9e, 0x81, 0x4f, 0x00, 0x00, 0x00, 0x00, 0x7c,
  0x9e, 0x6b, 0x6b, 0x48, 0x00, 0x00, 0x7c, 0x7c, 0x40, 0x38, 0x00, 0xc0,
  0xc0, 0xc0, 0x00, 0x00, 0xc8, 0x00, 0x40, 0x81, 0xa7, 0x00, 0x94, 0xaf,
  0x00, 0x40, 0x00, 0x00, 0x00, 0xb7, 0x00, 0x6b, 0x00, 0x94, 0xb7, 0x6b,
  0x00, 0x00, 0x00, 0x00, 0x00, 0x00, 0x00, 0x00, 0x00, 0x00, 0x00, 0x00,
  0x67, 0x54, 0xa1, 0x00, 0x97, 0xab, 0x00, 0xab, 0x00, 0x00, 0xab, 0x00,
  0x97, 0x00, 0x00, 0x4b, 0x4b, 0x5d, 0x00, 0x00, 0x00, 0x00, 0x00, 0x00,
  0x00, 0xb4, 0x7e, 0xbe, 0x00, 0x00, 0xa1, 0x00, 0x00, 0xb4, 0x71, 0x81,
  0x8d, 0x5d, 0x00, 0x00, 0xbe, 0x4b, 0x00, 0x42, 0x00, 0x00, 0x00, 0x7e,
  0x54, 0x00, 0x81, 0x00, 0x00, 0xb7, 0x38, 0x4f, 0x38, 0x00, 0x00, 0x00,
  0x6b, 0x48, 0x38, 0x48, 0x00, 0x00, 0x00, 0x00, 0x4f, 0x7c, 0x00, 0xaf,
  0x00, 0x00, 0x48, 0x00, 0x00, 0x00, 0x00, 0x00, 0x00, 0x9e, 0x00, 0x94,
  0x9e, 0x00, 0x00, 0x00, 0x4f, 0xb7, 0xaf, 0xaf, 0x00, 0x81, 0x48, 0x00,
  0xa7, 0x00, 0xaf, 0x58, 0x00, 0xb7, 0x38, 0x00, 0x00, 0x60, 0x00, 0x00,
  0x4f, 0x00, 0x00, 0x00, 0x38, 0x00, 0x00, 0x94, 0xab, 0xb4, 0x7e, 0xb4,
  0xb4, 0xab, 0xa1, 0x5d, 0x00, 0x00, 0x00, 0x00, 0xbe, 0x00, 0xa1, 0x67,
  0x00, 0x00, 0x71, 0x00, 0x00, 0x00, 0x54, 0x00, 0x00, 0x5d, 0xb4, 0xa1,
  0x00, 0x00, 0xab, 0x00, 0x00, 0xb4, 0x00, 0x00, 0x7e, 0x42, 0x00, 0x00,
  0x71, 0xb4, 0x00, 0x00, 0x00, 0x67, 0x00, 0x00, 0x42, 0x00, 0x00, 0x5d,
  0x00, 0xbe, 0x5d, 0x4b, 0x00, 0x00, 0x00, 0x42, 0x00, 0x5d, 0x81, 0x97,
  0x7e, 0xbe, 0x67, 0x8d, 0x00, 0x00, 0x8d, 0x4b, 0x67, 0x5d, 0x42, 0x00,
  0x00, 0x00, 0x00, 0x00, 0x54, 0x00, 0x00, 0x71, 0x00, 0xb4, 0x00, 0x67,
  0x97, 0x00, 0x71, 0x00, 0x71, 0x00, 0xbe, 0x81, 0x00, 0x00, 0x4b, 0x00,
  0x00, 0x5d, 0x00, 0x8d, 0x8d, 0x67, 0x67, 0x00, 0x00, 0x00, 0x00, 0xab,
  0xb4, 0x71, 0x00, 0x00, 0x00, 0x00, 0xb4, 0x7e, 0x00, 0x67, 0xbe, 0x97,
  0x00, 0x67, 0x7e, 0x00, 0x00, 0x43, 0x00, 0x43, 0x00, 0x00, 0x00, 0x00,
  0x4c, 0x68, 0xaa, 0x4c, 0x00, 0xbd, 0x00, 0x00, 0x00, 0x00, 0xa0, 0x96,
  0x00, 0x00, 0x00, 0x5e, 0x00, 0x55, 0x55, 0x7f, 0xaa, 0x5e, 0x55, 0x00,
  0x00, 0x8b, 0x8b, 0xa0, 0xbd, 0x73, 0x00, 0xbd, 0x00, 0x00, 0x00, 0xb3,
  0xa0, 0x00, 0x00, 0x5e, 0x73, 0x00, 0x68, 0x73, 0x4c, 0x00, 0x00, 0xa0,
  0x00, 0x96, 0x4c, 0x00, 0x00, 0x00, 0x00, 0x7f, 0x00, 0xb4, 0x00, 0xb4,
  0x4b, 0xa1, 0x00, 0x00, 0x00, 0x00, 0x71, 0x7e, 0xbe, 0x00, 0x97, 0x00,
  0x81, 0x8d, 0x00, 0x00, 0x5d, 0x00, 0x00, 0x5d, 0x5d, 0xab, 0x00, 0xa1,
  0x00, 0x7e, 0x00, 0x00, 0x54, 0x00, 0x00, 0x00, 0x00, 0x81, 0x00, 0x54,
  0x5d, 0x7e, 0x00, 0x67, 0x00, 0x5d, 0x00, 0x71, 0x42, 0x00, 0x5d, 0x00,
  0xa1, 0x00, 0x00, 0x4b, 0x81, 0x5d, 0x00, 0x8d, 0x54, 0x7e, 0x00, 0x00,
  0xb3, 0x00, 0x00, 0xb3, 0x00, 0x68, 0x8b, 0x8b, 0x00, 0x68, 0x73, 0x5e,
  0x00, 0x00, 0x68, 0x00, 0x00, 0xbd, 0x7f, 0x00, 0x00, 0xa0, 0x00, 0x7f,
  0x5e, 0x55, 0xbd, 0x00, 0x00, 0x00, 0x00, 0x00, 0x00, 0x00, 0x8b, 0x00,
  0xb3, 0x00, 0x4c, 0xb3, 0x00, 0x8b, 0x00, 0x00, 0x73, 0x43, 0x5e, 0xaa,
  0x00, 0x00, 0xbd, 0x43, 0x00, 0x68, 0x00, 0x73, 0xaa, 0x00, 0x00, 0x00,
  0xbd, 0x96, 0x8b, 0x5e, 0x00, 0xab, 0x5d, 0x00, 0x8d, 0xb4, 0xa1, 0x42,
  0x8d, 0x00, 0x4b, 0x00, 0x00, 0x00, 0x00, 0x00, 0x00, 0x00, 0x00, 0x97,
  0x00, 0x00, 0x8d, 0x00, 0x81, 0x67, 0x00, 0x7e, 0x00, 0xab, 0x71, 0x00,
  0x67, 0x54, 0x00, 0xbe, 0x00, 0x00, 0x00, 0x00, 0x00, 0x67, 0x00, 0x8d,
  0x8d, 0x42, 0x00, 0x00, 0x00, 0x81, 0x00, 0x00, 0x7e, 0x00, 0x54, 0x54,
  0xb4, 0x4b, 0x54, 0x00, 0x00, 0x54, 0x00, 0x54, 0x00, 0x49, 0x00, 0x9c,
  0x00, 0x5a, 0x00, 0x00, 0x00, 0x00, 0x92, 0x00, 0x00, 0xc7, 0x00, 0x00,
  0x00, 0x00, 0x00, 0xb6, 0x6d, 0xa5, 0x00, 0x6d, 0x00, 0x7f, 0x00, 0x00,
  0x62, 0x00, 0xb6, 0x00, 0x00, 0x00, 0x00, 0x00, 0x9c, 0x00, 0x9c, 0x00,
  0x00, 0x51, 0xa5, 0x00, 0x62, 0xc7, 0xa5, 0x62, 0x00, 0x00, 0xbe, 0x5a,
  0x39, 0x92, 0xae, 0x00, 0x00, 0x9c, 0x5a, 0x00, 0x00, 0x5a, 0x00, 0x00,
  0x00, 0x5d, 0x42, 0x8d, 0x00, 0x00, 0x00, 0xab, 0x00, 0x81, 0x00, 0x00,
  0x42, 0x00, 0x00, 0x4b, 0xbe, 0x4b, 0x7e, 0x00, 0xa1, 0x7e, 0x00, 0x7e,
  0x00, 0x00, 0x4b, 0x00, 0x00, 0x42, 0x42, 0xb4, 0xbe, 0x00, 0x00, 0x4b,
  0x00, 0x00, 0x00, 0x00, 0x67, 0x00, 0x97, 0xbe, 0x00, 0x71, 0x97, 0x00,
  0x00, 0xab, 0x00, 0xab, 0x00, 0x67, 0x42, 0x00, 0x00, 0x00, 0x8d, 0x00,
  0x67, 0x97, 0x00, 0x00, 0x00, 0x54, 0x00, 0x00, 0x8d, 0x7e, 0xb4, 0x4b,
  0x00, 0x5d, 0x81, 0x00, 0x97, 0x8d, 0xb4, 0x00, 0xbe, 0x00, 0x00, 0x00,
  0x00, 0x00, 0x00, 0x00, 0x54, 0x00, 0xb4, 0x00, 0x00, 0x67, 0x67, 0x00,
  0x00, 0x42, 0x00, 0x7e, 0x97, 0x97, 0xbe, 0xb4, 0x5d, 0x42, 0x8d, 0x00,
  0x54, 0x00, 0x00, 0x00, 0x54, 0x8d, 0xab, 0x00, 0x71, 0x00, 0x00, 0x8d,
  0x00, 0x00, 0x81, 0x42, 0xa1, 0x00, 0x00, 0x4b, 0x97, 0xab, 0x00, 0xab,
  0xb4, 0x00, 0x42, 0x7e, 0x00, 0x00, 0x00, 0x00, 0x97, 0xa1, 0x67, 0x00,
  0x00, 0xb4, 0xa1, 0x97, 0x00, 0xb4, 0x00, 0x00, 0x00, 0x00, 0x00, 0x00,
  0x00, 0xbe, 0x00, 0x00, 0x00, 0xa1, 0x00, 0xab, 0x00, 0x00, 0x00, 0x00,
  0x81, 0x00, 0x42, 0x54, 0x54, 0x00, 0x00, 0x00, 0x00, 0xa1, 0x97, 0x97,
  0x81, 0x00, 0xa1, 0xbe, 0x00, 0xab, 0x42, 0x71, 0xbe, 0x67, 0x00, 0x00,
  0x4b, 0x00, 0x00, 0xb4, 0xa1, 0x00, 0x00, 0x00, 0xbe, 0x00, 0x67, 0x8d,
  0x97, 0xbe, 0x00, 0x67, 0x00, 0x00, 0x00, 0x00, 0x7e, 0x00, 0x00, 0x00,
  0xab, 0x00, 0x00, 0x81, 0x42, 0x67, 0x00, 0x54, 0x7e, 0x00, 0x5d, 0x00,
  0x00, 0x00, 0xa1, 0xbe, 0x97, 0x54, 0x00, 0x00, 0x00, 0x00, 0x00, 0x00,
  0x00, 0x00, 0x00, 0x97, 0x8d, 0x81, 0x4b, 0x54, 0x67, 0x54, 0x00, 0x00,
  0x97, 0x00, 0x00, 0x8d, 0x00, 0x51, 0x9c, 0x00, 0x00, 0x6d, 0x6d, 0x00,
  0x51, 0x00, 0x92, 0x00, 0xc7, 0x00, 0x00, 0x00, 0xa5, 0x00, 0xae, 0x00,
  0x41, 0x00, 0x92, 0x51, 0xa5, 0xbe, 0x51, 0x49, 0x39, 0x7f, 0xb6, 0x00,
  0x00, 0x00, 0x6d, 0x5a, 0x00, 0x00, 0x62, 0xc7, 0x00, 0x00, 0x6d, 0x00,
  0x92, 0x51, 0xa5, 0xb6, 0x00, 0x00, 0x00, 0x62, 0x00, 0xa5, 0xbe, 0x00,
  0xb6, 0xae, 0x39, 0x00, 0x6d, 0x00, 0x00, 0x00, 0x4c, 0x00, 0x00, 0xb3,
  0x00, 0x00, 0x00, 0x68, 0x00, 0xb3, 0x00, 0x00, 0x00, 0x8b, 0x00, 0xbd,
  0x00, 0x43, 0x68, 0x73, 0x00, 0x00, 0x00, 0x00, 0x00, 0xb3, 0x00, 0x00,
  0x00, 0x00, 0x00, 0x96, 0x73, 0x68, 0xbd, 0xbd, 0x5e, 0x00, 0x00, 0x00,
  0x68, 0x68, 0x00, 0x00, 0x00, 0x00, 0x00, 0x00, 0x00, 0x00, 0x7f, 0x00,
  0x5e, 0x8b, 0x68, 0x8b, 0x00, 0x96, 0xaa, 0x4c, 0xbd, 0x5e, 0xa0, 0x00,
  0xb4, 0x97, 0x54, 0xab, 0x00, 0x00, 0x00, 0xab, 0x00, 0x00, 0x4b, 0xab,
  0x42, 0x00, 0x00, 0xab, 0x00, 0x4b, 0xa1, 0xbe, 0x71, 0x00, 0x00, 0x00,
  0x00, 0xa1, 0x97, 0x00, 0x00, 0x00, 0x00, 0x4b, 0x00, 0xbe, 0x00, 0x8d,
  0x00, 0x00, 0x5d, 0x00, 0x54, 0x00, 0x00, 0x8d, 0xab, 0xa1, 0xbe, 0xa1,
  0x4b, 0x7e, 0x67, 0x00, 0x00, 0x54, 0xab, 0x4b, 0x00, 0x00, 0x00, 0x00,
  0x4b, 0x42, 0x54, 0x81, 0x4b, 0xb4, 0x00, 0xa1, 0x8d, 0x00, 0x00, 0x8d,
  0xa1, 0x71, 0x97, 0x5d, 0x00, 0x81, 0x5d, 0x00, 0x00, 0x5d, 0x54, 0x00,
  0x00, 0x00, 0x00, 0x71, 0x00, 0x00, 0x00, 0x8d, 0x00, 0x00, 0x00, 0x00,
  0x00, 0xab, 0x42, 0x81, 0x81, 0xbe, 0xab, 0x00, 0xbe, 0x71, 0x00, 0x00,
  0x00, 0x00, 0x00, 0x00, 0x42, 0x00, 0x00, 0x00, 0x54, 0xa1, 0x4b, 0x00,
  0x00, 0x00, 0x00, 0x00, 0x71, 0x00, 0x67, 0x67, 0x00, 0x7f, 0x00, 0x00,
  0x00, 0x00, 0xbd, 0x00, 0x00, 0xb3, 0x00, 0x00, 0x00, 0x00, 0x00, 0x00,
  0x4c, 0x00, 0x00, 0x00, 0x00, 0x00, 0xb3, 0xaa, 0x00, 0x00, 0x43, 0xbd,
  0x00, 0x00, 0x00, 0x00, 0x00, 0x00, 0x00, 0x00, 0x00, 0x00, 0x55, 0x00,
  0x73, 0x00, 0x00, 0xb3, 0x8b, 0x00, 0xa0, 0xb3, 0x00, 0x00, 0xaa, 0x00,
  0x8b, 0x00, 0x73, 0x96, 0x68, 0x7f, 0x00, 0x00, 0xa0, 0x73, 0x73, 0x96,
  0x00, 0x4c, 0x4c, 0x00, 0x00, 0x00, 0x00, 0x00, 0x00, 0x96, 0x00, 0x00,
  0x43, 0x00, 0x00, 0x00, 0x73, 0x00, 0x5e, 0x00, 0x00, 0x73, 0x43, 0x00,
  0x00, 0x5e, 0x68, 0x00, 0x00, 0x00, 0x00, 0x5e, 0x00, 0x00, 0x7f, 0x00,
  0x00, 0x96, 0x00, 0x4c, 0x96, 0x8b, 0x96, 0xb3, 0xaa, 0xa0, 0xb3, 0x00,
  0x00, 0x00, 0x00, 0x00, 0xbd, 0x00, 0x43, 0x00, 0x00, 0x00, 0x5e, 0x00,
  0x96, 0x00, 0x00, 0x00, 0x00, 0xbe, 0x8d, 0x00, 0x00, 0x8d, 0x00, 0x00,
  0x97, 0x7e, 0x00, 0x00, 0x00, 0x00, 0xa1, 0x00, 0x67, 0x5d, 0x5d, 0x00,
  0xbe, 0x00, 0x8d, 0xab, 0x00, 0xbe, 0x00, 0x97, 0x97, 0x97, 0x00, 0xab,
  0x54, 0x4b, 0xa1, 0x7e, 0x00, 0x00, 0x00, 0x00, 0x00, 0x00, 0x00, 0xa1,
  0x5d, 0x42, 0x5d, 0xa1, 0x00, 0x71, 0x00, 0x00, 0x00, 0x8d, 0x5d, 0x7e,
  0x00, 0x00, 0x97, 0x00, 0xbe, 0x4b, 0x81, 0x4b, 0x00, 0x7e, 0xab, 0x00,
  0x5d, 0xa1, 0xbe, 0x5d, 0x00, 0x7e, 0x00, 0x00, 0xab, 0x00, 0x00, 0x00,
  0x8d, 0x00, 0x00, 0x00, 0x54, 0x00, 0xa1, 0x8d, 0x4b, 0x00, 0x42, 0x00,
  0xab, 0xbe, 0x54, 0x00, 0x81, 0x42, 0xb4, 0x67, 0x00, 0x00, 0xbe, 0x5d,
  0x00, 0x00, 0x00, 0x97, 0x67, 0x00, 0x00, 0x54, 0x00, 0xb4, 0x00, 0x4b,
  0x00, 0x54, 0x00, 0x8d, 0x97, 0x00, 0x00, 0x00, 0x5d, 0xbe, 0x54, 0x00,
  0x00, 0xa1, 0xa1, 0x4b, 0x00, 0x97, 0x00, 0xab, 0x5d, 0x00, 0x00, 0x00,
  0x00, 0x81, 0x97, 0x00, 0x00, 0x00, 0x4b, 0x00, 0x97, 0x00, 0x00, 0xbe,
  0x97, 0xab, 0x00, 0x00, 0x00, 0x00, 0x00, 0x71, 0x4b, 0x81, 0x5d, 0x00,
  0x42, 0xab, 0x00, 0x00, 0x00, 0x00, 0x67, 0x97, 0x00, 0xab, 0xbe, 0x00,
  0x81, 0x00, 0x00, 0xbe, 0xab, 0x00, 0x97, 0x00, 0xbe, 0x00, 0x00, 0x5d,
  0x71, 0xbe, 0x97, 0x81, 0x00, 0xb6, 0x7f, 0x9c, 0x00, 0x00, 0x00, 0x62,
  0x00, 0x51, 0x00, 0x00, 0xa5, 0xae, 0x41, 0x00, 0x00, 0x5a, 0x00, 0x00,
  0xbe, 0x00, 0xae, 0x00, 0x00, 0x00, 0xa5, 0xc7, 0x49, 0x5a, 0x62, 0x00,
  0x00, 0xa5, 0x49, 0x00, 0x92, 0xbe, 0x39, 0x00, 0x5a, 0x00, 0x00, 0x00,
  0x00, 0x00, 0xb6, 0x5a, 0xc7, 0x00, 0x00, 0x92, 0x00, 0xae, 0x00, 0x00,
  0x00, 0x9c, 0xbe, 0xbe, 0x41, 0x39, 0x00, 0x00, 0x00, 0x8b, 0x96, 0x00,
  0xaa, 0x00, 0x00, 0x00, 0x00, 0x00, 0x00, 0x00, 0x8b, 0x00, 0xa0, 0x68,
  0x00, 0x5e, 0x4c, 0xb3, 0x00, 0x4c, 0x55, 0x7f, 0xa0, 0x00, 0x00, 0x8b,
  0x00, 0x00, 0x4c, 0x5e, 0x00, 0x00, 0x55, 0x00, 0x00, 0x55, 0xbd, 0x00,
  0x55, 0x43, 0xb3, 0xb3, 0x68, 0x55, 0x96, 0x00, 0x00, 0x00, 0x7f, 0x00,
  0x00, 0x55, 0x00, 0x96, 0x00, 0xb3, 0x73, 0x68, 0x5e, 0x00, 0x4c, 0x00,
  0x7f, 0x00, 0x00, 0x00, 0x00, 0xa0, 0x00, 0x68, 0xbd, 0x73, 0xa0, 0x55,
  0x00, 0xaa, 0x00, 0xb3, 0xaa, 0xb3, 0x8b, 0x00, 0x00, 0x00, 0x00, 0x5e,
  0x00, 0x00, 0x68, 0x00, 0x00, 0x55, 0x00, 0x00, 0x8b, 0x00, 0x00, 0x00,
  0x00, 0xaa, 0x00, 0x7f, 0x00, 0x00, 0x00, 0x00, 0x00, 0xaa, 0x96, 0xaa,
  0x4c, 0x00, 0x55, 0xaa, 0xbd, 0x68, 0x00, 0x7f, 0xbd, 0x00, 0x00, 0x00,
  0xa0, 0x43, 0x00, 0x00, 0x00, 0x00, 0x00, 0xb7, 0x00, 0x81, 0x00, 0x7d,
  0x00, 0x00, 0x00, 0xb7, 0x53, 0x00, 0x8d, 0x00, 0xad, 0x00, 0xad, 0x53,
  0x00, 0x00, 0x00, 0x49, 0x00, 0x00, 0x7d, 0x00, 0x53, 0xad, 0x00, 0x00,
  0xa2, 0x00, 0x00, 0x00, 0xa2, 0x00, 0xa2, 0x00, 0xad, 0x00, 0x53, 0x00,
  0xa2, 0x00, 0xad, 0x00, 0x53, 0x00, 0x53, 0x00, 0x00, 0x00, 0x00, 0x8d,
  0x00, 0xa2, 0x00, 0x00, 0x5d, 0x00, 0x00, 0x00, 0xbe, 0x42, 0x00, 0x8d,
  0x00, 0x00, 0x00, 0x4b, 0x00, 0x00, 0x00, 0x00, 0xab, 0x00, 0x00, 0x00,
  0x00, 0x4b, 0x7e, 0x67, 0x00, 0x7e, 0x71, 0x00, 0x8d, 0x00, 0xa1, 0x67,
  0x00, 0x00, 0x54, 0x67, 0x4b, 0x97, 0x00, 0x00, 0xa1, 0x00, 0xa1, 0x00,
  0x5d, 0x7e, 0x00, 0x00, 0x7e, 0x00, 0xab, 0x00, 0x81, 0x54, 0xab, 0x00,
  0x4b, 0x00, 0x00, 0x00, 0x00, 0x00, 0x00, 0x00, 0x00, 0x00, 0x00, 0x00,
  0x00, 0xb7, 0x00, 0x00, 0xa2, 0x00, 0x72, 0x00, 0x8d, 0xad, 0x00, 0x8d,
  0xb7, 0x00, 0x53, 0xad, 0x7d, 0x00, 0x8d, 0x67, 0xb7, 0x00, 0x00, 0x00,
  0x00, 0x97, 0x7d, 0x81, 0x00, 0x67, 0x00, 0xb7, 0x5d, 0x00, 0x00, 0x00,
  0x49, 0x49, 0x5d, 0x5d, 0x00, 0x00, 0x7d, 0x00, 0x53, 0xad, 0x00, 0x00,
  0x8d, 0x00, 0x00, 0x00, 0xad, 0x81, 0x00, 0xa2, 0xb7, 0x97, 0x00, 0x8d,
  0x00, 0x00, 0xa2, 0x00, 0x00, 0x00, 0x00, 0xa1, 0x54, 0x00, 0x71, 0x00,
  0x00, 0x00, 0x71, 0xa1, 0x00, 0x00, 0x42, 0x00, 0xb4, 0x81, 0x5d, 0x00,
  0x00, 0x00, 0x5d, 0xab, 0x00, 0x00, 0x00, 0x00, 0x00, 0x00, 0x00, 0x97,
  0x42, 0x42, 0xa1, 0x00, 0x54, 0x00, 0xbe, 0x00, 0x71, 0x42, 0x7e, 0x00,
  0x00, 0x00, 0x00, 0x00, 0x5d, 0x42, 0x00, 0x00, 0xb4, 0xab, 0x4b, 0x81,
  0x00, 0x00, 0x00, 0x7e, 0x5d, 0x4b, 0x00, 0x00, 0x00, 0x71, 0x00, 0x81,
  0xbe, 0xbe, 0x97, 0x8d, 0x00, 0x4b, 0x00, 0x54, 0x71, 0xa1, 0x00, 0x00,
  0xb4, 0x00, 0x8d, 0xa1, 0x00, 0x42, 0x00, 0x54, 0x00, 0x42, 0x00, 0x4b,
  0x71, 0x8d, 0xbe, 0x00, 0xb4, 0x00, 0x00, 0x00, 0x00, 0xab, 0x00, 0x00,
  0x8d, 0x00, 0x97, 0x5d, 0xb4, 0xb4, 0x00, 0x5d, 0x00, 0x8d, 0x67, 0x00,
  0xa1, 0xbe, 0x00, 0x42, 0x00, 0x00, 0x67, 0x00, 0x97, 0x00, 0x54, 0x81,
  0x00, 0x00, 0x60, 0x38, 0x00, 0x48, 0x6b, 0xa7, 0xaf, 0xc0, 0x00, 0x58,
  0x9e, 0xaf, 0x00, 0x00, 0xaf, 0x48, 0x00, 0x00, 0x81, 0x38, 0x00, 0x00,
  0x00, 0x9e, 0x00, 0xc8, 0x81, 0x00, 0x00, 0x94, 0x9e, 0x48, 0x00, 0x00,
  0x7c, 0x00, 0x4f, 0x94, 0x00, 0xc0, 0x00, 0x00, 0x38, 0x00, 0x38, 0xa7,
  0xaf, 0x9e, 0x00, 0x4f, 0x6b, 0x00, 0x58, 0x00, 0x00, 0x40, 0x00, 0x48,
  0xa7, 0xc8, 0xaf, 0x38, 0x67, 0x54, 0xa1, 0x00, 0x97, 0x00, 0x00, 0x00,
  0x00, 0x67, 0x97, 0x00, 0xb4, 0x00, 0x00, 0x67, 0x7e, 0x7e, 0x00, 0x81,
  0x00, 0x00, 0x42, 0xab, 0x00, 0x8d, 0x00, 0x00, 0x00, 0x00, 0x7e, 0xbe,
  0xb4, 0x5d, 0x00, 0x42, 0x71, 0x00, 0x00, 0xbe, 0xb4, 0x00, 0x00, 0x00,
  0x00, 0x00, 0x00, 0x00, 0xab, 0x00, 0x00, 0x00, 0x67, 0x00, 0x00, 0x00,
  0xb4, 0x00, 0xb4, 0x00, 0x00, 0x8d, 0x00, 0x7e, 0x40, 0x00, 0x00, 0x9e,
  0x58, 0x58, 0x00, 0x58, 0x00, 0x00, 0x00, 0xb7, 0x00, 0xc0, 0x9e, 0x00,
  0x00, 0x00, 0x81, 0x00, 0x4f, 0x00, 0x38, 0x60, 0xb7, 0xc0, 0xaf, 0x38,
  0x00, 0x48, 0x94, 0x48, 0xc0, 0x00, 0x58, 0x58, 0x00, 0x00, 0x9e, 0x00,
  0x00, 0x00, 0xb7, 0x00, 0xb7, 0xaf, 0x00, 0xa7, 0x94, 0x58, 0x00, 0x00,
  0x9e, 0x9e, 0x00, 0xc0, 0x00, 0x48, 0xc0, 0x00, 0x6b, 0x00, 0x6b, 0x00,
  0x00, 0x5e, 0x4c, 0x00, 0x00, 0xa0, 0x00, 0x00, 0x00, 0x00, 0xaa, 0x73,
  0x73, 0x00, 0xbd, 0x00, 0x00, 0x00, 0xa0, 0x00, 0x00, 0x00, 0x00, 0x73,
  0x00, 0x00, 0x68, 0x00, 0x55, 0x00, 0x00, 0x00, 0x96, 0x00, 0xaa, 0xb3,
  0x8b, 0x8b, 0x55, 0x00, 0x00, 0x00, 0x7f, 0x00, 0x00, 0xa0, 0x68, 0xbd,
  0x00, 0xbd, 0x7f, 0x00, 0x00, 0x00, 0x7f, 0x00, 0x8b, 0xb3, 0xbd, 0xb3,
  0xbd, 0x00, 0x00, 0x00, 0x4f, 0x00, 0x00, 0xc8, 0x60, 0x00, 0x00, 0x48,
  0x00, 0x00, 0x00, 0x00, 0x00, 0x00, 0x60, 0x40, 0x00, 0x00, 0x60, 0xa7,
  0x4f, 0x9e, 0x00, 0x00, 0x9e, 0x81, 0xb7, 0x00, 0x00, 0x00, 0x00, 0x9e,
  0x00, 0x00, 0xb7, 0xc0, 0xc8, 0xc0, 0x00, 0x00, 0x58, 0x00, 0x40, 0x38,
  0x00, 0x00, 0xb7, 0x38, 0x60, 0x00, 0x00, 0x00, 0x6b, 0x38, 0x00, 0x00,
  0xb7, 0x00, 0x60, 0x48, 0x4f, 0x48, 0x00, 0x00, 0x00, 0x00, 0x43, 0x7f,
  0x00, 0x00, 0x4c, 0x8b, 0x00, 0x00, 0x00, 0x73, 0x00, 0x00, 0x00, 0x4c,
  0x00, 0x7f, 0x00, 0x00, 0x00, 0x00, 0xa0, 0x00, 0x00, 0xaa, 0x7f, 0x00,
  0x00, 0x5e, 0x68, 0xaa, 0x00, 0x00, 0xaa, 0x00, 0x00, 0x00, 0x55, 0x00,
  0x00, 0x4c, 0x5e, 0x8b, 0x00, 0x00, 0x00, 0x8b, 0x00, 0x00, 0x4c, 0x96,
  0x4c, 0x00, 0x5e, 0xa0, 0x00, 0x5e, 0x00, 0x5e, 0x00, 0x8b, 0x8b, 0x00,
  0x00, 0x00, 0x55, 0x00, 0xa0, 0x4c, 0x00, 0x00, 0x4c, 0x00, 0xb3, 0x4c,
  0x8b, 0x00, 0x73, 0x96, 0x00, 0xb3, 0x00, 0xa0, 0x00, 0xbd, 0x00, 0x00,
  0x5e, 0x00, 0xbd, 0x00, 0x68, 0x55, 0x00, 0x55, 0x8b, 0x55, 0x00, 0x00,
  0x00, 0x00, 0x00, 0x73, 0x00, 0x55, 0x00, 0x4c, 0xaa, 0x00, 0xb3, 0x4c,
  0x8b, 0x00, 0x00, 0x7f, 0xaa, 0x96, 0xa0, 0x00, 0xb3, 0x73, 0xb3, 0x00,
  0xa0, 0x73, 0x00, 0x73, 0xb7, 0x00, 0xb7, 0x00, 0x00, 0x38, 0x58, 0x81,
  0xc8, 0x00, 0x00, 0x00, 0x00, 0x00, 0x00, 0x00, 0xc0, 0xc0, 0x00, 0x38,
  0x7c, 0x7c, 0x00, 0x7c, 0x00, 0x48, 0x58, 0x00, 0x00, 0x4f, 0x00, 0xb7,
  0x00, 0x9e, 0x00, 0x00, 0x00, 0x00, 0x00, 0x00, 0xa7, 0x58, 0x00, 0x00,
  0x00, 0xaf, 0xaf, 0x7c, 0x81, 0x00, 0x00, 0x00, 0x00, 0x48, 0x00, 0x00,
  0x00, 0xa7, 0x00, 0xc0, 0x00, 0x6b, 0x4f, 0xa7, 0x96, 0x00, 0x00, 0x68,
  0x8b, 0xaa, 0x00, 0x00, 0x73, 0x5e, 0x55, 0x5e, 0x00, 0x43, 0x5e, 0x00,
  0x00, 0x00, 0x00, 0x00, 0x00, 0x00, 0xb3, 0x43, 0xa0, 0x00, 0x00, 0x73,
  0x43, 0x00, 0x73, 0x00, 0x00, 0x00, 0x7f, 0x43, 0x5e, 0x00, 0x55, 0xaa,
  0x00, 0xaa, 0xa0, 0x5e, 0xbd, 0x00, 0x55, 0x00, 0xbd, 0x73, 0x5e, 0x68,
  0x4c, 0x00, 0x00, 0x00, 0x7f, 0xaa, 0x00, 0xa0, 0x00, 0x00, 0xb3, 0x5e,
  0x00, 0x7f, 0x7f, 0x00, 0x8b, 0x00, 0x00, 0x00, 0x5e, 0x43, 0x00, 0x73,
  0x00, 0x00, 0x00, 0x00, 0x8b, 0x00, 0x8b, 0x00, 0x00, 0x68, 0x00, 0xa0,
  0x96, 0x7f, 0x00, 0x68, 0x00, 0x8b, 0x00, 0x73, 0xb3, 0x68, 0x96, 0x00,
  0xa0, 0xb3, 0x00, 0x55, 0x00, 0xb3, 0x00, 0x5e, 0xbd, 0x73, 0x00, 0xaa,
  0x96, 0x00, 0x00, 0x00, 0x43, 0xbd, 0x7f, 0x4c, 0xaa, 0x00, 0x00, 0x00,
  0xb3, 0x5e, 0x00, 0x7f, 0x8d, 0xbe, 0x00, 0x00, 0x00, 0x71, 0x8d, 0x67,
  0x8d, 0x00, 0x00, 0x00, 0x00, 0x71, 0x00, 0x00, 0x97, 0x54, 0xab, 0x00,
  0x00, 0xab, 0x00, 0x00, 0x54, 0x8d, 0x4b, 0x00, 0x54, 0x67, 0x00, 0x7e,
  0xb4, 0x00, 0x00, 0x54, 0x97, 0x54, 0x67, 0x00, 0x00, 0x5d, 0xa1, 0x81,
  0xb4, 0xa1, 0x71, 0xb4, 0xa1, 0x00, 0x5d, 0x00, 0x00, 0x00, 0x81, 0x54,
  0x00, 0x00, 0x00, 0x00, 0x42, 0x97, 0x71, 0x00, 0x00, 0x00, 0x00, 0xa1,
  0xab, 0xb4, 0x00, 0x00, 0x97, 0x00, 0xbe, 0x00, 0x00, 0x00, 0x00, 0x00,
  0x00, 0x00, 0x00, 0x00, 0x97, 0x00, 0x00, 0x97, 0x00, 0x8d, 0x00, 0x42,
  0xa1, 0xbe, 0x54, 0x00, 0x4b, 0x00, 0x00, 0x71, 0xbe, 0x00, 0xbe, 0x00,
  0x00, 0x54, 0x8d, 0x67, 0x00, 0x7e, 0x5d, 0x00, 0x71, 0x00, 0x67, 0xa1,
  0xbe, 0x00, 0x81, 0x00, 0x00, 0x00, 0x4b, 0x00, 0x8d, 0x00, 0xab, 0x00,
  0x4b, 0x81, 0xb4, 0x00, 0x00, 0x00, 0x97, 0x71, 0x67, 0x00, 0x8d, 0x00,
  0xb4, 0x54, 0x00, 0x00, 0x00, 0x00, 0x00, 0x00, 0x00, 0x4b, 0x67, 0x00,
  0x00, 0x00, 0x00, 0xab, 0xa1, 0x97, 0x00, 0x67, 0xab, 0x81, 0x71, 0x00,
  0x00, 0x00, 0x54, 0x42, 0xb4, 0x5d, 0x00, 0xab, 0x00, 0x00, 0xab, 0xb4,
  0xab, 0x71, 0x00, 0x71, 0x42, 0x00, 0x81, 0xab, 0x7e, 0x00, 0xab, 0xbe,
  0x00, 0x00, 0x00, 0x54, 0x00, 0xb4, 0xb4, 0x00, 0x00, 0x54, 0x00, 0x00,
  0x00, 0x67, 0x00, 0xab, 0x5d, 0x4b, 0x00, 0x71, 0xb4, 0x00, 0x00, 0xb4,
  0x00, 0x00, 0x81, 0x00, 0xbe, 0x00, 0x54, 0x5d, 0x00, 0x71, 0x5d, 0x00,
  0x00, 0x97, 0x00, 0x00, 0x54, 0x00, 0x97, 0x00, 0x00, 0x4b, 0xbe, 0x54,
  0x42, 0x00, 0x42, 0x00, 0x4b, 0xbe, 0xa1, 0xab, 0x00, 0x00, 0x4b, 0x00,
  0x42, 0x00, 0x00, 0x7e, 0x00, 0x5d, 0x42, 0x71, 0x00, 0x72, 0x00, 0x8d,
  0x00, 0x00, 0x00, 0x8d, 0x00, 0x00, 0x00, 0x8d, 0x00, 0x67, 0x00, 0x81,
  0x53, 0x53, 0x00, 0x5d, 0x72, 0x00, 0x00, 0x00, 0x00, 0x00, 0x00, 0x00,
  0x00, 0x72, 0x00, 0x49, 0xb7, 0x00, 0x7d, 0x00, 0x00, 0xad, 0x97, 0x7d,
  0x00, 0x97, 0x00, 0xb7, 0x00, 0x53, 0x00, 0x00, 0x00, 0x00, 0x00, 0x00,
  0xb7, 0x00, 0x00, 0x00, 0x97, 0x00, 0x97, 0x8d, 0x00, 0xb7, 0x00, 0xb7,
  0x00, 0x39, 0xbe, 0x62, 0x00, 0x00, 0x39, 0xbe, 0x49, 0x00, 0x00, 0x49,
  0xc7, 0x49, 0x00, 0x00, 0x00, 0x49, 0xb6, 0xc7, 0x7f, 0x39, 0x00, 0x41,
  0x00, 0x41, 0x00, 0xa5, 0x00, 0x49, 0x41, 0x00, 0x00, 0x00, 0x41, 0x9c,
  0x00, 0xae, 0xc7, 0x49, 0x5a, 0x00, 0x00, 0x00, 0x5a, 0xb6, 0x62, 0x39,
  0x00, 0x00, 0x00, 0x6d, 0x00, 0xa5, 0xb6, 0x00, 0xc7, 0x00, 0x41, 0x00,
  0x00, 0x51, 0x00, 0x00, 0x00, 0x40, 0x00, 0x7c, 0x4f, 0x00, 0x00, 0x00,
  0x48, 0x00, 0x48, 0x00, 0x00, 0x9e, 0xa7, 0x00, 0x81, 0xaf, 0x38, 0x7c,
  0x00, 0x4f, 0x00, 0x00, 0xb7, 0x6b, 0x00, 0x00, 0x00, 0x00, 0xc0, 0x00,
  0x00, 0x00, 0x38, 0xc0, 0xaf, 0x81, 0x40, 0x7c, 0x00, 0x00, 0x40, 0x6b,
  0x00, 0x94, 0x00, 0x00, 0xc0, 0x4f, 0x7c, 0xa7, 0x94, 0x00, 0x00, 0x38,
  0x00, 0xaf, 0x9e, 0x00, 0xaf, 0x38, 0x00, 0x58, 0x00, 0x00, 0x00, 0x00,
  0x8b, 0x00, 0x00, 0x00, 0xbd, 0x00, 0x5e, 0x96, 0x68, 0xaa, 0xaa, 0xaa,
  0x00, 0x5e, 0xbd, 0x00, 0x00, 0x8b, 0x00, 0x00, 0xaa, 0x00, 0x73, 0xb3,
  0x00, 0x5e, 0x4c, 0x73, 0x96, 0x68, 0x55, 0x00, 0x00, 0xaa, 0x4c, 0x7f,
  0x00, 0x96, 0x00, 0x00, 0x7f, 0x4c, 0x7f, 0x96, 0x4c, 0xb3, 0xa0, 0x00,
  0xa0, 0xaa, 0x7f, 0x00, 0x00, 0x8b, 0x00, 0x00, 0x00, 0x8b, 0x00, 0x00,
  0x36, 0xc9, 0xff, 0xff, 0x00, 0x00, 0x02, 0x01, 0xac, 0x00, 0x00, 0x00,
  0x12, 0x00, 0x00, 0x00, 0x08, 0x00, 0x00, 0x00, 0xa8, 0x00, 0x00, 0x00,
  0x94, 0x00, 0x00, 0x00, 0x74, 0x69, 0x6e, 0x79, 0x5f, 0x6e, 0x69, 0x64,
  0x73, 0x5f, 0x74, 0x72, 0x61, 0x6e, 0x73, 0x66, 0x6f, 0x72, 0x6d, 0x65,
  0x72, 0x5f, 0x31, 0x2f, 0x65, 0x6e, 0x63, 0x6f, 0x64, 0x65, 0x72, 0x5f,
  0x62, 0x6c, 0x6f, 0x63, 0x6b, 0x5f, 0x31, 0x5f, 0x31, 0x2f, 0x73, 0x65,
  0x71, 0x75, 0x65, 0x6e, 0x74, 0x69, 0x61, 0x6c, 0x5f, 0x33, 0x5f, 0x31,
  0x2f, 0x64, 0x65, 0x6e, 0x73, 0x65, 0x5f, 0x32, 0x33, 0x5f, 0x31, 0x2f,
  0x52, 0x65, 0x6c, 0x75, 0x3b, 0x74, 0x69, 0x6e, 0x79, 0x5f, 0x6e, 0x69,
  0x64, 0x73, 0x5f, 0x74, 0x72, 0x61, 0x6e, 0x73, 0x66, 0x6f, 0x72, 0x6d,
  0x65, 0x72, 0x5f, 0x31, 0x2f, 0x65, 0x6e, 0x63, 0x6f, 0x64, 0x65, 0x72,
  0x5f, 0x62, 0x6c, 0x6f, 0x63, 0x6b, 0x5f, 0x31, 0x5f, 0x31, 0x2f, 0x73,
  0x65, 0x71, 0x75, 0x65, 0x6e, 0x74, 0x69, 0x61, 0x6c, 0x5f, 0x33, 0x5f,
  0x31, 0x2f, 0x64, 0x65, 0x6e, 0x73, 0x65, 0x5f, 0x32, 0x33, 0x5f, 0x31,
  0x2f, 0x42, 0x69, 0x61, 0x73, 0x41, 0x64, 0x64, 0x00, 0x00, 0x00, 0x00,
  0x01, 0x00, 0x00, 0x00, 0x80, 0x00, 0x00, 0x00, 0x0c, 0xcd, 0xff, 0xff,
  0x0c, 0x04, 0x00, 0x00, 0x04, 0x00, 0x00, 0x00, 0x80, 0x00, 0x00, 0x00,
  0x00, 0x00, 0x00, 0x00, 0x00, 0x00, 0x00, 0x00, 0x00, 0x00, 0x00, 0x00,
  0x00, 0x00, 0x00, 0x00, 0x00, 0x00, 0x00, 0x00, 0x00, 0x00, 0x00, 0x00,
  0x00, 0x00, 0x00, 0x00, 0x00, 0x00, 0x00, 0x00, 0x00, 0x00, 0x00, 0x00,
  0x00, 0x00, 0x00, 0x00, 0x00, 0x00, 0x00, 0x00, 0x00, 0x00, 0x00, 0x00,
  0x00, 0x00, 0x00, 0x00, 0x00, 0x00, 0x00, 0x00, 0x00, 0x00, 0x00, 0x00,
  0x00, 0x00, 0x00, 0x00, 0x00, 0x00, 0x00, 0x00, 0x00, 0x00, 0x00, 0x00,
  0x00, 0x00, 0x00, 0x00, 0x00, 0x00, 0x00, 0x00, 0x00, 0x00, 0x00, 0x00,
  0x00, 0x00, 0x00, 0x00, 0x00, 0x00, 0x00, 0x00, 0x00, 0x00, 0x00, 0x00,
  0x00, 0x00, 0x00, 0x00, 0x00, 0x00, 0x00, 0x00, 0x00, 0x00, 0x00, 0x00,
  0x00, 0x00, 0x00, 0x00, 0x00, 0x00, 0x00, 0x00, 0x00, 0x00, 0x00, 0x00,
  0x00, 0x00, 0x00, 0x00, 0x00, 0x00, 0x00, 0x00, 0x00, 0x00, 0x00, 0x00,
  0x00, 0x00, 0x00, 0x00, 0x00, 0x00, 0x00, 0x00, 0x00, 0x00, 0x00, 0x00,
  0x00, 0x00, 0x00, 0x00, 0x00, 0x00, 0x00, 0x00, 0x00, 0x00, 0x00, 0x00,
  0x00, 0x00, 0x00, 0x00, 0x00, 0x00, 0x00, 0x00, 0x00, 0x00, 0x00, 0x00,
  0x00, 0x00, 0x00, 0x00, 0x00, 0x00, 0x00, 0x00, 0x00, 0x00, 0x00, 0x00,
  0x00, 0x00, 0x00, 0x00, 0x00, 0x00, 0x00, 0x00, 0x00, 0x00, 0x00, 0x00,
  0x00, 0x00, 0x00, 0x00, 0x00, 0x00, 0x00, 0x00, 0x00, 0x00, 0x00, 0x00,
  0x00, 0x00, 0x00, 0x00, 0x00, 0x00, 0x00, 0x00, 0x00, 0x00, 0x00, 0x00,
  0x00, 0x00, 0x00, 0x00, 0x00, 0x00, 0x00, 0x00, 0x00, 0x00, 0x00, 0x00,
  0x00, 0x00, 0x00, 0x00, 0x00, 0x00, 0x00, 0x00, 0x00, 0x00, 0x00, 0x00,
  0x00, 0x00, 0x00, 0x00, 0x00, 0x00, 0x00, 0x00, 0x00, 0x00, 0x00, 0x00,
  0x00, 0x00, 0x00, 0x00, 0x00, 0x00, 0x00, 0x00, 0x00, 0x00, 0x00, 0x00,
  0x00, 0x00, 0x00, 0x00, 0x00, 0x00, 0x00, 0x00, 0x00, 0x00, 0x00, 0x00,
  0x00, 0x00, 0x00, 0x00, 0x00, 0x00, 0x00, 0x00, 0x00, 0x00, 0x00, 0x00,
  0x00, 0x00, 0x00, 0x00, 0x00, 0x00, 0x00, 0x00, 0x00, 0x00, 0x00, 0x00,
  0x00, 0x00, 0x00, 0x00, 0x00, 0x00, 0x00, 0x00, 0x00, 0x00, 0x00, 0x00,
  0x00, 0x00, 0x00, 0x00, 0x00, 0x00, 0x00, 0x00, 0x00, 0x00, 0x00, 0x00,
  0x00, 0x00, 0x00, 0x00, 0x00, 0x00, 0x00, 0x00, 0x00, 0x00, 0x00, 0x00,
  0x00, 0x00, 0x00, 0x00, 0x00, 0x00, 0x00, 0x00, 0x00, 0x00, 0x00, 0x00,
  0x00, 0x00, 0x00, 0x00, 0x00, 0x00, 0x00, 0x00, 0x00, 0x00, 0x00, 0x00,
  0x00, 0x00, 0x00, 0x00, 0x00, 0x00, 0x00, 0x00, 0x00, 0x00, 0x00, 0x00,
  0x00, 0x00, 0x00, 0x00, 0x00, 0x00, 0x00, 0x00, 0x00, 0x00, 0x00, 0x00,
  0x00, 0x00, 0x00, 0x00, 0x00, 0x00, 0x00, 0x00, 0x00, 0x00, 0x00, 0x00,
  0x00, 0x00, 0x00, 0x00, 0x00, 0x00, 0x00, 0x00, 0x00, 0x00, 0x00, 0x00,
  0x00, 0x00, 0x00, 0x00, 0x00, 0x00, 0x00, 0x00, 0x00, 0x00, 0x00, 0x00,
  0x00, 0x00, 0x00, 0x00, 0x00, 0x00, 0x00, 0x00, 0x00, 0x00, 0x00, 0x00,
  0x00, 0x00, 0x00, 0x00, 0x00, 0x00, 0x00, 0x00, 0x00, 0x00, 0x00, 0x00,
  0x00, 0x00, 0x00, 0x00, 0x00, 0x00, 0x00, 0x00, 0x00, 0x00, 0x00, 0x00,
  0x00, 0x00, 0x00, 0x00, 0x00, 0x00, 0x00, 0x00, 0x00, 0x00, 0x00, 0x00,
  0x00, 0x00, 0x00, 0x00, 0x00, 0x00, 0x00, 0x00, 0x00, 0x00, 0x00, 0x00,
  0x00, 0x00, 0x00, 0x00, 0x00, 0x00, 0x00, 0x00, 0x00, 0x00, 0x00, 0x00,
  0x00, 0x00, 0x00, 0x00, 0x00, 0x00, 0x00, 0x00, 0x00, 0x00, 0x00, 0x00,
  0x00, 0x00, 0x00, 0x00, 0x00, 0x00, 0x00, 0x00, 0x00, 0x00, 0x00, 0x00,
  0x00, 0x00, 0x00, 0x00, 0x00, 0x00, 0x00, 0x00, 0x00, 0x00, 0x00, 0x00,
  0x00, 0x00, 0x00, 0x00, 0x00, 0x00, 0x00, 0x00, 0x00, 0x00, 0x00, 0x00,
  0x00, 0x00, 0x00, 0x00, 0x00, 0x00, 0x00, 0x00, 0x00, 0x00, 0x00, 0x00,
  0x00, 0x00, 0x00, 0x00, 0x00, 0x00, 0x00, 0x00, 0x00, 0x00, 0x00, 0x00,
  0x00, 0x00, 0x00, 0x00, 0x00, 0x00, 0x00, 0x00, 0x00, 0x00, 0x00, 0x00,
  0x00, 0x00, 0x00, 0x00, 0x00, 0x00, 0x00, 0x00, 0x00, 0x00, 0x00, 0x00,
  0x00, 0x00, 0x00, 0x00, 0x00, 0x00, 0x00, 0x00, 0x00, 0x00, 0x00, 0x00,
  0x00, 0x00, 0x00, 0x00, 0x00, 0x00, 0x00, 0x00, 0x00, 0x00, 0x00, 0x00,
  0x00, 0x00, 0x00, 0x00, 0x00, 0x00, 0x00, 0x00, 0x00, 0x00, 0x00, 0x00,
  0x00, 0x00, 0x00, 0x00, 0x00, 0x00, 0x00, 0x00, 0x00, 0x00, 0x00, 0x00,
  0x00, 0x00, 0x00, 0x00, 0x00, 0x00, 0x00, 0x00, 0x00, 0x00, 0x00, 0x00,
  0x00, 0x00, 0x00, 0x00, 0x00, 0x00, 0x00, 0x00, 0x00, 0x00, 0x00, 0x00,
  0x00, 0x00, 0x00, 0x00, 0x00, 0x00, 0x00, 0x00, 0x00, 0x00, 0x00, 0x00,
  0x00, 0x00, 0x00, 0x00, 0x00, 0x00, 0x00, 0x00, 0x00, 0x00, 0x00, 0x00,
  0x00, 0x00, 0x00, 0x00, 0x00, 0x00, 0x00, 0x00, 0x00, 0x00, 0x00, 0x00,
  0x00, 0x00, 0x00, 0x00, 0x00, 0x00, 0x00, 0x00, 0x00, 0x00, 0x00, 0x00,
  0x00, 0x00, 0x00, 0x00, 0x00, 0x00, 0x00, 0x00, 0x00, 0x00, 0x00, 0x00,
  0x00, 0x00, 0x00, 0x00, 0x00, 0x00, 0x00, 0x00, 0x00, 0x00, 0x00, 0x00,
  0x00, 0x00, 0x00, 0x00, 0x00, 0x00, 0x00, 0x00, 0x00, 0x00, 0x00, 0x00,
  0x00, 0x00, 0x00, 0x00, 0x00, 0x00, 0x00, 0x00, 0x00, 0x00, 0x00, 0x00,
  0x00, 0x00, 0x00, 0x00, 0x00, 0x00, 0x00, 0x00, 0x00, 0x00, 0x00, 0x00,
  0x00, 0x00, 0x00, 0x00, 0x00, 0x00, 0x00, 0x00, 0x00, 0x00, 0x00, 0x00,
  0x00, 0x00, 0x00, 0x00, 0x00, 0x00, 0x00, 0x00, 0x00, 0x00, 0x00, 0x00,
  0x00, 0x00, 0x00, 0x00, 0x00, 0x00, 0x00, 0x00, 0x00, 0x00, 0x00, 0x00,
  0x00, 0x00, 0x00, 0x00, 0x00, 0x00, 0x00, 0x00, 0x00, 0x00, 0x00, 0x00,
  0x00, 0x00, 0x00, 0x00, 0x00, 0x00, 0x00, 0x00, 0x00, 0x00, 0x00, 0x00,
  0x00, 0x00, 0x00, 0x00, 0x00, 0x00, 0x00, 0x00, 0x00, 0x00, 0x00, 0x00,
  0x00, 0x00, 0x00, 0x00, 0x00, 0x00, 0x00, 0x00, 0x00, 0x00, 0x00, 0x00,
  0x00, 0x00, 0x00, 0x00, 0x00, 0x00, 0x00, 0x00, 0x00, 0x00, 0x00, 0x00,
  0x00, 0x00, 0x00, 0x00, 0x00, 0x00, 0x00, 0x00, 0x00, 0x00, 0x00, 0x00,
  0x00, 0x00, 0x00, 0x00, 0x00, 0x00, 0x00, 0x00, 0x00, 0x00, 0x00, 0x00,
  0x00, 0x00, 0x00, 0x00, 0x00, 0x00, 0x00, 0x00, 0x00, 0x00, 0x00, 0x00,
  0x00, 0x00, 0x00, 0x00, 0x00, 0x00, 0x00, 0x00, 0x00, 0x00, 0x00, 0x00,
  0x00, 0x00, 0x00, 0x00, 0x00, 0x00, 0x00, 0x00, 0x00, 0x00, 0x00, 0x00,
  0x00, 0x00, 0x00, 0x00, 0x00, 0x00, 0x00, 0x00, 0x00, 0x00, 0x00, 0x00,
  0x00, 0x00, 0x00, 0x00, 0x00, 0x00, 0x00, 0x00, 0x00, 0x00, 0x00, 0x00,
  0x00, 0x00, 0x00, 0x00, 0x00, 0x00, 0x00, 0x00, 0x00, 0x00, 0x00, 0x00,
  0x00, 0x00, 0x00, 0x00, 0x00, 0x00, 0x00, 0x00, 0x00, 0x00, 0x00, 0x00,
  0x00, 0x00, 0x00, 0x00, 0x00, 0x00, 0x00, 0x00, 0x00, 0x00, 0x00, 0x00,
  0x00, 0x00, 0x00, 0x00, 0x00, 0x00, 0x00, 0x00, 0x00, 0x00, 0x00, 0x00,
  0x00, 0x00, 0x00, 0x00, 0x00, 0x00, 0x00, 0x00, 0x00, 0x00, 0x00, 0x00,
  0x00, 0x00, 0x00, 0x00, 0x00, 0x00, 0x00, 0x00, 0x00, 0x00, 0x00, 0x00,
  0x00, 0x00, 0x00, 0x00, 0x80, 0x00, 0x00, 0x00, 0xe7, 0xed, 0xe9, 0x37,
  0x97, 0x38, 0xb8, 0x37, 0xe7, 0xed, 0xe9, 0x37, 0x43, 0xa7, 0xc8, 0x37,
  0x6b, 0x9f, 0xca, 0x37, 0x9e, 0xac, 0xee, 0x37, 0xe7, 0xed, 0xe9, 0x37,
  0x9e, 0xac, 0xee, 0x37, 0x6b, 0x9f, 0xca, 0x37, 0x43, 0xa7, 0xc8, 0x37,
  0x6b, 0x9f, 0xca, 0x37, 0xe7, 0xed, 0xe9, 0x37, 0xe7, 0xed, 0xe9, 0x37,
  0x6b, 0x9f, 0xca, 0x37, 0x6b, 0x9f, 0xca, 0x37, 0x6b, 0x9f, 0xca, 0x37,
  0x6b, 0x9f, 0xca, 0x37, 0x6b, 0x9f, 0xca, 0x37, 0x9e, 0xac, 0xee, 0x37,
  0x6b, 0x9f, 0xca, 0x37, 0x6b, 0x9f, 0xca, 0x37, 0x43, 0xa7, 0xc8, 0x37,
  0xe7, 0xed, 0xe9, 0x37, 0x97, 0x38, 0xb8, 0x37, 0x6b, 0x9f, 0xca, 0x37,
  0x9e, 0xac, 0xee, 0x37, 0x97, 0x38, 0xb8, 0x37, 0x6b, 0x9f, 0xca, 0x37,
  0x6b, 0x9f, 0xca, 0x37, 0x97, 0x38, 0xb8, 0x37, 0x6b, 0x9f, 0xca, 0x37,
  0xe7, 0xed, 0xe9, 0x37, 0x6b, 0x9f, 0xca, 0x37, 0x43, 0xa7, 0xc8, 0x37,
  0x9e, 0xac, 0xee, 0x37, 0x6b, 0x9f, 0xca, 0x37, 0x9e, 0xac, 0xee, 0x37,
  0x6b, 0x9f, 0xca, 0x37, 0x6b, 0x9f, 0xca, 0x37, 0x6b, 0x9f, 0xca, 0x37,
  0x43, 0xa7, 0xc8, 0x37, 0x6b, 0x9f, 0xca, 0x37, 0x6b, 0x9f, 0xca, 0x37,
  0x9e, 0xac, 0xee, 0x37, 0x43, 0xa7, 0xc8, 0x37, 0x6b, 0x9f, 0xca, 0x37,
  0x6b, 0x9f, 0xca, 0x37, 0x9e, 0xac, 0xee, 0x37, 0xe7, 0xed, 0xe9, 0x37,
  0xe7, 0xed, 0xe9, 0x37, 0x6b, 0x9f, 0xca, 0x37, 0x6b, 0x9f, 0xca, 0x37,
  0x6b, 0x9f, 0xca, 0x37, 0x6b, 0x9f, 0xca, 0x37, 0x43, 0xa7, 0xc8, 0x37,
  0x6b, 0x9f, 0xca, 0x37, 0xe7, 0xed, 0xe9, 0x37, 0x6b, 0x9f, 0xca, 0x37,
  0x6b, 0x9f, 0xca, 0x37, 0x6b, 0x9f, 0xca, 0x37, 0x6b, 0x9f, 0xca, 0x37,
  0x6b, 0x9f, 0xca, 0x37, 0x6b, 0x9f, 0xca, 0x37, 0x6b, 0x9f, 0xca, 0x37,
  0x97, 0x38, 0xb8, 0x37, 0x9e, 0xac, 0xee, 0x37, 0xe7, 0xed, 0xe9, 0x37,
  0x6b, 0x9f, 0xca, 0x37, 0x9e, 0xac, 0xee, 0x37, 0x6b, 0x9f, 0xca, 0x37,
  0xe7, 0xed, 0xe9, 0x37, 0x6b, 0x9f, 0xca, 0x37, 0x43, 0xa7, 0xc8, 0x37,
  0x6b, 0x9f, 0xca, 0x37, 0x97, 0x38, 0xb8, 0x37, 0x6b, 0x9f, 0xca, 0x37,
  0x43, 0xa7, 0xc8, 0x37, 0x6b, 0x9f, 0xca, 0x37, 0x6b, 0x9f, 0xca, 0x37,
  0x9e, 0xac, 0xee, 0x37, 0x6b, 0x9f, 0xca, 0x37, 0x9e, 0xac, 0xee, 0x37,
  0x6b, 0x9f, 0xca, 0x37, 0x6b, 0x9f, 0xca, 0x37, 0x43, 0xa7, 0xc8, 0x37,
  0x6b, 0x9f, 0xca, 0x37, 0x43, 0xa7, 0xc8, 0x37, 0x6b, 0x9f, 0xca, 0x37,
  0xe7, 0xed, 0xe9, 0x37, 0x6b, 0x9f, 0xca, 0x37, 0x6b, 0x9f, 0xca, 0x37,
  0x6b, 0x9f, 0xca, 0x37, 0x6b, 0x9f, 0xca, 0x37, 0xe7, 0xed, 0xe9, 0x37,
  0x43, 0xa7, 0xc8, 0x37, 0x6b, 0x9f, 0xca, 0x37, 0x6b, 0x9f, 0xca, 0x37,
  0x43, 0xa7, 0xc8, 0x37, 0x43, 0xa7, 0xc8, 0x37, 0x6b, 0x9f, 0xca, 0x37,
  0x6b, 0x9f, 0xca, 0x37, 0x6b, 0x9f, 0xca, 0x37, 0xe7, 0xed, 0xe9, 0x37,
  0x43, 0xa7, 0xc8, 0x37, 0x43, 0xa7, 0xc8, 0x37, 0x97, 0x38, 0xb8, 0x37,
  0x6b, 0x9f, 0xca, 0x37, 0x97, 0x38, 0xb8, 0x37, 0x6b, 0x9f, 0xca, 0x37,
  0x6b, 0x9f, 0xca, 0x37, 0x9e, 0xac, 0xee, 0x37, 0x6b, 0x9f, 0xca, 0x37,
  0x9e, 0xac, 0xee, 0x37, 0x43, 0xa7, 0xc8, 0x37, 0x9e, 0xac, 0xee, 0x37,
  0x43, 0xa7, 0xc8, 0x37, 0x43, 0xa7, 0xc8, 0x37, 0x9e, 0xac, 0xee, 0x37,
  0x43, 0xa7, 0xc8, 0x37, 0x43, 0xa7, 0xc8, 0x37, 0x6b, 0x9f, 0xca, 0x37,
  0x6b, 0x9f, 0xca, 0x37, 0x6b, 0x9f, 0xca, 0x37, 0x6b, 0x9f, 0xca, 0x37,
  0x97, 0x38, 0xb8, 0x37, 0xe7, 0xed, 0xe9, 0x37, 0x9e, 0xac, 0xee, 0x37,
  0x43, 0xa7, 0xc8, 0x37, 0xae, 0xcf, 0xff, 0xff, 0x04, 0x00, 0x00, 0x00,
  0x00, 0x02, 0x00, 0x00, 0x1a, 0x01, 0x00, 0x00, 0x32, 0xff, 0xff, 0xff,
  0xc7, 0xff, 0xff, 0xff, 0xa2, 0xfc, 0xff, 0xff, 0x54, 0xff, 0xff, 0xff,
  0x55, 0x02, 0x00, 0x00, 0x52, 0xfd, 0xff, 0xff, 0xfe, 0x01, 0x00, 0x00,
  0xdd, 0xfc, 0xff, 0xff, 0xa3, 0x00, 0x00, 0x00, 0x2e, 0x02, 0x00, 0x00,
  0xb5, 0xfe, 0xff, 0xff, 0xf4, 0xff, 0xff, 0xff, 0x0d, 0xff, 0xff, 0xff,
  0x4c, 0x01, 0x00, 0x00, 0xc3, 0x00, 0x00, 0x00, 0x6f, 0x01, 0x00, 0x00,
  0xd1, 0xff, 0xff, 0xff, 0x3d, 0x00, 0x00, 0x00, 0xb3, 0x02, 0x00, 0x00,
  0x6c, 0x01, 0x00, 0x00, 0x7e, 0xfd, 0xff, 0xff, 0x9c, 0xfd, 0xff, 0xff,
  0xde, 0xff, 0xff, 0xff, 0x99, 0x00, 0x00, 0x00, 0xe8, 0xfd, 0xff, 0xff,
  0x6a, 0x00, 0x00, 0x00, 0xf2, 0xf6, 0xff, 0xff, 0xe6, 0xf5, 0xff, 0xff,
  0xc1, 0xfe, 0xff, 0xff, 0xd1, 0xfd, 0xff, 0xff, 0xed, 0x00, 0x00, 0x00,
  0xb3, 0xfd, 0xff, 0xff, 0x59, 0xff, 0xff, 0xff, 0xb6, 0xff, 0xff, 0xff,
  0xd0, 0xff, 0xff, 0xff, 0xd8, 0x00, 0x00, 0x00, 0xa6, 0xfe, 0xff, 0xff,
  0xf9, 0xfe, 0xff, 0xff, 0x72, 0xfe, 0xff, 0xff, 0xc3, 0xfd, 0xff, 0xff,
  0x54, 0xff, 0xff, 0xff, 0x4f, 0xfe, 0xff, 0xff, 0x14, 0x01, 0x00, 0x00,
  0x6d, 0x01, 0x00, 0x00, 0xeb, 0x01, 0x00, 0x00, 0x04, 0xfd, 0xff, 0xff,
  0x06, 0x02, 0x00, 0x00, 0x57, 0x02, 0x00, 0x00, 0xd0, 0xff, 0xff, 0xff,
  0xa5, 0xfe, 0xff, 0xff, 0x58, 0x00, 0x00, 0x00, 0x9e, 0xf8, 0xff, 0xff,
  0x16, 0xfe, 0xff, 0xff, 0xf3, 0xff, 0xff, 0xff, 0x9b, 0xfe, 0xff, 0xff,
  0xb2, 0x00, 0x00, 0x00, 0x36, 0x05, 0x00, 0x00, 0x1e, 0xfe, 0xff, 0xff,
  0x4b, 0xfc, 0xff, 0xff, 0x5e, 0x01, 0x00, 0x00, 0x99, 0x01, 0x00, 0x00,
  0xc8, 0xfd, 0xff, 0xff, 0x73, 0x00, 0x00, 0x00, 0xe6, 0xff, 0xff, 0xff,
  0xac, 0x00, 0x00, 0x00, 0x14, 0x00, 0x00, 0x00, 0x80, 0x00, 0x00, 0x00,
  0x60, 0x04, 0x00, 0x00, 0xe6, 0xff, 0xff, 0xff, 0xee, 0xff, 0xff, 0xff,
  0x89, 0x01, 0x00, 0x00, 0xaf, 0x00, 0x00, 0x00, 0xad, 0xfe, 0xff, 0xff,
  0xf2, 0xfe, 0xff, 0xff, 0xbd, 0xfd, 0xff, 0xff, 0xa5, 0xfc, 0xff, 0xff,
  0x96, 0x01, 0x00, 0x00, 0xe9, 0xfd, 0xff, 0xff, 0xf8, 0x01, 0x00, 0x00,
  0x54, 0xfe, 0xff, 0xff, 0xfc, 0xfd, 0xff, 0xff, 0x9e, 0xfc, 0xff, 0xff,
  0xc0, 0xfb, 0xff, 0xff, 0x54, 0xfd, 0xff, 0xff, 0xe0, 0xfe, 0xff, 0xff,
  0x3f, 0xfe, 0xff, 0xff, 0x6e, 0xfe, 0xff, 0xff, 0x84, 0x02, 0x00, 0x00,
  0x64, 0xff, 0xff, 0xff, 0xc9, 0x01, 0x00, 0x00, 0x1f, 0xff, 0xff, 0xff,
  0x96, 0xfd, 0xff, 0xff, 0x17, 0xfb, 0xff, 0xff, 0x9f, 0xfe, 0xff, 0xff,
  0x00, 0xfe, 0xff, 0xff, 0x44, 0x00, 0x00, 0x00, 0x95, 0x01, 0x00, 0x00,
  0x8e, 0x00, 0x00, 0x00, 0x26, 0xff, 0xff, 0xff, 0x2e, 0xfe, 0xff, 0xff,
  0x0e, 0x02, 0x00, 0x00, 0x38, 0x00, 0x00, 0x00, 0x47, 0xff, 0xff, 0xff,
  0x62, 0xfe, 0xff, 0xff, 0xfe, 0x01, 0x00, 0x00, 0xd6, 0x00, 0x00, 0x00,
  0xc4, 0xfc, 0xff, 0xff, 0xf4, 0xfd, 0xff, 0xff, 0x9e, 0xff, 0xff, 0xff,
  0xc3, 0xff, 0xff, 0xff, 0xd9, 0x02, 0x00, 0x00, 0x89, 0xfc, 0xff, 0xff,
  0x6c, 0x05, 0x00, 0x00, 0x37, 0x00, 0x00, 0x00, 0xec, 0xff, 0xff, 0xff,
  0x36, 0x00, 0x00, 0x00, 0xe2, 0x03, 0x00, 0x00, 0x9e, 0xfd, 0xff, 0xff,
  0x3c, 0x01, 0x00, 0x00, 0xa0, 0xfc, 0xff, 0xff, 0x88, 0xff, 0xff, 0xff,
  0x3a, 0xfd, 0xff, 0xff, 0x4b, 0x00, 0x00, 0x00, 0xcf, 0x00, 0x00, 0x00,
  0x64, 0xff, 0xff, 0xff, 0xb4, 0x05, 0x00, 0x00, 0x52, 0x00, 0x00, 0x00,
  0x12, 0xd2, 0xff, 0xff, 0x00, 0x00, 0x09, 0x01, 0x6c, 0x00, 0x00, 0x00,
  0x11, 0x00, 0x00, 0x00, 0x08, 0x00, 0x00, 0x00, 0x6c, 0x00, 0x00, 0x00,
  0x54, 0x00, 0x00, 0x00, 0x74, 0x69, 0x6e, 0x79, 0x5f, 0x6e, 0x69, 0x64,
  0x73, 0x5f, 0x74, 0x72, 0x61, 0x6e, 0x73, 0x66, 0x6f, 0x72, 0x6d, 0x65,
  0x72, 0x5f, 0x31, 0x2f, 0x65, 0x6e, 0x63, 0x6f, 0x64, 0x65, 0x72, 0x5f,
  0x62, 0x6c, 0x6f, 0x63, 0x6b, 0x5f, 0x31, 0x5f, 0x31, 0x2f, 0x73, 0x65,
  0x71, 0x75, 0x65, 0x6e, 0x74, 0x69, 0x61, 0x6c, 0x5f, 0x33, 0x5f, 0x31,
  0x2f, 0x64, 0x65, 0x6e, 0x73, 0x65, 0x5f, 0x32, 0x34, 0x5f, 0x31, 0x2f,
  0x54, 0x65, 0x6e, 0x73, 0x6f, 0x72, 0x64, 0x6f, 0x74, 0x2f, 0x4d, 0x61,
  0x74, 0x4d, 0x75, 0x6c, 0x00, 0x00, 0x00, 0x00, 0x02, 0x00, 0x00, 0x00,
  0x40, 0x00, 0x00, 0x00, 0x80, 0x00, 0x00, 0x00, 0xac, 0xd5, 0xff, 0xff,
  0x0c, 0x02, 0x00, 0x00, 0x04, 0x00, 0x00, 0x00, 0x40, 0x00, 0x00, 0x00,
  0x00, 0x00, 0x00, 0x00, 0x00, 0x00, 0x00, 0x00, 0x00, 0x00, 0x00, 0x00,
  0x00, 0x00, 0x00, 0x00, 0x00, 0x00, 0x00, 0x00, 0x00, 0x00, 0x00, 0x00,
  0x00, 0x00, 0x00, 0x00, 0x00, 0x00, 0x00, 0x00, 0x00, 0x00, 0x00, 0x00,
  0x00, 0x00, 0x00, 0x00, 0x00, 0x00, 0x00, 0x00, 0x00, 0x00, 0x00, 0x00,
  0x00, 0x00, 0x00, 0x00, 0x00, 0x00, 0x00, 0x00, 0x00, 0x00, 0x00, 0x00,
  0x00, 0x00, 0x00, 0x00, 0x00, 0x00, 0x00, 0x00, 0x00, 0x00, 0x00, 0x00,
  0x00, 0x00, 0x00, 0x00, 0x00, 0x00, 0x00, 0x00, 0x00, 0x00, 0x00, 0x00,
  0x00, 0x00, 0x00, 0x00, 0x00, 0x00, 0x00, 0x00, 0x00, 0x00, 0x00, 0x00,
  0x00, 0x00, 0x00, 0x00, 0x00, 0x00, 0x00, 0x00, 0x00, 0x00, 0x00, 0x00,
  0x00, 0x00, 0x00, 0x00, 0x00, 0x00, 0x00, 0x00, 0x00, 0x00, 0x00, 0x00,
  0x00, 0x00, 0x00, 0x00, 0x00, 0x00, 0x00, 0x00, 0x00, 0x00, 0x00, 0x00,
  0x00, 0x00, 0x00, 0x00, 0x00, 0x00, 0x00, 0x00, 0x00, 0x00, 0x00, 0x00,
  0x00, 0x00, 0x00, 0x00, 0x00, 0x00, 0x00, 0x00, 0x00, 0x00, 0x00, 0x00,
  0x00, 0x00, 0x00, 0x00, 0x00, 0x00, 0x00, 0x00, 0x00, 0x00, 0x00, 0x00,
  0x00, 0x00, 0x00, 0x00, 0x00, 0x00, 0x00, 0x00, 0x00, 0x00, 0x00, 0x00,
  0x00, 0x00, 0x00, 0x00, 0x00, 0x00, 0x00, 0x00, 0x00, 0x00, 0x00, 0x00,
  0x00, 0x00, 0x00, 0x00, 0x00, 0x00, 0x00, 0x00, 0x00, 0x00, 0x00, 0x00,
  0x00, 0x00, 0x00, 0x00, 0x00, 0x00, 0x00, 0x00, 0x00, 0x00, 0x00, 0x00,
  0x00, 0x00, 0x00, 0x00, 0x00, 0x00, 0x00, 0x00, 0x00, 0x00, 0x00, 0x00,
  0x00, 0x00, 0x00, 0x00, 0x00, 0x00, 0x00, 0x00, 0x00, 0x00, 0x00, 0x00,
  0x00, 0x00, 0x00, 0x00, 0x00, 0x00, 0x00, 0x00, 0x00, 0x00, 0x00, 0x00,
  0x00, 0x00, 0x00, 0x00, 0x00, 0x00, 0x00, 0x00, 0x00, 0x00, 0x00, 0x00,
  0x00, 0x00, 0x00, 0x00, 0x00, 0x00, 0x00, 0x00, 0x00, 0x00, 0x00, 0x00,
  0x00, 0x00, 0x00, 0x00, 0x00, 0x00, 0x00, 0x00, 0x00, 0x00, 0x00, 0x00,
  0x00, 0x00, 0x00, 0x00, 0x00, 0x00, 0x00, 0x00, 0x00, 0x00, 0x00, 0x00,
  0x00, 0x00, 0x00, 0x00, 0x00, 0x00, 0x00, 0x00, 0x00, 0x00, 0x00, 0x00,
  0x00, 0x00, 0x00, 0x00, 0x00, 0x00, 0x00, 0x00, 0x00, 0x00, 0x00, 0x00,
  0x00, 0x00, 0x00, 0x00, 0x00, 0x00, 0x00, 0x00, 0x00, 0x00, 0x00, 0x00,
  0x00, 0x00, 0x00, 0x00, 0x00, 0x00, 0x00, 0x00, 0x00, 0x00, 0x00, 0x00,
  0x00, 0x00, 0x00, 0x00, 0x00, 0x00, 0x00, 0x00, 0x00, 0x00, 0x00, 0x00,
  0x00, 0x00, 0x00, 0x00, 0x00, 0x00, 0x00, 0x00, 0x00, 0x00, 0x00, 0x00,
  0x00, 0x00, 0x00, 0x00, 0x00, 0x00, 0x00, 0x00, 0x00, 0x00, 0x00, 0x00,
  0x00, 0x00, 0x00, 0x00, 0x00, 0x00, 0x00, 0x00, 0x00, 0x00, 0x00, 0x00,
  0x00, 0x00, 0x00, 0x00, 0x00, 0x00, 0x00, 0x00, 0x00, 0x00, 0x00, 0x00,
  0x00, 0x00, 0x00, 0x00, 0x00, 0x00, 0x00, 0x00, 0x00, 0x00, 0x00, 0x00,
  0x00, 0x00, 0x00, 0x00, 0x00, 0x00, 0x00, 0x00, 0x00, 0x00, 0x00, 0x00,
  0x00, 0x00, 0x00, 0x00, 0x00, 0x00, 0x00, 0x00, 0x00, 0x00, 0x00, 0x00,
  0x00, 0x00, 0x00, 0x00, 0x00, 0x00, 0x00, 0x00, 0x00, 0x00, 0x00, 0x00,
  0x00, 0x00, 0x00, 0x00, 0x00, 0x00, 0x00, 0x00, 0x00, 0x00, 0x00, 0x00,
  0x00, 0x00, 0x00, 0x00, 0x00, 0x00, 0x00, 0x00, 0x00, 0x00, 0x00, 0x00,
  0x00, 0x00, 0x00, 0x00, 0x00, 0x00, 0x00, 0x00, 0x00, 0x00, 0x00, 0x00,
  0x00, 0x00, 0x00, 0x00, 0x00, 0x00, 0x00, 0x00, 0x00, 0x00, 0x00, 0x00,
  0x00, 0x00, 0x00, 0x00, 0x00, 0x00, 0x00, 0x00, 0x40, 0x00, 0x00, 0x00,
  0x79, 0x40, 0xdc, 0x3a, 0x22, 0x87, 0xe2, 0x3a, 0x4d, 0xc1, 0xba, 0x3a,
  0x79, 0x40, 0xdc, 0x3a, 0x4d, 0xc1, 0xba, 0x3a, 0xc2, 0x7a, 0x18, 0x3b,
  0x79, 0x40, 0xdc, 0x3a, 0x4d, 0xc1, 0xba, 0x3a, 0x22, 0x87, 0xe2, 0x3a,
  0x79, 0x40, 0xdc, 0x3a, 0x22, 0x87, 0xe2, 0x3a, 0x86, 0x9c, 0x11, 0x3b,
  0xc2, 0x7a, 0x18, 0x3b, 0x4d, 0xc1, 0xba, 0x3a, 0x22, 0x87, 0xe2, 0x3a,
  0x22, 0x87, 0xe2, 0x3a, 0x22, 0x87, 0xe2, 0x3a, 0x4d, 0xc1, 0xba, 0x3a,
  0x22, 0x87, 0xe2, 0x3a, 0xc2, 0x7a, 0x18, 0x3b, 0x22, 0x87, 0xe2, 0x3a,
  0x4d, 0xc1, 0xba, 0x3a, 0x79, 0x40, 0xdc, 0x3a, 0x86, 0x9c, 0x11, 0x3b,
  0x4d, 0xc1, 0xba, 0x3a, 0xc2, 0x7a, 0x18, 0x3b, 0x22, 0x87, 0xe2, 0x3a,
  0xc2, 0x7a, 0x18, 0x3b, 0x22, 0x87, 0xe2, 0x3a, 0x22, 0x87, 0xe2, 0x3a,
  0x79, 0x40, 0xdc, 0x3a, 0x22, 0x87, 0xe2, 0x3a, 0x22, 0x87, 0xe2, 0x3a,
  0x4d, 0xc1, 0xba, 0x3a, 0x86, 0x9c, 0x11, 0x3b, 0x4d, 0xc1, 0xba, 0x3a,
  0x22, 0x87, 0xe2, 0x3a, 0x22, 0x87, 0xe2, 0x3a, 0x79, 0x40, 0xdc, 0x3a,
  0xc2, 0x7a, 0x18, 0x3b, 0x22, 0x87, 0xe2, 0x3a, 0x86, 0x9c, 0x11, 0x3b,
  0x86, 0x9c, 0x11, 0x3b, 0x4d, 0xc1, 0xba, 0x3a, 0x4d, 0xc1, 0xba, 0x3a,
  0x22, 0x87, 0xe2, 0x3a, 0x79, 0x40, 0xdc, 0x3a, 0xc2, 0x7a, 0x18, 0x3b,
  0x22, 0x87, 0xe2, 0x3a, 0xc2, 0x7a, 0x18, 0x3b, 0xc2, 0x7a, 0x18, 0x3b,
  0x22, 0x87, 0xe2, 0x3a, 0x22, 0x87, 0xe2, 0x3a, 0x22, 0x87, 0xe2, 0x3a,
  0xc2, 0x7a, 0x18, 0x3b, 0x79, 0x40, 0xdc, 0x3a, 0x4d, 0xc1, 0xba, 0x3a,
  0x22, 0x87, 0xe2, 0x3a, 0x22, 0x87, 0xe2, 0x3a, 0x86, 0x9c, 0x11, 0x3b,
  0x79, 0x40, 0xdc, 0x3a, 0x4d, 0xc1, 0xba, 0x3a, 0x22, 0x87, 0xe2, 0x3a,
  0x22, 0x87, 0xe2, 0x3a, 0x4e, 0xd5, 0xff, 0xff, 0x04, 0x00, 0x00, 0x00,
  0x00, 0x20, 0x00, 0x00, 0x00, 0x4b, 0x00, 0x00, 0x5e, 0x00, 0xc8, 0x54,
  0x00, 0x6c, 0x00, 0x41, 0x54, 0x41, 0x00, 0x38, 0xc0, 0xc8, 0x00, 0xa4,
  0x00, 0x00, 0xb8, 0x00, 0x00, 0x54, 0xa4, 0x96, 0xb8, 0x00, 0x41, 0x00,
  0xb8, 0x00, 0xb8, 0x00, 0x00, 0x00, 0x00, 0x00, 0x00, 0x00, 0xa4, 0x38,
  0x00, 0xc8, 0x00, 0x81, 0x00, 0x00, 0xa4, 0x5e, 0x00, 0x00, 0x38, 0x5e,
  0xae, 0xc8, 0x00, 0xb8, 0x00, 0xae, 0xae, 0x00, 0xc0, 0x81, 0xb8, 0x00,
  0x00, 0xae, 0x00, 0x38, 0x00, 0x00, 0xc8, 0x00, 0x00, 0x96, 0x00, 0xc8,
  0x00, 0x00, 0x4b, 0x00, 0x00, 0x00, 0x00, 0x00, 0x00, 0x00, 0x38, 0x00,
  0x41, 0x81, 0x00, 0x00, 0x4b, 0xb8, 0x00, 0xc8, 0xa4, 0x00, 0x00, 0x00,
  0x00, 0x00, 0xc0, 0xb8, 0x00, 0xae, 0x00, 0x00, 0xb8, 0x00, 0x00, 0x4b,
  0xc8, 0x00, 0x00, 0x00, 0x00, 0xae, 0x00, 0x4b, 0x00, 0x00, 0x00, 0xae,
  0x36, 0xa6, 0xc2, 0x00, 0x00, 0x7f, 0xc2, 0x00, 0x00, 0xca, 0xba, 0x00,
  0x00, 0x00, 0xca, 0x00, 0xb0, 0xa6, 0xb0, 0x00, 0x00, 0xc2, 0x00, 0x00,
  0xca, 0x00, 0x49, 0x3f, 0x00, 0xb0, 0x99, 0x85, 0x3f, 0x5c, 0x5c, 0x00,
  0x00, 0x52, 0x5c, 0xa6, 0x00, 0x52, 0x00, 0x00, 0x99, 0x69, 0x49, 0x5c,
  0x00, 0x36, 0xca, 0x00, 0x00, 0x00, 0x5c, 0x00, 0x00, 0x69, 0x00, 0x00,
  0x69, 0xca, 0x00, 0x00, 0xb0, 0x00, 0x3f, 0xca, 0x00, 0x00, 0xc2, 0x00,
  0xca, 0x69, 0x36, 0x00, 0x00, 0x00, 0xba, 0x00, 0x69, 0x00, 0xb0, 0x5c,
  0x00, 0x5c, 0x36, 0x00, 0xc2, 0x00, 0x00, 0x00, 0x00, 0x52, 0x5c, 0x00,
  0x00, 0x00, 0xca, 0x00, 0xba, 0x7f, 0xa6, 0xa6, 0x69, 0xc2, 0x00, 0x00,
  0x36, 0x36, 0xca, 0xb0, 0x7f, 0x36, 0x00, 0x00, 0x5c, 0x7f, 0x00, 0x69,
  0x7f, 0x00, 0x00, 0x49, 0xca, 0x00, 0x69, 0x00, 0x00, 0xbe, 0x58, 0xb5,
  0x58, 0x00, 0x00, 0xbe, 0x00, 0x6f, 0x00, 0x6f, 0x00, 0x6f, 0xbe, 0x00,
  0x58, 0x4d, 0x93, 0xbe, 0x93, 0x00, 0x00, 0x63, 0x58, 0x00, 0x00, 0x4d,
  0x00, 0xab, 0x00, 0x00, 0x4d, 0x4d, 0x9f, 0x7f, 0x00, 0xab, 0x00, 0x00,
  0x93, 0x83, 0x42, 0x42, 0x00, 0x00, 0x9f, 0x93, 0xab, 0x42, 0x4d, 0x00,
  0x4d, 0x00, 0x00, 0x6f, 0x93, 0x00, 0x00, 0x00, 0x9f, 0x00, 0x00, 0x00,
  0x9f, 0x4d, 0x00, 0x00, 0xb5, 0x00, 0x7f, 0x00, 0x00, 0x63, 0x00, 0x58,
  0x58, 0x93, 0x00, 0xb5, 0x00, 0x00, 0x00, 0x42, 0x00, 0xbe, 0x00, 0x6f,
  0x83, 0x00, 0xab, 0x00, 0x6f, 0x7f, 0x42, 0x00, 0xab, 0x00, 0x00, 0x9f,
  0x00, 0xb5, 0xab, 0x00, 0x6f, 0x6f, 0x93, 0x00, 0xb5, 0x63, 0x00, 0x58,
  0x00, 0x00, 0xb5, 0xab, 0x6f, 0x58, 0x00, 0xab, 0x00, 0x42, 0x4d, 0x00,
  0x00, 0x4d, 0x93, 0x42, 0x00, 0x00, 0x00, 0x00, 0x00, 0x00, 0x54, 0x81,
  0x00, 0x00, 0x96, 0x00, 0x38, 0x41, 0xb8, 0x6c, 0x00, 0x4b, 0x00, 0x00,
  0xa4, 0x00, 0x00, 0xc0, 0xae, 0xc8, 0x00, 0x00, 0x00, 0x00, 0xae, 0x00,
  0x00, 0x00, 0x6c, 0x00, 0x00, 0x00, 0x00, 0x41, 0x41, 0x38, 0x00, 0x00,
  0x5e, 0x00, 0x00, 0x00, 0x54, 0x00, 0x00, 0xc8, 0x4b, 0x00, 0x00, 0x00,
  0x38, 0x00, 0xb8, 0x00, 0xae, 0x00, 0x00, 0x00, 0x00, 0x00, 0x00, 0x00,
  0xb8, 0xae, 0x00, 0xb8, 0x00, 0x5e, 0x54, 0xb8, 0xa4, 0x00, 0x00, 0x00,
  0xc8, 0x41, 0x4b, 0x00, 0x54, 0x00, 0x4b, 0x00, 0x00, 0xae, 0x00, 0x41,
  0xae, 0x00, 0x41, 0xa4, 0xb8, 0x6c, 0x6c, 0x00, 0x00, 0xae, 0x00, 0x5e,
  0xb8, 0x00, 0x00, 0x00, 0x00, 0x54, 0x96, 0x5e, 0x00, 0x00, 0x5e, 0xc0,
  0x00, 0x00, 0x00, 0x00, 0xc0, 0x00, 0xc8, 0x41, 0xae, 0x5e, 0x96, 0xae,
  0x00, 0x4d, 0x00, 0xab, 0x00, 0x9f, 0x00, 0x7f, 0x00, 0x00, 0x93, 0x00,
  0x58, 0x00, 0x00, 0x00, 0xab, 0x63, 0x00, 0x00, 0x6f, 0x00, 0x00, 0xb5,
  0x6f, 0x00, 0x9f, 0x00, 0xbe, 0x42, 0x7f, 0x00, 0xbe, 0x42, 0x00, 0x58,
  0x6f, 0xbe, 0x83, 0x00, 0xab, 0xab, 0x9f, 0x00, 0x00, 0x00, 0x93, 0x93,
  0x00, 0x00, 0x00, 0xb5, 0x42, 0x00, 0x00, 0x6f, 0xab, 0x93, 0x00, 0x00,
  0x00, 0x6f, 0x63, 0x00, 0x4d, 0x9f, 0x7f, 0xab, 0x00, 0x00, 0x00, 0x93,
  0x9f, 0x00, 0x58, 0x63, 0x00, 0x93, 0xab, 0xbe, 0x6f, 0xbe, 0x93, 0x4d,
  0x00, 0x9f, 0x4d, 0x93, 0xab, 0x00, 0xbe, 0xbe, 0x58, 0x00, 0x00, 0x63,
  0x58, 0x6f, 0x00, 0xbe, 0x4d, 0x4d, 0x00, 0x4d, 0x00, 0x42, 0x42, 0x9f,
  0xab, 0x00, 0x00, 0x00, 0x00, 0xab, 0x00, 0x6f, 0x00, 0x58, 0x00, 0x42,
  0xb5, 0xb5, 0x00, 0x00, 0x83, 0x4d, 0x6f, 0x00, 0xcc, 0x4e, 0x00, 0xb4,
  0x00, 0x7f, 0x36, 0x87, 0xcc, 0x28, 0xd8, 0x00, 0xcc, 0x44, 0x00, 0x28,
  0xbd, 0xc5, 0xa4, 0x28, 0x00, 0x4e, 0xc5, 0x00, 0xa4, 0xb4, 0x28, 0x2f,
  0x00, 0x00, 0x00, 0x00, 0x00, 0x00, 0x3d, 0x00, 0x00, 0xcc, 0x00, 0xd8,
  0x00, 0x00, 0xcc, 0x00, 0xbd, 0x00, 0x00, 0x7f, 0x2f, 0x00, 0x00, 0xc5,
  0x00, 0x00, 0x36, 0x00, 0x00, 0x00, 0x3d, 0x00, 0xc5, 0x36, 0xcc, 0x00,
  0x00, 0x7f, 0x00, 0x00, 0xb4, 0xcc, 0x00, 0x00, 0x00, 0x2f, 0x00, 0x3d,
  0x3d, 0x00, 0x00, 0x87, 0x00, 0x00, 0xbd, 0xcc, 0xc5, 0x00, 0xb4, 0x00,
  0x2f, 0x00, 0x2f, 0x44, 0xbd, 0xd8, 0x00, 0x00, 0x00, 0x00, 0x00, 0x00,
  0x36, 0x4e, 0x00, 0x3d, 0x00, 0x00, 0x00, 0x00, 0x36, 0x00, 0x00, 0xa4,
  0x00, 0x5e, 0x00, 0x00, 0x4e, 0x5e, 0x87, 0xd2, 0x00, 0xc5, 0x36, 0xbd,
  0x00, 0x28, 0x7f, 0xa4, 0x96, 0xae, 0x00, 0x00, 0x41, 0x38, 0x00, 0x00,
  0x4b, 0x00, 0x00, 0x41, 0xae, 0x00, 0x00, 0x00, 0x5e, 0x41, 0x00, 0x4b,
  0x00, 0x00, 0xc8, 0x4b, 0x00, 0x41, 0x00, 0x5e, 0x41, 0x5e, 0x5e, 0xa4,
  0x00, 0x00, 0x00, 0xae, 0x00, 0x00, 0xa4, 0x00, 0x00, 0x4b, 0x54, 0x00,
  0xae, 0xc0, 0x00, 0x00, 0x00, 0xa4, 0x00, 0x54, 0xc8, 0x38, 0xae, 0x00,
  0x00, 0x00, 0x00, 0x00, 0x00, 0x96, 0x41, 0x00, 0x00, 0x4b, 0x38, 0x6c,
  0x41, 0x96, 0x5e, 0xb8, 0x00, 0x38, 0x00, 0x00, 0xa4, 0x00, 0x00, 0xa4,
  0x00, 0x38, 0x38, 0x00, 0x96, 0x00, 0x41, 0x00, 0x00, 0x4b, 0x4b, 0x00,
  0x00, 0x00, 0x00, 0x54, 0x00, 0xa4, 0x00, 0x5e, 0x00, 0x41, 0x96, 0xae,
  0x00, 0x00, 0x00, 0x4b, 0x00, 0x41, 0x00, 0x41, 0xc8, 0x5e, 0x00, 0x00,
  0x5e, 0xb8, 0x4b, 0x00, 0x81, 0x4b, 0x00, 0x54, 0x96, 0xc8, 0x81, 0x00,
  0x00, 0x00, 0x00, 0x00, 0xab, 0x00, 0x00, 0x4d, 0x63, 0x00, 0x00, 0x7f,
  0x00, 0x4d, 0x00, 0xbe, 0x42, 0x00, 0x7f, 0x9f, 0x00, 0x00, 0x4d, 0x93,
  0x00, 0xbe, 0x00, 0x83, 0x58, 0x00, 0x6f, 0x00, 0x42, 0x00, 0x00, 0xbe,
  0xbe, 0x00, 0x00, 0x00, 0x00, 0x00, 0x00, 0x00, 0xbe, 0x58, 0x00, 0x93,
  0x00, 0x00, 0x00, 0x00, 0xb5, 0x00, 0x00, 0x00, 0x63, 0x00, 0x00, 0x9f,
  0x93, 0x00, 0x00, 0x00, 0x00, 0x00, 0x93, 0x00, 0xbe, 0x4d, 0x00, 0x9f,
  0x00, 0x00, 0xab, 0x58, 0x00, 0x00, 0x42, 0x00, 0x4d, 0x93, 0xab, 0x00,
  0x58, 0x00, 0x6f, 0x9f, 0x00, 0x7f, 0x00, 0x6f, 0x00, 0x00, 0x00, 0x00,
  0x63, 0x00, 0x00, 0xbe, 0x4d, 0x00, 0x00, 0x00, 0x00, 0x63, 0x63, 0x00,
  0x00, 0x00, 0xab, 0x00, 0xb5, 0xbe, 0x00, 0xb5, 0x00, 0x7f, 0x00, 0x63,
  0x00, 0x00, 0x00, 0x00, 0x4d, 0x9f, 0x93, 0x42, 0x5c, 0xba, 0x7f, 0x69,
  0xa6, 0x00, 0xba, 0x00, 0x49, 0x99, 0x00, 0x52, 0x00, 0x3f, 0x00, 0x00,
  0x00, 0xa6, 0x00, 0xb0, 0x7f, 0x00, 0x00, 0x36, 0x85, 0x5c, 0xa6, 0xca,
  0x00, 0x99, 0x00, 0x00, 0x00, 0x52, 0x00, 0x99, 0x36, 0x00, 0x7f, 0x36,
  0x00, 0x85, 0xca, 0x00, 0x00, 0x00, 0xb0, 0x00, 0x00, 0x00, 0x00, 0x52,
  0x00, 0x52, 0xa6, 0x00, 0x00, 0x5c, 0x5c, 0xc2, 0x36, 0x00, 0x00, 0x00,
  0x00, 0xba, 0x69, 0x00, 0xc2, 0xb0, 0x00, 0x00, 0x36, 0xb0, 0x36, 0xa6,
  0x00, 0x00, 0xb0, 0x00, 0x69, 0xc2, 0xb0, 0xa6, 0x00, 0x69, 0x99, 0x00,
  0x00, 0x00, 0x00, 0x00, 0x5c, 0x00, 0x49, 0x00, 0x00, 0x00, 0x00, 0x00,
  0x52, 0x7f, 0xa6, 0xca, 0x69, 0x00, 0x3f, 0xba, 0x00, 0x00, 0x00, 0xca,
  0x7f, 0x69, 0xca, 0x36, 0x00, 0x69, 0x00, 0x5c, 0x49, 0x3f, 0x00, 0xa6,
  0x00, 0x69, 0x00, 0xa6, 0xa4, 0x54, 0x81, 0x00, 0x00, 0xc8, 0xb8, 0x81,
  0x00, 0xc8, 0x54, 0x00, 0x4b, 0x00, 0xa4, 0x00, 0xc8, 0xc8, 0x00, 0x00,
  0xb8, 0x00, 0x00, 0xc8, 0xae, 0xa4, 0xc8, 0x00, 0x96, 0x00, 0x00, 0x96,
  0x00, 0x00, 0x54, 0xc8, 0x00, 0x00, 0xc8, 0xa4, 0x00, 0x00, 0x00, 0xb8,
  0x5e, 0x00, 0x54, 0x00, 0xa4, 0x5e, 0xc8, 0x41, 0x38, 0x38, 0xc8, 0xa4,
  0x00, 0x00, 0xa4, 0x00, 0x00, 0x5e, 0xc0, 0x38, 0x00, 0x81, 0x00, 0x00,
  0xae, 0x00, 0xa4, 0xc8, 0x00, 0x00, 0x00, 0x00, 0x41, 0x00, 0x4b, 0x81,
  0x38, 0x41, 0x5e, 0x00, 0x00, 0x00, 0x00, 0x00, 0xb8, 0x00, 0x00, 0x00,
  0xae, 0x00, 0x41, 0x00, 0xb8, 0xa4, 0x00, 0x00, 0xae, 0x00, 0x00, 0x00,
  0x00, 0x00, 0x00, 0xc8, 0xc0, 0x00, 0xc0, 0xc0, 0x96, 0x38, 0x00, 0x6c,
  0xae, 0x00, 0xae, 0xb8, 0x00, 0x00, 0x00, 0x4b, 0x00, 0xa4, 0xa4, 0x96,
  0x3f, 0x49, 0xb0, 0x3f, 0x00, 0x00, 0x52, 0x00, 0x5c, 0xc2, 0x00, 0x99,
  0xa6, 0x00, 0x00, 0x5c, 0x00, 0x69, 0x5c, 0x7f, 0x99, 0xb0, 0xb0, 0x00,
  0x00, 0x3f, 0x00, 0x00, 0x36, 0x00, 0xa6, 0x36, 0x00, 0xca, 0x52, 0x00,
  0x69, 0x00, 0x00, 0x00, 0x00, 0x69, 0x00, 0x36, 0xc2, 0x36, 0x00, 0x5c,
  0x00, 0x7f, 0x5c, 0x00, 0x00, 0x00, 0x00, 0xca, 0x00, 0x00, 0x00, 0x49,
  0x00, 0x36, 0x00, 0x5c, 0x00, 0xba, 0x00, 0x5c, 0x00, 0x36, 0x00, 0x36,
  0x00, 0xba, 0x00, 0x49, 0x00, 0x36, 0x00, 0x00, 0x00, 0x00, 0x00, 0x00,
  0x49, 0xca, 0xba, 0x00, 0x52, 0x49, 0x00, 0x3f, 0x5c, 0x52, 0xb0, 0x00,
  0xba, 0x5c, 0x00, 0x00, 0x00, 0x36, 0x00, 0xba, 0xba, 0x52, 0x00, 0x5c,
  0x00, 0x00, 0x7f, 0x00, 0x00, 0x00, 0x00, 0x00, 0xa6, 0x00, 0x00, 0xca,
  0x00, 0x69, 0x69, 0x00, 0xca, 0x99, 0x52, 0x00, 0x00, 0x00, 0x00, 0x00,
  0xa0, 0x47, 0x00, 0x00, 0xc9, 0xc9, 0xa0, 0x00, 0x81, 0x00, 0xb0, 0x00,
  0xc9, 0xd0, 0x2a, 0xa0, 0x2a, 0x38, 0x00, 0x00, 0xb0, 0x00, 0x00, 0x00,
  0x00, 0x00, 0xb0, 0x81, 0x00, 0xd0, 0xc2, 0x00, 0xc9, 0x38, 0x31, 0x00,
  0x00, 0x00, 0xb0, 0xd6, 0xc2, 0x2a, 0xc9, 0x00, 0x00, 0xba, 0xba, 0x00,
  0xc2, 0x40, 0x00, 0x38, 0xa0, 0x00, 0x00, 0xb0, 0xc9, 0x00, 0xb0, 0x40,
  0x31, 0x2a, 0x00, 0x00, 0xd6, 0xd6, 0x31, 0xa0, 0xc9, 0xd0, 0x31, 0x00,
  0x00, 0x2a, 0xd6, 0x81, 0xba, 0x00, 0x2a, 0x00, 0xba, 0x00, 0x00, 0x00,
  0x40, 0x00, 0x00, 0xba, 0xc2, 0x63, 0x00, 0x00, 0xb0, 0xd0, 0x00, 0x00,
  0x00, 0x38, 0x00, 0x00, 0x00, 0x47, 0xc2, 0x00, 0x38, 0xc2, 0xc9, 0xa0,
  0xc2, 0x00, 0xb0, 0x00, 0x00, 0x00, 0xd0, 0x00, 0xa0, 0xb0, 0x00, 0xc2,
  0x31, 0xc9, 0x31, 0xba, 0xcc, 0x00, 0xa4, 0x00, 0x00, 0x00, 0x2f, 0x00,
  0x00, 0x00, 0x00, 0xd2, 0x4e, 0x00, 0xd2, 0x00, 0x3d, 0x44, 0x36, 0x00,
  0x28, 0x28, 0xd8, 0x28, 0x00, 0x36, 0x00, 0x5e, 0x28, 0x00, 0x3d, 0xcc,
  0x00, 0x2f, 0x00, 0xbd, 0x00, 0xd8, 0xa4, 0x00, 0xcc, 0x4e, 0x00, 0x00,
  0xcc, 0x00, 0xd2, 0xcc, 0xc5, 0x00, 0x00, 0xc5, 0x00, 0x00, 0xb4, 0x00,
  0xd2, 0x36, 0x44, 0x00, 0x00, 0x00, 0x44, 0x00, 0xb4, 0x00, 0x00, 0x00,
  0xd8, 0x3d, 0x28, 0x00, 0x00, 0x3d, 0x3d, 0x00, 0x00, 0x00, 0xc5, 0x3d,
  0xb4, 0xb4, 0x00, 0xd8, 0x00, 0xbd, 0xd2, 0x00, 0x00, 0x00, 0x00, 0x00,
  0xd2, 0x7f, 0x44, 0x44, 0xb4, 0x00, 0x00, 0x44, 0x00, 0x00, 0x00, 0x28,
  0x28, 0xbd, 0x00, 0x00, 0x00, 0xc5, 0x00, 0x28, 0x00, 0xbd, 0xbd, 0x2f,
  0x00, 0x00, 0x00, 0xd2, 0x00, 0x00, 0x00, 0x00, 0x00, 0xd2, 0x00, 0x3d,
  0x00, 0x6f, 0xbe, 0x00, 0x00, 0x42, 0x00, 0x7f, 0x42, 0x00, 0x9f, 0x00,
  0x00, 0x6f, 0xab, 0x00, 0x00, 0x00, 0x00, 0x6f, 0x6f, 0x58, 0x00, 0x42,
  0xb5, 0x83, 0x58, 0x4d, 0x4d, 0xab, 0x00, 0xab, 0x9f, 0x58, 0x58, 0x63,
  0xb5, 0x63, 0x00, 0x58, 0x00, 0x00, 0x58, 0x83, 0x00, 0x9f, 0x00, 0x58,
  0x00, 0x63, 0x00, 0x00, 0x58, 0x00, 0x63, 0x9f, 0x00, 0x00, 0x00, 0x00,
  0x58, 0x93, 0x58, 0x00, 0x4d, 0x00, 0x00, 0xab, 0x93, 0x00, 0xbe, 0x58,
  0xab, 0x42, 0x00, 0x00, 0xab, 0x00, 0x93, 0x00, 0x00, 0x00, 0x00, 0x00,
  0x00, 0x83, 0x00, 0x4d, 0xab, 0x00, 0x4d, 0x9f, 0x4d, 0x00, 0x6f, 0x00,
  0x58, 0x42, 0x00, 0x00, 0x00, 0x00, 0x00, 0x00, 0x6f, 0x4d, 0x6f, 0x63,
  0x00, 0x4d, 0xbe, 0x9f, 0xb5, 0x58, 0x00, 0x00, 0x00, 0x4d, 0x00, 0x00,
  0x00, 0x4d, 0x00, 0x00, 0x6f, 0x4d, 0x00, 0x00, 0x49, 0xb0, 0x00, 0x00,
  0x00, 0x00, 0x69, 0xc2, 0x00, 0x00, 0x00, 0x00, 0x00, 0xc2, 0xc2, 0x00,
  0x00, 0x36, 0x00, 0x00, 0xba, 0x99, 0x00, 0x00, 0x00, 0x00, 0xb0, 0x00,
  0x00, 0x00, 0x00, 0x00, 0x49, 0x36, 0x00, 0x00, 0xb0, 0x49, 0xa6, 0xb0,
  0xba, 0x3f, 0x00, 0x85, 0x00, 0xa6, 0x52, 0x7f, 0x00, 0x00, 0x00, 0x5c,
  0x49, 0x36, 0x36, 0x3f, 0x36, 0x00, 0x00, 0x00, 0xba, 0xa6, 0xba, 0x5c,
  0x3f, 0x00, 0x00, 0x49, 0x36, 0x52, 0x49, 0x3f, 0x36, 0x00, 0x00, 0x00,
  0x00, 0x00, 0x00, 0xa6, 0x00, 0x00, 0xc2, 0x52, 0xa6, 0x00, 0x52, 0xb0,
  0x00, 0x00, 0x99, 0x49, 0x49, 0x00, 0xca, 0x52, 0x52, 0xa6, 0xba, 0x36,
  0x69, 0xba, 0x00, 0xca, 0x00, 0x00, 0x00, 0x00, 0x00, 0xc2, 0x00, 0x52,
  0x00, 0x00, 0x00, 0x00, 0x00, 0x00, 0x49, 0x00, 0xca, 0x00, 0x00, 0x52,
  0x00, 0x00, 0x00, 0x52, 0x49, 0x00, 0x52, 0x00, 0xca, 0x00, 0x00, 0x00,
  0x00, 0x00, 0x00, 0xb0, 0x00, 0xa6, 0x00, 0x00, 0xa6, 0xba, 0x00, 0x36,
  0xc2, 0x00, 0x52, 0xca, 0x52, 0x00, 0x00, 0x36, 0x3f, 0x00, 0x00, 0x00,
  0xca, 0x00, 0xc2, 0x00, 0x49, 0x5c, 0xb0, 0x00, 0xc2, 0x00, 0xb0, 0x99,
  0x00, 0x00, 0xb0, 0x00, 0x36, 0xc2, 0x00, 0x36, 0x00, 0x3f, 0x00, 0x49,
  0xca, 0xb0, 0x00, 0xca, 0x00, 0x36, 0x00, 0x00, 0x52, 0x36, 0x00, 0x49,
  0xca, 0x00, 0x00, 0x52, 0x00, 0x3f, 0x00, 0x36, 0x00, 0x49, 0x00, 0x7f,
  0x69, 0xca, 0x00, 0x00, 0x00, 0x00, 0x00, 0xa6, 0x49, 0x00, 0x49, 0x00,
  0x36, 0x00, 0x52, 0xba, 0x00, 0x00, 0x00, 0x00, 0x00, 0xca, 0x00, 0xa6,
  0xba, 0x00, 0x69, 0x00, 0x00, 0x00, 0x00, 0x00, 0x00, 0x00, 0x00, 0x00,
  0x36, 0x99, 0x00, 0x00, 0x00, 0x36, 0x00, 0x00, 0x00, 0x69, 0x00, 0x00,
  0x00, 0x00, 0x00, 0xba, 0xca, 0x00, 0x00, 0x7f, 0x49, 0x00, 0x49, 0x00,
  0x00, 0x00, 0x3f, 0x00, 0x7f, 0x00, 0xc2, 0x00, 0xb0, 0x00, 0x5c, 0x3f,
  0x00, 0xca, 0x00, 0x00, 0x69, 0x00, 0x00, 0x69, 0x00, 0xba, 0x00, 0x00,
  0x5c, 0x00, 0x00, 0xb0, 0x00, 0x49, 0x3f, 0x00, 0x36, 0x36, 0x00, 0x49,
  0x5c, 0xb0, 0x52, 0x00, 0xba, 0x00, 0x36, 0x00, 0xb0, 0x5c, 0x99, 0xa6,
  0x00, 0x49, 0x00, 0xca, 0x00, 0x00, 0xca, 0x00, 0x49, 0xca, 0x52, 0x3f,
  0xc2, 0x00, 0x00, 0x00, 0x00, 0xca, 0x00, 0x00, 0x00, 0x00, 0x69, 0x99,
  0x36, 0xc2, 0x5c, 0x00, 0x00, 0x00, 0x52, 0x00, 0xb0, 0x99, 0x00, 0x00,
  0x00, 0x5c, 0x69, 0x00, 0x49, 0x00, 0x00, 0x00, 0xb0, 0x00, 0x00, 0xb0,
  0x52, 0x00, 0xb0, 0x00, 0x7f, 0x00, 0x00, 0x00, 0xba, 0x00, 0x00, 0xb0,
  0x00, 0x00, 0x00, 0x00, 0x00, 0x99, 0x00, 0x5c, 0x00, 0x00, 0x00, 0xb5,
  0x42, 0xab, 0x00, 0x00, 0x00, 0x4d, 0x00, 0x63, 0x6f, 0x58, 0x9f, 0xb5,
  0x00, 0x00, 0x4d, 0x6f, 0x00, 0x42, 0x00, 0xab, 0x58, 0x4d, 0x00, 0x58,
  0x00, 0x42, 0xbe, 0x00, 0x00, 0x00, 0x58, 0x00, 0x00, 0x58, 0x00, 0x9f,
  0x00, 0x00, 0x42, 0xbe, 0x00, 0x58, 0x00, 0x00, 0x00, 0x00, 0x00, 0xab,
  0xbe, 0x00, 0x00, 0x00, 0x63, 0x7f, 0x00, 0x58, 0x6f, 0x00, 0x00, 0x9f,
  0x00, 0xb5, 0xb5, 0xbe, 0x4d, 0xab, 0x6f, 0x00, 0x00, 0x6f, 0x00, 0x42,
  0x00, 0x00, 0x00, 0x00, 0x63, 0x6f, 0x42, 0x00, 0x9f, 0x00, 0x00, 0x63,
  0xab, 0xbe, 0x00, 0x00, 0x42, 0x42, 0x00, 0x93, 0x00, 0x00, 0x00, 0x42,
  0x93, 0x00, 0xb5, 0x00, 0x42, 0x58, 0x93, 0x00, 0xab, 0x00, 0x58, 0x00,
  0x00, 0x00, 0x00, 0xab, 0x9f, 0x93, 0x4d, 0x6f, 0x00, 0x00, 0x00, 0xbe,
  0x4d, 0x00, 0x00, 0x00, 0x5c, 0x00, 0x00, 0x52, 0xca, 0xa6, 0x00, 0x00,
  0x36, 0x69, 0x5c, 0x52, 0xba, 0x00, 0xc2, 0x00, 0xc2, 0x00, 0x5c, 0x00,
  0x00, 0x00, 0x00, 0xca, 0x00, 0x5c, 0x00, 0x7f, 0x49, 0xba, 0x00, 0x00,
  0x5c, 0x00, 0x00, 0x00, 0x5c, 0x36, 0x00, 0xb0, 0x52, 0x00, 0x52, 0x00,
  0x00, 0xca, 0x00, 0x00, 0xba, 0x00, 0x00, 0x5c, 0x00, 0x00, 0x52, 0x5c,
  0x00, 0x00, 0x00, 0x00, 0xca, 0xa6, 0x00, 0x00, 0x00, 0x00, 0x36, 0xa6,
  0xa6, 0x5c, 0xca, 0x00, 0xba, 0xba, 0x00, 0x00, 0x52, 0x00, 0x00, 0xba,
  0x00, 0x00, 0x00, 0xb0, 0x00, 0xa6, 0x00, 0x00, 0x52, 0x00, 0xba, 0x5c,
  0x00, 0x00, 0x00, 0x00, 0xba, 0x00, 0xb0, 0x5c, 0x52, 0x00, 0x00, 0x00,
  0xc2, 0x52, 0xca, 0x3f, 0x49, 0xc2, 0xc2, 0x99, 0x00, 0x00, 0xb0, 0xa6,
  0xba, 0x99, 0x5c, 0x69, 0x00, 0x00, 0x00, 0x00, 0xa6, 0x00, 0x00, 0x00,
  0x00, 0x00, 0x00, 0x00, 0x00, 0x7f, 0x00, 0xc5, 0x28, 0xcc, 0x00, 0x00,
  0x87, 0x00, 0xc5, 0xd2, 0x00, 0x00, 0x00, 0x87, 0x36, 0x00, 0xa4, 0x28,
  0xd2, 0x36, 0x3d, 0x00, 0x00, 0x00, 0x36, 0xb4, 0x4e, 0x00, 0xb4, 0x00,
  0x00, 0x00, 0x5e, 0xbd, 0x36, 0xcc, 0x00, 0x00, 0x00, 0x28, 0x44, 0x00,
  0x00, 0xb4, 0x00, 0x44, 0x4e, 0x00, 0xbd, 0xc5, 0x00, 0x7f, 0x3d, 0x00,
  0x00, 0x00, 0x00, 0xd2, 0x00, 0x00, 0x00, 0x2f, 0xc5, 0xcc, 0x00, 0x00,
  0x00, 0x00, 0xa4, 0x3d, 0xd2, 0x00, 0x4e, 0xd2, 0x00, 0x00, 0x00, 0xd8,
  0xcc, 0x00, 0xa4, 0x00, 0x00, 0xcc, 0x00, 0x28, 0x00, 0x00, 0xd8, 0x00,
  0x00, 0xd8, 0x36, 0x00, 0x00, 0x3d, 0x00, 0x4e, 0xd2, 0x00, 0x5e, 0xd8,
  0x00, 0x00, 0x00, 0xa4, 0x2f, 0x5e, 0x00, 0x00, 0x00, 0x4e, 0xcc, 0x00,
  0x36, 0xc5, 0x00, 0xcc, 0x00, 0x28, 0x3d, 0x00, 0xa6, 0xca, 0x00, 0x5c,
  0x36, 0x69, 0x00, 0x00, 0x00, 0xc2, 0xc2, 0xc2, 0x99, 0x00, 0x99, 0x00,
  0x00, 0x00, 0x00, 0x00, 0x5c, 0xc2, 0x00, 0x00, 0xba, 0x52, 0xba, 0x00,
  0x3f, 0x3f, 0xba, 0x00, 0xa6, 0x00, 0x49, 0x00, 0x00, 0x69, 0x00, 0x3f,
  0x5c, 0x36, 0x00, 0xba, 0x00, 0xba, 0x00, 0x36, 0xc2, 0x00, 0x00, 0x00,
  0x00, 0x69, 0x49, 0x00, 0x7f, 0x00, 0x00, 0x00, 0x00, 0x69, 0x00, 0x00,
  0x3f, 0x00, 0xca, 0x00, 0x00, 0x00, 0xa6, 0xa6, 0x00, 0xb0, 0x00, 0x00,
  0x00, 0xca, 0x00, 0x00, 0x7f, 0xc2, 0x00, 0x00, 0x00, 0x49, 0x00, 0xca,
  0xa6, 0xb0, 0x49, 0x36, 0x00, 0x00, 0x00, 0x36, 0x3f, 0x00, 0x00, 0xb0,
  0x49, 0x69, 0x52, 0x3f, 0x3f, 0x5c, 0x69, 0x49, 0x49, 0x00, 0x00, 0x99,
  0x00, 0x5c, 0xa6, 0x00, 0x00, 0x3f, 0x00, 0x49, 0x00, 0xca, 0x00, 0x00,
  0x00, 0x49, 0x00, 0xa6, 0x00, 0x58, 0x00, 0x00, 0x93, 0x00, 0x00, 0x00,
  0x00, 0x00, 0x93, 0x00, 0x63, 0x00, 0x6f, 0x6f, 0x00, 0x58, 0x00, 0xab,
  0x00, 0x6f, 0x93, 0x7f, 0xbe, 0x63, 0x42, 0x00, 0x00, 0x00, 0x00, 0xab,
  0x63, 0x00, 0x6f, 0x00, 0x4d, 0x00, 0x00, 0x00, 0x00, 0x00, 0x4d, 0x93,
  0x00, 0x7f, 0x00, 0x00, 0x00, 0x7f, 0xb5, 0xb5, 0xb5, 0x00, 0x00, 0x6f,
  0x00, 0x7f, 0x7f, 0x00, 0x7f, 0x00, 0x9f, 0x00, 0x00, 0x00, 0x00, 0x00,
  0xbe, 0x00, 0x63, 0x6f, 0x00, 0x93, 0x00, 0x00, 0x6f, 0x6f, 0x00, 0x00,
  0x00, 0x58, 0x00, 0x63, 0x00, 0x00, 0xb5, 0x00, 0x63, 0x63, 0x7f, 0x00,
  0x93, 0x00, 0x6f, 0x00, 0x93, 0x4d, 0xbe, 0x00, 0xab, 0x42, 0x00, 0x00,
  0x6f, 0x00, 0x00, 0xb5, 0x00, 0xab, 0x00, 0x00, 0x00, 0x9f, 0x00, 0x6f,
  0x00, 0x00, 0xb5, 0x4d, 0x58, 0x00, 0x9f, 0x00, 0x00, 0x6f, 0x63, 0x00,
  0x00, 0x00, 0x00, 0x00, 0x00, 0x00, 0xc0, 0x00, 0x00, 0x00, 0xae, 0x00,
  0x00, 0xc0, 0x4b, 0x00, 0x54, 0x00, 0x00, 0x00, 0x00, 0x00, 0x00, 0xc8,
  0x00, 0xae, 0x00, 0x54, 0x00, 0xb8, 0x00, 0x00, 0x4b, 0x00, 0x00, 0xae,
  0x4b, 0x4b, 0x00, 0x00, 0x96, 0x00, 0x38, 0xa4, 0x00, 0xc0, 0x00, 0x00,
  0x38, 0x00, 0x38, 0x00, 0xc0, 0x4b, 0xc8, 0xb8, 0x00, 0xc8, 0x00, 0x96,
  0x00, 0x00, 0x4b, 0x00, 0xc8, 0x41, 0x4b, 0x38, 0x00, 0xc0, 0x00, 0x00,
  0x41, 0x54, 0x54, 0x54, 0xb8, 0xb8, 0x00, 0x4b, 0x00, 0x4b, 0x5e, 0xb8,
  0x00, 0xa4, 0xae, 0xa4, 0x00, 0xb8, 0xae, 0x54, 0x00, 0x00, 0x5e, 0x00,
  0x38, 0x00, 0x38, 0xc8, 0x38, 0x41, 0x00, 0x00, 0x00, 0x00, 0x00, 0x00,
  0xa4, 0x00, 0x81, 0xc8, 0x5e, 0x00, 0x00, 0x00, 0x00, 0x00, 0x00, 0x00,
  0xc8, 0x00, 0xc0, 0x00, 0x00, 0xae, 0x00, 0xa4, 0x00, 0xba, 0x00, 0x31,
  0x00, 0x2a, 0x40, 0x81, 0x00, 0xba, 0xc2, 0xd0, 0x00, 0x00, 0xd0, 0xd0,
  0xa0, 0xc9, 0x2a, 0x2a, 0x00, 0x00, 0x00, 0x47, 0xa0, 0x00, 0x40, 0xd6,
  0x00, 0x00, 0x00, 0xa0, 0x2a, 0x00, 0xc9, 0x00, 0x00, 0x00, 0x38, 0x00,
  0x00, 0x40, 0x00, 0x47, 0xd6, 0x40, 0xd0, 0x00, 0xc2, 0x2a, 0xba, 0x31,
  0x00, 0x00, 0x00, 0x40, 0xc2, 0x51, 0x00, 0x00, 0x00, 0x40, 0x00, 0x00,
  0x00, 0x40, 0x00, 0xc2, 0x81, 0x31, 0x47, 0xd0, 0x31, 0xba, 0xa0, 0xc9,
  0x00, 0xd6, 0x00, 0xb0, 0x38, 0xb0, 0x00, 0x00, 0x00, 0x00, 0x00, 0xd6,
  0x51, 0xd0, 0xc2, 0xc2, 0xc2, 0x2a, 0x00, 0x31, 0x2a, 0x00, 0x38, 0xba,
  0xba, 0x00, 0xc2, 0x00, 0x00, 0xba, 0x31, 0xb0, 0x00, 0x00, 0x00, 0x00,
  0x00, 0x47, 0x47, 0x2a, 0x00, 0x2a, 0xd6, 0xd6, 0x00, 0xb0, 0x38, 0x00,
  0xba, 0xc9, 0x00, 0x31, 0x58, 0x63, 0x00, 0x00, 0x00, 0x00, 0xab, 0x00,
  0x00, 0x00, 0x63, 0x00, 0xab, 0x00, 0x00, 0x00, 0x00, 0x93, 0x6f, 0x63,
  0x7f, 0x00, 0x00, 0x00, 0x00, 0x63, 0x00, 0x83, 0xb5, 0x00, 0x42, 0x00,
  0x00, 0x4d, 0x42, 0x42, 0x63, 0x7f, 0xab, 0xbe, 0x00, 0xbe, 0x00, 0x00,
  0x63, 0x93, 0x00, 0x00, 0x00, 0x63, 0x00, 0x00, 0x93, 0x6f, 0xab, 0xab,
  0x00, 0x00, 0x00, 0x63, 0x93, 0x93, 0x00, 0x00, 0xab, 0x00, 0x42, 0x83,
  0x63, 0x00, 0x00, 0x00, 0x00, 0x4d, 0x00, 0x00, 0xab, 0x9f, 0x00, 0x00,
  0x00, 0x93, 0x00, 0x58, 0x9f, 0x00, 0xab, 0x00, 0x4d, 0xb5, 0xab, 0x00,
  0x6f, 0x00, 0x00, 0x00, 0x63, 0x00, 0xb5, 0x00, 0x00, 0x00, 0x58, 0x00,
  0x93, 0x63, 0x00, 0x00, 0x00, 0x63, 0x63, 0x93, 0x6f, 0x63, 0x00, 0x00,
  0x00, 0x00, 0x00, 0x00, 0x00, 0x00, 0x00, 0x93, 0x42, 0x6f, 0x00, 0x00,
  0x4e, 0x00, 0x2f, 0x00, 0x28, 0x5e, 0x00, 0x00, 0x00, 0x00, 0x28, 0x36,
  0xb4, 0x00, 0x00, 0x3d, 0xb4, 0x44, 0x00, 0x00, 0x00, 0x00, 0xd2, 0x00,
  0xd8, 0xd8, 0x00, 0x36, 0x00, 0x00, 0x00, 0x28, 0x00, 0xd2, 0xd8, 0x00,
  0x00, 0xbd, 0xd2, 0x36, 0x00, 0x00, 0x44, 0x2f, 0x00, 0x00, 0x28, 0x3d,
  0x2f, 0xd2, 0xbd, 0x00, 0x00, 0x00, 0x00, 0x00, 0x00, 0x36, 0x3d, 0xc5,
  0x00, 0x4e, 0x00, 0x2f, 0x3d, 0xd8, 0x00, 0x00, 0xa4, 0x3d, 0x00, 0x00,
  0xcc, 0x00, 0xb4, 0x00, 0x00, 0x3d, 0xd2, 0xb4, 0x00, 0xb4, 0x00, 0x00,
  0x00, 0x3d, 0x00, 0x00, 0x00, 0x44, 0x00, 0x2f, 0x44, 0x5e, 0xcc, 0x28,
  0x00, 0x00, 0x36, 0x3d, 0x00, 0x3d, 0xd8, 0x00, 0x00, 0x5e, 0x3d, 0x00,
  0x36, 0x4e, 0x00, 0xd2, 0x2f, 0x5e, 0x00, 0x00, 0x44, 0x7f, 0x00, 0x00,
  0x00, 0x00, 0x00, 0x00, 0xbd, 0x2f, 0x36, 0x00, 0x00, 0xb0, 0x00, 0xb0,
  0x36, 0x3f, 0x49, 0x00, 0x00, 0x52, 0x00, 0x49, 0x00, 0xba, 0x00, 0x00,
  0x00, 0x00, 0x52, 0x52, 0x5c, 0xb0, 0xa6, 0x00, 0x99, 0xca, 0x00, 0xba,
  0xca, 0xca, 0x69, 0x00, 0x00, 0x69, 0x00, 0x00, 0xa6, 0x00, 0x00, 0x00,
  0x00, 0xba, 0x00, 0xc2, 0xb0, 0x00, 0xba, 0x00, 0x00, 0x00, 0x3f, 0x52,
  0xca, 0xa6, 0x00, 0x00, 0x49, 0x00, 0x00, 0x00, 0x00, 0x00, 0x00, 0x00,
  0x00, 0x52, 0x00, 0x3f, 0x49, 0x00, 0x3f, 0x5c, 0x69, 0x52, 0x69, 0x00,
  0x00, 0x00, 0xb0, 0xb0, 0x00, 0xc2, 0x00, 0x3f, 0x00, 0x00, 0x99, 0x00,
  0x5c, 0xb0, 0x36, 0x00, 0x5c, 0x00, 0x00, 0xc2, 0x36, 0x00, 0x00, 0x00,
  0x00, 0x00, 0x00, 0x00, 0x00, 0x52, 0x00, 0xba, 0x3f, 0x00, 0xba, 0x00,
  0x00, 0x00, 0x99, 0x00, 0x00, 0x69, 0x00, 0x00, 0x00, 0xa6, 0x00, 0x00,
  0x3f, 0xb0, 0x7f, 0xb0, 0x00, 0xd8, 0x44, 0xbd, 0x00, 0x00, 0x00, 0x00,
  0x00, 0x00, 0xcc, 0x00, 0x00, 0xbd, 0x00, 0x28, 0x5e, 0x00, 0x00, 0x4e,
  0x5e, 0x00, 0x4e, 0x00, 0x00, 0x00, 0x44, 0x00, 0x28, 0x00, 0x36, 0x00,
  0xcc, 0x00, 0x00, 0x00, 0x00, 0x2f, 0x36, 0xb4, 0x00, 0x00, 0xcc, 0x5e,
  0x00, 0x44, 0x00, 0x00, 0x00, 0x36, 0xd2, 0x44, 0xd8, 0x5e, 0x00, 0x2f,
  0x4e, 0x00, 0xcc, 0x00, 0x36, 0xd2, 0x5e, 0x3d, 0x00, 0x00, 0x00, 0xbd,
  0x00, 0x00, 0x2f, 0x00, 0x00, 0x5e, 0x00, 0x00, 0x36, 0x4e, 0x3d, 0x28,
  0x00, 0x3d, 0x00, 0x00, 0x00, 0xd2, 0x3d, 0x28, 0x4e, 0xbd, 0x00, 0x00,
  0xcc, 0x00, 0xbd, 0x28, 0x00, 0x00, 0x4e, 0x28, 0x28, 0x2f, 0x00, 0x00,
  0x00, 0x00, 0x00, 0xb4, 0x00, 0x00, 0x00, 0x00, 0x7f, 0x00, 0x00, 0x44,
  0x00, 0x00, 0x00, 0x3d, 0x00, 0x00, 0x00, 0x44, 0x44, 0xd8, 0x44, 0x00,
  0x00, 0xa6, 0xc2, 0x00, 0x3f, 0xca, 0x00, 0x00, 0x52, 0xa6, 0x00, 0x00,
  0x69, 0x00, 0xc2, 0x00, 0x00, 0xa6, 0x99, 0x00, 0x00, 0x52, 0x00, 0x00,
  0x00, 0xca, 0x36, 0x00, 0x99, 0x69, 0xc2, 0xa6, 0x00, 0x00, 0xc2, 0x00,
  0x00, 0x36, 0xba, 0x52, 0x00, 0x00, 0xa6, 0x00, 0xc2, 0x00, 0xa6, 0x00,
  0x00, 0xca, 0x00, 0x00, 0x00, 0x00, 0x00, 0x00, 0x00, 0xba, 0x49, 0x00,
  0x36, 0xb0, 0x85, 0xa6, 0x52, 0x36, 0x00, 0x5c, 0x99, 0x00, 0x3f, 0x00,
  0x00, 0x49, 0x85, 0x00, 0x00, 0x00, 0x00, 0x00, 0x00, 0x3f, 0x00, 0x00,
  0x00, 0xb0, 0x3f, 0x00, 0x00, 0x00, 0xca, 0x49, 0x52, 0x36, 0x00, 0x00,
  0xc2, 0x36, 0xb0, 0x00, 0xba, 0x52, 0x99, 0x49, 0xa6, 0x49, 0xca, 0x00,
  0xa6, 0x00, 0x5c, 0x00, 0x00, 0xb0, 0x5c, 0x52, 0x3f, 0x7f, 0x00, 0x00,
  0xa6, 0x49, 0x00, 0x00, 0x99, 0x00, 0x5c, 0x00, 0x00, 0x00, 0xb0, 0x5c,
  0x00, 0x00, 0x00, 0x00, 0x00, 0x3f, 0xb0, 0x00, 0x00, 0xb0, 0x5c, 0x3f,
  0x3f, 0x36, 0x52, 0x3f, 0x00, 0x00, 0x00, 0x00, 0x00, 0xb0, 0x00, 0xa6,
  0x85, 0x5c, 0x3f, 0x00, 0x00, 0x49, 0x00, 0x00, 0x00, 0x5c, 0x00, 0x00,
  0x00, 0x00, 0x00, 0xca, 0x5c, 0x52, 0x00, 0x36, 0x00, 0x00, 0x99, 0x99,
  0x00, 0x52, 0x00, 0x3f, 0x49, 0xb0, 0x00, 0x85, 0x00, 0x3f, 0x3f, 0x36,
  0xb0, 0xc2, 0x00, 0x00, 0x7f, 0x69, 0x36, 0x49, 0x5c, 0x00, 0x52, 0x00,
  0x00, 0x52, 0x00, 0xa6, 0x00, 0x00, 0x00, 0x52, 0x00, 0xba, 0x00, 0x00,
  0x00, 0x00, 0xca, 0x00, 0x00, 0x00, 0xa6, 0x00, 0x00, 0x3f, 0x00, 0x00,
  0xba, 0x00, 0x00, 0x49, 0xca, 0x49, 0x00, 0x00, 0x00, 0x00, 0x00, 0x00,
  0x00, 0x00, 0x00, 0x00, 0x00, 0x52, 0x00, 0x5c, 0x00, 0x00, 0x00, 0x69,
  0x00, 0x52, 0x00, 0x00, 0x00, 0x00, 0x54, 0x00, 0x54, 0x54, 0x00, 0xc8,
  0x54, 0x5e, 0x00, 0x00, 0x00, 0x00, 0x4b, 0xb8, 0xc0, 0x5e, 0x00, 0x6c,
  0xa4, 0x38, 0x00, 0xc8, 0x38, 0x00, 0x00, 0xc8, 0x00, 0x00, 0x5e, 0x00,
  0xc0, 0x00, 0x00, 0x4b, 0xc8, 0x00, 0x00, 0x5e, 0xa4, 0xae, 0x00, 0x81,
  0x54, 0x41, 0x96, 0x00, 0x00, 0x00, 0xae, 0x00, 0x38, 0x00, 0x00, 0xc0,
  0xc0, 0x00, 0x5e, 0x38, 0x00, 0x96, 0x00, 0x00, 0x00, 0x5e, 0x00, 0x00,
  0x00, 0x00, 0x00, 0x54, 0x00, 0x00, 0x00, 0x00, 0x00, 0x00, 0x00, 0x6c,
  0x00, 0x00, 0xb8, 0xc0, 0x5e, 0x96, 0x00, 0x5e, 0x96, 0x41, 0xa4, 0x00,
  0x4b, 0x00, 0x00, 0xb8, 0x00, 0x00, 0x00, 0x00, 0xa4, 0x00, 0x00, 0xa4,
  0x41, 0x00, 0xa4, 0xa4, 0x00, 0x00, 0x38, 0x38, 0x4b, 0x00, 0x5e, 0x00,
  0x00, 0x00, 0x54, 0xb8, 0x00, 0x00, 0x00, 0xa4, 0x38, 0x00, 0x38, 0x96,
  0x49, 0xca, 0x00, 0x5c, 0xc2, 0x00, 0x00, 0x00, 0x00, 0x5c, 0xc2, 0x00,
  0xb0, 0x00, 0x3f, 0x00, 0x00, 0x69, 0x52, 0x52, 0x3f, 0xba, 0x00, 0x00,
  0x00, 0xc2, 0xc2, 0x7f, 0x00, 0xa6, 0x36, 0x99, 0x99, 0xca, 0xb0, 0x00,
  0x5c, 0x69, 0xc2, 0xb0, 0x69, 0x00, 0x36, 0x00, 0x5c, 0xb0, 0xba, 0x00,
  0x00, 0x00, 0x00, 0x00, 0x00, 0xba, 0xca, 0x00, 0x49, 0x00, 0x00, 0x00,
  0x00, 0x00, 0x49, 0x00, 0x3f, 0x00, 0x00, 0x00, 0x00, 0x00, 0x52, 0x00,
  0x00, 0x00, 0x00, 0x00, 0x5c, 0x00, 0x36, 0x00, 0x00, 0x00, 0x69, 0x3f,
  0x00, 0xa6, 0x00, 0x00, 0x00, 0xc2, 0xc2, 0x00, 0x00, 0x7f, 0xba, 0xa6,
  0x00, 0xc2, 0x00, 0x00, 0x00, 0x99, 0x99, 0x00, 0x00, 0xb0, 0x00, 0x00,
  0x00, 0x5c, 0xca, 0x00, 0xa6, 0x00, 0xc2, 0x00, 0xa6, 0xc2, 0x00, 0x00,
  0x00, 0x00, 0x69, 0xca, 0x69, 0x00, 0x49, 0x5c, 0x99, 0xba, 0xb0, 0x52,
  0x00, 0x3f, 0x00, 0x00, 0xc2, 0x5c, 0x00, 0x00, 0x00, 0x52, 0xc2, 0x5c,
  0x5c, 0x00, 0xa6, 0x52, 0x99, 0x00, 0xc2, 0x00, 0x00, 0x00, 0x00, 0x00,
  0x7f, 0x00, 0x00, 0x00, 0x52, 0x00, 0x69, 0x49, 0xa6, 0x00, 0xa6, 0x00,
  0x00, 0x00, 0x00, 0xb0, 0xc2, 0x99, 0xc2, 0x00, 0x00, 0x00, 0x00, 0x00,
  0x00, 0x00, 0xba, 0xb0, 0xa6, 0x00, 0x00, 0x00, 0x00, 0x99, 0x00, 0x00,
  0x00, 0x3f, 0xca, 0x00, 0x52, 0x00, 0x00, 0x00, 0x00, 0x3f, 0x00, 0x52,
  0xb0, 0x00, 0xc2, 0x00, 0x00, 0x00, 0x3f, 0x00, 0x3f, 0x00, 0x00, 0x49,
  0x00, 0x00, 0x69, 0xa6, 0xa6, 0x69, 0x00, 0x49, 0x3f, 0x00, 0xca, 0xb0,
  0x52, 0x00, 0x3f, 0x3f, 0x99, 0x00, 0x00, 0x00, 0x3f, 0xb0, 0x69, 0x00,
  0x00, 0x00, 0x52, 0xba, 0x00, 0x00, 0x00, 0x99, 0x00, 0x00, 0xb0, 0x49,
  0x00, 0xb0, 0xba, 0x00, 0xbe, 0x00, 0x00, 0x4d, 0x7f, 0x00, 0xab, 0x58,
  0x00, 0x00, 0x93, 0x00, 0x9f, 0x9f, 0xbe, 0x42, 0x9f, 0x00, 0x00, 0x6f,
  0x00, 0x93, 0xb5, 0x00, 0xb5, 0x4d, 0x00, 0x00, 0xbe, 0x00, 0x42, 0x00,
  0x00, 0x00, 0x4d, 0xbe, 0x00, 0x00, 0x63, 0x00, 0x9f, 0x6f, 0x00, 0x00,
  0x00, 0x00, 0x00, 0x00, 0x00, 0x00, 0xab, 0x00, 0x00, 0x00, 0x00, 0x00,
  0x7f, 0x00, 0xab, 0x00, 0x00, 0x00, 0xb5, 0x00, 0x00, 0x7f, 0x00, 0x00,
  0x83, 0x00, 0x00, 0x00, 0x00, 0x58, 0x00, 0x00, 0x00, 0x00, 0xbe, 0x00,
  0x00, 0x63, 0x00, 0x93, 0x00, 0x00, 0x93, 0x00, 0x00, 0xb5, 0x00, 0x6f,
  0x00, 0x00, 0x93, 0x63, 0x00, 0x00, 0x00, 0xbe, 0x00, 0x00, 0x63, 0x00,
  0x42, 0x00, 0x00, 0x00, 0x00, 0x00, 0xbe, 0xab, 0x00, 0x00, 0x6f, 0x7f,
  0x00, 0x00, 0x00, 0x00, 0x63, 0x00, 0x83, 0x00, 0x00, 0x00, 0x00, 0x00,
  0x40, 0xc9, 0x00, 0xb0, 0xb0, 0x00, 0x00, 0x00, 0x31, 0x00, 0x40, 0xba,
  0x31, 0x2a, 0x00, 0x00, 0x00, 0x31, 0x51, 0x00, 0x40, 0x00, 0x51, 0x38,
  0xc2, 0x00, 0x00, 0x38, 0x00, 0x00, 0xc2, 0x47, 0x00, 0x51, 0x38, 0x00,
  0xd6, 0x38, 0x31, 0x00, 0x00, 0x00, 0xc9, 0xa0, 0xc9, 0xc2, 0x00, 0x81,
  0x00, 0x00, 0xd6, 0xba, 0x00, 0x00, 0x47, 0x00, 0x00, 0xba, 0x00, 0x31,
  0x00, 0x00, 0xb0, 0xc9, 0xc2, 0xc2, 0x38, 0x00, 0xc9, 0x00, 0x00, 0xba,
  0x00, 0x31, 0x00, 0x00, 0x40, 0x00, 0x47, 0x63, 0x51, 0x00, 0x47, 0xc9,
  0x00, 0xc2, 0x2a, 0x00, 0xd0, 0xba, 0x00, 0xc2, 0x38, 0xb0, 0x00, 0x00,
  0x38, 0x00, 0xb0, 0xd0, 0x00, 0x00, 0x31, 0x47, 0x00, 0x00, 0x47, 0xba,
  0x00, 0x00, 0x00, 0xc9, 0x00, 0xb0, 0x38, 0xc2, 0x47, 0xd0, 0x00, 0x2a,
  0x00, 0xba, 0x00, 0x00, 0x00, 0x00, 0xc2, 0xd0, 0x00, 0x9f, 0xbe, 0x00,
  0x93, 0x93, 0x00, 0x00, 0x00, 0x00, 0x00, 0xb5, 0x00, 0x9f, 0x00, 0x63,
  0x00, 0xbe, 0x00, 0x58, 0xab, 0x00, 0x00, 0x4d, 0x9f, 0x00, 0xbe, 0x83,
  0x00, 0x00, 0x4d, 0xb5, 0x00, 0x7f, 0x00, 0x00, 0x00, 0x00, 0x4d, 0x00,
  0xbe, 0x93, 0x00, 0x00, 0xbe, 0x00, 0x00, 0x6f, 0x00, 0x63, 0x4d, 0x00,
  0x00, 0xb5, 0x00, 0x00, 0x9f, 0x93, 0x00, 0x58, 0x00, 0x00, 0x00, 0xb5,
  0x00, 0x00, 0x93, 0x00, 0x00, 0x00, 0x00, 0x00, 0x00, 0x00, 0x00, 0x58,
  0x00, 0x00, 0xbe, 0x00, 0x6f, 0x00, 0x4d, 0xb5, 0x63, 0x00, 0x4d, 0x00,
  0x00, 0x00, 0x83, 0xab, 0x93, 0x63, 0x58, 0x00, 0x93, 0x4d, 0x00, 0x00,
  0x4d, 0x93, 0x4d, 0x00, 0x00, 0x00, 0x00, 0x00, 0x42, 0x9f, 0x00, 0x9f,
  0x00, 0x00, 0xbe, 0x00, 0x00, 0x00, 0x00, 0x93, 0x42, 0xbe, 0x6f, 0x42,
  0x00, 0x58, 0x00, 0x4d, 0x3f, 0x00, 0x00, 0x00, 0x52, 0xb0, 0x00, 0x7f,
  0x00, 0x00, 0x49, 0x00, 0x00, 0x00, 0x52, 0x00, 0x52, 0xca, 0x00, 0x00,
  0xca, 0xba, 0x5c, 0x00, 0xba, 0x00, 0xba, 0x52, 0x85, 0x00, 0x00, 0xc2,
  0x00, 0x00, 0x00, 0x49, 0xc2, 0xb0, 0xba, 0x00, 0x99, 0x00, 0xc2, 0x00,
  0x36, 0x00, 0xba, 0x00, 0x00, 0x00, 0x00, 0xba, 0x00, 0x00, 0x00, 0x00,
  0x00, 0xba, 0x69, 0x69, 0x99, 0x00, 0x00, 0x00, 0x00, 0x00, 0x00, 0x00,
  0x00, 0x00, 0x5c, 0x00, 0x00, 0x69, 0x7f, 0xa6, 0x00, 0xb0, 0x99, 0x00,
  0x00, 0xba, 0x00, 0x00, 0x3f, 0x00, 0x00, 0x00, 0x99, 0x3f, 0x00, 0x00,
  0x69, 0x00, 0x00, 0x00, 0xa6, 0xa6, 0x00, 0x00, 0xc2, 0x52, 0x00, 0xba,
  0xb0, 0x85, 0x00, 0x00, 0x5c, 0x52, 0x69, 0x49, 0x00, 0x00, 0xc2, 0x00,
  0x00, 0x99, 0x3f, 0x36, 0xc2, 0x5c, 0x00, 0x7f, 0x00, 0x00, 0xb0, 0x52,
  0xba, 0x00, 0xb0, 0x00, 0x00, 0x00, 0xca, 0x00, 0xca, 0x00, 0x00, 0x00,
  0x00, 0xba, 0x3f, 0x36, 0x7f, 0x00, 0x00, 0x00, 0x00, 0xc2, 0x00, 0x49,
  0x00, 0xb0, 0x3f, 0x00, 0x69, 0xa6, 0x00, 0x36, 0x52, 0x00, 0x00, 0x00,
  0x99, 0x69, 0x5c, 0x00, 0x00, 0xa6, 0x00, 0xa6, 0x00, 0x00, 0x5c, 0x49,
  0x00, 0xb0, 0x00, 0x00, 0x00, 0x00, 0x49, 0x00, 0x00, 0x00, 0xc2, 0x00,
  0x00, 0x00, 0x00, 0x52, 0x5c, 0x00, 0xa6, 0x36, 0x00, 0x36, 0x00, 0x00,
  0xa6, 0x00, 0x00, 0x00, 0x49, 0x00, 0x00, 0x69, 0xc2, 0xba, 0x3f, 0x00,
  0x36, 0x00, 0x52, 0x00, 0xc2, 0xb0, 0xb0, 0x3f, 0xc2, 0x00, 0x52, 0xa6,
  0x00, 0x00, 0x00, 0x00, 0xba, 0x00, 0x36, 0x5c, 0xca, 0x49, 0x00, 0x49,
  0x00, 0x00, 0x3f, 0x7f, 0xb0, 0x00, 0xc2, 0xb0, 0x00, 0x00, 0x00, 0x00,
  0x00, 0xa6, 0x3f, 0x3f, 0x5c, 0xb0, 0x00, 0x36, 0x4b, 0x00, 0x96, 0x00,
  0x00, 0x00, 0xc0, 0xae, 0x96, 0xa4, 0xc8, 0x00, 0x00, 0x00, 0x00, 0x4b,
  0x00, 0x00, 0xc0, 0x00, 0xc8, 0x00, 0x96, 0x38, 0xa4, 0x00, 0x00, 0x00,
  0x00, 0x96, 0x00, 0x38, 0x38, 0x00, 0x5e, 0x4b, 0x00, 0x00, 0x41, 0x00,
  0x00, 0x96, 0x00, 0xae, 0x00, 0x5e, 0x00, 0x96, 0x00, 0x00, 0x00, 0xb8,
  0xa4, 0xb8, 0x00, 0x00, 0x00, 0x00, 0x96, 0x00, 0xb8, 0x00, 0x00, 0xae,
  0xae, 0x96, 0x6c, 0x41, 0x96, 0x96, 0xc8, 0x96, 0x38, 0x4b, 0x00, 0x00,
  0x38, 0x6c, 0x96, 0x00, 0x41, 0x4b, 0xc8, 0x00, 0x4b, 0x00, 0x00, 0x96,
  0xae, 0x00, 0xa4, 0x00, 0x00, 0x81, 0x5e, 0x00, 0xae, 0x00, 0x41, 0x00,
  0x41, 0x00, 0x00, 0xb8, 0x00, 0x00, 0x41, 0x00, 0x54, 0x00, 0xc0, 0xc8,
  0xc0, 0x54, 0x00, 0x00, 0x00, 0x00, 0x4b, 0x00, 0x54, 0x00, 0x00, 0x00,
  0x38, 0xa4, 0x00, 0x00, 0x3d, 0x3d, 0x00, 0x28, 0x28, 0x7f, 0x5e, 0x00,
  0x00, 0x00, 0x00, 0x28, 0x00, 0x00, 0xcc, 0x00, 0xa4, 0x00, 0xd2, 0x00,
  0x28, 0x36, 0xd2, 0x00, 0x28, 0x00, 0x3d, 0x00, 0xd8, 0x28, 0x00, 0x00,
  0x00, 0x00, 0x00, 0xbd, 0xcc, 0x00, 0x00, 0x00, 0x00, 0x28, 0xcc, 0x00,
  0x00, 0x00, 0x00, 0x5e, 0xbd, 0x00, 0x2f, 0xd2, 0x00, 0xc5, 0x3d, 0xc5,
  0x00, 0x2f, 0x00, 0xcc, 0x36, 0x44, 0x00, 0x00, 0x00, 0x00, 0x4e, 0xd2,
  0xa4, 0xcc, 0x00, 0x00, 0xd2, 0xc5, 0xb4, 0x44, 0x00, 0x44, 0xd8, 0x87,
  0x4e, 0x00, 0x00, 0x2f, 0x00, 0x00, 0x00, 0x00, 0x00, 0xa4, 0x00, 0xd2,
  0x2f, 0x00, 0xbd, 0x00, 0x00, 0x00, 0x00, 0x2f, 0xcc, 0x00, 0xb4, 0x00,
  0x00, 0x5e, 0x00, 0x44, 0xcc, 0x00, 0x00, 0xc5, 0x00, 0x00, 0xc5, 0x00,
  0x00, 0x7f, 0x00, 0x00, 0x00, 0x00, 0xc5, 0x28, 0x00, 0x00, 0x7f, 0x00,
  0x99, 0x00, 0x00, 0xba, 0x00, 0x36, 0x00, 0x00, 0x00, 0xca, 0x00, 0x00,
  0xb0, 0x3f, 0xc2, 0x5c, 0x3f, 0x36, 0x49, 0x5c, 0x00, 0xba, 0x52, 0xc2,
  0x00, 0xa6, 0x36, 0x00, 0x36, 0x00, 0x00, 0x5c, 0x00, 0x00, 0xca, 0x52,
  0x00, 0x00, 0x00, 0x00, 0x00, 0x3f, 0x00, 0x7f, 0x00, 0x00, 0xb0, 0xb0,
  0x00, 0x00, 0x00, 0xca, 0x00, 0x99, 0x00, 0x00, 0x00, 0xc2, 0x3f, 0xa6,
  0x69, 0x00, 0x00, 0x00, 0x00, 0x99, 0x00, 0x00, 0x00, 0x00, 0xca, 0x00,
  0x00, 0xb0, 0x00, 0x3f, 0xc2, 0x00, 0x00, 0x00, 0x00, 0x36, 0xc2, 0x00,
  0xa6, 0x52, 0x00, 0x00, 0x00, 0x00, 0x3f, 0x00, 0xb0, 0x00, 0x3f, 0x00,
  0x00, 0x00, 0xa6, 0x00, 0x69, 0x00, 0x99, 0xb0, 0x52, 0x36, 0x36, 0x00,
  0x00, 0xa6, 0x00, 0x36, 0x00, 0xa6, 0x00, 0x00, 0x00, 0x00, 0x00, 0x00,
  0x3f, 0x5c, 0x00, 0x00, 0x00, 0x3f, 0x52, 0xba, 0x00, 0x00, 0x00, 0x00,
  0x00, 0x47, 0x00, 0xa0, 0x00, 0x00, 0xa0, 0x51, 0x00, 0xc2, 0x00, 0x00,
  0x81, 0x00, 0x00, 0xba, 0x00, 0x38, 0x00, 0x00, 0xd0, 0x00, 0x00, 0x00,
  0x00, 0x00, 0x00, 0x00, 0x47, 0x00, 0xc2, 0x31, 0x00, 0x00, 0x00, 0x51,
  0x40, 0xc9, 0x00, 0x00, 0x00, 0x2a, 0xc2, 0x63, 0x00, 0x00, 0xd6, 0xd6,
  0x00, 0x00, 0x38, 0x00, 0x00, 0x47, 0x31, 0x00, 0x31, 0x00, 0xd0, 0x00,
  0xc9, 0xc9, 0x47, 0xd6, 0xc9, 0x47, 0x00, 0x00, 0xc9, 0x00, 0xb0, 0x2a,
  0xba, 0xba, 0xc2, 0xa0, 0x00, 0x00, 0x47, 0x00, 0xd0, 0xc2, 0xa0, 0x00,
  0x2a, 0x38, 0x00, 0x00, 0x00, 0x00, 0x00, 0x00, 0xc2, 0x00, 0x00, 0x00,
  0xd6, 0xc2, 0xa0, 0x38, 0x00, 0x00, 0x31, 0x00, 0x00, 0x40, 0xc9, 0xd0,
  0xc9, 0x51, 0x2a, 0x00, 0x00, 0x51, 0xa0, 0x47, 0xc9, 0xb0, 0x00, 0x00,
  0x00, 0x00, 0x38, 0xd6, 0x00, 0xd6, 0x00, 0x00, 0xba, 0x00, 0xb0, 0x00,
  0x00, 0x40, 0x00, 0x00, 0xc9, 0xd0, 0xb0, 0x00, 0x00, 0x00, 0x00, 0xa0,
  0x2a, 0xd0, 0xb0, 0xc2, 0xa0, 0xb0, 0x00, 0x40, 0x00, 0xb0, 0xba, 0xa0,
  0x51, 0x47, 0x47, 0x00, 0x31, 0x00, 0x00, 0x31, 0x47, 0x00, 0xb0, 0x2a,
  0xd0, 0x2a, 0x00, 0xc2, 0x00, 0xa0, 0x00, 0x00, 0x00, 0xc9, 0x00, 0x00,
  0x00, 0x00, 0xd6, 0x2a, 0x38, 0x47, 0xb0, 0xc9, 0x40, 0x63, 0x00, 0xd0,
  0x81, 0x40, 0xc2, 0x00, 0x00, 0x00, 0x00, 0x00, 0x00, 0x2a, 0x00, 0x00,
  0xd0, 0x00, 0x38, 0x31, 0x51, 0x00, 0x00, 0xc2, 0x63, 0x00, 0xc9, 0x00,
  0x31, 0xa0, 0x00, 0x00, 0x00, 0x00, 0x00, 0x00, 0xc2, 0x51, 0x47, 0x00,
  0x00, 0x00, 0x51, 0x47, 0x00, 0x00, 0xb0, 0x81, 0xd6, 0x40, 0x00, 0x00,
  0x00, 0x00, 0x00, 0xd0, 0xd6, 0xa0, 0x47, 0xb0, 0x00, 0x38, 0x51, 0xb0,
  0x00, 0xb5, 0x42, 0x00, 0x00, 0x00, 0x00, 0x7f, 0x9f, 0x63, 0x4d, 0x93,
  0x00, 0x4d, 0x00, 0x00, 0x00, 0x00, 0x00, 0x9f, 0x6f, 0x00, 0xbe, 0x00,
  0x00, 0x00, 0x00, 0xb5, 0x00, 0x6f, 0x00, 0x00, 0x00, 0x42, 0x00, 0x00,
  0x58, 0x00, 0x58, 0xb5, 0x58, 0x42, 0x00, 0x6f, 0xbe, 0x00, 0x6f, 0x00,
  0x00, 0x00, 0x7f, 0x6f, 0x00, 0x00, 0x00, 0xab, 0x58, 0x00, 0xbe, 0x00,
  0x00, 0x93, 0x00, 0x00, 0x00, 0x42, 0x4d, 0x00, 0x4d, 0x00, 0xbe, 0x00,
  0x58, 0x93, 0xab, 0x00, 0x83, 0x00, 0x00, 0x9f, 0x00, 0x6f, 0x00, 0x93,
  0x00, 0x42, 0x9f, 0x00, 0x00, 0x6f, 0x00, 0x9f, 0x00, 0x00, 0x00, 0x00,
  0x00, 0x00, 0x58, 0x58, 0x00, 0x00, 0x00, 0x9f, 0x00, 0x00, 0x00, 0x63,
  0x00, 0x00, 0x42, 0xb5, 0x6f, 0xbe, 0x6f, 0x93, 0xab, 0x00, 0x7f, 0x58,
  0x00, 0x00, 0x58, 0x4d, 0x00, 0x00, 0x83, 0xb5, 0x00, 0x93, 0x6f, 0x00,
  0xbe, 0x6f, 0x00, 0x00, 0x4d, 0x9f, 0x00, 0x83, 0x7f, 0xb5, 0x00, 0x00,
  0x6f, 0x00, 0x00, 0x63, 0xbe, 0x00, 0x00, 0x9f, 0x00, 0x63, 0x93, 0x00,
  0x00, 0x00, 0x42, 0xbe, 0x42, 0x00, 0x63, 0x00, 0x9f, 0x00, 0x9f, 0x00,
  0x42, 0x42, 0x00, 0x4d, 0x00, 0x00, 0xab, 0x00, 0xb5, 0x63, 0x9f, 0x00,
  0x9f, 0xbe, 0x00, 0x00, 0x00, 0x6f, 0xab, 0x00, 0x00, 0x63, 0x00, 0xb5,
  0x00, 0x00, 0xbe, 0x00, 0xb5, 0x00, 0x9f, 0x00, 0x93, 0x93, 0xab, 0xb5,
  0x00, 0x58, 0x00, 0x00, 0x42, 0x7f, 0x00, 0x00, 0x83, 0x4d, 0x93, 0x00,
  0x83, 0x00, 0x93, 0x00, 0x58, 0x00, 0x4d, 0x58, 0x6f, 0x6f, 0xb5, 0x00,
  0x6f, 0x00, 0x00, 0xb5, 0x9f, 0x93, 0x00, 0x00, 0x00, 0x00, 0x58, 0x7f,
  0x7f, 0x00, 0x00, 0x6f, 0xab, 0xbe, 0x42, 0x58, 0x00, 0xb5, 0x63, 0xab,
  0x00, 0x00, 0x00, 0x00, 0x00, 0x52, 0x00, 0x49, 0xb0, 0x00, 0x00, 0x49,
  0x69, 0x00, 0x00, 0xba, 0x36, 0x52, 0x00, 0x36, 0xba, 0x52, 0x00, 0x00,
  0x36, 0x00, 0xb0, 0x00, 0xa6, 0xba, 0x00, 0x00, 0x00, 0x3f, 0xa6, 0x00,
  0x00, 0x99, 0x00, 0xc2, 0xb0, 0x00, 0x00, 0x00, 0xc2, 0x00, 0xba, 0x00,
  0x00, 0x49, 0x00, 0x00, 0x49, 0x00, 0xb0, 0x36, 0x00, 0x69, 0x00, 0x00,
  0x69, 0xca, 0x3f, 0x00, 0x00, 0xb0, 0x3f, 0x99, 0x3f, 0x00, 0x00, 0x00,
  0x5c, 0x00, 0x49, 0x49, 0x00, 0x00, 0x5c, 0x00, 0x00, 0x85, 0x00, 0x7f,
  0x00, 0x00, 0x00, 0xc2, 0x00, 0x52, 0x00, 0x00, 0x00, 0x00, 0xa6, 0x00,
  0x00, 0x99, 0x00, 0x00, 0xa6, 0x5c, 0x00, 0xca, 0x00, 0x00, 0x69, 0xc2,
  0x00, 0x36, 0x52, 0x00, 0x00, 0x00, 0x7f, 0x00, 0x00, 0x00, 0x00, 0x5c,
  0xa6, 0xb0, 0x5c, 0x3f, 0x00, 0x00, 0x00, 0xc2, 0x00, 0xc2, 0x00, 0xba,
  0x00, 0x54, 0x00, 0x00, 0x00, 0x38, 0x00, 0x00, 0x38, 0x00, 0x00, 0x38,
  0x96, 0x00, 0xc8, 0xb8, 0x00, 0x00, 0x00, 0x00, 0x00, 0xae, 0x00, 0x00,
  0x00, 0xb8, 0xa4, 0x00, 0x81, 0xc0, 0x00, 0x00, 0xa4, 0x00, 0x00, 0xa4,
  0x00, 0x00, 0x38, 0x00, 0xa4, 0x00, 0x00, 0x00, 0x00, 0xa4, 0x54, 0x00,
  0x00, 0x6c, 0x00, 0xc0, 0x00, 0x00, 0x00, 0xa4, 0x00, 0x00, 0x00, 0x00,
  0x00, 0x5e, 0x00, 0x00, 0x00, 0x00, 0x5e, 0x00, 0xae, 0x5e, 0x00, 0x54,
  0x41, 0x00, 0x38, 0xae, 0x41, 0xc0, 0x00, 0x4b, 0xa4, 0x54, 0x54, 0x54,
  0x00, 0xb8, 0xb8, 0x41, 0xae, 0xa4, 0xa4, 0x00, 0xae, 0x00, 0x00, 0xc0,
  0x00, 0x00, 0x00, 0x00, 0x4b, 0x00, 0xc8, 0x00, 0x41, 0x00, 0x00, 0x00,
  0x00, 0x5e, 0x6c, 0x41, 0x00, 0xa4, 0x41, 0x4b, 0xc0, 0x41, 0x38, 0x41,
  0x00, 0x00, 0x00, 0x00, 0x00, 0xb8, 0x00, 0x38, 0x00, 0x00, 0x36, 0x4e,
  0x00, 0x7f, 0x3d, 0x4e, 0x4e, 0x00, 0x44, 0x28, 0x00, 0x00, 0x00, 0x00,
  0x28, 0x2f, 0x2f, 0x00, 0xd2, 0xcc, 0x00, 0xd8, 0x00, 0xcc, 0xd2, 0x5e,
  0x00, 0x00, 0x36, 0x00, 0x00, 0x00, 0x00, 0xbd, 0x00, 0x3d, 0x5e, 0x4e,
  0x00, 0x3d, 0xcc, 0x00, 0x00, 0x00, 0x2f, 0x3d, 0x00, 0x00, 0x28, 0x00,
  0x2f, 0xd8, 0x3d, 0x00, 0x28, 0x00, 0x00, 0xb4, 0x00, 0xc5, 0x2f, 0x00,
  0xcc, 0x00, 0xd8, 0x44, 0x4e, 0xb4, 0x2f, 0x28, 0x4e, 0x00, 0x00, 0x00,
  0xbd, 0x3d, 0x2f, 0x44, 0xd2, 0xc5, 0x00, 0x00, 0x00, 0xc5, 0x00, 0x00,
  0xcc, 0x00, 0x00, 0x44, 0x4e, 0x44, 0x3d, 0x00, 0x00, 0x00, 0xd8, 0x00,
  0x36, 0x00, 0x00, 0x00, 0x4e, 0x00, 0x00, 0x4e, 0x2f, 0x00, 0xcc, 0x00,
  0x4e, 0x5e, 0xbd, 0x00, 0x00, 0x00, 0x00, 0x00, 0x5e, 0xc5, 0x00, 0x3d,
  0x00, 0x2f, 0x7f, 0x00, 0xb0, 0xa6, 0x99, 0xa6, 0xc2, 0x99, 0x00, 0x00,
  0x00, 0x49, 0x00, 0x52, 0x00, 0x00, 0x00, 0x00, 0x69, 0x49, 0x5c, 0x00,
  0x00, 0xb0, 0xb0, 0x00, 0xba, 0xc2, 0xa6, 0x5c, 0x99, 0x00, 0xc2, 0x69,
  0x00, 0xa6, 0x00, 0xa6, 0x69, 0x00, 0x00, 0x00, 0xa6, 0xb0, 0x00, 0x99,
  0x00, 0x00, 0xc2, 0x99, 0x3f, 0x00, 0x00, 0x00, 0x00, 0x5c, 0xba, 0x5c,
  0x5c, 0x00, 0x00, 0x00, 0x85, 0xb0, 0x52, 0x00, 0x00, 0x00, 0x49, 0x00,
  0x52, 0x00, 0xa6, 0xba, 0x00, 0xba, 0x7f, 0x00, 0x00, 0x00, 0x00, 0x49,
  0xc2, 0x3f, 0x00, 0x99, 0x99, 0x00, 0x3f, 0xc2, 0x00, 0xb0, 0x00, 0xb0,
  0x00, 0x99, 0x5c, 0xb0, 0x00, 0xca, 0x00, 0x49, 0x52, 0x00, 0x69, 0x00,
  0x3f, 0x00, 0xc2, 0x00, 0xa6, 0x99, 0x00, 0x00, 0x52, 0x99, 0x52, 0x69,
  0x5c, 0xc2, 0x00, 0xba, 0x00, 0x52, 0x49, 0x52, 0x00, 0x00, 0x00, 0x00,
  0x36, 0x3d, 0x00, 0x00, 0xd8, 0x4e, 0xbd, 0xcc, 0x00, 0x00, 0xb4, 0xd8,
  0x00, 0x00, 0xbd, 0x36, 0x00, 0x3d, 0xa4, 0xc5, 0x36, 0x00, 0x00, 0x00,
  0x00, 0x00, 0xd2, 0x2f, 0x00, 0x00, 0x00, 0x00, 0x4e, 0xd2, 0xd8, 0x00,
  0x00, 0x4e, 0x00, 0x00, 0xd2, 0x00, 0x00, 0x2f, 0xa4, 0xd2, 0x00, 0x7f,
  0x44, 0x00, 0xb4, 0x00, 0x00, 0xcc, 0xd2, 0xd8, 0xc5, 0x3d, 0xd2, 0x00,
  0xcc, 0x36, 0x00, 0x44, 0x00, 0x36, 0x36, 0xb4, 0x87, 0x00, 0x3d, 0x00,
  0x00, 0xbd, 0x00, 0xd2, 0x00, 0x00, 0x00, 0xa4, 0x2f, 0x00, 0x36, 0x00,
  0xc5, 0x2f, 0x00, 0x2f, 0x28, 0x00, 0xc5, 0x00, 0x00, 0x3d, 0xc5, 0x00,
  0x00, 0x00, 0x00, 0x00, 0xd2, 0x00, 0x28, 0x36, 0x00, 0x5e, 0x3d, 0x00,
  0x36, 0x00, 0xc5, 0xc5, 0x00, 0x36, 0x00, 0xbd, 0x00, 0x7f, 0x00, 0x00,
  0x00, 0xa4, 0x00, 0x00, 0x00, 0x00, 0x28, 0x87, 0x00, 0x00, 0x7f, 0x36,
  0x00, 0x00, 0xd2, 0xd8, 0xa4, 0xb4, 0x00, 0x00, 0xcc, 0x00, 0x00, 0x4e,
  0x87, 0x00, 0x00, 0x00, 0x4e, 0x5e, 0x00, 0xcc, 0xb4, 0x00, 0x36, 0x28,
  0x00, 0xbd, 0x3d, 0xcc, 0x00, 0x4e, 0x3d, 0xc5, 0xd2, 0x00, 0x00, 0xcc,
  0xd2, 0x00, 0x28, 0x5e, 0x87, 0x00, 0x2f, 0x3d, 0xc5, 0x00, 0x00, 0x2f,
  0x00, 0x00, 0x28, 0xd2, 0xa4, 0x44, 0x00, 0x00, 0x00, 0x44, 0x00, 0x00,
  0x00, 0x00, 0x5e, 0xb4, 0x00, 0x3d, 0x00, 0xd8, 0xc5, 0x00, 0x00, 0x36,
  0x3d, 0x00, 0xd2, 0x87, 0x00, 0xd8, 0x36, 0x00, 0x5e, 0x00, 0x00, 0x00,
  0x00, 0x00, 0x00, 0x4e, 0x00, 0x5e, 0xd2, 0x2f, 0x44, 0x00, 0x44, 0xc5,
  0x44, 0xbd, 0x00, 0x00, 0x28, 0x3d, 0xd2, 0x00, 0x3d, 0x00, 0xa4, 0xc5,
  0x4e, 0x00, 0xb4, 0x00, 0x3d, 0x00, 0xcc, 0x00, 0x00, 0xd2, 0x00, 0xa4,
  0x00, 0x00, 0x36, 0x00, 0x36, 0x00, 0x00, 0x00, 0x52, 0x5c, 0x00, 0x36,
  0x00, 0x00, 0xa6, 0x52, 0x00, 0xb0, 0x00, 0x00, 0xb0, 0x52, 0xa6, 0xb0,
  0x00, 0xc2, 0x49, 0x00, 0x5c, 0x00, 0x00, 0x00, 0xba, 0x36, 0xc2, 0x00,
  0x5c, 0xba, 0xb0, 0xa6, 0x00, 0x5c, 0xc2, 0x69, 0xba, 0x00, 0x00, 0x00,
  0x00, 0x36, 0x00, 0x00, 0xc2, 0x00, 0x00, 0x3f, 0x69, 0x00, 0xa6, 0x00,
  0x00, 0x00, 0x00, 0xb0, 0x00, 0xc2, 0x69, 0x36, 0x36, 0x00, 0x49, 0x52,
  0x00, 0xba, 0x00, 0x00, 0x00, 0xa6, 0x00, 0x00, 0x00, 0x00, 0x00, 0xba,
  0x36, 0x36, 0x00, 0xca, 0xca, 0x00, 0x5c, 0xba, 0x5c, 0x52, 0xca, 0x52,
  0x00, 0x36, 0x49, 0x00, 0x5c, 0x69, 0x52, 0x00, 0x49, 0x49, 0x00, 0x00,
  0x00, 0x00, 0x00, 0x49, 0x36, 0x00, 0x00, 0x00, 0xca, 0x00, 0x52, 0x00,
  0x3f, 0x00, 0x49, 0x00, 0x5c, 0x5c, 0xb0, 0x00, 0xb0, 0x00, 0x7f, 0x00,
  0x00, 0x36, 0x52, 0x00, 0x36, 0x00, 0x49, 0x69, 0x00, 0x00, 0x00, 0x00,
  0x00, 0xba, 0x00, 0x00, 0x00, 0x00, 0x3f, 0xca, 0xca, 0x00, 0x00, 0x5c,
  0x00, 0x00, 0x49, 0xba, 0x00, 0x00, 0x00, 0x3f, 0x00, 0x00, 0xca, 0x85,
  0x00, 0x00, 0xc2, 0x36, 0x69, 0x00, 0x00, 0xc2, 0x00, 0x00, 0x49, 0x00,
  0x00, 0x52, 0x49, 0x00, 0x49, 0x5c, 0x00, 0xca, 0x00, 0x00, 0x3f, 0xb0,
  0x00, 0x00, 0x00, 0x00, 0xc2, 0xba, 0x00, 0x00, 0x49, 0x00, 0x00, 0x00,
  0x69, 0x00, 0xba, 0x00, 0x49, 0xa6, 0xca, 0x7f, 0x3f, 0x00, 0x3f, 0x5c,
  0x00, 0x49, 0x00, 0x00, 0x00, 0xa6, 0x00, 0x00, 0x00, 0x00, 0x00, 0x00,
  0x00, 0xb0, 0xa6, 0x00, 0x00, 0x5c, 0xca, 0x00, 0xb0, 0x3f, 0x00, 0x36,
  0x00, 0xb0, 0x36, 0x00, 0x3f, 0xc2, 0x00, 0x3f, 0xb0, 0x00, 0x5c, 0x52,
  0x52, 0x00, 0x00, 0x00, 0xca, 0x49, 0x00, 0x00, 0x00, 0x99, 0x00, 0x00,
  0xba, 0x00, 0xca, 0x36, 0xc2, 0x49, 0xca, 0x00, 0x3f, 0x5c, 0x00, 0x00,
  0xca, 0x00, 0x69, 0x69, 0x52, 0x00, 0x3f, 0x00, 0x00, 0x00, 0x00, 0x00,
  0x00, 0xba, 0x00, 0x49, 0x00, 0x3f, 0x00, 0xb0, 0x00, 0x00, 0x00, 0x36,
  0x00, 0x00, 0x00, 0x52, 0x00, 0x3f, 0x00, 0x00, 0x00, 0x00, 0x00, 0xba,
  0x36, 0x00, 0xca, 0x00, 0x00, 0x00, 0x00, 0x3f, 0x00, 0x99, 0x5c, 0x49,
  0x69, 0x85, 0x3f, 0x00, 0x7f, 0x00, 0x00, 0x00, 0x5c, 0x00, 0x52, 0x00,
  0x00, 0x00, 0x99, 0x00, 0xba, 0x00, 0x36, 0x00, 0x52, 0x00, 0x00, 0x00,
  0xba, 0x00, 0x00, 0x49, 0x00, 0x52, 0x00, 0x00, 0x00, 0x49, 0x5c, 0x3f,
  0x00, 0x00, 0x00, 0xb0, 0x49, 0x00, 0x3f, 0x00, 0x00, 0x00, 0xba, 0x7f,
  0x00, 0x00, 0x00, 0xa6, 0xb0, 0x00, 0x00, 0xb0, 0x00, 0x5c, 0x00, 0x69,
  0x00, 0x00, 0x00, 0x00, 0x36, 0x3d, 0x00, 0x00, 0x00, 0x3d, 0x00, 0x00,
  0x00, 0xc5, 0x28, 0x00, 0xd2, 0x00, 0x00, 0x28, 0x3d, 0xc5, 0xbd, 0xb4,
  0x00, 0x00, 0x00, 0x00, 0x00, 0x00, 0x2f, 0x00, 0x36, 0x00, 0x28, 0x00,
  0x4e, 0x00, 0x44, 0x00, 0x00, 0x00, 0x5e, 0xd2, 0x4e, 0x00, 0xbd, 0x00,
  0x00, 0x00, 0x4e, 0x00, 0x44, 0xcc, 0x3d, 0x00, 0x00, 0x00, 0x3d, 0x00,
  0x44, 0x00, 0xbd, 0xcc, 0x00, 0x00, 0x00, 0x3d, 0x00, 0x00, 0x00, 0xbd,
  0x00, 0x28, 0x00, 0x3d, 0x2f, 0x00, 0x4e, 0x00, 0x4e, 0x00, 0xd2, 0x2f,
  0x00, 0x36, 0x00, 0xd2, 0x00, 0x36, 0xb4, 0x00, 0x00, 0x00, 0x00, 0x36,
  0x00, 0x00, 0xbd, 0x00, 0x00, 0x00, 0x00, 0x00, 0x3d, 0x5e, 0x00, 0x00,
  0xd8, 0xbd, 0x4e, 0xcc, 0xbd, 0x00, 0x00, 0xc5, 0x00, 0x36, 0x00, 0xd2,
  0x00, 0x4e, 0x00, 0x00, 0x00, 0x00, 0x00, 0x2f, 0x00, 0x28, 0x7f, 0x3d,
  0x00, 0x00, 0x00, 0x54, 0x00, 0x00, 0x00, 0xa4, 0x4b, 0x00, 0x00, 0xb8,
  0x81, 0x96, 0xc8, 0x00, 0x00, 0x00, 0xc0, 0x96, 0x00, 0xc0, 0xa4, 0x00,
  0x00, 0x00, 0x41, 0xb8, 0x00, 0x4b, 0xae, 0x4b, 0xb8, 0x96, 0x00, 0x00,
  0x00, 0x6c, 0x41, 0x00, 0x00, 0x00, 0x00, 0x00, 0xae, 0xc8, 0x5e, 0x96,
  0x00, 0xae, 0x41, 0xa4, 0x00, 0x00, 0x96, 0x00, 0x00, 0x96, 0xa4, 0x5e,
  0xa4, 0x00, 0xae, 0x00, 0xa4, 0xa4, 0x00, 0xb8, 0x00, 0xae, 0x00, 0x00,
  0x00, 0x5e, 0x00, 0x00, 0xae, 0xc8, 0x00, 0x00, 0x00, 0x00, 0x00, 0xc8,
  0xae, 0x00, 0x41, 0xb8, 0x00, 0x00, 0xc0, 0xc0, 0x41, 0x00, 0x00, 0x00,
  0x00, 0x00, 0x00, 0xb8, 0x4b, 0x00, 0x00, 0x00, 0x4b, 0xb8, 0x00, 0x00,
  0x38, 0x00, 0x41, 0x00, 0x00, 0xa4, 0x00, 0x00, 0x00, 0xc8, 0x00, 0x00,
  0x00, 0x81, 0xb8, 0x00, 0x00, 0x54, 0x00, 0x96, 0x00, 0x63, 0x00, 0x6f,
  0x00, 0x00, 0x42, 0x42, 0x00, 0x42, 0x58, 0x00, 0xab, 0x00, 0xb5, 0x00,
  0x00, 0x00, 0x6f, 0xab, 0x00, 0x58, 0x58, 0x00, 0x00, 0x00, 0x00, 0x00,
  0x6f, 0x4d, 0x9f, 0x00, 0x00, 0xbe, 0x83, 0x00, 0x00, 0x00, 0x00, 0x00,
  0x00, 0x00, 0xb5, 0x00, 0x00, 0x00, 0x83, 0x00, 0x58, 0x4d, 0x7f, 0x00,
  0x00, 0x00, 0x7f, 0x00, 0x00, 0x00, 0x93, 0x93, 0x4d, 0x9f, 0x00, 0x4d,
  0x00, 0x6f, 0x00, 0x6f, 0x00, 0x93, 0x00, 0xab, 0x00, 0xbe, 0x00, 0x93,
  0x00, 0x4d, 0x63, 0x6f, 0x00, 0x00, 0x00, 0x00, 0x58, 0x00, 0x42, 0x4d,
  0xab, 0x58, 0x6f, 0x9f, 0xab, 0x00, 0x93, 0x6f, 0x93, 0x42, 0x00, 0x00,
  0x58, 0x00, 0x00, 0x4d, 0x00, 0x63, 0x63, 0x00, 0x00, 0x93, 0x00, 0x00,
  0xab, 0x00, 0x00, 0x7f, 0xab, 0x00, 0x4d, 0x93, 0xb5, 0x00, 0x9f, 0x00,
  0xab, 0x93, 0x00, 0x00, 0x00, 0xca, 0x36, 0xba, 0x00, 0x00, 0x00, 0xb0,
  0x52, 0x00, 0x00, 0x00, 0x52, 0x36, 0x00, 0x00, 0x00, 0x00, 0xca, 0xba,
  0x00, 0x49, 0xa6, 0x00, 0xc2, 0x5c, 0x00, 0x5c, 0x52, 0x00, 0xca, 0x00,
  0x00, 0x69, 0x99, 0x49, 0x00, 0xa6, 0x52, 0x69, 0x00, 0x52, 0x00, 0x52,
  0x00, 0x00, 0x00, 0x7f, 0xb0, 0x00, 0xba, 0xca, 0x00, 0xb0, 0xca, 0xca,
  0x00, 0x00, 0x49, 0x00, 0xa6, 0xca, 0x3f, 0x00, 0x00, 0x69, 0xa6, 0x00,
  0xb0, 0x3f, 0x5c, 0x00, 0xc2, 0x00, 0xb0, 0xba, 0x00, 0x00, 0x00, 0x00,
  0x00, 0x52, 0x00, 0x00, 0x00, 0xa6, 0x00, 0x00, 0x69, 0x5c, 0x00, 0x00,
  0xc2, 0x00, 0xca, 0x49, 0x00, 0x00, 0x00, 0xb0, 0x00, 0x36, 0xb0, 0x00,
  0x49, 0x3f, 0xb0, 0x69, 0xa6, 0x00, 0x00, 0x00, 0x69, 0xca, 0xb0, 0xba,
  0x52, 0x00, 0x00, 0x00, 0x00, 0xca, 0x00, 0xb0, 0xb0, 0xb0, 0x5c, 0x00,
  0x00, 0x00, 0x00, 0x00, 0xba, 0x69, 0x00, 0x00, 0x00, 0x52, 0xa6, 0x69,
  0x00, 0x00, 0x3f, 0x00, 0x85, 0x5c, 0xa6, 0xb0, 0x52, 0xca, 0x49, 0xca,
  0xa6, 0x36, 0x49, 0x00, 0x3f, 0xa6, 0x00, 0xa6, 0x00, 0xba, 0x00, 0x00,
  0x00, 0x49, 0x36, 0x5c, 0x69, 0x00, 0x36, 0xc2, 0x99, 0x00, 0xb0, 0xca,
  0x00, 0x3f, 0x49, 0x52, 0x00, 0xa6, 0x3f, 0x00, 0x00, 0x00, 0x00, 0x00,
  0x00, 0xa6, 0x00, 0x36, 0x5c, 0x00, 0x00, 0x99, 0xba, 0xc2, 0x3f, 0xa6,
  0xc2, 0xa6, 0x52, 0x49, 0x00, 0xc2, 0x49, 0x00, 0x00, 0xa6, 0x36, 0x00,
  0xb0, 0x00, 0x49, 0xba, 0x52, 0x52, 0x00, 0xba, 0x00, 0x49, 0x69, 0x3f,
  0x5c, 0x00, 0x00, 0xc2, 0x00, 0x00, 0x00, 0x00, 0x36, 0x00, 0x00, 0x00,
  0x00, 0x52, 0x00, 0x00, 0xc2, 0x49, 0xba, 0x00, 0xc2, 0x7f, 0xa6, 0xba,
  0x00, 0x00, 0xb0, 0x00, 0x00, 0x00, 0x00, 0x00, 0xd0, 0x47, 0x47, 0x00,
  0xb0, 0x63, 0x38, 0xd6, 0x00, 0xd6, 0xc2, 0x00, 0x81, 0x00, 0x00, 0x00,
  0xa0, 0xc2, 0x00, 0x00, 0x00, 0x00, 0x00, 0x00, 0xa0, 0x2a, 0x38, 0xd0,
  0xc2, 0x00, 0x00, 0xa0, 0x40, 0x00, 0x51, 0x40, 0xb0, 0x00, 0x00, 0x00,
  0x00, 0x00, 0x00, 0x00, 0xb0, 0x2a, 0xd6, 0x47, 0x38, 0x00, 0x00, 0x40,
  0x00, 0x40, 0x2a, 0x00, 0xba, 0x51, 0x00, 0x47, 0x00, 0x00, 0x31, 0x00,
  0x00, 0x00, 0x51, 0xb0, 0xa0, 0xc9, 0x00, 0x00, 0x00, 0x00, 0x00, 0x00,
  0x47, 0x00, 0x00, 0xa0, 0x00, 0x00, 0x31, 0xd0, 0xc9, 0x38, 0xa0, 0x2a,
  0x51, 0x00, 0x00, 0x00, 0x00, 0x00, 0x00, 0x00, 0x00, 0x00, 0x51, 0xba,
  0x00, 0x00, 0x00, 0x00, 0x51, 0x31, 0x00, 0xba, 0x00, 0x51, 0x00, 0x81,
  0x51, 0x00, 0xd6, 0x51, 0x51, 0x40, 0x00, 0x00, 0x00, 0xa0, 0x00, 0xa0,
  0x00, 0x38, 0x63, 0x81, 0x00, 0x00, 0x96, 0xc0, 0x00, 0x00, 0xa4, 0x38,
  0x00, 0x00, 0x00, 0x96, 0x00, 0x00, 0x00, 0x00, 0x96, 0x00, 0x00, 0x54,
  0x00, 0x96, 0x00, 0xc0, 0x00, 0x00, 0xa4, 0xae, 0xb8, 0xa4, 0x00, 0xae,
  0xc8, 0x00, 0xb8, 0x00, 0x96, 0x00, 0x00, 0x54, 0xb8, 0x00, 0x41, 0x00,
  0x00, 0x41, 0x00, 0x00, 0x00, 0xae, 0xc0, 0xa4, 0x00, 0x00, 0x00, 0xb8,
  0x54, 0x4b, 0x00, 0x5e, 0xa4, 0xc0, 0x96, 0x00, 0x6c, 0x00, 0x00, 0x00,
  0x38, 0x00, 0x5e, 0xc8, 0x00, 0xa4, 0x00, 0x41, 0x38, 0xa4, 0x00, 0xae,
  0x38, 0x6c, 0x00, 0x00, 0x38, 0xc0, 0x5e, 0xc0, 0x00, 0x41, 0x00, 0x00,
  0x00, 0xae, 0x41, 0x96, 0x96, 0x00, 0x00, 0x00, 0x00, 0x00, 0x00, 0x00,
  0x00, 0x96, 0x4b, 0x41, 0x00, 0x00, 0x00, 0x00, 0x00, 0x00, 0x00, 0x00,
  0xc8, 0x81, 0x00, 0xae, 0x00, 0x00, 0xa4, 0x96, 0xa4, 0xae, 0x00, 0x96,
  0x42, 0x7f, 0x93, 0x93, 0xbe, 0x00, 0x00, 0x00, 0x42, 0x93, 0x93, 0x83,
  0xbe, 0x00, 0x42, 0x6f, 0x00, 0x00, 0x4d, 0x00, 0x00, 0x00, 0xbe, 0x42,
  0x00, 0x93, 0x4d, 0x9f, 0xb5, 0x00, 0x9f, 0x93, 0xb5, 0xbe, 0x00, 0x00,
  0x00, 0x6f, 0xbe, 0xb5, 0xb5, 0x00, 0xbe, 0x83, 0x00, 0x00, 0x58, 0x00,
  0xb5, 0x00, 0x00, 0x58, 0x00, 0x00, 0x00, 0x00, 0x00, 0xab, 0x00, 0xb5,
  0x00, 0x6f, 0x00, 0x58, 0xab, 0xb5, 0x00, 0x00, 0x00, 0x4d, 0x00, 0x00,
  0x00, 0x00, 0xb5, 0x42, 0x00, 0x00, 0x00, 0x00, 0x00, 0x42, 0x4d, 0x6f,
  0x00, 0x00, 0x00, 0x00, 0x00, 0x00, 0xb5, 0x00, 0x42, 0x00, 0x93, 0x00,
  0x42, 0x6f, 0xb5, 0x00, 0xbe, 0x58, 0xbe, 0x4d, 0x00, 0x00, 0xab, 0x42,
  0x42, 0x00, 0x00, 0x00, 0x63, 0x00, 0x00, 0xb5, 0x93, 0xbe, 0x9f, 0x00,
  0xb5, 0x93, 0x63, 0x7f, 0x00, 0xb5, 0x58, 0x9f, 0x00, 0xca, 0x00, 0x00,
  0x00, 0x00, 0x69, 0x3f, 0x00, 0x49, 0x00, 0x69, 0x00, 0x00, 0x5c, 0x00,
  0x3f, 0x00, 0xca, 0x36, 0x00, 0x3f, 0xb0, 0x00, 0x85, 0x00, 0x00, 0x36,
  0x00, 0x00, 0x00, 0x00, 0x00, 0x00, 0xb0, 0x00, 0xba, 0xca, 0xc2, 0x52,
  0x00, 0x00, 0x99, 0x49, 0x00, 0x00, 0x00, 0x52, 0x3f, 0xa6, 0xa6, 0xb0,
  0x3f, 0x00, 0x00, 0x00, 0x00, 0x00, 0x3f, 0x49, 0x36, 0x69, 0x00, 0x00,
  0xb0, 0x7f, 0x52, 0x00, 0x00, 0xca, 0x3f, 0x99, 0x00, 0xb0, 0x00, 0xc2,
  0x00, 0xba, 0xca, 0x00, 0x00, 0x00, 0x00, 0x5c, 0x3f, 0x00, 0xca, 0x00,
  0x52, 0x49, 0x00, 0xb0, 0x00, 0x00, 0x00, 0xba, 0x5c, 0x00, 0xb0, 0x00,
  0x00, 0x00, 0x00, 0x00, 0xca, 0x3f, 0x52, 0x00, 0x00, 0x5c, 0x00, 0x00,
  0x00, 0x00, 0x00, 0x00, 0xba, 0x36, 0x69, 0xb0, 0x7f, 0x00, 0x00, 0xba,
  0x52, 0x00, 0x69, 0x00, 0x00, 0x5c, 0x49, 0x5c, 0xc2, 0x52, 0x7f, 0x69,
  0xba, 0x36, 0x52, 0xc2, 0x36, 0x3f, 0x49, 0xca, 0x00, 0x49, 0x69, 0x52,
  0x36, 0xca, 0x5c, 0x00, 0xb0, 0x00, 0x00, 0xc2, 0xc2, 0x49, 0x52, 0x5c,
  0x00, 0x00, 0xb0, 0x99, 0x3f, 0x00, 0x00, 0x00, 0x36, 0x52, 0x00, 0x85,
  0x52, 0xa6, 0x52, 0x3f, 0x00, 0x49, 0x00, 0x5c, 0x00, 0x00, 0x52, 0xc2,
  0x00, 0x00, 0xc2, 0x00, 0xb0, 0x00, 0x7f, 0x00, 0x5c, 0xba, 0x00, 0xc2,
  0x69, 0x5c, 0x00, 0x36, 0x00, 0xa6, 0x00, 0xc2, 0x69, 0x00, 0x00, 0x00,
  0xa6, 0x7f, 0xa6, 0x99, 0xb0, 0x00, 0xc2, 0x00, 0x00, 0x00, 0x5c, 0x5c,
  0x00, 0x00, 0x00, 0x3f, 0x3f, 0xc2, 0xc2, 0x49, 0xb0, 0xc2, 0x00, 0xba,
  0x52, 0x00, 0x00, 0x00, 0x36, 0xba, 0x00, 0x49, 0xca, 0xb0, 0x00, 0x52,
  0x00, 0x99, 0x5c, 0x00, 0x3f, 0x00, 0xba, 0x00, 0x00, 0x00, 0x00, 0x00,
  0xb2, 0xf5, 0xff, 0xff, 0x00, 0x00, 0x02, 0x01, 0x60, 0x00, 0x00, 0x00,
  0x10, 0x00, 0x00, 0x00, 0x08, 0x00, 0x00, 0x00, 0x5c, 0x00, 0x00, 0x00,
  0x4b, 0x00, 0x00, 0x00, 0x74, 0x69, 0x6e, 0x79, 0x5f, 0x6e, 0x69, 0x64,
  0x73, 0x5f, 0x74, 0x72, 0x61, 0x6e, 0x73, 0x66, 0x6f, 0x72, 0x6d, 0x65,
  0x72, 0x5f, 0x31, 0x2f, 0x65, 0x6e, 0x63, 0x6f, 0x64, 0x65, 0x72, 0x5f,
  0x62, 0x6c, 0x6f, 0x63, 0x6b, 0x5f, 0x31, 0x5f, 0x31, 0x2f, 0x73, 0x65,
  0x71, 0x75, 0x65, 0x6e, 0x74, 0x69, 0x61, 0x6c, 0x5f, 0x33, 0x5f, 0x31,
  0x2f, 0x64, 0x65, 0x6e, 0x73, 0x65, 0x5f, 0x32, 0x34, 0x5f, 0x31, 0x2f,
  0x42, 0x69, 0x61, 0x73, 0x41, 0x64, 0x64, 0x00, 0x01, 0x00, 0x00, 0x00,
  0x40, 0x00, 0x00, 0x00, 0x3c, 0xf9, 0xff, 0xff, 0x10, 0x02, 0x00, 0x00,
  0x04, 0x00, 0x00, 0x00, 0x40, 0x00, 0x00, 0x00, 0x00, 0x00, 0x00, 0x00,
  0x00, 0x00, 0x00, 0x00, 0x00, 0x00, 0x00, 0x00, 0x00, 0x00, 0x00, 0x00,
  0x00, 0x00, 0x00, 0x00, 0x00, 0x00, 0x00, 0x00, 0x00, 0x00, 0x00, 0x00,
  0x00, 0x00, 0x00, 0x00, 0x00, 0x00, 0x00, 0x00, 0x00, 0x00, 0x00, 0x00,
  0x00, 0x00, 0x00, 0x00, 0x00, 0x00, 0x00, 0x00, 0x00, 0x00, 0x00, 0x00,
  0x00, 0x00, 0x00, 0x00, 0x00, 0x00, 0x00, 0x00, 0x00, 0x00, 0x00, 0x00,
  0x00, 0x00, 0x00, 0x00, 0x00, 0x00, 0x00, 0x00, 0x00, 0x00, 0x00, 0x00,
  0x00, 0x00, 0x00, 0x00, 0x00, 0x00, 0x00, 0x00, 0x00, 0x00, 0x00, 0x00,
  0x00, 0x00, 0x00, 0x00, 0x00, 0x00, 0x00, 0x00, 0x00, 0x00, 0x00, 0x00,
  0x00, 0x00, 0x00, 0x00, 0x00, 0x00, 0x00, 0x00, 0x00, 0x00, 0x00, 0x00,
  0x00, 0x00, 0x00, 0x00, 0x00, 0x00, 0x00, 0x00, 0x00, 0x00, 0x00, 0x00,
  0x00, 0x00, 0x00, 0x00, 0x00, 0x00, 0x00, 0x00, 0x00, 0x00, 0x00, 0x00,
  0x00, 0x00, 0x00, 0x00, 0x00, 0x00, 0x00, 0x00, 0x00, 0x00, 0x00, 0x00,
  0x00, 0x00, 0x00, 0x00, 0x00, 0x00, 0x00, 0x00, 0x00, 0x00, 0x00, 0x00,
  0x00, 0x00, 0x00, 0x00, 0x00, 0x00, 0x00, 0x00, 0x00, 0x00, 0x00, 0x00,
  0x00, 0x00, 0x00, 0x00, 0x00, 0x00, 0x00, 0x00, 0x00, 0x00, 0x00, 0x00,
  0x00, 0x00, 0x00, 0x00, 0x00, 0x00, 0x00, 0x00, 0x00, 0x00, 0x00, 0x00,
  0x00, 0x00, 0x00, 0x00, 0x00, 0x00, 0x00, 0x00, 0x00, 0x00, 0x00, 0x00,
  0x00, 0x00, 0x00, 0x00, 0x00, 0x00, 0x00, 0x00, 0x00, 0x00, 0x00, 0x00,
  0x00, 0x00, 0x00, 0x00, 0x00, 0x00, 0x00, 0x00, 0x00, 0x00, 0x00, 0x00,
  0x00, 0x00, 0x00, 0x00, 0x00, 0x00, 0x00, 0x00, 0x00, 0x00, 0x00, 0x00,
  0x00, 0x00, 0x00, 0x00, 0x00, 0x00, 0x00, 0x00, 0x00, 0x00, 0x00, 0x00,
  0x00, 0x00, 0x00, 0x00, 0x00, 0x00, 0x00, 0x00, 0x00, 0x00, 0x00, 0x00,
  0x00, 0x00, 0x00, 0x00, 0x00, 0x00, 0x00, 0x00, 0x00, 0x00, 0x00, 0x00,
  0x00, 0x00, 0x00, 0x00, 0x00, 0x00, 0x00, 0x00, 0x00, 0x00, 0x00, 0x00,
  0x00, 0x00, 0x00, 0x00, 0x00, 0x00, 0x00, 0x00, 0x00, 0x00, 0x00, 0x00,
  0x00, 0x00, 0x00, 0x00, 0x00, 0x00, 0x00, 0x00, 0x00, 0x00, 0x00, 0x00,
  0x00, 0x00, 0x00, 0x00, 0x00, 0x00, 0x00, 0x00, 0x00, 0x00, 0x00, 0x00,
  0x00, 0x00, 0x00, 0x00, 0x00, 0x00, 0x00, 0x00, 0x00, 0x00, 0x00, 0x00,
  0x00, 0x00, 0x00, 0x00, 0x00, 0x00, 0x00, 0x00, 0x00, 0x00, 0x00, 0x00,
  0x00, 0x00, 0x00, 0x00, 0x00, 0x00, 0x00, 0x00, 0x00, 0x00, 0x00, 0x00,
  0x00, 0x00, 0x00, 0x00, 0x00, 0x00, 0x00, 0x00, 0x00, 0x00, 0x00, 0x00,
  0x00, 0x00, 0x00, 0x00, 0x00, 0x00, 0x00, 0x00, 0x00, 0x00, 0x00, 0x00,
  0x00, 0x00, 0x00, 0x00, 0x00, 0x00, 0x00, 0x00, 0x00, 0x00, 0x00, 0x00,
  0x00, 0x00, 0x00, 0x00, 0x00, 0x00, 0x00, 0x00, 0x00, 0x00, 0x00, 0x00,
  0x00, 0x00, 0x00, 0x00, 0x00, 0x00, 0x00, 0x00, 0x00, 0x00, 0x00, 0x00,
  0x00, 0x00, 0x00, 0x00, 0x00, 0x00, 0x00, 0x00, 0x00, 0x00, 0x00, 0x00,
  0x00, 0x00, 0x00, 0x00, 0x00, 0x00, 0x00, 0x00, 0x00, 0x00, 0x00, 0x00,
  0x00, 0x00, 0x00, 0x00, 0x00, 0x00, 0x00, 0x00, 0x00, 0x00, 0x00, 0x00,
  0x00, 0x00, 0x00, 0x00, 0x00, 0x00, 0x00, 0x00, 0x00, 0x00, 0x00, 0x00,
  0x00, 0x00, 0x00, 0x00, 0x00, 0x00, 0x00, 0x00, 0x00, 0x00, 0x00, 0x00,
  0x00, 0x00, 0x00, 0x00, 0x00, 0x00, 0x00, 0x00, 0x00, 0x00, 0x00, 0x00,
  0x00, 0x00, 0x00, 0x00, 0x00, 0x00, 0x00, 0x00, 0x00, 0x00, 0x00, 0x00,
  0x00, 0x00, 0x00, 0x00, 0x00, 0x00, 0x00, 0x00, 0x40, 0x00, 0x00, 0x00,
  0x7f, 0x6c, 0xd7, 0x37, 0xf0, 0x8f, 0xdd, 0x37, 0x4c, 0xa9, 0xb6, 0x37,
  0x7f, 0x6c, 0xd7, 0x37, 0x4c, 0xa9, 0xb6, 0x37, 0x19, 0x23, 0x15, 0x38,
  0x7f, 0x6c, 0xd7, 0x37, 0x4c, 0xa9, 0xb6, 0x37, 0xf0, 0x8f, 0xdd, 0x37,
  0x7f, 0x6c, 0xd7, 0x37, 0xf0, 0x8f, 0xdd, 0x37, 0x67, 0x6b, 0x0e, 0x38,
  0x19, 0x23, 0x15, 0x38, 0x4c, 0xa9, 0xb6, 0x37, 0xf0, 0x8f, 0xdd, 0x37,
  0xf0, 0x8f, 0xdd, 0x37, 0xf0, 0x8f, 0xdd, 0x37, 0x4c, 0xa9, 0xb6, 0x37,
  0xf0, 0x8f, 0xdd, 0x37, 0x19, 0x23, 0x15, 0x38, 0xf0, 0x8f, 0xdd, 0x37,
  0x4c, 0xa9, 0xb6, 0x37, 0x7f, 0x6c, 0xd7, 0x37, 0x67, 0x6b, 0x0e, 0x38,
  0x4c, 0xa9, 0xb6, 0x37, 0x19, 0x23, 0x15, 0x38, 0xf0, 0x8f, 0xdd, 0x37,
  0x19, 0x23, 0x15, 0x38, 0xf0, 0x8f, 0xdd, 0x37, 0xf0, 0x8f, 0xdd, 0x37,
  0x7f, 0x6c, 0xd7, 0x37, 0xf0, 0x8f, 0xdd, 0x37, 0xf0, 0x8f, 0xdd, 0x37,
  0x4c, 0xa9, 0xb6, 0x37, 0x67, 0x6b, 0x0e, 0x38, 0x4c, 0xa9, 0xb6, 0x37,
  0xf0, 0x8f, 0xdd, 0x37, 0xf0, 0x8f, 0xdd, 0x37, 0x7f, 0x6c, 0xd7, 0x37,
  0x19, 0x23, 0x15, 0x38, 0xf0, 0x8f, 0xdd, 0x37, 0x67, 0x6b, 0x0e, 0x38,
  0x67, 0x6b, 0x0e, 0x38, 0x4c, 0xa9, 0xb6, 0x37, 0x4c, 0xa9, 0xb6, 0x37,
  0xf0, 0x8f, 0xdd, 0x37, 0x7f, 0x6c, 0xd7, 0x37, 0x19, 0x23, 0x15, 0x38,
  0xf0, 0x8f, 0xdd, 0x37, 0x19, 0x23, 0x15, 0x38, 0x19, 0x23, 0x15, 0x38,
  0xf0, 0x8f, 0xdd, 0x37, 0xf0, 0x8f, 0xdd, 0x37, 0xf0, 0x8f, 0xdd, 0x37,
  0x19, 0x23, 0x15, 0x38, 0x7f, 0x6c, 0xd7, 0x37, 0x4c, 0xa9, 0xb6, 0x37,
  0xf0, 0x8f, 0xdd, 0x37, 0xf0, 0x8f, 0xdd, 0x37, 0x67, 0x6b, 0x0e, 0x38,
  0x7f, 0x6c, 0xd7, 0x37, 0x4c, 0xa9, 0xb6, 0x37, 0xf0, 0x8f, 0xdd, 0x37,
  0xf0, 0x8f, 0xdd, 0x37, 0xe2, 0xf8, 0xff, 0xff, 0x04, 0x00, 0x00, 0x00,
  0x00, 0x01, 0x00, 0x00, 0x2e, 0x00, 0x00, 0x00, 0x53, 0x00, 0x00, 0x00,
  0xab, 0xff, 0xff, 0xff, 0x5f, 0xff, 0xff, 0xff, 0xbb, 0x00, 0x00, 0x00,
  0x89, 0xff, 0xff, 0xff, 0x26, 0xff, 0xff, 0xff, 0xf5, 0xfe, 0xff, 0xff,
  0x56, 0x01, 0x00, 0x00, 0x32, 0xfe, 0xff, 0xff, 0x83, 0x00, 0x00, 0x00,
  0xd6, 0xfb, 0xff, 0xff, 0x55, 0xff, 0xff, 0xff, 0x6c, 0x00, 0x00, 0x00,
  0xd8, 0xff, 0xff, 0xff, 0x99, 0x01, 0x00, 0x00, 0x68, 0x01, 0x00, 0x00,
  0xe9, 0xff, 0xff, 0xff, 0x6f, 0xff, 0xff, 0xff, 0x42, 0xff, 0xff, 0xff,
  0x47, 0x00, 0x00, 0x00, 0xec, 0x00, 0x00, 0x00, 0x2b, 0x00, 0x00, 0x00,
  0xbf, 0xff, 0xff, 0xff, 0xc4, 0x00, 0x00, 0x00, 0x6a, 0x00, 0x00, 0x00,
  0x9c, 0x01, 0x00, 0x00, 0xfb, 0x01, 0x00, 0x00, 0x4c, 0x00, 0x00, 0x00,
  0x8c, 0xff, 0xff, 0xff, 0xa4, 0xff, 0xff, 0xff, 0x5f, 0x00, 0x00, 0x00,
  0x86, 0xff, 0xff, 0xff, 0xda, 0x00, 0x00, 0x00, 0xa0, 0xff, 0xff, 0xff,
  0x36, 0xff, 0xff, 0xff, 0xdb, 0x00, 0x00, 0x00, 0xf3, 0x00, 0x00, 0x00,
  0x13, 0xfe, 0xff, 0xff, 0xf1, 0x00, 0x00, 0x00, 0xdb, 0xff, 0xff, 0xff,
  0x75, 0xff, 0xff, 0xff, 0xa9, 0x00, 0x00, 0x00, 0xfa, 0xff, 0xff, 0xff,
  0xd5, 0xff, 0xff, 0xff, 0x76, 0x00, 0x00, 0x00, 0x42, 0xff, 0xff, 0xff,
  0xcc, 0x01, 0x00, 0x00, 0x24, 0x01, 0x00, 0x00, 0x3e, 0xff, 0xff, 0xff,
  0xca, 0xfd, 0xff, 0xff, 0xc8, 0xff, 0xff, 0xff, 0x0c, 0x00, 0x00, 0x00,
  0x76, 0xff, 0xff, 0xff, 0xf2, 0x00, 0x00, 0x00, 0xbb, 0xfc, 0xff, 0xff,
  0xe3, 0xff, 0xff, 0xff, 0x0c, 0x01, 0x00, 0x00, 0x28, 0x00, 0x00, 0x00,
  0xa8, 0xfe, 0xff, 0xff, 0x9e, 0xff, 0xff, 0xff, 0x32, 0x00, 0x00, 0x00,
  0x38, 0x01, 0x00, 0x00, 0x9c, 0xff, 0xff, 0xff, 0x46, 0xfa, 0xff, 0xff,
  0x00, 0x00, 0x09, 0x01, 0x44, 0x00, 0x00, 0x00, 0x0f, 0x00, 0x00, 0x00,
  0x08, 0x00, 0x00, 0x00, 0x48, 0x00, 0x00, 0x00, 0x2c, 0x00, 0x00, 0x00,
  0x74, 0x69, 0x6e, 0x79, 0x5f, 0x6e, 0x69, 0x64, 0x73, 0x5f, 0x74, 0x72,
  0x61, 0x6e, 0x73, 0x66, 0x6f, 0x72, 0x6d, 0x65, 0x72, 0x5f, 0x31, 0x2f,
  0x66, 0x69, 0x6e, 0x61, 0x6c, 0x5f, 0x6e, 0x6f, 0x72, 0x6d, 0x5f, 0x31,
  0x2f, 0x52, 0x65, 0x73, 0x68, 0x61, 0x70, 0x65, 0x00, 0x00, 0x00, 0x00,
  0x03, 0x00, 0x00, 0x00, 0x01, 0x00, 0x00, 0x00, 0x01, 0x00, 0x00, 0x00,
  0x40, 0x00, 0x00, 0x00, 0xbc, 0xfd, 0xff, 0xff, 0x14, 0x00, 0x00, 0x00,
  0x04, 0x00, 0x00, 0x00, 0x01, 0x00, 0x00, 0x00, 0x80, 0xff, 0xff, 0xff,
  0xff, 0xff, 0xff, 0xff, 0x01, 0x00, 0x00, 0x00, 0xb1, 0x85, 0x81, 0x3b,
  0x6a, 0xfa, 0xff, 0xff, 0x04, 0x00, 0x00, 0x00, 0x40, 0x00, 0x00, 0x00,
  0x73, 0x7f, 0x76, 0x79, 0x71, 0x7f, 0x73, 0x76, 0x7d, 0x70, 0x79, 0x76,
  0x77, 0x79, 0x78, 0x7b, 0x7a, 0x78, 0x77, 0x7c, 0x78, 0x79, 0x73, 0x78,
  0x7c, 0x7e, 0x78, 0x7b, 0x74, 0x78, 0x79, 0x78, 0x78, 0x7b, 0x77, 0x72,
  0x6f, 0x68, 0x7a, 0x7f, 0x79, 0x78, 0x78, 0x7a, 0x7a, 0x65, 0x78, 0x7a,
  0x6e, 0x78, 0x79, 0x7a, 0x79, 0x79, 0x7d, 0x74, 0x7b, 0x7e, 0x7a, 0x78,
  0x78, 0x7b, 0x7e, 0x7a, 0x0e, 0xfb, 0xff, 0xff, 0x00, 0x00, 0x09, 0x01,
  0x44, 0x00, 0x00, 0x00, 0x0e, 0x00, 0x00, 0x00, 0x08, 0x00, 0x00, 0x00,
  0x48, 0x00, 0x00, 0x00, 0x2e, 0x00, 0x00, 0x00, 0x74, 0x69, 0x6e, 0x79,
  0x5f, 0x6e, 0x69, 0x64, 0x73, 0x5f, 0x74, 0x72, 0x61, 0x6e, 0x73, 0x66,
  0x6f, 0x72, 0x6d, 0x65, 0x72, 0x5f, 0x31, 0x2f, 0x66, 0x69, 0x6e, 0x61,
  0x6c, 0x5f, 0x6e, 0x6f, 0x72, 0x6d, 0x5f, 0x31, 0x2f, 0x52, 0x65, 0x73,
  0x68, 0x61, 0x70, 0x65, 0x5f, 0x31, 0x00, 0x00, 0x03, 0x00, 0x00, 0x00,
  0x01, 0x00, 0x00, 0x00, 0x01, 0x00, 0x00, 0x00, 0x40, 0x00, 0x00, 0x00,
  0x84, 0xfe, 0xff, 0xff, 0x14, 0x00, 0x00, 0x00, 0x04, 0x00, 0x00, 0x00,
  0x01, 0x00, 0x00, 0x00, 0x6c, 0x00, 0x00, 0x00, 0x00, 0x00, 0x00, 0x00,
  0x01, 0x00, 0x00, 0x00, 0xc5, 0x11, 0xc9, 0x39, 0x32, 0xfb, 0xff, 0xff,
  0x04, 0x00, 0x00, 0x00, 0x40, 0x00, 0x00, 0x00, 0x58, 0x7c, 0x58, 0x58,
  0x7e, 0x78, 0x57, 0x58, 0x7e, 0x57, 0x46, 0x59, 0x58, 0x7e, 0x58, 0x7a,
  0x56, 0x58, 0x58, 0x53, 0x7f, 0x7f, 0x7e, 0x7d, 0x7d, 0x7d, 0x7e, 0x67,
  0x59, 0x58, 0x56, 0x58, 0x58, 0x7e, 0x57, 0x57, 0x6f, 0x80, 0x56, 0x7e,
  0x58, 0x58, 0x7e, 0x58, 0x58, 0xc8, 0x58, 0x4d, 0xd3, 0x53, 0x5c, 0x7e,
  0x7d, 0x57, 0x7e, 0x3a, 0x55, 0x7d, 0x7d, 0x47, 0x58, 0x7f, 0x78, 0x57,
  0xd6, 0xfb, 0xff, 0xff, 0x00, 0x00, 0x09, 0x01, 0x40, 0x00, 0x00, 0x00,
  0x0d, 0x00, 0x00, 0x00, 0x08, 0x00, 0x00, 0x00, 0x40, 0x00, 0x00, 0x00,
  0x29, 0x00, 0x00, 0x00, 0x74, 0x69, 0x6e, 0x79, 0x5f, 0x6e, 0x69, 0x64,
  0x73, 0x5f, 0x74, 0x72, 0x61, 0x6e, 0x73, 0x66, 0x6f, 0x72, 0x6d, 0x65,
  0x72, 0x5f, 0x31, 0x2f, 0x64, 0x65, 0x6e, 0x73, 0x65, 0x5f, 0x32, 0x35,
  0x5f, 0x31, 0x2f, 0x4d, 0x61, 0x74, 0x4d, 0x75, 0x6c, 0x00, 0x00, 0x00,
  0x02, 0x00, 0x00, 0x00, 0x01, 0x00, 0x00, 0x00, 0x40, 0x00, 0x00, 0x00,
  0x44, 0xff, 0xff, 0xff, 0x18, 0x00, 0x00, 0x00, 0x04, 0x00, 0x00, 0x00,
  0x01, 0x00, 0x00, 0x00, 0x00, 0x00, 0x00, 0x00, 0x00, 0x00, 0x00, 0x00,
  0x00, 0x00, 0x00, 0x00, 0x01, 0x00, 0x00, 0x00, 0x52, 0x57, 0x13, 0x3b,
  0xf6, 0xfb, 0xff, 0xff, 0x04, 0x00, 0x00, 0x00, 0x40, 0x00, 0x00, 0x00,
  0xae, 0x18, 0xb5, 0xb2, 0x3f, 0x0d, 0xaf, 0x96, 0x1a, 0xd5, 0xf3, 0xfb,
  0x8e, 0x73, 0x86, 0x16, 0xcc, 0x99, 0x8a, 0x0d, 0x44, 0x72, 0x6a, 0x2d,
  0x2f, 0x1d, 0x70, 0x08, 0xd1, 0xac, 0xb3, 0x8f, 0x9c, 0x7f, 0xd2, 0xb2,
  0x04, 0xfb, 0xd9, 0x17, 0x95, 0xf3, 0x24, 0xcd, 0xa3, 0xfb, 0xa9, 0xfa,
  0xfb, 0x01, 0x04, 0x64, 0x70, 0xbf, 0x3e, 0xfe, 0xd4, 0x1e, 0x2f, 0x0c,
  0xdd, 0x70, 0x0c, 0xb1, 0x9a, 0xfc, 0xff, 0xff, 0x00, 0x00, 0x02, 0x01,
  0x3c, 0x00, 0x00, 0x00, 0x0c, 0x00, 0x00, 0x00, 0x08, 0x00, 0x00, 0x00,
  0x44, 0x00, 0x00, 0x00, 0x26, 0x00, 0x00, 0x00, 0x74, 0x69, 0x6e, 0x79,
  0x5f, 0x6e, 0x69, 0x64, 0x73, 0x5f, 0x74, 0x72, 0x61, 0x6e, 0x73, 0x66,
  0x6f, 0x72, 0x6d, 0x65, 0x72, 0x5f, 0x31, 0x2f, 0x64, 0x65, 0x6e, 0x73,
  0x65, 0x5f, 0x32, 0x35, 0x5f, 0x31, 0x2f, 0x41, 0x64, 0x64, 0x00, 0x00,
  0x01, 0x00, 0x00, 0x00, 0x01, 0x00, 0x00, 0x00, 0x0c, 0x00, 0x0c, 0x00,
  0x00, 0x00, 0x00, 0x00, 0x04, 0x00, 0x08, 0x00, 0x0c, 0x00, 0x00, 0x00,
  0x18, 0x00, 0x00, 0x00, 0x04, 0x00, 0x00, 0x00, 0x01, 0x00, 0x00, 0x00,
  0x00, 0x00, 0x00, 0x00, 0x00, 0x00, 0x00, 0x00, 0x00, 0x00, 0x00, 0x00,
  0x01, 0x00, 0x00, 0x00, 0xf1, 0x30, 0x1d, 0x38, 0xbe, 0xfc, 0xff, 0xff,
  0x04, 0x00, 0x00, 0x00, 0x04, 0x00, 0x00, 0x00, 0xc2, 0x00, 0x00, 0x00,
  0x26, 0xfd, 0xff, 0xff, 0x00, 0x00, 0x02, 0x01, 0x24, 0x00, 0x00, 0x00,
  0x0b, 0x00, 0x00, 0x00, 0x08, 0x00, 0x00, 0x00, 0x20, 0x00, 0x00, 0x00,
  0x0f, 0x00, 0x00, 0x00, 0x61, 0x72, 0x69, 0x74, 0x68, 0x2e, 0x63, 0x6f,
  0x6e, 0x73, 0x74, 0x61, 0x6e, 0x74, 0x36, 0x00, 0x01, 0x00, 0x00, 0x00,
  0x02, 0x00, 0x00, 0x00, 0x80, 0xfc, 0xff, 0xff, 0x06, 0xfd, 0xff, 0xff,
  0x04, 0x00, 0x00, 0x00, 0x08, 0x00, 0x00, 0x00, 0x14, 0x00, 0x00, 0x00,
  0x40, 0x00, 0x00, 0x00, 0x72, 0xfd, 0xff, 0xff, 0x00, 0x00, 0x02, 0x01,
  0x24, 0x00, 0x00, 0x00, 0x0a, 0x00, 0x00, 0x00, 0x08, 0x00, 0x00, 0x00,
  0x20, 0x00, 0x00, 0x00, 0x0f, 0x00, 0x00, 0x00, 0x61, 0x72, 0x69, 0x74,
  0x68, 0x2e, 0x63, 0x6f, 0x6e, 0x73, 0x74, 0x61, 0x6e, 0x74, 0x33, 0x00,
  0x01, 0x00, 0x00, 0x00, 0x04, 0x00, 0x00, 0x00, 0xcc, 0xfc, 0xff, 0xff,
  0x52, 0xfd, 0xff, 0xff, 0x04, 0x00, 0x00, 0x00, 0x10, 0x00, 0x00, 0x00,
  0x00, 0x00, 0x00, 0x00, 0x02, 0x00, 0x00, 0x00, 0x03, 0x00, 0x00, 0x00,
  0x01, 0x00, 0x00, 0x00, 0xc6, 0xfd, 0xff, 0xff, 0x00, 0x00, 0x02, 0x01,
  0x24, 0x00, 0x00, 0x00, 0x09, 0x00, 0x00, 0x00, 0x08, 0x00, 0x00, 0x00,
  0x20, 0x00, 0x00, 0x00, 0x0e, 0x00, 0x00, 0x00, 0x61, 0x72, 0x69, 0x74,
  0x68, 0x2e, 0x63, 0x6f, 0x6e, 0x73, 0x74, 0x61, 0x6e, 0x74, 0x00, 0x00,
  0x01, 0x00, 0x00, 0x00, 0x04, 0x00, 0x00, 0x00, 0x20, 0xfd, 0xff, 0xff,
  0xa6, 0xfd, 0xff, 0xff, 0x04, 0x00, 0x00, 0x00, 0x10, 0x00, 0x00, 0x00,
  0x01, 0x00, 0x00, 0x00, 0x14, 0x00, 0x00, 0x00, 0x08, 0x00, 0x00, 0x00,
  0x01, 0x00, 0x00, 0x00, 0x1a, 0xfe, 0xff, 0xff, 0x00, 0x00, 0x02, 0x01,
  0x24, 0x00, 0x00, 0x00, 0x08, 0x00, 0x00, 0x00, 0x08, 0x00, 0x00, 0x00,
  0x20, 0x00, 0x00, 0x00, 0x0f, 0x00, 0x00, 0x00, 0x61, 0x72, 0x69, 0x74,
  0x68, 0x2e, 0x63, 0x6f, 0x6e, 0x73, 0x74, 0x61, 0x6e, 0x74, 0x34, 0x00,
  0x01, 0x00, 0x00, 0x00, 0x03, 0x00, 0x00, 0x00, 0x74, 0xfd, 0xff, 0xff,
  0xfa, 0xfd, 0xff, 0xff, 0x04, 0x00, 0x00, 0x00, 0x0c, 0x00, 0x00, 0x00,
  0x00, 0x00, 0x00, 0x00, 0x02, 0x00, 0x00, 0x00, 0x01, 0x00, 0x00, 0x00,
  0x6a, 0xfe, 0xff, 0xff, 0x00, 0x00, 0x02, 0x01, 0x24, 0x00, 0x00, 0x00,
  0x07, 0x00, 0x00, 0x00, 0x08, 0x00, 0x00, 0x00, 0x20, 0x00, 0x00, 0x00,
  0x0f, 0x00, 0x00, 0x00, 0x61, 0x72, 0x69, 0x74, 0x68, 0x2e, 0x63, 0x6f,
  0x6e, 0x73, 0x74, 0x61, 0x6e, 0x74, 0x31, 0x00, 0x01, 0x00, 0x00, 0x00,
  0x03, 0x00, 0x00, 0x00, 0xc4, 0xfd, 0xff, 0xff, 0x4a, 0xfe, 0xff, 0xff,
  0x04, 0x00, 0x00, 0x00, 0x0c, 0x00, 0x00, 0x00, 0x01, 0x00, 0x00, 0x00,
  0x08, 0x00, 0x00, 0x00, 0x14, 0x00, 0x00, 0x00, 0xba, 0xfe, 0xff, 0xff,
  0x00, 0x00, 0x02, 0x01, 0x24, 0x00, 0x00, 0x00, 0x06, 0x00, 0x00, 0x00,
  0x08, 0x00, 0x00, 0x00, 0x20, 0x00, 0x00, 0x00, 0x0f, 0x00, 0x00, 0x00,
  0x61, 0x72, 0x69, 0x74, 0x68, 0x2e, 0x63, 0x6f, 0x6e, 0x73, 0x74, 0x61,
  0x6e, 0x74, 0x32, 0x00, 0x01, 0x00, 0x00, 0x00, 0x04, 0x00, 0x00, 0x00,
  0x14, 0xfe, 0xff, 0xff, 0x9a, 0xfe, 0xff, 0xff, 0x04, 0x00, 0x00, 0x00,
  0x10, 0x00, 0x00, 0x00, 0x01, 0x00, 0x00, 0x00, 0x08, 0x00, 0x00, 0x00,
  0x08, 0x00, 0x00, 0x00, 0x01, 0x00, 0x00, 0x00, 0x0e, 0xff, 0xff, 0xff,
  0x00, 0x00, 0x02, 0x01, 0x24, 0x00, 0x00, 0x00, 0x05, 0x00, 0x00, 0x00,
  0x08, 0x00, 0x00, 0x00, 0x20, 0x00, 0x00, 0x00, 0x0f, 0x00, 0x00, 0x00,
  0x61, 0x72, 0x69, 0x74, 0x68, 0x2e, 0x63, 0x6f, 0x6e, 0x73, 0x74, 0x61,
  0x6e, 0x74, 0x35, 0x00, 0x01, 0x00, 0x00, 0x00, 0x04, 0x00, 0x00, 0x00,
  0x68, 0xfe, 0xff, 0xff, 0xee, 0xfe, 0xff, 0xff, 0x04, 0x00, 0x00, 0x00,
  0x10, 0x00, 0x00, 0x00, 0x00, 0x00, 0x00, 0x00, 0x02, 0x00, 0x00, 0x00,
  0x01, 0x00, 0x00, 0x00, 0x03, 0x00, 0x00, 0x00, 0x62, 0xff, 0xff, 0xff,
  0x00, 0x00, 0x02, 0x01, 0x24, 0x00, 0x00, 0x00, 0x04, 0x00, 0x00, 0x00,
  0x08, 0x00, 0x00, 0x00, 0x1c, 0x00, 0x00, 0x00, 0x0f, 0x00, 0x00, 0x00,
  0x61, 0x72, 0x69, 0x74, 0x68, 0x2e, 0x63, 0x6f, 0x6e, 0x73, 0x74, 0x61,
  0x6e, 0x74, 0x39, 0x00, 0x00, 0x00, 0x00, 0x00, 0xb8, 0xfe, 0xff, 0xff,
  0x3e, 0xff, 0xff, 0xff, 0x04, 0x00, 0x00, 0x00, 0x04, 0x00, 0x00, 0x00,
  0x01, 0x00, 0x00, 0x00, 0xa6, 0xff, 0xff, 0xff, 0x00, 0x00, 0x02, 0x01,
  0x28, 0x00, 0x00, 0x00, 0x03, 0x00, 0x00, 0x00, 0x08, 0x00, 0x00, 0x00,
  0x24, 0x00, 0x00, 0x00, 0x10, 0x00, 0x00, 0x00, 0x61, 0x72, 0x69, 0x74,
  0x68, 0x2e, 0x63, 0x6f, 0x6e, 0x73, 0x74, 0x61, 0x6e, 0x74, 0x31, 0x30,
  0x00, 0x00, 0x00, 0x00, 0x01, 0x00, 0x00, 0x00, 0x04, 0x00, 0x00, 0x00,
  0x04, 0xff, 0xff, 0xff, 0x8a, 0xff, 0xff, 0xff, 0x04, 0x00, 0x00, 0x00,
  0x10, 0x00, 0x00, 0x00, 0xff, 0xff, 0xff, 0xff, 0x14, 0x00, 0x00, 0x00,
  0x08, 0x00, 0x00, 0x00, 0x08, 0x00, 0x00, 0x00, 0x00, 0x00, 0x16, 0x00,
  0x18, 0x00, 0x08, 0x00, 0x06, 0x00, 0x0c, 0x00, 0x10, 0x00, 0x14, 0x00,
  0x00, 0x00, 0x00, 0x00, 0x00, 0x00, 0x07, 0x00, 0x16, 0x00, 0x00, 0x00,
  0x00, 0x00, 0x02, 0x01, 0x28, 0x00, 0x00, 0x00, 0x02, 0x00, 0x00, 0x00,
  0x08, 0x00, 0x00, 0x00, 0x28, 0x00, 0x00, 0x00, 0x10, 0x00, 0x00, 0x00,
  0x61, 0x72, 0x69, 0x74, 0x68, 0x2e, 0x63, 0x6f, 0x6e, 0x73, 0x74, 0x61,
  0x6e, 0x74, 0x31, 0x31, 0x00, 0x00, 0x00, 0x00, 0x01, 0x00, 0x00, 0x00,
  0x01, 0x00, 0x00, 0x00, 0x04, 0x00, 0x06, 0x00, 0x04, 0x00, 0x00, 0x00,
  0x00, 0x00, 0x06, 0x00, 0x08, 0x00, 0x04, 0x00, 0x06, 0x00, 0x00, 0x00,
  0x04, 0x00, 0x00, 0x00, 0x04, 0x00, 0x00, 0x00, 0xff, 0xff, 0xff, 0xff,
  0x00, 0x00, 0x16, 0x00, 0x18, 0x00, 0x08, 0x00, 0x00, 0x00, 0x0c, 0x00,
  0x10, 0x00, 0x14, 0x00, 0x00, 0x00, 0x00, 0x00, 0x00, 0x00, 0x07, 0x00,
  0x16, 0x00, 0x00, 0x00, 0x00, 0x00, 0x00, 0x01, 0x38, 0x00, 0x00, 0x00,
  0x01, 0x00, 0x00, 0x00, 0x08, 0x00, 0x00, 0x00, 0x3c, 0x00, 0x00, 0x00,
  0x21, 0x00, 0x00, 0x00, 0x73, 0x65, 0x72, 0x76, 0x69, 0x6e, 0x67, 0x5f,
  0x64, 0x65, 0x66, 0x61, 0x75, 0x6c, 0x74, 0x5f, 0x6b, 0x65, 0x72, 0x61,
  0x73, 0x5f, 0x74, 0x65, 0x6e, 0x73, 0x6f, 0x72, 0x5f, 0x32, 0x32, 0x3a,
  0x30, 0x00, 0x00, 0x00, 0x03, 0x00, 0x00, 0x00, 0x01, 0x00, 0x00, 0x00,
  0x14, 0x00, 0x00, 0x00, 0x10, 0x00, 0x00, 0x00, 0xfc, 0xff, 0xff, 0xff,
  0x04, 0x00, 0x04, 0x00, 0x04, 0x00, 0x00, 0x00,
};
const unsigned int g_tiny_nids_model_len = 136400;

#endif  // TINY_NIDS_MODEL_H
